100
0 (0, 0)
1 (0, 1)
2 (0, 2)
3 (0, 3)
4 (0, 4)
5 (0, 5)
6 (0, 6)
7 (0, 7)
8 (0, 8)
9 (0, 9)
10 (0, 10)
11 (0, 11)
12 (0, 12)
13 (0, 13)
14 (0, 14)
15 (0, 15)
16 (0, 16)
17 (0, 17)
18 (0, 18)
19 (0, 19)
20 (0, 20)
21 (0, 21)
22 (0, 22)
23 (0, 23)
24 (0, 24)
25 (0, 25)
26 (0, 26)
27 (0, 27)
28 (0, 28)
29 (0, 29)
30 (0, 30)
31 (0, 31)
32 (0, 32)
33 (0, 33)
34 (0, 34)
35 (0, 35)
36 (0, 36)
37 (0, 37)
38 (0, 38)
39 (0, 39)
40 (0, 40)
41 (0, 41)
42 (0, 42)
43 (0, 43)
44 (0, 44)
45 (0, 45)
46 (0, 46)
47 (0, 47)
48 (0, 48)
49 (0, 49)
50 (0, 50)
51 (0, 51)
52 (0, 52)
53 (0, 53)
54 (0, 54)
55 (0, 55)
56 (0, 56)
57 (0, 57)
58 (0, 58)
59 (0, 59)
60 (0, 60)
61 (0, 61)
62 (0, 62)
63 (0, 63)
64 (0, 64)
65 (0, 65)
66 (0, 66)
67 (0, 67)
68 (0, 68)
69 (0, 69)
70 (0, 70)
71 (0, 71)
72 (0, 72)
73 (0, 73)
74 (0, 74)
75 (0, 75)
76 (0, 76)
77 (0, 77)
78 (0, 78)
79 (0, 79)
80 (0, 80)
81 (0, 81)
82 (0, 82)
83 (0, 83)
84 (0, 84)
85 (0, 85)
86 (0, 86)
87 (0, 87)
88 (0, 88)
89 (0, 89)
90 (0, 90)
91 (0, 91)
92 (0, 92)
93 (0, 93)
94 (0, 94)
95 (0, 95)
96 (0, 96)
97 (0, 97)
98 (0, 98)
99 (0, 99)
100 (1, 0)
101 (1, 1)
102 (1, 2)
103 (1, 3)
104 (1, 4)
105 (1, 5)
106 (1, 6)
107 (1, 7)
108 (1, 8)
109 (1, 9)
110 (1, 10)
111 (1, 11)
112 (1, 12)
113 (1, 13)
114 (1, 14)
115 (1, 15)
116 (1, 16)
117 (1, 17)
118 (1, 18)
119 (1, 19)
120 (1, 20)
121 (1, 21)
122 (1, 22)
123 (1, 23)
124 (1, 24)
125 (1, 25)
126 (1, 26)
127 (1, 27)
128 (1, 28)
129 (1, 29)
130 (1, 30)
131 (1, 31)
132 (1, 32)
133 (1, 33)
134 (1, 34)
135 (1, 35)
136 (1, 36)
137 (1, 37)
138 (1, 38)
139 (1, 39)
140 (1, 40)
141 (1, 41)
142 (1, 42)
143 (1, 43)
144 (1, 44)
145 (1, 45)
146 (1, 46)
147 (1, 47)
148 (1, 48)
149 (1, 49)
150 (1, 50)
151 (1, 51)
152 (1, 52)
153 (1, 53)
154 (1, 54)
155 (1, 55)
156 (1, 56)
157 (1, 57)
158 (1, 58)
159 (1, 59)
160 (1, 60)
161 (1, 61)
162 (1, 62)
163 (1, 63)
164 (1, 64)
165 (1, 65)
166 (1, 66)
167 (1, 67)
168 (1, 68)
169 (1, 69)
170 (1, 70)
171 (1, 71)
172 (1, 72)
173 (1, 73)
174 (1, 74)
175 (1, 75)
176 (1, 76)
177 (1, 77)
178 (1, 78)
179 (1, 79)
180 (1, 80)
181 (1, 81)
182 (1, 82)
183 (1, 83)
184 (1, 84)
185 (1, 85)
186 (1, 86)
187 (1, 87)
188 (1, 88)
189 (1, 89)
190 (1, 90)
191 (1, 91)
192 (1, 92)
193 (1, 93)
194 (1, 94)
195 (1, 95)
196 (1, 96)
197 (1, 97)
198 (1, 98)
199 (1, 99)
200 (2, 0)
201 (2, 1)
202 (2, 2)
203 (2, 3)
204 (2, 4)
205 (2, 5)
206 (2, 6)
207 (2, 7)
208 (2, 8)
209 (2, 9)
210 (2, 10)
211 (2, 11)
212 (2, 12)
213 (2, 13)
214 (2, 14)
215 (2, 15)
216 (2, 16)
217 (2, 17)
218 (2, 18)
219 (2, 19)
220 (2, 20)
221 (2, 21)
222 (2, 22)
223 (2, 23)
224 (2, 24)
225 (2, 25)
226 (2, 26)
227 (2, 27)
228 (2, 28)
229 (2, 29)
230 (2, 30)
231 (2, 31)
232 (2, 32)
233 (2, 33)
234 (2, 34)
235 (2, 35)
236 (2, 36)
237 (2, 37)
238 (2, 38)
239 (2, 39)
240 (2, 40)
241 (2, 41)
242 (2, 42)
243 (2, 43)
244 (2, 44)
245 (2, 45)
246 (2, 46)
247 (2, 47)
248 (2, 48)
249 (2, 49)
250 (2, 50)
251 (2, 51)
252 (2, 52)
253 (2, 53)
254 (2, 54)
255 (2, 55)
256 (2, 56)
257 (2, 57)
258 (2, 58)
259 (2, 59)
260 (2, 60)
261 (2, 61)
262 (2, 62)
263 (2, 63)
264 (2, 64)
265 (2, 65)
266 (2, 66)
267 (2, 67)
268 (2, 68)
269 (2, 69)
270 (2, 70)
271 (2, 71)
272 (2, 72)
273 (2, 73)
274 (2, 74)
275 (2, 75)
276 (2, 76)
277 (2, 77)
278 (2, 78)
279 (2, 79)
280 (2, 80)
281 (2, 81)
282 (2, 82)
283 (2, 83)
284 (2, 84)
285 (2, 85)
286 (2, 86)
287 (2, 87)
288 (2, 88)
289 (2, 89)
290 (2, 90)
291 (2, 91)
292 (2, 92)
293 (2, 93)
294 (2, 94)
295 (2, 95)
296 (2, 96)
297 (2, 97)
298 (2, 98)
299 (2, 99)
300 (3, 0)
301 (3, 1)
302 (3, 2)
303 (3, 3)
304 (3, 4)
305 (3, 5)
306 (3, 6)
307 (3, 7)
308 (3, 8)
309 (3, 9)
310 (3, 10)
311 (3, 11)
312 (3, 12)
313 (3, 13)
314 (3, 14)
315 (3, 15)
316 (3, 16)
317 (3, 17)
318 (3, 18)
319 (3, 19)
320 (3, 20)
321 (3, 21)
322 (3, 22)
323 (3, 23)
324 (3, 24)
325 (3, 25)
326 (3, 26)
327 (3, 27)
328 (3, 28)
329 (3, 29)
330 (3, 30)
331 (3, 31)
332 (3, 32)
333 (3, 33)
334 (3, 34)
335 (3, 35)
336 (3, 36)
337 (3, 37)
338 (3, 38)
339 (3, 39)
340 (3, 40)
341 (3, 41)
342 (3, 42)
343 (3, 43)
344 (3, 44)
345 (3, 45)
346 (3, 46)
347 (3, 47)
348 (3, 48)
349 (3, 49)
350 (3, 50)
351 (3, 51)
352 (3, 52)
353 (3, 53)
354 (3, 54)
355 (3, 55)
356 (3, 56)
357 (3, 57)
358 (3, 58)
359 (3, 59)
360 (3, 60)
361 (3, 61)
362 (3, 62)
363 (3, 63)
364 (3, 64)
365 (3, 65)
366 (3, 66)
367 (3, 67)
368 (3, 68)
369 (3, 69)
370 (3, 70)
371 (3, 71)
372 (3, 72)
373 (3, 73)
374 (3, 74)
375 (3, 75)
376 (3, 76)
377 (3, 77)
378 (3, 78)
379 (3, 79)
380 (3, 80)
381 (3, 81)
382 (3, 82)
383 (3, 83)
384 (3, 84)
385 (3, 85)
386 (3, 86)
387 (3, 87)
388 (3, 88)
389 (3, 89)
390 (3, 90)
391 (3, 91)
392 (3, 92)
393 (3, 93)
394 (3, 94)
395 (3, 95)
396 (3, 96)
397 (3, 97)
398 (3, 98)
399 (3, 99)
400 (4, 0)
401 (4, 1)
402 (4, 2)
403 (4, 3)
404 (4, 4)
405 (4, 5)
406 (4, 6)
407 (4, 7)
408 (4, 8)
409 (4, 9)
410 (4, 10)
411 (4, 11)
412 (4, 12)
413 (4, 13)
414 (4, 14)
415 (4, 15)
416 (4, 16)
417 (4, 17)
418 (4, 18)
419 (4, 19)
420 (4, 20)
421 (4, 21)
422 (4, 22)
423 (4, 23)
424 (4, 24)
425 (4, 25)
426 (4, 26)
427 (4, 27)
428 (4, 28)
429 (4, 29)
430 (4, 30)
431 (4, 31)
432 (4, 32)
433 (4, 33)
434 (4, 34)
435 (4, 35)
436 (4, 36)
437 (4, 37)
438 (4, 38)
439 (4, 39)
440 (4, 40)
441 (4, 41)
442 (4, 42)
443 (4, 43)
444 (4, 44)
445 (4, 45)
446 (4, 46)
447 (4, 47)
448 (4, 48)
449 (4, 49)
450 (4, 50)
451 (4, 51)
452 (4, 52)
453 (4, 53)
454 (4, 54)
455 (4, 55)
456 (4, 56)
457 (4, 57)
458 (4, 58)
459 (4, 59)
460 (4, 60)
461 (4, 61)
462 (4, 62)
463 (4, 63)
464 (4, 64)
465 (4, 65)
466 (4, 66)
467 (4, 67)
468 (4, 68)
469 (4, 69)
470 (4, 70)
471 (4, 71)
472 (4, 72)
473 (4, 73)
474 (4, 74)
475 (4, 75)
476 (4, 76)
477 (4, 77)
478 (4, 78)
479 (4, 79)
480 (4, 80)
481 (4, 81)
482 (4, 82)
483 (4, 83)
484 (4, 84)
485 (4, 85)
486 (4, 86)
487 (4, 87)
488 (4, 88)
489 (4, 89)
490 (4, 90)
491 (4, 91)
492 (4, 92)
493 (4, 93)
494 (4, 94)
495 (4, 95)
496 (4, 96)
497 (4, 97)
498 (4, 98)
499 (4, 99)
500 (5, 0)
501 (5, 1)
502 (5, 2)
503 (5, 3)
504 (5, 4)
505 (5, 5)
506 (5, 6)
507 (5, 7)
508 (5, 8)
509 (5, 9)
510 (5, 10)
511 (5, 11)
512 (5, 12)
513 (5, 13)
514 (5, 14)
515 (5, 15)
516 (5, 16)
517 (5, 17)
518 (5, 18)
519 (5, 19)
520 (5, 20)
521 (5, 21)
522 (5, 22)
523 (5, 23)
524 (5, 24)
525 (5, 25)
526 (5, 26)
527 (5, 27)
528 (5, 28)
529 (5, 29)
530 (5, 30)
531 (5, 31)
532 (5, 32)
533 (5, 33)
534 (5, 34)
535 (5, 35)
536 (5, 36)
537 (5, 37)
538 (5, 38)
539 (5, 39)
540 (5, 40)
541 (5, 41)
542 (5, 42)
543 (5, 43)
544 (5, 44)
545 (5, 45)
546 (5, 46)
547 (5, 47)
548 (5, 48)
549 (5, 49)
550 (5, 50)
551 (5, 51)
552 (5, 52)
553 (5, 53)
554 (5, 54)
555 (5, 55)
556 (5, 56)
557 (5, 57)
558 (5, 58)
559 (5, 59)
560 (5, 60)
561 (5, 61)
562 (5, 62)
563 (5, 63)
564 (5, 64)
565 (5, 65)
566 (5, 66)
567 (5, 67)
568 (5, 68)
569 (5, 69)
570 (5, 70)
571 (5, 71)
572 (5, 72)
573 (5, 73)
574 (5, 74)
575 (5, 75)
576 (5, 76)
577 (5, 77)
578 (5, 78)
579 (5, 79)
580 (5, 80)
581 (5, 81)
582 (5, 82)
583 (5, 83)
584 (5, 84)
585 (5, 85)
586 (5, 86)
587 (5, 87)
588 (5, 88)
589 (5, 89)
590 (5, 90)
591 (5, 91)
592 (5, 92)
593 (5, 93)
594 (5, 94)
595 (5, 95)
596 (5, 96)
597 (5, 97)
598 (5, 98)
599 (5, 99)
600 (6, 0)
601 (6, 1)
602 (6, 2)
603 (6, 3)
604 (6, 4)
605 (6, 5)
606 (6, 6)
607 (6, 7)
608 (6, 8)
609 (6, 9)
610 (6, 10)
611 (6, 11)
612 (6, 12)
613 (6, 13)
614 (6, 14)
615 (6, 15)
616 (6, 16)
617 (6, 17)
618 (6, 18)
619 (6, 19)
620 (6, 20)
621 (6, 21)
622 (6, 22)
623 (6, 23)
624 (6, 24)
625 (6, 25)
626 (6, 26)
627 (6, 27)
628 (6, 28)
629 (6, 29)
630 (6, 30)
631 (6, 31)
632 (6, 32)
633 (6, 33)
634 (6, 34)
635 (6, 35)
636 (6, 36)
637 (6, 37)
638 (6, 38)
639 (6, 39)
640 (6, 40)
641 (6, 41)
642 (6, 42)
643 (6, 43)
644 (6, 44)
645 (6, 45)
646 (6, 46)
647 (6, 47)
648 (6, 48)
649 (6, 49)
650 (6, 50)
651 (6, 51)
652 (6, 52)
653 (6, 53)
654 (6, 54)
655 (6, 55)
656 (6, 56)
657 (6, 57)
658 (6, 58)
659 (6, 59)
660 (6, 60)
661 (6, 61)
662 (6, 62)
663 (6, 63)
664 (6, 64)
665 (6, 65)
666 (6, 66)
667 (6, 67)
668 (6, 68)
669 (6, 69)
670 (6, 70)
671 (6, 71)
672 (6, 72)
673 (6, 73)
674 (6, 74)
675 (6, 75)
676 (6, 76)
677 (6, 77)
678 (6, 78)
679 (6, 79)
680 (6, 80)
681 (6, 81)
682 (6, 82)
683 (6, 83)
684 (6, 84)
685 (6, 85)
686 (6, 86)
687 (6, 87)
688 (6, 88)
689 (6, 89)
690 (6, 90)
691 (6, 91)
692 (6, 92)
693 (6, 93)
694 (6, 94)
695 (6, 95)
696 (6, 96)
697 (6, 97)
698 (6, 98)
699 (6, 99)
700 (7, 0)
701 (7, 1)
702 (7, 2)
703 (7, 3)
704 (7, 4)
705 (7, 5)
706 (7, 6)
707 (7, 7)
708 (7, 8)
709 (7, 9)
710 (7, 10)
711 (7, 11)
712 (7, 12)
713 (7, 13)
714 (7, 14)
715 (7, 15)
716 (7, 16)
717 (7, 17)
718 (7, 18)
719 (7, 19)
720 (7, 20)
721 (7, 21)
722 (7, 22)
723 (7, 23)
724 (7, 24)
725 (7, 25)
726 (7, 26)
727 (7, 27)
728 (7, 28)
729 (7, 29)
730 (7, 30)
731 (7, 31)
732 (7, 32)
733 (7, 33)
734 (7, 34)
735 (7, 35)
736 (7, 36)
737 (7, 37)
738 (7, 38)
739 (7, 39)
740 (7, 40)
741 (7, 41)
742 (7, 42)
743 (7, 43)
744 (7, 44)
745 (7, 45)
746 (7, 46)
747 (7, 47)
748 (7, 48)
749 (7, 49)
750 (7, 50)
751 (7, 51)
752 (7, 52)
753 (7, 53)
754 (7, 54)
755 (7, 55)
756 (7, 56)
757 (7, 57)
758 (7, 58)
759 (7, 59)
760 (7, 60)
761 (7, 61)
762 (7, 62)
763 (7, 63)
764 (7, 64)
765 (7, 65)
766 (7, 66)
767 (7, 67)
768 (7, 68)
769 (7, 69)
770 (7, 70)
771 (7, 71)
772 (7, 72)
773 (7, 73)
774 (7, 74)
775 (7, 75)
776 (7, 76)
777 (7, 77)
778 (7, 78)
779 (7, 79)
780 (7, 80)
781 (7, 81)
782 (7, 82)
783 (7, 83)
784 (7, 84)
785 (7, 85)
786 (7, 86)
787 (7, 87)
788 (7, 88)
789 (7, 89)
790 (7, 90)
791 (7, 91)
792 (7, 92)
793 (7, 93)
794 (7, 94)
795 (7, 95)
796 (7, 96)
797 (7, 97)
798 (7, 98)
799 (7, 99)
800 (8, 0)
801 (8, 1)
802 (8, 2)
803 (8, 3)
804 (8, 4)
805 (8, 5)
806 (8, 6)
807 (8, 7)
808 (8, 8)
809 (8, 9)
810 (8, 10)
811 (8, 11)
812 (8, 12)
813 (8, 13)
814 (8, 14)
815 (8, 15)
816 (8, 16)
817 (8, 17)
818 (8, 18)
819 (8, 19)
820 (8, 20)
821 (8, 21)
822 (8, 22)
823 (8, 23)
824 (8, 24)
825 (8, 25)
826 (8, 26)
827 (8, 27)
828 (8, 28)
829 (8, 29)
830 (8, 30)
831 (8, 31)
832 (8, 32)
833 (8, 33)
834 (8, 34)
835 (8, 35)
836 (8, 36)
837 (8, 37)
838 (8, 38)
839 (8, 39)
840 (8, 40)
841 (8, 41)
842 (8, 42)
843 (8, 43)
844 (8, 44)
845 (8, 45)
846 (8, 46)
847 (8, 47)
848 (8, 48)
849 (8, 49)
850 (8, 50)
851 (8, 51)
852 (8, 52)
853 (8, 53)
854 (8, 54)
855 (8, 55)
856 (8, 56)
857 (8, 57)
858 (8, 58)
859 (8, 59)
860 (8, 60)
861 (8, 61)
862 (8, 62)
863 (8, 63)
864 (8, 64)
865 (8, 65)
866 (8, 66)
867 (8, 67)
868 (8, 68)
869 (8, 69)
870 (8, 70)
871 (8, 71)
872 (8, 72)
873 (8, 73)
874 (8, 74)
875 (8, 75)
876 (8, 76)
877 (8, 77)
878 (8, 78)
879 (8, 79)
880 (8, 80)
881 (8, 81)
882 (8, 82)
883 (8, 83)
884 (8, 84)
885 (8, 85)
886 (8, 86)
887 (8, 87)
888 (8, 88)
889 (8, 89)
890 (8, 90)
891 (8, 91)
892 (8, 92)
893 (8, 93)
894 (8, 94)
895 (8, 95)
896 (8, 96)
897 (8, 97)
898 (8, 98)
899 (8, 99)
900 (9, 0)
901 (9, 1)
902 (9, 2)
903 (9, 3)
904 (9, 4)
905 (9, 5)
906 (9, 6)
907 (9, 7)
908 (9, 8)
909 (9, 9)
910 (9, 10)
911 (9, 11)
912 (9, 12)
913 (9, 13)
914 (9, 14)
915 (9, 15)
916 (9, 16)
917 (9, 17)
918 (9, 18)
919 (9, 19)
920 (9, 20)
921 (9, 21)
922 (9, 22)
923 (9, 23)
924 (9, 24)
925 (9, 25)
926 (9, 26)
927 (9, 27)
928 (9, 28)
929 (9, 29)
930 (9, 30)
931 (9, 31)
932 (9, 32)
933 (9, 33)
934 (9, 34)
935 (9, 35)
936 (9, 36)
937 (9, 37)
938 (9, 38)
939 (9, 39)
940 (9, 40)
941 (9, 41)
942 (9, 42)
943 (9, 43)
944 (9, 44)
945 (9, 45)
946 (9, 46)
947 (9, 47)
948 (9, 48)
949 (9, 49)
950 (9, 50)
951 (9, 51)
952 (9, 52)
953 (9, 53)
954 (9, 54)
955 (9, 55)
956 (9, 56)
957 (9, 57)
958 (9, 58)
959 (9, 59)
960 (9, 60)
961 (9, 61)
962 (9, 62)
963 (9, 63)
964 (9, 64)
965 (9, 65)
966 (9, 66)
967 (9, 67)
968 (9, 68)
969 (9, 69)
970 (9, 70)
971 (9, 71)
972 (9, 72)
973 (9, 73)
974 (9, 74)
975 (9, 75)
976 (9, 76)
977 (9, 77)
978 (9, 78)
979 (9, 79)
980 (9, 80)
981 (9, 81)
982 (9, 82)
983 (9, 83)
984 (9, 84)
985 (9, 85)
986 (9, 86)
987 (9, 87)
988 (9, 88)
989 (9, 89)
990 (9, 90)
991 (9, 91)
992 (9, 92)
993 (9, 93)
994 (9, 94)
995 (9, 95)
996 (9, 96)
997 (9, 97)
998 (9, 98)
999 (9, 99)
1000 (10, 0)
1001 (10, 1)
1002 (10, 2)
1003 (10, 3)
1004 (10, 4)
1005 (10, 5)
1006 (10, 6)
1007 (10, 7)
1008 (10, 8)
1009 (10, 9)
1010 (10, 10)
1011 (10, 11)
1012 (10, 12)
1013 (10, 13)
1014 (10, 14)
1015 (10, 15)
1016 (10, 16)
1017 (10, 17)
1018 (10, 18)
1019 (10, 19)
1020 (10, 20)
1021 (10, 21)
1022 (10, 22)
1023 (10, 23)
1024 (10, 24)
1025 (10, 25)
1026 (10, 26)
1027 (10, 27)
1028 (10, 28)
1029 (10, 29)
1030 (10, 30)
1031 (10, 31)
1032 (10, 32)
1033 (10, 33)
1034 (10, 34)
1035 (10, 35)
1036 (10, 36)
1037 (10, 37)
1038 (10, 38)
1039 (10, 39)
1040 (10, 40)
1041 (10, 41)
1042 (10, 42)
1043 (10, 43)
1044 (10, 44)
1045 (10, 45)
1046 (10, 46)
1047 (10, 47)
1048 (10, 48)
1049 (10, 49)
1050 (10, 50)
1051 (10, 51)
1052 (10, 52)
1053 (10, 53)
1054 (10, 54)
1055 (10, 55)
1056 (10, 56)
1057 (10, 57)
1058 (10, 58)
1059 (10, 59)
1060 (10, 60)
1061 (10, 61)
1062 (10, 62)
1063 (10, 63)
1064 (10, 64)
1065 (10, 65)
1066 (10, 66)
1067 (10, 67)
1068 (10, 68)
1069 (10, 69)
1070 (10, 70)
1071 (10, 71)
1072 (10, 72)
1073 (10, 73)
1074 (10, 74)
1075 (10, 75)
1076 (10, 76)
1077 (10, 77)
1078 (10, 78)
1079 (10, 79)
1080 (10, 80)
1081 (10, 81)
1082 (10, 82)
1083 (10, 83)
1084 (10, 84)
1085 (10, 85)
1086 (10, 86)
1087 (10, 87)
1088 (10, 88)
1089 (10, 89)
1090 (10, 90)
1091 (10, 91)
1092 (10, 92)
1093 (10, 93)
1094 (10, 94)
1095 (10, 95)
1096 (10, 96)
1097 (10, 97)
1098 (10, 98)
1099 (10, 99)
1100 (11, 0)
1101 (11, 1)
1102 (11, 2)
1103 (11, 3)
1104 (11, 4)
1105 (11, 5)
1106 (11, 6)
1107 (11, 7)
1108 (11, 8)
1109 (11, 9)
1110 (11, 10)
1111 (11, 11)
1112 (11, 12)
1113 (11, 13)
1114 (11, 14)
1115 (11, 15)
1116 (11, 16)
1117 (11, 17)
1118 (11, 18)
1119 (11, 19)
1120 (11, 20)
1121 (11, 21)
1122 (11, 22)
1123 (11, 23)
1124 (11, 24)
1125 (11, 25)
1126 (11, 26)
1127 (11, 27)
1128 (11, 28)
1129 (11, 29)
1130 (11, 30)
1131 (11, 31)
1132 (11, 32)
1133 (11, 33)
1134 (11, 34)
1135 (11, 35)
1136 (11, 36)
1137 (11, 37)
1138 (11, 38)
1139 (11, 39)
1140 (11, 40)
1141 (11, 41)
1142 (11, 42)
1143 (11, 43)
1144 (11, 44)
1145 (11, 45)
1146 (11, 46)
1147 (11, 47)
1148 (11, 48)
1149 (11, 49)
1150 (11, 50)
1151 (11, 51)
1152 (11, 52)
1153 (11, 53)
1154 (11, 54)
1155 (11, 55)
1156 (11, 56)
1157 (11, 57)
1158 (11, 58)
1159 (11, 59)
1160 (11, 60)
1161 (11, 61)
1162 (11, 62)
1163 (11, 63)
1164 (11, 64)
1165 (11, 65)
1166 (11, 66)
1167 (11, 67)
1168 (11, 68)
1169 (11, 69)
1170 (11, 70)
1171 (11, 71)
1172 (11, 72)
1173 (11, 73)
1174 (11, 74)
1175 (11, 75)
1176 (11, 76)
1177 (11, 77)
1178 (11, 78)
1179 (11, 79)
1180 (11, 80)
1181 (11, 81)
1182 (11, 82)
1183 (11, 83)
1184 (11, 84)
1185 (11, 85)
1186 (11, 86)
1187 (11, 87)
1188 (11, 88)
1189 (11, 89)
1190 (11, 90)
1191 (11, 91)
1192 (11, 92)
1193 (11, 93)
1194 (11, 94)
1195 (11, 95)
1196 (11, 96)
1197 (11, 97)
1198 (11, 98)
1199 (11, 99)
1200 (12, 0)
1201 (12, 1)
1202 (12, 2)
1203 (12, 3)
1204 (12, 4)
1205 (12, 5)
1206 (12, 6)
1207 (12, 7)
1208 (12, 8)
1209 (12, 9)
1210 (12, 10)
1211 (12, 11)
1212 (12, 12)
1213 (12, 13)
1214 (12, 14)
1215 (12, 15)
1216 (12, 16)
1217 (12, 17)
1218 (12, 18)
1219 (12, 19)
1220 (12, 20)
1221 (12, 21)
1222 (12, 22)
1223 (12, 23)
1224 (12, 24)
1225 (12, 25)
1226 (12, 26)
1227 (12, 27)
1228 (12, 28)
1229 (12, 29)
1230 (12, 30)
1231 (12, 31)
1232 (12, 32)
1233 (12, 33)
1234 (12, 34)
1235 (12, 35)
1236 (12, 36)
1237 (12, 37)
1238 (12, 38)
1239 (12, 39)
1240 (12, 40)
1241 (12, 41)
1242 (12, 42)
1243 (12, 43)
1244 (12, 44)
1245 (12, 45)
1246 (12, 46)
1247 (12, 47)
1248 (12, 48)
1249 (12, 49)
1250 (12, 50)
1251 (12, 51)
1252 (12, 52)
1253 (12, 53)
1254 (12, 54)
1255 (12, 55)
1256 (12, 56)
1257 (12, 57)
1258 (12, 58)
1259 (12, 59)
1260 (12, 60)
1261 (12, 61)
1262 (12, 62)
1263 (12, 63)
1264 (12, 64)
1265 (12, 65)
1266 (12, 66)
1267 (12, 67)
1268 (12, 68)
1269 (12, 69)
1270 (12, 70)
1271 (12, 71)
1272 (12, 72)
1273 (12, 73)
1274 (12, 74)
1275 (12, 75)
1276 (12, 76)
1277 (12, 77)
1278 (12, 78)
1279 (12, 79)
1280 (12, 80)
1281 (12, 81)
1282 (12, 82)
1283 (12, 83)
1284 (12, 84)
1285 (12, 85)
1286 (12, 86)
1287 (12, 87)
1288 (12, 88)
1289 (12, 89)
1290 (12, 90)
1291 (12, 91)
1292 (12, 92)
1293 (12, 93)
1294 (12, 94)
1295 (12, 95)
1296 (12, 96)
1297 (12, 97)
1298 (12, 98)
1299 (12, 99)
1300 (13, 0)
1301 (13, 1)
1302 (13, 2)
1303 (13, 3)
1304 (13, 4)
1305 (13, 5)
1306 (13, 6)
1307 (13, 7)
1308 (13, 8)
1309 (13, 9)
1310 (13, 10)
1311 (13, 11)
1312 (13, 12)
1313 (13, 13)
1314 (13, 14)
1315 (13, 15)
1316 (13, 16)
1317 (13, 17)
1318 (13, 18)
1319 (13, 19)
1320 (13, 20)
1321 (13, 21)
1322 (13, 22)
1323 (13, 23)
1324 (13, 24)
1325 (13, 25)
1326 (13, 26)
1327 (13, 27)
1328 (13, 28)
1329 (13, 29)
1330 (13, 30)
1331 (13, 31)
1332 (13, 32)
1333 (13, 33)
1334 (13, 34)
1335 (13, 35)
1336 (13, 36)
1337 (13, 37)
1338 (13, 38)
1339 (13, 39)
1340 (13, 40)
1341 (13, 41)
1342 (13, 42)
1343 (13, 43)
1344 (13, 44)
1345 (13, 45)
1346 (13, 46)
1347 (13, 47)
1348 (13, 48)
1349 (13, 49)
1350 (13, 50)
1351 (13, 51)
1352 (13, 52)
1353 (13, 53)
1354 (13, 54)
1355 (13, 55)
1356 (13, 56)
1357 (13, 57)
1358 (13, 58)
1359 (13, 59)
1360 (13, 60)
1361 (13, 61)
1362 (13, 62)
1363 (13, 63)
1364 (13, 64)
1365 (13, 65)
1366 (13, 66)
1367 (13, 67)
1368 (13, 68)
1369 (13, 69)
1370 (13, 70)
1371 (13, 71)
1372 (13, 72)
1373 (13, 73)
1374 (13, 74)
1375 (13, 75)
1376 (13, 76)
1377 (13, 77)
1378 (13, 78)
1379 (13, 79)
1380 (13, 80)
1381 (13, 81)
1382 (13, 82)
1383 (13, 83)
1384 (13, 84)
1385 (13, 85)
1386 (13, 86)
1387 (13, 87)
1388 (13, 88)
1389 (13, 89)
1390 (13, 90)
1391 (13, 91)
1392 (13, 92)
1393 (13, 93)
1394 (13, 94)
1395 (13, 95)
1396 (13, 96)
1397 (13, 97)
1398 (13, 98)
1399 (13, 99)
1400 (14, 0)
1401 (14, 1)
1402 (14, 2)
1403 (14, 3)
1404 (14, 4)
1405 (14, 5)
1406 (14, 6)
1407 (14, 7)
1408 (14, 8)
1409 (14, 9)
1410 (14, 10)
1411 (14, 11)
1412 (14, 12)
1413 (14, 13)
1414 (14, 14)
1415 (14, 15)
1416 (14, 16)
1417 (14, 17)
1418 (14, 18)
1419 (14, 19)
1420 (14, 20)
1421 (14, 21)
1422 (14, 22)
1423 (14, 23)
1424 (14, 24)
1425 (14, 25)
1426 (14, 26)
1427 (14, 27)
1428 (14, 28)
1429 (14, 29)
1430 (14, 30)
1431 (14, 31)
1432 (14, 32)
1433 (14, 33)
1434 (14, 34)
1435 (14, 35)
1436 (14, 36)
1437 (14, 37)
1438 (14, 38)
1439 (14, 39)
1440 (14, 40)
1441 (14, 41)
1442 (14, 42)
1443 (14, 43)
1444 (14, 44)
1445 (14, 45)
1446 (14, 46)
1447 (14, 47)
1448 (14, 48)
1449 (14, 49)
1450 (14, 50)
1451 (14, 51)
1452 (14, 52)
1453 (14, 53)
1454 (14, 54)
1455 (14, 55)
1456 (14, 56)
1457 (14, 57)
1458 (14, 58)
1459 (14, 59)
1460 (14, 60)
1461 (14, 61)
1462 (14, 62)
1463 (14, 63)
1464 (14, 64)
1465 (14, 65)
1466 (14, 66)
1467 (14, 67)
1468 (14, 68)
1469 (14, 69)
1470 (14, 70)
1471 (14, 71)
1472 (14, 72)
1473 (14, 73)
1474 (14, 74)
1475 (14, 75)
1476 (14, 76)
1477 (14, 77)
1478 (14, 78)
1479 (14, 79)
1480 (14, 80)
1481 (14, 81)
1482 (14, 82)
1483 (14, 83)
1484 (14, 84)
1485 (14, 85)
1486 (14, 86)
1487 (14, 87)
1488 (14, 88)
1489 (14, 89)
1490 (14, 90)
1491 (14, 91)
1492 (14, 92)
1493 (14, 93)
1494 (14, 94)
1495 (14, 95)
1496 (14, 96)
1497 (14, 97)
1498 (14, 98)
1499 (14, 99)
1500 (15, 0)
1501 (15, 1)
1502 (15, 2)
1503 (15, 3)
1504 (15, 4)
1505 (15, 5)
1506 (15, 6)
1507 (15, 7)
1508 (15, 8)
1509 (15, 9)
1510 (15, 10)
1511 (15, 11)
1512 (15, 12)
1513 (15, 13)
1514 (15, 14)
1515 (15, 15)
1516 (15, 16)
1517 (15, 17)
1518 (15, 18)
1519 (15, 19)
1520 (15, 20)
1521 (15, 21)
1522 (15, 22)
1523 (15, 23)
1524 (15, 24)
1525 (15, 25)
1526 (15, 26)
1527 (15, 27)
1528 (15, 28)
1529 (15, 29)
1530 (15, 30)
1531 (15, 31)
1532 (15, 32)
1533 (15, 33)
1534 (15, 34)
1535 (15, 35)
1536 (15, 36)
1537 (15, 37)
1538 (15, 38)
1539 (15, 39)
1540 (15, 40)
1541 (15, 41)
1542 (15, 42)
1543 (15, 43)
1544 (15, 44)
1545 (15, 45)
1546 (15, 46)
1547 (15, 47)
1548 (15, 48)
1549 (15, 49)
1550 (15, 50)
1551 (15, 51)
1552 (15, 52)
1553 (15, 53)
1554 (15, 54)
1555 (15, 55)
1556 (15, 56)
1557 (15, 57)
1558 (15, 58)
1559 (15, 59)
1560 (15, 60)
1561 (15, 61)
1562 (15, 62)
1563 (15, 63)
1564 (15, 64)
1565 (15, 65)
1566 (15, 66)
1567 (15, 67)
1568 (15, 68)
1569 (15, 69)
1570 (15, 70)
1571 (15, 71)
1572 (15, 72)
1573 (15, 73)
1574 (15, 74)
1575 (15, 75)
1576 (15, 76)
1577 (15, 77)
1578 (15, 78)
1579 (15, 79)
1580 (15, 80)
1581 (15, 81)
1582 (15, 82)
1583 (15, 83)
1584 (15, 84)
1585 (15, 85)
1586 (15, 86)
1587 (15, 87)
1588 (15, 88)
1589 (15, 89)
1590 (15, 90)
1591 (15, 91)
1592 (15, 92)
1593 (15, 93)
1594 (15, 94)
1595 (15, 95)
1596 (15, 96)
1597 (15, 97)
1598 (15, 98)
1599 (15, 99)
1600 (16, 0)
1601 (16, 1)
1602 (16, 2)
1603 (16, 3)
1604 (16, 4)
1605 (16, 5)
1606 (16, 6)
1607 (16, 7)
1608 (16, 8)
1609 (16, 9)
1610 (16, 10)
1611 (16, 11)
1612 (16, 12)
1613 (16, 13)
1614 (16, 14)
1615 (16, 15)
1616 (16, 16)
1617 (16, 17)
1618 (16, 18)
1619 (16, 19)
1620 (16, 20)
1621 (16, 21)
1622 (16, 22)
1623 (16, 23)
1624 (16, 24)
1625 (16, 25)
1626 (16, 26)
1627 (16, 27)
1628 (16, 28)
1629 (16, 29)
1630 (16, 30)
1631 (16, 31)
1632 (16, 32)
1633 (16, 33)
1634 (16, 34)
1635 (16, 35)
1636 (16, 36)
1637 (16, 37)
1638 (16, 38)
1639 (16, 39)
1640 (16, 40)
1641 (16, 41)
1642 (16, 42)
1643 (16, 43)
1644 (16, 44)
1645 (16, 45)
1646 (16, 46)
1647 (16, 47)
1648 (16, 48)
1649 (16, 49)
1650 (16, 50)
1651 (16, 51)
1652 (16, 52)
1653 (16, 53)
1654 (16, 54)
1655 (16, 55)
1656 (16, 56)
1657 (16, 57)
1658 (16, 58)
1659 (16, 59)
1660 (16, 60)
1661 (16, 61)
1662 (16, 62)
1663 (16, 63)
1664 (16, 64)
1665 (16, 65)
1666 (16, 66)
1667 (16, 67)
1668 (16, 68)
1669 (16, 69)
1670 (16, 70)
1671 (16, 71)
1672 (16, 72)
1673 (16, 73)
1674 (16, 74)
1675 (16, 75)
1676 (16, 76)
1677 (16, 77)
1678 (16, 78)
1679 (16, 79)
1680 (16, 80)
1681 (16, 81)
1682 (16, 82)
1683 (16, 83)
1684 (16, 84)
1685 (16, 85)
1686 (16, 86)
1687 (16, 87)
1688 (16, 88)
1689 (16, 89)
1690 (16, 90)
1691 (16, 91)
1692 (16, 92)
1693 (16, 93)
1694 (16, 94)
1695 (16, 95)
1696 (16, 96)
1697 (16, 97)
1698 (16, 98)
1699 (16, 99)
1700 (17, 0)
1701 (17, 1)
1702 (17, 2)
1703 (17, 3)
1704 (17, 4)
1705 (17, 5)
1706 (17, 6)
1707 (17, 7)
1708 (17, 8)
1709 (17, 9)
1710 (17, 10)
1711 (17, 11)
1712 (17, 12)
1713 (17, 13)
1714 (17, 14)
1715 (17, 15)
1716 (17, 16)
1717 (17, 17)
1718 (17, 18)
1719 (17, 19)
1720 (17, 20)
1721 (17, 21)
1722 (17, 22)
1723 (17, 23)
1724 (17, 24)
1725 (17, 25)
1726 (17, 26)
1727 (17, 27)
1728 (17, 28)
1729 (17, 29)
1730 (17, 30)
1731 (17, 31)
1732 (17, 32)
1733 (17, 33)
1734 (17, 34)
1735 (17, 35)
1736 (17, 36)
1737 (17, 37)
1738 (17, 38)
1739 (17, 39)
1740 (17, 40)
1741 (17, 41)
1742 (17, 42)
1743 (17, 43)
1744 (17, 44)
1745 (17, 45)
1746 (17, 46)
1747 (17, 47)
1748 (17, 48)
1749 (17, 49)
1750 (17, 50)
1751 (17, 51)
1752 (17, 52)
1753 (17, 53)
1754 (17, 54)
1755 (17, 55)
1756 (17, 56)
1757 (17, 57)
1758 (17, 58)
1759 (17, 59)
1760 (17, 60)
1761 (17, 61)
1762 (17, 62)
1763 (17, 63)
1764 (17, 64)
1765 (17, 65)
1766 (17, 66)
1767 (17, 67)
1768 (17, 68)
1769 (17, 69)
1770 (17, 70)
1771 (17, 71)
1772 (17, 72)
1773 (17, 73)
1774 (17, 74)
1775 (17, 75)
1776 (17, 76)
1777 (17, 77)
1778 (17, 78)
1779 (17, 79)
1780 (17, 80)
1781 (17, 81)
1782 (17, 82)
1783 (17, 83)
1784 (17, 84)
1785 (17, 85)
1786 (17, 86)
1787 (17, 87)
1788 (17, 88)
1789 (17, 89)
1790 (17, 90)
1791 (17, 91)
1792 (17, 92)
1793 (17, 93)
1794 (17, 94)
1795 (17, 95)
1796 (17, 96)
1797 (17, 97)
1798 (17, 98)
1799 (17, 99)
1800 (18, 0)
1801 (18, 1)
1802 (18, 2)
1803 (18, 3)
1804 (18, 4)
1805 (18, 5)
1806 (18, 6)
1807 (18, 7)
1808 (18, 8)
1809 (18, 9)
1810 (18, 10)
1811 (18, 11)
1812 (18, 12)
1813 (18, 13)
1814 (18, 14)
1815 (18, 15)
1816 (18, 16)
1817 (18, 17)
1818 (18, 18)
1819 (18, 19)
1820 (18, 20)
1821 (18, 21)
1822 (18, 22)
1823 (18, 23)
1824 (18, 24)
1825 (18, 25)
1826 (18, 26)
1827 (18, 27)
1828 (18, 28)
1829 (18, 29)
1830 (18, 30)
1831 (18, 31)
1832 (18, 32)
1833 (18, 33)
1834 (18, 34)
1835 (18, 35)
1836 (18, 36)
1837 (18, 37)
1838 (18, 38)
1839 (18, 39)
1840 (18, 40)
1841 (18, 41)
1842 (18, 42)
1843 (18, 43)
1844 (18, 44)
1845 (18, 45)
1846 (18, 46)
1847 (18, 47)
1848 (18, 48)
1849 (18, 49)
1850 (18, 50)
1851 (18, 51)
1852 (18, 52)
1853 (18, 53)
1854 (18, 54)
1855 (18, 55)
1856 (18, 56)
1857 (18, 57)
1858 (18, 58)
1859 (18, 59)
1860 (18, 60)
1861 (18, 61)
1862 (18, 62)
1863 (18, 63)
1864 (18, 64)
1865 (18, 65)
1866 (18, 66)
1867 (18, 67)
1868 (18, 68)
1869 (18, 69)
1870 (18, 70)
1871 (18, 71)
1872 (18, 72)
1873 (18, 73)
1874 (18, 74)
1875 (18, 75)
1876 (18, 76)
1877 (18, 77)
1878 (18, 78)
1879 (18, 79)
1880 (18, 80)
1881 (18, 81)
1882 (18, 82)
1883 (18, 83)
1884 (18, 84)
1885 (18, 85)
1886 (18, 86)
1887 (18, 87)
1888 (18, 88)
1889 (18, 89)
1890 (18, 90)
1891 (18, 91)
1892 (18, 92)
1893 (18, 93)
1894 (18, 94)
1895 (18, 95)
1896 (18, 96)
1897 (18, 97)
1898 (18, 98)
1899 (18, 99)
1900 (19, 0)
1901 (19, 1)
1902 (19, 2)
1903 (19, 3)
1904 (19, 4)
1905 (19, 5)
1906 (19, 6)
1907 (19, 7)
1908 (19, 8)
1909 (19, 9)
1910 (19, 10)
1911 (19, 11)
1912 (19, 12)
1913 (19, 13)
1914 (19, 14)
1915 (19, 15)
1916 (19, 16)
1917 (19, 17)
1918 (19, 18)
1919 (19, 19)
1920 (19, 20)
1921 (19, 21)
1922 (19, 22)
1923 (19, 23)
1924 (19, 24)
1925 (19, 25)
1926 (19, 26)
1927 (19, 27)
1928 (19, 28)
1929 (19, 29)
1930 (19, 30)
1931 (19, 31)
1932 (19, 32)
1933 (19, 33)
1934 (19, 34)
1935 (19, 35)
1936 (19, 36)
1937 (19, 37)
1938 (19, 38)
1939 (19, 39)
1940 (19, 40)
1941 (19, 41)
1942 (19, 42)
1943 (19, 43)
1944 (19, 44)
1945 (19, 45)
1946 (19, 46)
1947 (19, 47)
1948 (19, 48)
1949 (19, 49)
1950 (19, 50)
1951 (19, 51)
1952 (19, 52)
1953 (19, 53)
1954 (19, 54)
1955 (19, 55)
1956 (19, 56)
1957 (19, 57)
1958 (19, 58)
1959 (19, 59)
1960 (19, 60)
1961 (19, 61)
1962 (19, 62)
1963 (19, 63)
1964 (19, 64)
1965 (19, 65)
1966 (19, 66)
1967 (19, 67)
1968 (19, 68)
1969 (19, 69)
1970 (19, 70)
1971 (19, 71)
1972 (19, 72)
1973 (19, 73)
1974 (19, 74)
1975 (19, 75)
1976 (19, 76)
1977 (19, 77)
1978 (19, 78)
1979 (19, 79)
1980 (19, 80)
1981 (19, 81)
1982 (19, 82)
1983 (19, 83)
1984 (19, 84)
1985 (19, 85)
1986 (19, 86)
1987 (19, 87)
1988 (19, 88)
1989 (19, 89)
1990 (19, 90)
1991 (19, 91)
1992 (19, 92)
1993 (19, 93)
1994 (19, 94)
1995 (19, 95)
1996 (19, 96)
1997 (19, 97)
1998 (19, 98)
1999 (19, 99)
2000 (20, 0)
2001 (20, 1)
2002 (20, 2)
2003 (20, 3)
2004 (20, 4)
2005 (20, 5)
2006 (20, 6)
2007 (20, 7)
2008 (20, 8)
2009 (20, 9)
2010 (20, 10)
2011 (20, 11)
2012 (20, 12)
2013 (20, 13)
2014 (20, 14)
2015 (20, 15)
2016 (20, 16)
2017 (20, 17)
2018 (20, 18)
2019 (20, 19)
2020 (20, 20)
2021 (20, 21)
2022 (20, 22)
2023 (20, 23)
2024 (20, 24)
2025 (20, 25)
2026 (20, 26)
2027 (20, 27)
2028 (20, 28)
2029 (20, 29)
2030 (20, 30)
2031 (20, 31)
2032 (20, 32)
2033 (20, 33)
2034 (20, 34)
2035 (20, 35)
2036 (20, 36)
2037 (20, 37)
2038 (20, 38)
2039 (20, 39)
2040 (20, 40)
2041 (20, 41)
2042 (20, 42)
2043 (20, 43)
2044 (20, 44)
2045 (20, 45)
2046 (20, 46)
2047 (20, 47)
2048 (20, 48)
2049 (20, 49)
2050 (20, 50)
2051 (20, 51)
2052 (20, 52)
2053 (20, 53)
2054 (20, 54)
2055 (20, 55)
2056 (20, 56)
2057 (20, 57)
2058 (20, 58)
2059 (20, 59)
2060 (20, 60)
2061 (20, 61)
2062 (20, 62)
2063 (20, 63)
2064 (20, 64)
2065 (20, 65)
2066 (20, 66)
2067 (20, 67)
2068 (20, 68)
2069 (20, 69)
2070 (20, 70)
2071 (20, 71)
2072 (20, 72)
2073 (20, 73)
2074 (20, 74)
2075 (20, 75)
2076 (20, 76)
2077 (20, 77)
2078 (20, 78)
2079 (20, 79)
2080 (20, 80)
2081 (20, 81)
2082 (20, 82)
2083 (20, 83)
2084 (20, 84)
2085 (20, 85)
2086 (20, 86)
2087 (20, 87)
2088 (20, 88)
2089 (20, 89)
2090 (20, 90)
2091 (20, 91)
2092 (20, 92)
2093 (20, 93)
2094 (20, 94)
2095 (20, 95)
2096 (20, 96)
2097 (20, 97)
2098 (20, 98)
2099 (20, 99)
2100 (21, 0)
2101 (21, 1)
2102 (21, 2)
2103 (21, 3)
2104 (21, 4)
2105 (21, 5)
2106 (21, 6)
2107 (21, 7)
2108 (21, 8)
2109 (21, 9)
2110 (21, 10)
2111 (21, 11)
2112 (21, 12)
2113 (21, 13)
2114 (21, 14)
2115 (21, 15)
2116 (21, 16)
2117 (21, 17)
2118 (21, 18)
2119 (21, 19)
2120 (21, 20)
2121 (21, 21)
2122 (21, 22)
2123 (21, 23)
2124 (21, 24)
2125 (21, 25)
2126 (21, 26)
2127 (21, 27)
2128 (21, 28)
2129 (21, 29)
2130 (21, 30)
2131 (21, 31)
2132 (21, 32)
2133 (21, 33)
2134 (21, 34)
2135 (21, 35)
2136 (21, 36)
2137 (21, 37)
2138 (21, 38)
2139 (21, 39)
2140 (21, 40)
2141 (21, 41)
2142 (21, 42)
2143 (21, 43)
2144 (21, 44)
2145 (21, 45)
2146 (21, 46)
2147 (21, 47)
2148 (21, 48)
2149 (21, 49)
2150 (21, 50)
2151 (21, 51)
2152 (21, 52)
2153 (21, 53)
2154 (21, 54)
2155 (21, 55)
2156 (21, 56)
2157 (21, 57)
2158 (21, 58)
2159 (21, 59)
2160 (21, 60)
2161 (21, 61)
2162 (21, 62)
2163 (21, 63)
2164 (21, 64)
2165 (21, 65)
2166 (21, 66)
2167 (21, 67)
2168 (21, 68)
2169 (21, 69)
2170 (21, 70)
2171 (21, 71)
2172 (21, 72)
2173 (21, 73)
2174 (21, 74)
2175 (21, 75)
2176 (21, 76)
2177 (21, 77)
2178 (21, 78)
2179 (21, 79)
2180 (21, 80)
2181 (21, 81)
2182 (21, 82)
2183 (21, 83)
2184 (21, 84)
2185 (21, 85)
2186 (21, 86)
2187 (21, 87)
2188 (21, 88)
2189 (21, 89)
2190 (21, 90)
2191 (21, 91)
2192 (21, 92)
2193 (21, 93)
2194 (21, 94)
2195 (21, 95)
2196 (21, 96)
2197 (21, 97)
2198 (21, 98)
2199 (21, 99)
2200 (22, 0)
2201 (22, 1)
2202 (22, 2)
2203 (22, 3)
2204 (22, 4)
2205 (22, 5)
2206 (22, 6)
2207 (22, 7)
2208 (22, 8)
2209 (22, 9)
2210 (22, 10)
2211 (22, 11)
2212 (22, 12)
2213 (22, 13)
2214 (22, 14)
2215 (22, 15)
2216 (22, 16)
2217 (22, 17)
2218 (22, 18)
2219 (22, 19)
2220 (22, 20)
2221 (22, 21)
2222 (22, 22)
2223 (22, 23)
2224 (22, 24)
2225 (22, 25)
2226 (22, 26)
2227 (22, 27)
2228 (22, 28)
2229 (22, 29)
2230 (22, 30)
2231 (22, 31)
2232 (22, 32)
2233 (22, 33)
2234 (22, 34)
2235 (22, 35)
2236 (22, 36)
2237 (22, 37)
2238 (22, 38)
2239 (22, 39)
2240 (22, 40)
2241 (22, 41)
2242 (22, 42)
2243 (22, 43)
2244 (22, 44)
2245 (22, 45)
2246 (22, 46)
2247 (22, 47)
2248 (22, 48)
2249 (22, 49)
2250 (22, 50)
2251 (22, 51)
2252 (22, 52)
2253 (22, 53)
2254 (22, 54)
2255 (22, 55)
2256 (22, 56)
2257 (22, 57)
2258 (22, 58)
2259 (22, 59)
2260 (22, 60)
2261 (22, 61)
2262 (22, 62)
2263 (22, 63)
2264 (22, 64)
2265 (22, 65)
2266 (22, 66)
2267 (22, 67)
2268 (22, 68)
2269 (22, 69)
2270 (22, 70)
2271 (22, 71)
2272 (22, 72)
2273 (22, 73)
2274 (22, 74)
2275 (22, 75)
2276 (22, 76)
2277 (22, 77)
2278 (22, 78)
2279 (22, 79)
2280 (22, 80)
2281 (22, 81)
2282 (22, 82)
2283 (22, 83)
2284 (22, 84)
2285 (22, 85)
2286 (22, 86)
2287 (22, 87)
2288 (22, 88)
2289 (22, 89)
2290 (22, 90)
2291 (22, 91)
2292 (22, 92)
2293 (22, 93)
2294 (22, 94)
2295 (22, 95)
2296 (22, 96)
2297 (22, 97)
2298 (22, 98)
2299 (22, 99)
2300 (23, 0)
2301 (23, 1)
2302 (23, 2)
2303 (23, 3)
2304 (23, 4)
2305 (23, 5)
2306 (23, 6)
2307 (23, 7)
2308 (23, 8)
2309 (23, 9)
2310 (23, 10)
2311 (23, 11)
2312 (23, 12)
2313 (23, 13)
2314 (23, 14)
2315 (23, 15)
2316 (23, 16)
2317 (23, 17)
2318 (23, 18)
2319 (23, 19)
2320 (23, 20)
2321 (23, 21)
2322 (23, 22)
2323 (23, 23)
2324 (23, 24)
2325 (23, 25)
2326 (23, 26)
2327 (23, 27)
2328 (23, 28)
2329 (23, 29)
2330 (23, 30)
2331 (23, 31)
2332 (23, 32)
2333 (23, 33)
2334 (23, 34)
2335 (23, 35)
2336 (23, 36)
2337 (23, 37)
2338 (23, 38)
2339 (23, 39)
2340 (23, 40)
2341 (23, 41)
2342 (23, 42)
2343 (23, 43)
2344 (23, 44)
2345 (23, 45)
2346 (23, 46)
2347 (23, 47)
2348 (23, 48)
2349 (23, 49)
2350 (23, 50)
2351 (23, 51)
2352 (23, 52)
2353 (23, 53)
2354 (23, 54)
2355 (23, 55)
2356 (23, 56)
2357 (23, 57)
2358 (23, 58)
2359 (23, 59)
2360 (23, 60)
2361 (23, 61)
2362 (23, 62)
2363 (23, 63)
2364 (23, 64)
2365 (23, 65)
2366 (23, 66)
2367 (23, 67)
2368 (23, 68)
2369 (23, 69)
2370 (23, 70)
2371 (23, 71)
2372 (23, 72)
2373 (23, 73)
2374 (23, 74)
2375 (23, 75)
2376 (23, 76)
2377 (23, 77)
2378 (23, 78)
2379 (23, 79)
2380 (23, 80)
2381 (23, 81)
2382 (23, 82)
2383 (23, 83)
2384 (23, 84)
2385 (23, 85)
2386 (23, 86)
2387 (23, 87)
2388 (23, 88)
2389 (23, 89)
2390 (23, 90)
2391 (23, 91)
2392 (23, 92)
2393 (23, 93)
2394 (23, 94)
2395 (23, 95)
2396 (23, 96)
2397 (23, 97)
2398 (23, 98)
2399 (23, 99)
2400 (24, 0)
2401 (24, 1)
2402 (24, 2)
2403 (24, 3)
2404 (24, 4)
2405 (24, 5)
2406 (24, 6)
2407 (24, 7)
2408 (24, 8)
2409 (24, 9)
2410 (24, 10)
2411 (24, 11)
2412 (24, 12)
2413 (24, 13)
2414 (24, 14)
2415 (24, 15)
2416 (24, 16)
2417 (24, 17)
2418 (24, 18)
2419 (24, 19)
2420 (24, 20)
2421 (24, 21)
2422 (24, 22)
2423 (24, 23)
2424 (24, 24)
2425 (24, 25)
2426 (24, 26)
2427 (24, 27)
2428 (24, 28)
2429 (24, 29)
2430 (24, 30)
2431 (24, 31)
2432 (24, 32)
2433 (24, 33)
2434 (24, 34)
2435 (24, 35)
2436 (24, 36)
2437 (24, 37)
2438 (24, 38)
2439 (24, 39)
2440 (24, 40)
2441 (24, 41)
2442 (24, 42)
2443 (24, 43)
2444 (24, 44)
2445 (24, 45)
2446 (24, 46)
2447 (24, 47)
2448 (24, 48)
2449 (24, 49)
2450 (24, 50)
2451 (24, 51)
2452 (24, 52)
2453 (24, 53)
2454 (24, 54)
2455 (24, 55)
2456 (24, 56)
2457 (24, 57)
2458 (24, 58)
2459 (24, 59)
2460 (24, 60)
2461 (24, 61)
2462 (24, 62)
2463 (24, 63)
2464 (24, 64)
2465 (24, 65)
2466 (24, 66)
2467 (24, 67)
2468 (24, 68)
2469 (24, 69)
2470 (24, 70)
2471 (24, 71)
2472 (24, 72)
2473 (24, 73)
2474 (24, 74)
2475 (24, 75)
2476 (24, 76)
2477 (24, 77)
2478 (24, 78)
2479 (24, 79)
2480 (24, 80)
2481 (24, 81)
2482 (24, 82)
2483 (24, 83)
2484 (24, 84)
2485 (24, 85)
2486 (24, 86)
2487 (24, 87)
2488 (24, 88)
2489 (24, 89)
2490 (24, 90)
2491 (24, 91)
2492 (24, 92)
2493 (24, 93)
2494 (24, 94)
2495 (24, 95)
2496 (24, 96)
2497 (24, 97)
2498 (24, 98)
2499 (24, 99)
2500 (25, 0)
2501 (25, 1)
2502 (25, 2)
2503 (25, 3)
2504 (25, 4)
2505 (25, 5)
2506 (25, 6)
2507 (25, 7)
2508 (25, 8)
2509 (25, 9)
2510 (25, 10)
2511 (25, 11)
2512 (25, 12)
2513 (25, 13)
2514 (25, 14)
2515 (25, 15)
2516 (25, 16)
2517 (25, 17)
2518 (25, 18)
2519 (25, 19)
2520 (25, 20)
2521 (25, 21)
2522 (25, 22)
2523 (25, 23)
2524 (25, 24)
2525 (25, 25)
2526 (25, 26)
2527 (25, 27)
2528 (25, 28)
2529 (25, 29)
2530 (25, 30)
2531 (25, 31)
2532 (25, 32)
2533 (25, 33)
2534 (25, 34)
2535 (25, 35)
2536 (25, 36)
2537 (25, 37)
2538 (25, 38)
2539 (25, 39)
2540 (25, 40)
2541 (25, 41)
2542 (25, 42)
2543 (25, 43)
2544 (25, 44)
2545 (25, 45)
2546 (25, 46)
2547 (25, 47)
2548 (25, 48)
2549 (25, 49)
2550 (25, 50)
2551 (25, 51)
2552 (25, 52)
2553 (25, 53)
2554 (25, 54)
2555 (25, 55)
2556 (25, 56)
2557 (25, 57)
2558 (25, 58)
2559 (25, 59)
2560 (25, 60)
2561 (25, 61)
2562 (25, 62)
2563 (25, 63)
2564 (25, 64)
2565 (25, 65)
2566 (25, 66)
2567 (25, 67)
2568 (25, 68)
2569 (25, 69)
2570 (25, 70)
2571 (25, 71)
2572 (25, 72)
2573 (25, 73)
2574 (25, 74)
2575 (25, 75)
2576 (25, 76)
2577 (25, 77)
2578 (25, 78)
2579 (25, 79)
2580 (25, 80)
2581 (25, 81)
2582 (25, 82)
2583 (25, 83)
2584 (25, 84)
2585 (25, 85)
2586 (25, 86)
2587 (25, 87)
2588 (25, 88)
2589 (25, 89)
2590 (25, 90)
2591 (25, 91)
2592 (25, 92)
2593 (25, 93)
2594 (25, 94)
2595 (25, 95)
2596 (25, 96)
2597 (25, 97)
2598 (25, 98)
2599 (25, 99)
2600 (26, 0)
2601 (26, 1)
2602 (26, 2)
2603 (26, 3)
2604 (26, 4)
2605 (26, 5)
2606 (26, 6)
2607 (26, 7)
2608 (26, 8)
2609 (26, 9)
2610 (26, 10)
2611 (26, 11)
2612 (26, 12)
2613 (26, 13)
2614 (26, 14)
2615 (26, 15)
2616 (26, 16)
2617 (26, 17)
2618 (26, 18)
2619 (26, 19)
2620 (26, 20)
2621 (26, 21)
2622 (26, 22)
2623 (26, 23)
2624 (26, 24)
2625 (26, 25)
2626 (26, 26)
2627 (26, 27)
2628 (26, 28)
2629 (26, 29)
2630 (26, 30)
2631 (26, 31)
2632 (26, 32)
2633 (26, 33)
2634 (26, 34)
2635 (26, 35)
2636 (26, 36)
2637 (26, 37)
2638 (26, 38)
2639 (26, 39)
2640 (26, 40)
2641 (26, 41)
2642 (26, 42)
2643 (26, 43)
2644 (26, 44)
2645 (26, 45)
2646 (26, 46)
2647 (26, 47)
2648 (26, 48)
2649 (26, 49)
2650 (26, 50)
2651 (26, 51)
2652 (26, 52)
2653 (26, 53)
2654 (26, 54)
2655 (26, 55)
2656 (26, 56)
2657 (26, 57)
2658 (26, 58)
2659 (26, 59)
2660 (26, 60)
2661 (26, 61)
2662 (26, 62)
2663 (26, 63)
2664 (26, 64)
2665 (26, 65)
2666 (26, 66)
2667 (26, 67)
2668 (26, 68)
2669 (26, 69)
2670 (26, 70)
2671 (26, 71)
2672 (26, 72)
2673 (26, 73)
2674 (26, 74)
2675 (26, 75)
2676 (26, 76)
2677 (26, 77)
2678 (26, 78)
2679 (26, 79)
2680 (26, 80)
2681 (26, 81)
2682 (26, 82)
2683 (26, 83)
2684 (26, 84)
2685 (26, 85)
2686 (26, 86)
2687 (26, 87)
2688 (26, 88)
2689 (26, 89)
2690 (26, 90)
2691 (26, 91)
2692 (26, 92)
2693 (26, 93)
2694 (26, 94)
2695 (26, 95)
2696 (26, 96)
2697 (26, 97)
2698 (26, 98)
2699 (26, 99)
2700 (27, 0)
2701 (27, 1)
2702 (27, 2)
2703 (27, 3)
2704 (27, 4)
2705 (27, 5)
2706 (27, 6)
2707 (27, 7)
2708 (27, 8)
2709 (27, 9)
2710 (27, 10)
2711 (27, 11)
2712 (27, 12)
2713 (27, 13)
2714 (27, 14)
2715 (27, 15)
2716 (27, 16)
2717 (27, 17)
2718 (27, 18)
2719 (27, 19)
2720 (27, 20)
2721 (27, 21)
2722 (27, 22)
2723 (27, 23)
2724 (27, 24)
2725 (27, 25)
2726 (27, 26)
2727 (27, 27)
2728 (27, 28)
2729 (27, 29)
2730 (27, 30)
2731 (27, 31)
2732 (27, 32)
2733 (27, 33)
2734 (27, 34)
2735 (27, 35)
2736 (27, 36)
2737 (27, 37)
2738 (27, 38)
2739 (27, 39)
2740 (27, 40)
2741 (27, 41)
2742 (27, 42)
2743 (27, 43)
2744 (27, 44)
2745 (27, 45)
2746 (27, 46)
2747 (27, 47)
2748 (27, 48)
2749 (27, 49)
2750 (27, 50)
2751 (27, 51)
2752 (27, 52)
2753 (27, 53)
2754 (27, 54)
2755 (27, 55)
2756 (27, 56)
2757 (27, 57)
2758 (27, 58)
2759 (27, 59)
2760 (27, 60)
2761 (27, 61)
2762 (27, 62)
2763 (27, 63)
2764 (27, 64)
2765 (27, 65)
2766 (27, 66)
2767 (27, 67)
2768 (27, 68)
2769 (27, 69)
2770 (27, 70)
2771 (27, 71)
2772 (27, 72)
2773 (27, 73)
2774 (27, 74)
2775 (27, 75)
2776 (27, 76)
2777 (27, 77)
2778 (27, 78)
2779 (27, 79)
2780 (27, 80)
2781 (27, 81)
2782 (27, 82)
2783 (27, 83)
2784 (27, 84)
2785 (27, 85)
2786 (27, 86)
2787 (27, 87)
2788 (27, 88)
2789 (27, 89)
2790 (27, 90)
2791 (27, 91)
2792 (27, 92)
2793 (27, 93)
2794 (27, 94)
2795 (27, 95)
2796 (27, 96)
2797 (27, 97)
2798 (27, 98)
2799 (27, 99)
2800 (28, 0)
2801 (28, 1)
2802 (28, 2)
2803 (28, 3)
2804 (28, 4)
2805 (28, 5)
2806 (28, 6)
2807 (28, 7)
2808 (28, 8)
2809 (28, 9)
2810 (28, 10)
2811 (28, 11)
2812 (28, 12)
2813 (28, 13)
2814 (28, 14)
2815 (28, 15)
2816 (28, 16)
2817 (28, 17)
2818 (28, 18)
2819 (28, 19)
2820 (28, 20)
2821 (28, 21)
2822 (28, 22)
2823 (28, 23)
2824 (28, 24)
2825 (28, 25)
2826 (28, 26)
2827 (28, 27)
2828 (28, 28)
2829 (28, 29)
2830 (28, 30)
2831 (28, 31)
2832 (28, 32)
2833 (28, 33)
2834 (28, 34)
2835 (28, 35)
2836 (28, 36)
2837 (28, 37)
2838 (28, 38)
2839 (28, 39)
2840 (28, 40)
2841 (28, 41)
2842 (28, 42)
2843 (28, 43)
2844 (28, 44)
2845 (28, 45)
2846 (28, 46)
2847 (28, 47)
2848 (28, 48)
2849 (28, 49)
2850 (28, 50)
2851 (28, 51)
2852 (28, 52)
2853 (28, 53)
2854 (28, 54)
2855 (28, 55)
2856 (28, 56)
2857 (28, 57)
2858 (28, 58)
2859 (28, 59)
2860 (28, 60)
2861 (28, 61)
2862 (28, 62)
2863 (28, 63)
2864 (28, 64)
2865 (28, 65)
2866 (28, 66)
2867 (28, 67)
2868 (28, 68)
2869 (28, 69)
2870 (28, 70)
2871 (28, 71)
2872 (28, 72)
2873 (28, 73)
2874 (28, 74)
2875 (28, 75)
2876 (28, 76)
2877 (28, 77)
2878 (28, 78)
2879 (28, 79)
2880 (28, 80)
2881 (28, 81)
2882 (28, 82)
2883 (28, 83)
2884 (28, 84)
2885 (28, 85)
2886 (28, 86)
2887 (28, 87)
2888 (28, 88)
2889 (28, 89)
2890 (28, 90)
2891 (28, 91)
2892 (28, 92)
2893 (28, 93)
2894 (28, 94)
2895 (28, 95)
2896 (28, 96)
2897 (28, 97)
2898 (28, 98)
2899 (28, 99)
2900 (29, 0)
2901 (29, 1)
2902 (29, 2)
2903 (29, 3)
2904 (29, 4)
2905 (29, 5)
2906 (29, 6)
2907 (29, 7)
2908 (29, 8)
2909 (29, 9)
2910 (29, 10)
2911 (29, 11)
2912 (29, 12)
2913 (29, 13)
2914 (29, 14)
2915 (29, 15)
2916 (29, 16)
2917 (29, 17)
2918 (29, 18)
2919 (29, 19)
2920 (29, 20)
2921 (29, 21)
2922 (29, 22)
2923 (29, 23)
2924 (29, 24)
2925 (29, 25)
2926 (29, 26)
2927 (29, 27)
2928 (29, 28)
2929 (29, 29)
2930 (29, 30)
2931 (29, 31)
2932 (29, 32)
2933 (29, 33)
2934 (29, 34)
2935 (29, 35)
2936 (29, 36)
2937 (29, 37)
2938 (29, 38)
2939 (29, 39)
2940 (29, 40)
2941 (29, 41)
2942 (29, 42)
2943 (29, 43)
2944 (29, 44)
2945 (29, 45)
2946 (29, 46)
2947 (29, 47)
2948 (29, 48)
2949 (29, 49)
2950 (29, 50)
2951 (29, 51)
2952 (29, 52)
2953 (29, 53)
2954 (29, 54)
2955 (29, 55)
2956 (29, 56)
2957 (29, 57)
2958 (29, 58)
2959 (29, 59)
2960 (29, 60)
2961 (29, 61)
2962 (29, 62)
2963 (29, 63)
2964 (29, 64)
2965 (29, 65)
2966 (29, 66)
2967 (29, 67)
2968 (29, 68)
2969 (29, 69)
2970 (29, 70)
2971 (29, 71)
2972 (29, 72)
2973 (29, 73)
2974 (29, 74)
2975 (29, 75)
2976 (29, 76)
2977 (29, 77)
2978 (29, 78)
2979 (29, 79)
2980 (29, 80)
2981 (29, 81)
2982 (29, 82)
2983 (29, 83)
2984 (29, 84)
2985 (29, 85)
2986 (29, 86)
2987 (29, 87)
2988 (29, 88)
2989 (29, 89)
2990 (29, 90)
2991 (29, 91)
2992 (29, 92)
2993 (29, 93)
2994 (29, 94)
2995 (29, 95)
2996 (29, 96)
2997 (29, 97)
2998 (29, 98)
2999 (29, 99)
3000 (30, 0)
3001 (30, 1)
3002 (30, 2)
3003 (30, 3)
3004 (30, 4)
3005 (30, 5)
3006 (30, 6)
3007 (30, 7)
3008 (30, 8)
3009 (30, 9)
3010 (30, 10)
3011 (30, 11)
3012 (30, 12)
3013 (30, 13)
3014 (30, 14)
3015 (30, 15)
3016 (30, 16)
3017 (30, 17)
3018 (30, 18)
3019 (30, 19)
3020 (30, 20)
3021 (30, 21)
3022 (30, 22)
3023 (30, 23)
3024 (30, 24)
3025 (30, 25)
3026 (30, 26)
3027 (30, 27)
3028 (30, 28)
3029 (30, 29)
3030 (30, 30)
3031 (30, 31)
3032 (30, 32)
3033 (30, 33)
3034 (30, 34)
3035 (30, 35)
3036 (30, 36)
3037 (30, 37)
3038 (30, 38)
3039 (30, 39)
3040 (30, 40)
3041 (30, 41)
3042 (30, 42)
3043 (30, 43)
3044 (30, 44)
3045 (30, 45)
3046 (30, 46)
3047 (30, 47)
3048 (30, 48)
3049 (30, 49)
3050 (30, 50)
3051 (30, 51)
3052 (30, 52)
3053 (30, 53)
3054 (30, 54)
3055 (30, 55)
3056 (30, 56)
3057 (30, 57)
3058 (30, 58)
3059 (30, 59)
3060 (30, 60)
3061 (30, 61)
3062 (30, 62)
3063 (30, 63)
3064 (30, 64)
3065 (30, 65)
3066 (30, 66)
3067 (30, 67)
3068 (30, 68)
3069 (30, 69)
3070 (30, 70)
3071 (30, 71)
3072 (30, 72)
3073 (30, 73)
3074 (30, 74)
3075 (30, 75)
3076 (30, 76)
3077 (30, 77)
3078 (30, 78)
3079 (30, 79)
3080 (30, 80)
3081 (30, 81)
3082 (30, 82)
3083 (30, 83)
3084 (30, 84)
3085 (30, 85)
3086 (30, 86)
3087 (30, 87)
3088 (30, 88)
3089 (30, 89)
3090 (30, 90)
3091 (30, 91)
3092 (30, 92)
3093 (30, 93)
3094 (30, 94)
3095 (30, 95)
3096 (30, 96)
3097 (30, 97)
3098 (30, 98)
3099 (30, 99)
3100 (31, 0)
3101 (31, 1)
3102 (31, 2)
3103 (31, 3)
3104 (31, 4)
3105 (31, 5)
3106 (31, 6)
3107 (31, 7)
3108 (31, 8)
3109 (31, 9)
3110 (31, 10)
3111 (31, 11)
3112 (31, 12)
3113 (31, 13)
3114 (31, 14)
3115 (31, 15)
3116 (31, 16)
3117 (31, 17)
3118 (31, 18)
3119 (31, 19)
3120 (31, 20)
3121 (31, 21)
3122 (31, 22)
3123 (31, 23)
3124 (31, 24)
3125 (31, 25)
3126 (31, 26)
3127 (31, 27)
3128 (31, 28)
3129 (31, 29)
3130 (31, 30)
3131 (31, 31)
3132 (31, 32)
3133 (31, 33)
3134 (31, 34)
3135 (31, 35)
3136 (31, 36)
3137 (31, 37)
3138 (31, 38)
3139 (31, 39)
3140 (31, 40)
3141 (31, 41)
3142 (31, 42)
3143 (31, 43)
3144 (31, 44)
3145 (31, 45)
3146 (31, 46)
3147 (31, 47)
3148 (31, 48)
3149 (31, 49)
3150 (31, 50)
3151 (31, 51)
3152 (31, 52)
3153 (31, 53)
3154 (31, 54)
3155 (31, 55)
3156 (31, 56)
3157 (31, 57)
3158 (31, 58)
3159 (31, 59)
3160 (31, 60)
3161 (31, 61)
3162 (31, 62)
3163 (31, 63)
3164 (31, 64)
3165 (31, 65)
3166 (31, 66)
3167 (31, 67)
3168 (31, 68)
3169 (31, 69)
3170 (31, 70)
3171 (31, 71)
3172 (31, 72)
3173 (31, 73)
3174 (31, 74)
3175 (31, 75)
3176 (31, 76)
3177 (31, 77)
3178 (31, 78)
3179 (31, 79)
3180 (31, 80)
3181 (31, 81)
3182 (31, 82)
3183 (31, 83)
3184 (31, 84)
3185 (31, 85)
3186 (31, 86)
3187 (31, 87)
3188 (31, 88)
3189 (31, 89)
3190 (31, 90)
3191 (31, 91)
3192 (31, 92)
3193 (31, 93)
3194 (31, 94)
3195 (31, 95)
3196 (31, 96)
3197 (31, 97)
3198 (31, 98)
3199 (31, 99)
3200 (32, 0)
3201 (32, 1)
3202 (32, 2)
3203 (32, 3)
3204 (32, 4)
3205 (32, 5)
3206 (32, 6)
3207 (32, 7)
3208 (32, 8)
3209 (32, 9)
3210 (32, 10)
3211 (32, 11)
3212 (32, 12)
3213 (32, 13)
3214 (32, 14)
3215 (32, 15)
3216 (32, 16)
3217 (32, 17)
3218 (32, 18)
3219 (32, 19)
3220 (32, 20)
3221 (32, 21)
3222 (32, 22)
3223 (32, 23)
3224 (32, 24)
3225 (32, 25)
3226 (32, 26)
3227 (32, 27)
3228 (32, 28)
3229 (32, 29)
3230 (32, 30)
3231 (32, 31)
3232 (32, 32)
3233 (32, 33)
3234 (32, 34)
3235 (32, 35)
3236 (32, 36)
3237 (32, 37)
3238 (32, 38)
3239 (32, 39)
3240 (32, 40)
3241 (32, 41)
3242 (32, 42)
3243 (32, 43)
3244 (32, 44)
3245 (32, 45)
3246 (32, 46)
3247 (32, 47)
3248 (32, 48)
3249 (32, 49)
3250 (32, 50)
3251 (32, 51)
3252 (32, 52)
3253 (32, 53)
3254 (32, 54)
3255 (32, 55)
3256 (32, 56)
3257 (32, 57)
3258 (32, 58)
3259 (32, 59)
3260 (32, 60)
3261 (32, 61)
3262 (32, 62)
3263 (32, 63)
3264 (32, 64)
3265 (32, 65)
3266 (32, 66)
3267 (32, 67)
3268 (32, 68)
3269 (32, 69)
3270 (32, 70)
3271 (32, 71)
3272 (32, 72)
3273 (32, 73)
3274 (32, 74)
3275 (32, 75)
3276 (32, 76)
3277 (32, 77)
3278 (32, 78)
3279 (32, 79)
3280 (32, 80)
3281 (32, 81)
3282 (32, 82)
3283 (32, 83)
3284 (32, 84)
3285 (32, 85)
3286 (32, 86)
3287 (32, 87)
3288 (32, 88)
3289 (32, 89)
3290 (32, 90)
3291 (32, 91)
3292 (32, 92)
3293 (32, 93)
3294 (32, 94)
3295 (32, 95)
3296 (32, 96)
3297 (32, 97)
3298 (32, 98)
3299 (32, 99)
3300 (33, 0)
3301 (33, 1)
3302 (33, 2)
3303 (33, 3)
3304 (33, 4)
3305 (33, 5)
3306 (33, 6)
3307 (33, 7)
3308 (33, 8)
3309 (33, 9)
3310 (33, 10)
3311 (33, 11)
3312 (33, 12)
3313 (33, 13)
3314 (33, 14)
3315 (33, 15)
3316 (33, 16)
3317 (33, 17)
3318 (33, 18)
3319 (33, 19)
3320 (33, 20)
3321 (33, 21)
3322 (33, 22)
3323 (33, 23)
3324 (33, 24)
3325 (33, 25)
3326 (33, 26)
3327 (33, 27)
3328 (33, 28)
3329 (33, 29)
3330 (33, 30)
3331 (33, 31)
3332 (33, 32)
3333 (33, 33)
3334 (33, 34)
3335 (33, 35)
3336 (33, 36)
3337 (33, 37)
3338 (33, 38)
3339 (33, 39)
3340 (33, 40)
3341 (33, 41)
3342 (33, 42)
3343 (33, 43)
3344 (33, 44)
3345 (33, 45)
3346 (33, 46)
3347 (33, 47)
3348 (33, 48)
3349 (33, 49)
3350 (33, 50)
3351 (33, 51)
3352 (33, 52)
3353 (33, 53)
3354 (33, 54)
3355 (33, 55)
3356 (33, 56)
3357 (33, 57)
3358 (33, 58)
3359 (33, 59)
3360 (33, 60)
3361 (33, 61)
3362 (33, 62)
3363 (33, 63)
3364 (33, 64)
3365 (33, 65)
3366 (33, 66)
3367 (33, 67)
3368 (33, 68)
3369 (33, 69)
3370 (33, 70)
3371 (33, 71)
3372 (33, 72)
3373 (33, 73)
3374 (33, 74)
3375 (33, 75)
3376 (33, 76)
3377 (33, 77)
3378 (33, 78)
3379 (33, 79)
3380 (33, 80)
3381 (33, 81)
3382 (33, 82)
3383 (33, 83)
3384 (33, 84)
3385 (33, 85)
3386 (33, 86)
3387 (33, 87)
3388 (33, 88)
3389 (33, 89)
3390 (33, 90)
3391 (33, 91)
3392 (33, 92)
3393 (33, 93)
3394 (33, 94)
3395 (33, 95)
3396 (33, 96)
3397 (33, 97)
3398 (33, 98)
3399 (33, 99)
3400 (34, 0)
3401 (34, 1)
3402 (34, 2)
3403 (34, 3)
3404 (34, 4)
3405 (34, 5)
3406 (34, 6)
3407 (34, 7)
3408 (34, 8)
3409 (34, 9)
3410 (34, 10)
3411 (34, 11)
3412 (34, 12)
3413 (34, 13)
3414 (34, 14)
3415 (34, 15)
3416 (34, 16)
3417 (34, 17)
3418 (34, 18)
3419 (34, 19)
3420 (34, 20)
3421 (34, 21)
3422 (34, 22)
3423 (34, 23)
3424 (34, 24)
3425 (34, 25)
3426 (34, 26)
3427 (34, 27)
3428 (34, 28)
3429 (34, 29)
3430 (34, 30)
3431 (34, 31)
3432 (34, 32)
3433 (34, 33)
3434 (34, 34)
3435 (34, 35)
3436 (34, 36)
3437 (34, 37)
3438 (34, 38)
3439 (34, 39)
3440 (34, 40)
3441 (34, 41)
3442 (34, 42)
3443 (34, 43)
3444 (34, 44)
3445 (34, 45)
3446 (34, 46)
3447 (34, 47)
3448 (34, 48)
3449 (34, 49)
3450 (34, 50)
3451 (34, 51)
3452 (34, 52)
3453 (34, 53)
3454 (34, 54)
3455 (34, 55)
3456 (34, 56)
3457 (34, 57)
3458 (34, 58)
3459 (34, 59)
3460 (34, 60)
3461 (34, 61)
3462 (34, 62)
3463 (34, 63)
3464 (34, 64)
3465 (34, 65)
3466 (34, 66)
3467 (34, 67)
3468 (34, 68)
3469 (34, 69)
3470 (34, 70)
3471 (34, 71)
3472 (34, 72)
3473 (34, 73)
3474 (34, 74)
3475 (34, 75)
3476 (34, 76)
3477 (34, 77)
3478 (34, 78)
3479 (34, 79)
3480 (34, 80)
3481 (34, 81)
3482 (34, 82)
3483 (34, 83)
3484 (34, 84)
3485 (34, 85)
3486 (34, 86)
3487 (34, 87)
3488 (34, 88)
3489 (34, 89)
3490 (34, 90)
3491 (34, 91)
3492 (34, 92)
3493 (34, 93)
3494 (34, 94)
3495 (34, 95)
3496 (34, 96)
3497 (34, 97)
3498 (34, 98)
3499 (34, 99)
3500 (35, 0)
3501 (35, 1)
3502 (35, 2)
3503 (35, 3)
3504 (35, 4)
3505 (35, 5)
3506 (35, 6)
3507 (35, 7)
3508 (35, 8)
3509 (35, 9)
3510 (35, 10)
3511 (35, 11)
3512 (35, 12)
3513 (35, 13)
3514 (35, 14)
3515 (35, 15)
3516 (35, 16)
3517 (35, 17)
3518 (35, 18)
3519 (35, 19)
3520 (35, 20)
3521 (35, 21)
3522 (35, 22)
3523 (35, 23)
3524 (35, 24)
3525 (35, 25)
3526 (35, 26)
3527 (35, 27)
3528 (35, 28)
3529 (35, 29)
3530 (35, 30)
3531 (35, 31)
3532 (35, 32)
3533 (35, 33)
3534 (35, 34)
3535 (35, 35)
3536 (35, 36)
3537 (35, 37)
3538 (35, 38)
3539 (35, 39)
3540 (35, 40)
3541 (35, 41)
3542 (35, 42)
3543 (35, 43)
3544 (35, 44)
3545 (35, 45)
3546 (35, 46)
3547 (35, 47)
3548 (35, 48)
3549 (35, 49)
3550 (35, 50)
3551 (35, 51)
3552 (35, 52)
3553 (35, 53)
3554 (35, 54)
3555 (35, 55)
3556 (35, 56)
3557 (35, 57)
3558 (35, 58)
3559 (35, 59)
3560 (35, 60)
3561 (35, 61)
3562 (35, 62)
3563 (35, 63)
3564 (35, 64)
3565 (35, 65)
3566 (35, 66)
3567 (35, 67)
3568 (35, 68)
3569 (35, 69)
3570 (35, 70)
3571 (35, 71)
3572 (35, 72)
3573 (35, 73)
3574 (35, 74)
3575 (35, 75)
3576 (35, 76)
3577 (35, 77)
3578 (35, 78)
3579 (35, 79)
3580 (35, 80)
3581 (35, 81)
3582 (35, 82)
3583 (35, 83)
3584 (35, 84)
3585 (35, 85)
3586 (35, 86)
3587 (35, 87)
3588 (35, 88)
3589 (35, 89)
3590 (35, 90)
3591 (35, 91)
3592 (35, 92)
3593 (35, 93)
3594 (35, 94)
3595 (35, 95)
3596 (35, 96)
3597 (35, 97)
3598 (35, 98)
3599 (35, 99)
3600 (36, 0)
3601 (36, 1)
3602 (36, 2)
3603 (36, 3)
3604 (36, 4)
3605 (36, 5)
3606 (36, 6)
3607 (36, 7)
3608 (36, 8)
3609 (36, 9)
3610 (36, 10)
3611 (36, 11)
3612 (36, 12)
3613 (36, 13)
3614 (36, 14)
3615 (36, 15)
3616 (36, 16)
3617 (36, 17)
3618 (36, 18)
3619 (36, 19)
3620 (36, 20)
3621 (36, 21)
3622 (36, 22)
3623 (36, 23)
3624 (36, 24)
3625 (36, 25)
3626 (36, 26)
3627 (36, 27)
3628 (36, 28)
3629 (36, 29)
3630 (36, 30)
3631 (36, 31)
3632 (36, 32)
3633 (36, 33)
3634 (36, 34)
3635 (36, 35)
3636 (36, 36)
3637 (36, 37)
3638 (36, 38)
3639 (36, 39)
3640 (36, 40)
3641 (36, 41)
3642 (36, 42)
3643 (36, 43)
3644 (36, 44)
3645 (36, 45)
3646 (36, 46)
3647 (36, 47)
3648 (36, 48)
3649 (36, 49)
3650 (36, 50)
3651 (36, 51)
3652 (36, 52)
3653 (36, 53)
3654 (36, 54)
3655 (36, 55)
3656 (36, 56)
3657 (36, 57)
3658 (36, 58)
3659 (36, 59)
3660 (36, 60)
3661 (36, 61)
3662 (36, 62)
3663 (36, 63)
3664 (36, 64)
3665 (36, 65)
3666 (36, 66)
3667 (36, 67)
3668 (36, 68)
3669 (36, 69)
3670 (36, 70)
3671 (36, 71)
3672 (36, 72)
3673 (36, 73)
3674 (36, 74)
3675 (36, 75)
3676 (36, 76)
3677 (36, 77)
3678 (36, 78)
3679 (36, 79)
3680 (36, 80)
3681 (36, 81)
3682 (36, 82)
3683 (36, 83)
3684 (36, 84)
3685 (36, 85)
3686 (36, 86)
3687 (36, 87)
3688 (36, 88)
3689 (36, 89)
3690 (36, 90)
3691 (36, 91)
3692 (36, 92)
3693 (36, 93)
3694 (36, 94)
3695 (36, 95)
3696 (36, 96)
3697 (36, 97)
3698 (36, 98)
3699 (36, 99)
3700 (37, 0)
3701 (37, 1)
3702 (37, 2)
3703 (37, 3)
3704 (37, 4)
3705 (37, 5)
3706 (37, 6)
3707 (37, 7)
3708 (37, 8)
3709 (37, 9)
3710 (37, 10)
3711 (37, 11)
3712 (37, 12)
3713 (37, 13)
3714 (37, 14)
3715 (37, 15)
3716 (37, 16)
3717 (37, 17)
3718 (37, 18)
3719 (37, 19)
3720 (37, 20)
3721 (37, 21)
3722 (37, 22)
3723 (37, 23)
3724 (37, 24)
3725 (37, 25)
3726 (37, 26)
3727 (37, 27)
3728 (37, 28)
3729 (37, 29)
3730 (37, 30)
3731 (37, 31)
3732 (37, 32)
3733 (37, 33)
3734 (37, 34)
3735 (37, 35)
3736 (37, 36)
3737 (37, 37)
3738 (37, 38)
3739 (37, 39)
3740 (37, 40)
3741 (37, 41)
3742 (37, 42)
3743 (37, 43)
3744 (37, 44)
3745 (37, 45)
3746 (37, 46)
3747 (37, 47)
3748 (37, 48)
3749 (37, 49)
3750 (37, 50)
3751 (37, 51)
3752 (37, 52)
3753 (37, 53)
3754 (37, 54)
3755 (37, 55)
3756 (37, 56)
3757 (37, 57)
3758 (37, 58)
3759 (37, 59)
3760 (37, 60)
3761 (37, 61)
3762 (37, 62)
3763 (37, 63)
3764 (37, 64)
3765 (37, 65)
3766 (37, 66)
3767 (37, 67)
3768 (37, 68)
3769 (37, 69)
3770 (37, 70)
3771 (37, 71)
3772 (37, 72)
3773 (37, 73)
3774 (37, 74)
3775 (37, 75)
3776 (37, 76)
3777 (37, 77)
3778 (37, 78)
3779 (37, 79)
3780 (37, 80)
3781 (37, 81)
3782 (37, 82)
3783 (37, 83)
3784 (37, 84)
3785 (37, 85)
3786 (37, 86)
3787 (37, 87)
3788 (37, 88)
3789 (37, 89)
3790 (37, 90)
3791 (37, 91)
3792 (37, 92)
3793 (37, 93)
3794 (37, 94)
3795 (37, 95)
3796 (37, 96)
3797 (37, 97)
3798 (37, 98)
3799 (37, 99)
3800 (38, 0)
3801 (38, 1)
3802 (38, 2)
3803 (38, 3)
3804 (38, 4)
3805 (38, 5)
3806 (38, 6)
3807 (38, 7)
3808 (38, 8)
3809 (38, 9)
3810 (38, 10)
3811 (38, 11)
3812 (38, 12)
3813 (38, 13)
3814 (38, 14)
3815 (38, 15)
3816 (38, 16)
3817 (38, 17)
3818 (38, 18)
3819 (38, 19)
3820 (38, 20)
3821 (38, 21)
3822 (38, 22)
3823 (38, 23)
3824 (38, 24)
3825 (38, 25)
3826 (38, 26)
3827 (38, 27)
3828 (38, 28)
3829 (38, 29)
3830 (38, 30)
3831 (38, 31)
3832 (38, 32)
3833 (38, 33)
3834 (38, 34)
3835 (38, 35)
3836 (38, 36)
3837 (38, 37)
3838 (38, 38)
3839 (38, 39)
3840 (38, 40)
3841 (38, 41)
3842 (38, 42)
3843 (38, 43)
3844 (38, 44)
3845 (38, 45)
3846 (38, 46)
3847 (38, 47)
3848 (38, 48)
3849 (38, 49)
3850 (38, 50)
3851 (38, 51)
3852 (38, 52)
3853 (38, 53)
3854 (38, 54)
3855 (38, 55)
3856 (38, 56)
3857 (38, 57)
3858 (38, 58)
3859 (38, 59)
3860 (38, 60)
3861 (38, 61)
3862 (38, 62)
3863 (38, 63)
3864 (38, 64)
3865 (38, 65)
3866 (38, 66)
3867 (38, 67)
3868 (38, 68)
3869 (38, 69)
3870 (38, 70)
3871 (38, 71)
3872 (38, 72)
3873 (38, 73)
3874 (38, 74)
3875 (38, 75)
3876 (38, 76)
3877 (38, 77)
3878 (38, 78)
3879 (38, 79)
3880 (38, 80)
3881 (38, 81)
3882 (38, 82)
3883 (38, 83)
3884 (38, 84)
3885 (38, 85)
3886 (38, 86)
3887 (38, 87)
3888 (38, 88)
3889 (38, 89)
3890 (38, 90)
3891 (38, 91)
3892 (38, 92)
3893 (38, 93)
3894 (38, 94)
3895 (38, 95)
3896 (38, 96)
3897 (38, 97)
3898 (38, 98)
3899 (38, 99)
3900 (39, 0)
3901 (39, 1)
3902 (39, 2)
3903 (39, 3)
3904 (39, 4)
3905 (39, 5)
3906 (39, 6)
3907 (39, 7)
3908 (39, 8)
3909 (39, 9)
3910 (39, 10)
3911 (39, 11)
3912 (39, 12)
3913 (39, 13)
3914 (39, 14)
3915 (39, 15)
3916 (39, 16)
3917 (39, 17)
3918 (39, 18)
3919 (39, 19)
3920 (39, 20)
3921 (39, 21)
3922 (39, 22)
3923 (39, 23)
3924 (39, 24)
3925 (39, 25)
3926 (39, 26)
3927 (39, 27)
3928 (39, 28)
3929 (39, 29)
3930 (39, 30)
3931 (39, 31)
3932 (39, 32)
3933 (39, 33)
3934 (39, 34)
3935 (39, 35)
3936 (39, 36)
3937 (39, 37)
3938 (39, 38)
3939 (39, 39)
3940 (39, 40)
3941 (39, 41)
3942 (39, 42)
3943 (39, 43)
3944 (39, 44)
3945 (39, 45)
3946 (39, 46)
3947 (39, 47)
3948 (39, 48)
3949 (39, 49)
3950 (39, 50)
3951 (39, 51)
3952 (39, 52)
3953 (39, 53)
3954 (39, 54)
3955 (39, 55)
3956 (39, 56)
3957 (39, 57)
3958 (39, 58)
3959 (39, 59)
3960 (39, 60)
3961 (39, 61)
3962 (39, 62)
3963 (39, 63)
3964 (39, 64)
3965 (39, 65)
3966 (39, 66)
3967 (39, 67)
3968 (39, 68)
3969 (39, 69)
3970 (39, 70)
3971 (39, 71)
3972 (39, 72)
3973 (39, 73)
3974 (39, 74)
3975 (39, 75)
3976 (39, 76)
3977 (39, 77)
3978 (39, 78)
3979 (39, 79)
3980 (39, 80)
3981 (39, 81)
3982 (39, 82)
3983 (39, 83)
3984 (39, 84)
3985 (39, 85)
3986 (39, 86)
3987 (39, 87)
3988 (39, 88)
3989 (39, 89)
3990 (39, 90)
3991 (39, 91)
3992 (39, 92)
3993 (39, 93)
3994 (39, 94)
3995 (39, 95)
3996 (39, 96)
3997 (39, 97)
3998 (39, 98)
3999 (39, 99)
4000 (40, 0)
4001 (40, 1)
4002 (40, 2)
4003 (40, 3)
4004 (40, 4)
4005 (40, 5)
4006 (40, 6)
4007 (40, 7)
4008 (40, 8)
4009 (40, 9)
4010 (40, 10)
4011 (40, 11)
4012 (40, 12)
4013 (40, 13)
4014 (40, 14)
4015 (40, 15)
4016 (40, 16)
4017 (40, 17)
4018 (40, 18)
4019 (40, 19)
4020 (40, 20)
4021 (40, 21)
4022 (40, 22)
4023 (40, 23)
4024 (40, 24)
4025 (40, 25)
4026 (40, 26)
4027 (40, 27)
4028 (40, 28)
4029 (40, 29)
4030 (40, 30)
4031 (40, 31)
4032 (40, 32)
4033 (40, 33)
4034 (40, 34)
4035 (40, 35)
4036 (40, 36)
4037 (40, 37)
4038 (40, 38)
4039 (40, 39)
4040 (40, 40)
4041 (40, 41)
4042 (40, 42)
4043 (40, 43)
4044 (40, 44)
4045 (40, 45)
4046 (40, 46)
4047 (40, 47)
4048 (40, 48)
4049 (40, 49)
4050 (40, 50)
4051 (40, 51)
4052 (40, 52)
4053 (40, 53)
4054 (40, 54)
4055 (40, 55)
4056 (40, 56)
4057 (40, 57)
4058 (40, 58)
4059 (40, 59)
4060 (40, 60)
4061 (40, 61)
4062 (40, 62)
4063 (40, 63)
4064 (40, 64)
4065 (40, 65)
4066 (40, 66)
4067 (40, 67)
4068 (40, 68)
4069 (40, 69)
4070 (40, 70)
4071 (40, 71)
4072 (40, 72)
4073 (40, 73)
4074 (40, 74)
4075 (40, 75)
4076 (40, 76)
4077 (40, 77)
4078 (40, 78)
4079 (40, 79)
4080 (40, 80)
4081 (40, 81)
4082 (40, 82)
4083 (40, 83)
4084 (40, 84)
4085 (40, 85)
4086 (40, 86)
4087 (40, 87)
4088 (40, 88)
4089 (40, 89)
4090 (40, 90)
4091 (40, 91)
4092 (40, 92)
4093 (40, 93)
4094 (40, 94)
4095 (40, 95)
4096 (40, 96)
4097 (40, 97)
4098 (40, 98)
4099 (40, 99)
4100 (41, 0)
4101 (41, 1)
4102 (41, 2)
4103 (41, 3)
4104 (41, 4)
4105 (41, 5)
4106 (41, 6)
4107 (41, 7)
4108 (41, 8)
4109 (41, 9)
4110 (41, 10)
4111 (41, 11)
4112 (41, 12)
4113 (41, 13)
4114 (41, 14)
4115 (41, 15)
4116 (41, 16)
4117 (41, 17)
4118 (41, 18)
4119 (41, 19)
4120 (41, 20)
4121 (41, 21)
4122 (41, 22)
4123 (41, 23)
4124 (41, 24)
4125 (41, 25)
4126 (41, 26)
4127 (41, 27)
4128 (41, 28)
4129 (41, 29)
4130 (41, 30)
4131 (41, 31)
4132 (41, 32)
4133 (41, 33)
4134 (41, 34)
4135 (41, 35)
4136 (41, 36)
4137 (41, 37)
4138 (41, 38)
4139 (41, 39)
4140 (41, 40)
4141 (41, 41)
4142 (41, 42)
4143 (41, 43)
4144 (41, 44)
4145 (41, 45)
4146 (41, 46)
4147 (41, 47)
4148 (41, 48)
4149 (41, 49)
4150 (41, 50)
4151 (41, 51)
4152 (41, 52)
4153 (41, 53)
4154 (41, 54)
4155 (41, 55)
4156 (41, 56)
4157 (41, 57)
4158 (41, 58)
4159 (41, 59)
4160 (41, 60)
4161 (41, 61)
4162 (41, 62)
4163 (41, 63)
4164 (41, 64)
4165 (41, 65)
4166 (41, 66)
4167 (41, 67)
4168 (41, 68)
4169 (41, 69)
4170 (41, 70)
4171 (41, 71)
4172 (41, 72)
4173 (41, 73)
4174 (41, 74)
4175 (41, 75)
4176 (41, 76)
4177 (41, 77)
4178 (41, 78)
4179 (41, 79)
4180 (41, 80)
4181 (41, 81)
4182 (41, 82)
4183 (41, 83)
4184 (41, 84)
4185 (41, 85)
4186 (41, 86)
4187 (41, 87)
4188 (41, 88)
4189 (41, 89)
4190 (41, 90)
4191 (41, 91)
4192 (41, 92)
4193 (41, 93)
4194 (41, 94)
4195 (41, 95)
4196 (41, 96)
4197 (41, 97)
4198 (41, 98)
4199 (41, 99)
4200 (42, 0)
4201 (42, 1)
4202 (42, 2)
4203 (42, 3)
4204 (42, 4)
4205 (42, 5)
4206 (42, 6)
4207 (42, 7)
4208 (42, 8)
4209 (42, 9)
4210 (42, 10)
4211 (42, 11)
4212 (42, 12)
4213 (42, 13)
4214 (42, 14)
4215 (42, 15)
4216 (42, 16)
4217 (42, 17)
4218 (42, 18)
4219 (42, 19)
4220 (42, 20)
4221 (42, 21)
4222 (42, 22)
4223 (42, 23)
4224 (42, 24)
4225 (42, 25)
4226 (42, 26)
4227 (42, 27)
4228 (42, 28)
4229 (42, 29)
4230 (42, 30)
4231 (42, 31)
4232 (42, 32)
4233 (42, 33)
4234 (42, 34)
4235 (42, 35)
4236 (42, 36)
4237 (42, 37)
4238 (42, 38)
4239 (42, 39)
4240 (42, 40)
4241 (42, 41)
4242 (42, 42)
4243 (42, 43)
4244 (42, 44)
4245 (42, 45)
4246 (42, 46)
4247 (42, 47)
4248 (42, 48)
4249 (42, 49)
4250 (42, 50)
4251 (42, 51)
4252 (42, 52)
4253 (42, 53)
4254 (42, 54)
4255 (42, 55)
4256 (42, 56)
4257 (42, 57)
4258 (42, 58)
4259 (42, 59)
4260 (42, 60)
4261 (42, 61)
4262 (42, 62)
4263 (42, 63)
4264 (42, 64)
4265 (42, 65)
4266 (42, 66)
4267 (42, 67)
4268 (42, 68)
4269 (42, 69)
4270 (42, 70)
4271 (42, 71)
4272 (42, 72)
4273 (42, 73)
4274 (42, 74)
4275 (42, 75)
4276 (42, 76)
4277 (42, 77)
4278 (42, 78)
4279 (42, 79)
4280 (42, 80)
4281 (42, 81)
4282 (42, 82)
4283 (42, 83)
4284 (42, 84)
4285 (42, 85)
4286 (42, 86)
4287 (42, 87)
4288 (42, 88)
4289 (42, 89)
4290 (42, 90)
4291 (42, 91)
4292 (42, 92)
4293 (42, 93)
4294 (42, 94)
4295 (42, 95)
4296 (42, 96)
4297 (42, 97)
4298 (42, 98)
4299 (42, 99)
4300 (43, 0)
4301 (43, 1)
4302 (43, 2)
4303 (43, 3)
4304 (43, 4)
4305 (43, 5)
4306 (43, 6)
4307 (43, 7)
4308 (43, 8)
4309 (43, 9)
4310 (43, 10)
4311 (43, 11)
4312 (43, 12)
4313 (43, 13)
4314 (43, 14)
4315 (43, 15)
4316 (43, 16)
4317 (43, 17)
4318 (43, 18)
4319 (43, 19)
4320 (43, 20)
4321 (43, 21)
4322 (43, 22)
4323 (43, 23)
4324 (43, 24)
4325 (43, 25)
4326 (43, 26)
4327 (43, 27)
4328 (43, 28)
4329 (43, 29)
4330 (43, 30)
4331 (43, 31)
4332 (43, 32)
4333 (43, 33)
4334 (43, 34)
4335 (43, 35)
4336 (43, 36)
4337 (43, 37)
4338 (43, 38)
4339 (43, 39)
4340 (43, 40)
4341 (43, 41)
4342 (43, 42)
4343 (43, 43)
4344 (43, 44)
4345 (43, 45)
4346 (43, 46)
4347 (43, 47)
4348 (43, 48)
4349 (43, 49)
4350 (43, 50)
4351 (43, 51)
4352 (43, 52)
4353 (43, 53)
4354 (43, 54)
4355 (43, 55)
4356 (43, 56)
4357 (43, 57)
4358 (43, 58)
4359 (43, 59)
4360 (43, 60)
4361 (43, 61)
4362 (43, 62)
4363 (43, 63)
4364 (43, 64)
4365 (43, 65)
4366 (43, 66)
4367 (43, 67)
4368 (43, 68)
4369 (43, 69)
4370 (43, 70)
4371 (43, 71)
4372 (43, 72)
4373 (43, 73)
4374 (43, 74)
4375 (43, 75)
4376 (43, 76)
4377 (43, 77)
4378 (43, 78)
4379 (43, 79)
4380 (43, 80)
4381 (43, 81)
4382 (43, 82)
4383 (43, 83)
4384 (43, 84)
4385 (43, 85)
4386 (43, 86)
4387 (43, 87)
4388 (43, 88)
4389 (43, 89)
4390 (43, 90)
4391 (43, 91)
4392 (43, 92)
4393 (43, 93)
4394 (43, 94)
4395 (43, 95)
4396 (43, 96)
4397 (43, 97)
4398 (43, 98)
4399 (43, 99)
4400 (44, 0)
4401 (44, 1)
4402 (44, 2)
4403 (44, 3)
4404 (44, 4)
4405 (44, 5)
4406 (44, 6)
4407 (44, 7)
4408 (44, 8)
4409 (44, 9)
4410 (44, 10)
4411 (44, 11)
4412 (44, 12)
4413 (44, 13)
4414 (44, 14)
4415 (44, 15)
4416 (44, 16)
4417 (44, 17)
4418 (44, 18)
4419 (44, 19)
4420 (44, 20)
4421 (44, 21)
4422 (44, 22)
4423 (44, 23)
4424 (44, 24)
4425 (44, 25)
4426 (44, 26)
4427 (44, 27)
4428 (44, 28)
4429 (44, 29)
4430 (44, 30)
4431 (44, 31)
4432 (44, 32)
4433 (44, 33)
4434 (44, 34)
4435 (44, 35)
4436 (44, 36)
4437 (44, 37)
4438 (44, 38)
4439 (44, 39)
4440 (44, 40)
4441 (44, 41)
4442 (44, 42)
4443 (44, 43)
4444 (44, 44)
4445 (44, 45)
4446 (44, 46)
4447 (44, 47)
4448 (44, 48)
4449 (44, 49)
4450 (44, 50)
4451 (44, 51)
4452 (44, 52)
4453 (44, 53)
4454 (44, 54)
4455 (44, 55)
4456 (44, 56)
4457 (44, 57)
4458 (44, 58)
4459 (44, 59)
4460 (44, 60)
4461 (44, 61)
4462 (44, 62)
4463 (44, 63)
4464 (44, 64)
4465 (44, 65)
4466 (44, 66)
4467 (44, 67)
4468 (44, 68)
4469 (44, 69)
4470 (44, 70)
4471 (44, 71)
4472 (44, 72)
4473 (44, 73)
4474 (44, 74)
4475 (44, 75)
4476 (44, 76)
4477 (44, 77)
4478 (44, 78)
4479 (44, 79)
4480 (44, 80)
4481 (44, 81)
4482 (44, 82)
4483 (44, 83)
4484 (44, 84)
4485 (44, 85)
4486 (44, 86)
4487 (44, 87)
4488 (44, 88)
4489 (44, 89)
4490 (44, 90)
4491 (44, 91)
4492 (44, 92)
4493 (44, 93)
4494 (44, 94)
4495 (44, 95)
4496 (44, 96)
4497 (44, 97)
4498 (44, 98)
4499 (44, 99)
4500 (45, 0)
4501 (45, 1)
4502 (45, 2)
4503 (45, 3)
4504 (45, 4)
4505 (45, 5)
4506 (45, 6)
4507 (45, 7)
4508 (45, 8)
4509 (45, 9)
4510 (45, 10)
4511 (45, 11)
4512 (45, 12)
4513 (45, 13)
4514 (45, 14)
4515 (45, 15)
4516 (45, 16)
4517 (45, 17)
4518 (45, 18)
4519 (45, 19)
4520 (45, 20)
4521 (45, 21)
4522 (45, 22)
4523 (45, 23)
4524 (45, 24)
4525 (45, 25)
4526 (45, 26)
4527 (45, 27)
4528 (45, 28)
4529 (45, 29)
4530 (45, 30)
4531 (45, 31)
4532 (45, 32)
4533 (45, 33)
4534 (45, 34)
4535 (45, 35)
4536 (45, 36)
4537 (45, 37)
4538 (45, 38)
4539 (45, 39)
4540 (45, 40)
4541 (45, 41)
4542 (45, 42)
4543 (45, 43)
4544 (45, 44)
4545 (45, 45)
4546 (45, 46)
4547 (45, 47)
4548 (45, 48)
4549 (45, 49)
4550 (45, 50)
4551 (45, 51)
4552 (45, 52)
4553 (45, 53)
4554 (45, 54)
4555 (45, 55)
4556 (45, 56)
4557 (45, 57)
4558 (45, 58)
4559 (45, 59)
4560 (45, 60)
4561 (45, 61)
4562 (45, 62)
4563 (45, 63)
4564 (45, 64)
4565 (45, 65)
4566 (45, 66)
4567 (45, 67)
4568 (45, 68)
4569 (45, 69)
4570 (45, 70)
4571 (45, 71)
4572 (45, 72)
4573 (45, 73)
4574 (45, 74)
4575 (45, 75)
4576 (45, 76)
4577 (45, 77)
4578 (45, 78)
4579 (45, 79)
4580 (45, 80)
4581 (45, 81)
4582 (45, 82)
4583 (45, 83)
4584 (45, 84)
4585 (45, 85)
4586 (45, 86)
4587 (45, 87)
4588 (45, 88)
4589 (45, 89)
4590 (45, 90)
4591 (45, 91)
4592 (45, 92)
4593 (45, 93)
4594 (45, 94)
4595 (45, 95)
4596 (45, 96)
4597 (45, 97)
4598 (45, 98)
4599 (45, 99)
4600 (46, 0)
4601 (46, 1)
4602 (46, 2)
4603 (46, 3)
4604 (46, 4)
4605 (46, 5)
4606 (46, 6)
4607 (46, 7)
4608 (46, 8)
4609 (46, 9)
4610 (46, 10)
4611 (46, 11)
4612 (46, 12)
4613 (46, 13)
4614 (46, 14)
4615 (46, 15)
4616 (46, 16)
4617 (46, 17)
4618 (46, 18)
4619 (46, 19)
4620 (46, 20)
4621 (46, 21)
4622 (46, 22)
4623 (46, 23)
4624 (46, 24)
4625 (46, 25)
4626 (46, 26)
4627 (46, 27)
4628 (46, 28)
4629 (46, 29)
4630 (46, 30)
4631 (46, 31)
4632 (46, 32)
4633 (46, 33)
4634 (46, 34)
4635 (46, 35)
4636 (46, 36)
4637 (46, 37)
4638 (46, 38)
4639 (46, 39)
4640 (46, 40)
4641 (46, 41)
4642 (46, 42)
4643 (46, 43)
4644 (46, 44)
4645 (46, 45)
4646 (46, 46)
4647 (46, 47)
4648 (46, 48)
4649 (46, 49)
4650 (46, 50)
4651 (46, 51)
4652 (46, 52)
4653 (46, 53)
4654 (46, 54)
4655 (46, 55)
4656 (46, 56)
4657 (46, 57)
4658 (46, 58)
4659 (46, 59)
4660 (46, 60)
4661 (46, 61)
4662 (46, 62)
4663 (46, 63)
4664 (46, 64)
4665 (46, 65)
4666 (46, 66)
4667 (46, 67)
4668 (46, 68)
4669 (46, 69)
4670 (46, 70)
4671 (46, 71)
4672 (46, 72)
4673 (46, 73)
4674 (46, 74)
4675 (46, 75)
4676 (46, 76)
4677 (46, 77)
4678 (46, 78)
4679 (46, 79)
4680 (46, 80)
4681 (46, 81)
4682 (46, 82)
4683 (46, 83)
4684 (46, 84)
4685 (46, 85)
4686 (46, 86)
4687 (46, 87)
4688 (46, 88)
4689 (46, 89)
4690 (46, 90)
4691 (46, 91)
4692 (46, 92)
4693 (46, 93)
4694 (46, 94)
4695 (46, 95)
4696 (46, 96)
4697 (46, 97)
4698 (46, 98)
4699 (46, 99)
4700 (47, 0)
4701 (47, 1)
4702 (47, 2)
4703 (47, 3)
4704 (47, 4)
4705 (47, 5)
4706 (47, 6)
4707 (47, 7)
4708 (47, 8)
4709 (47, 9)
4710 (47, 10)
4711 (47, 11)
4712 (47, 12)
4713 (47, 13)
4714 (47, 14)
4715 (47, 15)
4716 (47, 16)
4717 (47, 17)
4718 (47, 18)
4719 (47, 19)
4720 (47, 20)
4721 (47, 21)
4722 (47, 22)
4723 (47, 23)
4724 (47, 24)
4725 (47, 25)
4726 (47, 26)
4727 (47, 27)
4728 (47, 28)
4729 (47, 29)
4730 (47, 30)
4731 (47, 31)
4732 (47, 32)
4733 (47, 33)
4734 (47, 34)
4735 (47, 35)
4736 (47, 36)
4737 (47, 37)
4738 (47, 38)
4739 (47, 39)
4740 (47, 40)
4741 (47, 41)
4742 (47, 42)
4743 (47, 43)
4744 (47, 44)
4745 (47, 45)
4746 (47, 46)
4747 (47, 47)
4748 (47, 48)
4749 (47, 49)
4750 (47, 50)
4751 (47, 51)
4752 (47, 52)
4753 (47, 53)
4754 (47, 54)
4755 (47, 55)
4756 (47, 56)
4757 (47, 57)
4758 (47, 58)
4759 (47, 59)
4760 (47, 60)
4761 (47, 61)
4762 (47, 62)
4763 (47, 63)
4764 (47, 64)
4765 (47, 65)
4766 (47, 66)
4767 (47, 67)
4768 (47, 68)
4769 (47, 69)
4770 (47, 70)
4771 (47, 71)
4772 (47, 72)
4773 (47, 73)
4774 (47, 74)
4775 (47, 75)
4776 (47, 76)
4777 (47, 77)
4778 (47, 78)
4779 (47, 79)
4780 (47, 80)
4781 (47, 81)
4782 (47, 82)
4783 (47, 83)
4784 (47, 84)
4785 (47, 85)
4786 (47, 86)
4787 (47, 87)
4788 (47, 88)
4789 (47, 89)
4790 (47, 90)
4791 (47, 91)
4792 (47, 92)
4793 (47, 93)
4794 (47, 94)
4795 (47, 95)
4796 (47, 96)
4797 (47, 97)
4798 (47, 98)
4799 (47, 99)
4800 (48, 0)
4801 (48, 1)
4802 (48, 2)
4803 (48, 3)
4804 (48, 4)
4805 (48, 5)
4806 (48, 6)
4807 (48, 7)
4808 (48, 8)
4809 (48, 9)
4810 (48, 10)
4811 (48, 11)
4812 (48, 12)
4813 (48, 13)
4814 (48, 14)
4815 (48, 15)
4816 (48, 16)
4817 (48, 17)
4818 (48, 18)
4819 (48, 19)
4820 (48, 20)
4821 (48, 21)
4822 (48, 22)
4823 (48, 23)
4824 (48, 24)
4825 (48, 25)
4826 (48, 26)
4827 (48, 27)
4828 (48, 28)
4829 (48, 29)
4830 (48, 30)
4831 (48, 31)
4832 (48, 32)
4833 (48, 33)
4834 (48, 34)
4835 (48, 35)
4836 (48, 36)
4837 (48, 37)
4838 (48, 38)
4839 (48, 39)
4840 (48, 40)
4841 (48, 41)
4842 (48, 42)
4843 (48, 43)
4844 (48, 44)
4845 (48, 45)
4846 (48, 46)
4847 (48, 47)
4848 (48, 48)
4849 (48, 49)
4850 (48, 50)
4851 (48, 51)
4852 (48, 52)
4853 (48, 53)
4854 (48, 54)
4855 (48, 55)
4856 (48, 56)
4857 (48, 57)
4858 (48, 58)
4859 (48, 59)
4860 (48, 60)
4861 (48, 61)
4862 (48, 62)
4863 (48, 63)
4864 (48, 64)
4865 (48, 65)
4866 (48, 66)
4867 (48, 67)
4868 (48, 68)
4869 (48, 69)
4870 (48, 70)
4871 (48, 71)
4872 (48, 72)
4873 (48, 73)
4874 (48, 74)
4875 (48, 75)
4876 (48, 76)
4877 (48, 77)
4878 (48, 78)
4879 (48, 79)
4880 (48, 80)
4881 (48, 81)
4882 (48, 82)
4883 (48, 83)
4884 (48, 84)
4885 (48, 85)
4886 (48, 86)
4887 (48, 87)
4888 (48, 88)
4889 (48, 89)
4890 (48, 90)
4891 (48, 91)
4892 (48, 92)
4893 (48, 93)
4894 (48, 94)
4895 (48, 95)
4896 (48, 96)
4897 (48, 97)
4898 (48, 98)
4899 (48, 99)
4900 (49, 0)
4901 (49, 1)
4902 (49, 2)
4903 (49, 3)
4904 (49, 4)
4905 (49, 5)
4906 (49, 6)
4907 (49, 7)
4908 (49, 8)
4909 (49, 9)
4910 (49, 10)
4911 (49, 11)
4912 (49, 12)
4913 (49, 13)
4914 (49, 14)
4915 (49, 15)
4916 (49, 16)
4917 (49, 17)
4918 (49, 18)
4919 (49, 19)
4920 (49, 20)
4921 (49, 21)
4922 (49, 22)
4923 (49, 23)
4924 (49, 24)
4925 (49, 25)
4926 (49, 26)
4927 (49, 27)
4928 (49, 28)
4929 (49, 29)
4930 (49, 30)
4931 (49, 31)
4932 (49, 32)
4933 (49, 33)
4934 (49, 34)
4935 (49, 35)
4936 (49, 36)
4937 (49, 37)
4938 (49, 38)
4939 (49, 39)
4940 (49, 40)
4941 (49, 41)
4942 (49, 42)
4943 (49, 43)
4944 (49, 44)
4945 (49, 45)
4946 (49, 46)
4947 (49, 47)
4948 (49, 48)
4949 (49, 49)
4950 (49, 50)
4951 (49, 51)
4952 (49, 52)
4953 (49, 53)
4954 (49, 54)
4955 (49, 55)
4956 (49, 56)
4957 (49, 57)
4958 (49, 58)
4959 (49, 59)
4960 (49, 60)
4961 (49, 61)
4962 (49, 62)
4963 (49, 63)
4964 (49, 64)
4965 (49, 65)
4966 (49, 66)
4967 (49, 67)
4968 (49, 68)
4969 (49, 69)
4970 (49, 70)
4971 (49, 71)
4972 (49, 72)
4973 (49, 73)
4974 (49, 74)
4975 (49, 75)
4976 (49, 76)
4977 (49, 77)
4978 (49, 78)
4979 (49, 79)
4980 (49, 80)
4981 (49, 81)
4982 (49, 82)
4983 (49, 83)
4984 (49, 84)
4985 (49, 85)
4986 (49, 86)
4987 (49, 87)
4988 (49, 88)
4989 (49, 89)
4990 (49, 90)
4991 (49, 91)
4992 (49, 92)
4993 (49, 93)
4994 (49, 94)
4995 (49, 95)
4996 (49, 96)
4997 (49, 97)
4998 (49, 98)
4999 (49, 99)
5000 (50, 0)
5001 (50, 1)
5002 (50, 2)
5003 (50, 3)
5004 (50, 4)
5005 (50, 5)
5006 (50, 6)
5007 (50, 7)
5008 (50, 8)
5009 (50, 9)
5010 (50, 10)
5011 (50, 11)
5012 (50, 12)
5013 (50, 13)
5014 (50, 14)
5015 (50, 15)
5016 (50, 16)
5017 (50, 17)
5018 (50, 18)
5019 (50, 19)
5020 (50, 20)
5021 (50, 21)
5022 (50, 22)
5023 (50, 23)
5024 (50, 24)
5025 (50, 25)
5026 (50, 26)
5027 (50, 27)
5028 (50, 28)
5029 (50, 29)
5030 (50, 30)
5031 (50, 31)
5032 (50, 32)
5033 (50, 33)
5034 (50, 34)
5035 (50, 35)
5036 (50, 36)
5037 (50, 37)
5038 (50, 38)
5039 (50, 39)
5040 (50, 40)
5041 (50, 41)
5042 (50, 42)
5043 (50, 43)
5044 (50, 44)
5045 (50, 45)
5046 (50, 46)
5047 (50, 47)
5048 (50, 48)
5049 (50, 49)
5050 (50, 50)
5051 (50, 51)
5052 (50, 52)
5053 (50, 53)
5054 (50, 54)
5055 (50, 55)
5056 (50, 56)
5057 (50, 57)
5058 (50, 58)
5059 (50, 59)
5060 (50, 60)
5061 (50, 61)
5062 (50, 62)
5063 (50, 63)
5064 (50, 64)
5065 (50, 65)
5066 (50, 66)
5067 (50, 67)
5068 (50, 68)
5069 (50, 69)
5070 (50, 70)
5071 (50, 71)
5072 (50, 72)
5073 (50, 73)
5074 (50, 74)
5075 (50, 75)
5076 (50, 76)
5077 (50, 77)
5078 (50, 78)
5079 (50, 79)
5080 (50, 80)
5081 (50, 81)
5082 (50, 82)
5083 (50, 83)
5084 (50, 84)
5085 (50, 85)
5086 (50, 86)
5087 (50, 87)
5088 (50, 88)
5089 (50, 89)
5090 (50, 90)
5091 (50, 91)
5092 (50, 92)
5093 (50, 93)
5094 (50, 94)
5095 (50, 95)
5096 (50, 96)
5097 (50, 97)
5098 (50, 98)
5099 (50, 99)
5100 (51, 0)
5101 (51, 1)
5102 (51, 2)
5103 (51, 3)
5104 (51, 4)
5105 (51, 5)
5106 (51, 6)
5107 (51, 7)
5108 (51, 8)
5109 (51, 9)
5110 (51, 10)
5111 (51, 11)
5112 (51, 12)
5113 (51, 13)
5114 (51, 14)
5115 (51, 15)
5116 (51, 16)
5117 (51, 17)
5118 (51, 18)
5119 (51, 19)
5120 (51, 20)
5121 (51, 21)
5122 (51, 22)
5123 (51, 23)
5124 (51, 24)
5125 (51, 25)
5126 (51, 26)
5127 (51, 27)
5128 (51, 28)
5129 (51, 29)
5130 (51, 30)
5131 (51, 31)
5132 (51, 32)
5133 (51, 33)
5134 (51, 34)
5135 (51, 35)
5136 (51, 36)
5137 (51, 37)
5138 (51, 38)
5139 (51, 39)
5140 (51, 40)
5141 (51, 41)
5142 (51, 42)
5143 (51, 43)
5144 (51, 44)
5145 (51, 45)
5146 (51, 46)
5147 (51, 47)
5148 (51, 48)
5149 (51, 49)
5150 (51, 50)
5151 (51, 51)
5152 (51, 52)
5153 (51, 53)
5154 (51, 54)
5155 (51, 55)
5156 (51, 56)
5157 (51, 57)
5158 (51, 58)
5159 (51, 59)
5160 (51, 60)
5161 (51, 61)
5162 (51, 62)
5163 (51, 63)
5164 (51, 64)
5165 (51, 65)
5166 (51, 66)
5167 (51, 67)
5168 (51, 68)
5169 (51, 69)
5170 (51, 70)
5171 (51, 71)
5172 (51, 72)
5173 (51, 73)
5174 (51, 74)
5175 (51, 75)
5176 (51, 76)
5177 (51, 77)
5178 (51, 78)
5179 (51, 79)
5180 (51, 80)
5181 (51, 81)
5182 (51, 82)
5183 (51, 83)
5184 (51, 84)
5185 (51, 85)
5186 (51, 86)
5187 (51, 87)
5188 (51, 88)
5189 (51, 89)
5190 (51, 90)
5191 (51, 91)
5192 (51, 92)
5193 (51, 93)
5194 (51, 94)
5195 (51, 95)
5196 (51, 96)
5197 (51, 97)
5198 (51, 98)
5199 (51, 99)
5200 (52, 0)
5201 (52, 1)
5202 (52, 2)
5203 (52, 3)
5204 (52, 4)
5205 (52, 5)
5206 (52, 6)
5207 (52, 7)
5208 (52, 8)
5209 (52, 9)
5210 (52, 10)
5211 (52, 11)
5212 (52, 12)
5213 (52, 13)
5214 (52, 14)
5215 (52, 15)
5216 (52, 16)
5217 (52, 17)
5218 (52, 18)
5219 (52, 19)
5220 (52, 20)
5221 (52, 21)
5222 (52, 22)
5223 (52, 23)
5224 (52, 24)
5225 (52, 25)
5226 (52, 26)
5227 (52, 27)
5228 (52, 28)
5229 (52, 29)
5230 (52, 30)
5231 (52, 31)
5232 (52, 32)
5233 (52, 33)
5234 (52, 34)
5235 (52, 35)
5236 (52, 36)
5237 (52, 37)
5238 (52, 38)
5239 (52, 39)
5240 (52, 40)
5241 (52, 41)
5242 (52, 42)
5243 (52, 43)
5244 (52, 44)
5245 (52, 45)
5246 (52, 46)
5247 (52, 47)
5248 (52, 48)
5249 (52, 49)
5250 (52, 50)
5251 (52, 51)
5252 (52, 52)
5253 (52, 53)
5254 (52, 54)
5255 (52, 55)
5256 (52, 56)
5257 (52, 57)
5258 (52, 58)
5259 (52, 59)
5260 (52, 60)
5261 (52, 61)
5262 (52, 62)
5263 (52, 63)
5264 (52, 64)
5265 (52, 65)
5266 (52, 66)
5267 (52, 67)
5268 (52, 68)
5269 (52, 69)
5270 (52, 70)
5271 (52, 71)
5272 (52, 72)
5273 (52, 73)
5274 (52, 74)
5275 (52, 75)
5276 (52, 76)
5277 (52, 77)
5278 (52, 78)
5279 (52, 79)
5280 (52, 80)
5281 (52, 81)
5282 (52, 82)
5283 (52, 83)
5284 (52, 84)
5285 (52, 85)
5286 (52, 86)
5287 (52, 87)
5288 (52, 88)
5289 (52, 89)
5290 (52, 90)
5291 (52, 91)
5292 (52, 92)
5293 (52, 93)
5294 (52, 94)
5295 (52, 95)
5296 (52, 96)
5297 (52, 97)
5298 (52, 98)
5299 (52, 99)
5300 (53, 0)
5301 (53, 1)
5302 (53, 2)
5303 (53, 3)
5304 (53, 4)
5305 (53, 5)
5306 (53, 6)
5307 (53, 7)
5308 (53, 8)
5309 (53, 9)
5310 (53, 10)
5311 (53, 11)
5312 (53, 12)
5313 (53, 13)
5314 (53, 14)
5315 (53, 15)
5316 (53, 16)
5317 (53, 17)
5318 (53, 18)
5319 (53, 19)
5320 (53, 20)
5321 (53, 21)
5322 (53, 22)
5323 (53, 23)
5324 (53, 24)
5325 (53, 25)
5326 (53, 26)
5327 (53, 27)
5328 (53, 28)
5329 (53, 29)
5330 (53, 30)
5331 (53, 31)
5332 (53, 32)
5333 (53, 33)
5334 (53, 34)
5335 (53, 35)
5336 (53, 36)
5337 (53, 37)
5338 (53, 38)
5339 (53, 39)
5340 (53, 40)
5341 (53, 41)
5342 (53, 42)
5343 (53, 43)
5344 (53, 44)
5345 (53, 45)
5346 (53, 46)
5347 (53, 47)
5348 (53, 48)
5349 (53, 49)
5350 (53, 50)
5351 (53, 51)
5352 (53, 52)
5353 (53, 53)
5354 (53, 54)
5355 (53, 55)
5356 (53, 56)
5357 (53, 57)
5358 (53, 58)
5359 (53, 59)
5360 (53, 60)
5361 (53, 61)
5362 (53, 62)
5363 (53, 63)
5364 (53, 64)
5365 (53, 65)
5366 (53, 66)
5367 (53, 67)
5368 (53, 68)
5369 (53, 69)
5370 (53, 70)
5371 (53, 71)
5372 (53, 72)
5373 (53, 73)
5374 (53, 74)
5375 (53, 75)
5376 (53, 76)
5377 (53, 77)
5378 (53, 78)
5379 (53, 79)
5380 (53, 80)
5381 (53, 81)
5382 (53, 82)
5383 (53, 83)
5384 (53, 84)
5385 (53, 85)
5386 (53, 86)
5387 (53, 87)
5388 (53, 88)
5389 (53, 89)
5390 (53, 90)
5391 (53, 91)
5392 (53, 92)
5393 (53, 93)
5394 (53, 94)
5395 (53, 95)
5396 (53, 96)
5397 (53, 97)
5398 (53, 98)
5399 (53, 99)
5400 (54, 0)
5401 (54, 1)
5402 (54, 2)
5403 (54, 3)
5404 (54, 4)
5405 (54, 5)
5406 (54, 6)
5407 (54, 7)
5408 (54, 8)
5409 (54, 9)
5410 (54, 10)
5411 (54, 11)
5412 (54, 12)
5413 (54, 13)
5414 (54, 14)
5415 (54, 15)
5416 (54, 16)
5417 (54, 17)
5418 (54, 18)
5419 (54, 19)
5420 (54, 20)
5421 (54, 21)
5422 (54, 22)
5423 (54, 23)
5424 (54, 24)
5425 (54, 25)
5426 (54, 26)
5427 (54, 27)
5428 (54, 28)
5429 (54, 29)
5430 (54, 30)
5431 (54, 31)
5432 (54, 32)
5433 (54, 33)
5434 (54, 34)
5435 (54, 35)
5436 (54, 36)
5437 (54, 37)
5438 (54, 38)
5439 (54, 39)
5440 (54, 40)
5441 (54, 41)
5442 (54, 42)
5443 (54, 43)
5444 (54, 44)
5445 (54, 45)
5446 (54, 46)
5447 (54, 47)
5448 (54, 48)
5449 (54, 49)
5450 (54, 50)
5451 (54, 51)
5452 (54, 52)
5453 (54, 53)
5454 (54, 54)
5455 (54, 55)
5456 (54, 56)
5457 (54, 57)
5458 (54, 58)
5459 (54, 59)
5460 (54, 60)
5461 (54, 61)
5462 (54, 62)
5463 (54, 63)
5464 (54, 64)
5465 (54, 65)
5466 (54, 66)
5467 (54, 67)
5468 (54, 68)
5469 (54, 69)
5470 (54, 70)
5471 (54, 71)
5472 (54, 72)
5473 (54, 73)
5474 (54, 74)
5475 (54, 75)
5476 (54, 76)
5477 (54, 77)
5478 (54, 78)
5479 (54, 79)
5480 (54, 80)
5481 (54, 81)
5482 (54, 82)
5483 (54, 83)
5484 (54, 84)
5485 (54, 85)
5486 (54, 86)
5487 (54, 87)
5488 (54, 88)
5489 (54, 89)
5490 (54, 90)
5491 (54, 91)
5492 (54, 92)
5493 (54, 93)
5494 (54, 94)
5495 (54, 95)
5496 (54, 96)
5497 (54, 97)
5498 (54, 98)
5499 (54, 99)
5500 (55, 0)
5501 (55, 1)
5502 (55, 2)
5503 (55, 3)
5504 (55, 4)
5505 (55, 5)
5506 (55, 6)
5507 (55, 7)
5508 (55, 8)
5509 (55, 9)
5510 (55, 10)
5511 (55, 11)
5512 (55, 12)
5513 (55, 13)
5514 (55, 14)
5515 (55, 15)
5516 (55, 16)
5517 (55, 17)
5518 (55, 18)
5519 (55, 19)
5520 (55, 20)
5521 (55, 21)
5522 (55, 22)
5523 (55, 23)
5524 (55, 24)
5525 (55, 25)
5526 (55, 26)
5527 (55, 27)
5528 (55, 28)
5529 (55, 29)
5530 (55, 30)
5531 (55, 31)
5532 (55, 32)
5533 (55, 33)
5534 (55, 34)
5535 (55, 35)
5536 (55, 36)
5537 (55, 37)
5538 (55, 38)
5539 (55, 39)
5540 (55, 40)
5541 (55, 41)
5542 (55, 42)
5543 (55, 43)
5544 (55, 44)
5545 (55, 45)
5546 (55, 46)
5547 (55, 47)
5548 (55, 48)
5549 (55, 49)
5550 (55, 50)
5551 (55, 51)
5552 (55, 52)
5553 (55, 53)
5554 (55, 54)
5555 (55, 55)
5556 (55, 56)
5557 (55, 57)
5558 (55, 58)
5559 (55, 59)
5560 (55, 60)
5561 (55, 61)
5562 (55, 62)
5563 (55, 63)
5564 (55, 64)
5565 (55, 65)
5566 (55, 66)
5567 (55, 67)
5568 (55, 68)
5569 (55, 69)
5570 (55, 70)
5571 (55, 71)
5572 (55, 72)
5573 (55, 73)
5574 (55, 74)
5575 (55, 75)
5576 (55, 76)
5577 (55, 77)
5578 (55, 78)
5579 (55, 79)
5580 (55, 80)
5581 (55, 81)
5582 (55, 82)
5583 (55, 83)
5584 (55, 84)
5585 (55, 85)
5586 (55, 86)
5587 (55, 87)
5588 (55, 88)
5589 (55, 89)
5590 (55, 90)
5591 (55, 91)
5592 (55, 92)
5593 (55, 93)
5594 (55, 94)
5595 (55, 95)
5596 (55, 96)
5597 (55, 97)
5598 (55, 98)
5599 (55, 99)
5600 (56, 0)
5601 (56, 1)
5602 (56, 2)
5603 (56, 3)
5604 (56, 4)
5605 (56, 5)
5606 (56, 6)
5607 (56, 7)
5608 (56, 8)
5609 (56, 9)
5610 (56, 10)
5611 (56, 11)
5612 (56, 12)
5613 (56, 13)
5614 (56, 14)
5615 (56, 15)
5616 (56, 16)
5617 (56, 17)
5618 (56, 18)
5619 (56, 19)
5620 (56, 20)
5621 (56, 21)
5622 (56, 22)
5623 (56, 23)
5624 (56, 24)
5625 (56, 25)
5626 (56, 26)
5627 (56, 27)
5628 (56, 28)
5629 (56, 29)
5630 (56, 30)
5631 (56, 31)
5632 (56, 32)
5633 (56, 33)
5634 (56, 34)
5635 (56, 35)
5636 (56, 36)
5637 (56, 37)
5638 (56, 38)
5639 (56, 39)
5640 (56, 40)
5641 (56, 41)
5642 (56, 42)
5643 (56, 43)
5644 (56, 44)
5645 (56, 45)
5646 (56, 46)
5647 (56, 47)
5648 (56, 48)
5649 (56, 49)
5650 (56, 50)
5651 (56, 51)
5652 (56, 52)
5653 (56, 53)
5654 (56, 54)
5655 (56, 55)
5656 (56, 56)
5657 (56, 57)
5658 (56, 58)
5659 (56, 59)
5660 (56, 60)
5661 (56, 61)
5662 (56, 62)
5663 (56, 63)
5664 (56, 64)
5665 (56, 65)
5666 (56, 66)
5667 (56, 67)
5668 (56, 68)
5669 (56, 69)
5670 (56, 70)
5671 (56, 71)
5672 (56, 72)
5673 (56, 73)
5674 (56, 74)
5675 (56, 75)
5676 (56, 76)
5677 (56, 77)
5678 (56, 78)
5679 (56, 79)
5680 (56, 80)
5681 (56, 81)
5682 (56, 82)
5683 (56, 83)
5684 (56, 84)
5685 (56, 85)
5686 (56, 86)
5687 (56, 87)
5688 (56, 88)
5689 (56, 89)
5690 (56, 90)
5691 (56, 91)
5692 (56, 92)
5693 (56, 93)
5694 (56, 94)
5695 (56, 95)
5696 (56, 96)
5697 (56, 97)
5698 (56, 98)
5699 (56, 99)
5700 (57, 0)
5701 (57, 1)
5702 (57, 2)
5703 (57, 3)
5704 (57, 4)
5705 (57, 5)
5706 (57, 6)
5707 (57, 7)
5708 (57, 8)
5709 (57, 9)
5710 (57, 10)
5711 (57, 11)
5712 (57, 12)
5713 (57, 13)
5714 (57, 14)
5715 (57, 15)
5716 (57, 16)
5717 (57, 17)
5718 (57, 18)
5719 (57, 19)
5720 (57, 20)
5721 (57, 21)
5722 (57, 22)
5723 (57, 23)
5724 (57, 24)
5725 (57, 25)
5726 (57, 26)
5727 (57, 27)
5728 (57, 28)
5729 (57, 29)
5730 (57, 30)
5731 (57, 31)
5732 (57, 32)
5733 (57, 33)
5734 (57, 34)
5735 (57, 35)
5736 (57, 36)
5737 (57, 37)
5738 (57, 38)
5739 (57, 39)
5740 (57, 40)
5741 (57, 41)
5742 (57, 42)
5743 (57, 43)
5744 (57, 44)
5745 (57, 45)
5746 (57, 46)
5747 (57, 47)
5748 (57, 48)
5749 (57, 49)
5750 (57, 50)
5751 (57, 51)
5752 (57, 52)
5753 (57, 53)
5754 (57, 54)
5755 (57, 55)
5756 (57, 56)
5757 (57, 57)
5758 (57, 58)
5759 (57, 59)
5760 (57, 60)
5761 (57, 61)
5762 (57, 62)
5763 (57, 63)
5764 (57, 64)
5765 (57, 65)
5766 (57, 66)
5767 (57, 67)
5768 (57, 68)
5769 (57, 69)
5770 (57, 70)
5771 (57, 71)
5772 (57, 72)
5773 (57, 73)
5774 (57, 74)
5775 (57, 75)
5776 (57, 76)
5777 (57, 77)
5778 (57, 78)
5779 (57, 79)
5780 (57, 80)
5781 (57, 81)
5782 (57, 82)
5783 (57, 83)
5784 (57, 84)
5785 (57, 85)
5786 (57, 86)
5787 (57, 87)
5788 (57, 88)
5789 (57, 89)
5790 (57, 90)
5791 (57, 91)
5792 (57, 92)
5793 (57, 93)
5794 (57, 94)
5795 (57, 95)
5796 (57, 96)
5797 (57, 97)
5798 (57, 98)
5799 (57, 99)
5800 (58, 0)
5801 (58, 1)
5802 (58, 2)
5803 (58, 3)
5804 (58, 4)
5805 (58, 5)
5806 (58, 6)
5807 (58, 7)
5808 (58, 8)
5809 (58, 9)
5810 (58, 10)
5811 (58, 11)
5812 (58, 12)
5813 (58, 13)
5814 (58, 14)
5815 (58, 15)
5816 (58, 16)
5817 (58, 17)
5818 (58, 18)
5819 (58, 19)
5820 (58, 20)
5821 (58, 21)
5822 (58, 22)
5823 (58, 23)
5824 (58, 24)
5825 (58, 25)
5826 (58, 26)
5827 (58, 27)
5828 (58, 28)
5829 (58, 29)
5830 (58, 30)
5831 (58, 31)
5832 (58, 32)
5833 (58, 33)
5834 (58, 34)
5835 (58, 35)
5836 (58, 36)
5837 (58, 37)
5838 (58, 38)
5839 (58, 39)
5840 (58, 40)
5841 (58, 41)
5842 (58, 42)
5843 (58, 43)
5844 (58, 44)
5845 (58, 45)
5846 (58, 46)
5847 (58, 47)
5848 (58, 48)
5849 (58, 49)
5850 (58, 50)
5851 (58, 51)
5852 (58, 52)
5853 (58, 53)
5854 (58, 54)
5855 (58, 55)
5856 (58, 56)
5857 (58, 57)
5858 (58, 58)
5859 (58, 59)
5860 (58, 60)
5861 (58, 61)
5862 (58, 62)
5863 (58, 63)
5864 (58, 64)
5865 (58, 65)
5866 (58, 66)
5867 (58, 67)
5868 (58, 68)
5869 (58, 69)
5870 (58, 70)
5871 (58, 71)
5872 (58, 72)
5873 (58, 73)
5874 (58, 74)
5875 (58, 75)
5876 (58, 76)
5877 (58, 77)
5878 (58, 78)
5879 (58, 79)
5880 (58, 80)
5881 (58, 81)
5882 (58, 82)
5883 (58, 83)
5884 (58, 84)
5885 (58, 85)
5886 (58, 86)
5887 (58, 87)
5888 (58, 88)
5889 (58, 89)
5890 (58, 90)
5891 (58, 91)
5892 (58, 92)
5893 (58, 93)
5894 (58, 94)
5895 (58, 95)
5896 (58, 96)
5897 (58, 97)
5898 (58, 98)
5899 (58, 99)
5900 (59, 0)
5901 (59, 1)
5902 (59, 2)
5903 (59, 3)
5904 (59, 4)
5905 (59, 5)
5906 (59, 6)
5907 (59, 7)
5908 (59, 8)
5909 (59, 9)
5910 (59, 10)
5911 (59, 11)
5912 (59, 12)
5913 (59, 13)
5914 (59, 14)
5915 (59, 15)
5916 (59, 16)
5917 (59, 17)
5918 (59, 18)
5919 (59, 19)
5920 (59, 20)
5921 (59, 21)
5922 (59, 22)
5923 (59, 23)
5924 (59, 24)
5925 (59, 25)
5926 (59, 26)
5927 (59, 27)
5928 (59, 28)
5929 (59, 29)
5930 (59, 30)
5931 (59, 31)
5932 (59, 32)
5933 (59, 33)
5934 (59, 34)
5935 (59, 35)
5936 (59, 36)
5937 (59, 37)
5938 (59, 38)
5939 (59, 39)
5940 (59, 40)
5941 (59, 41)
5942 (59, 42)
5943 (59, 43)
5944 (59, 44)
5945 (59, 45)
5946 (59, 46)
5947 (59, 47)
5948 (59, 48)
5949 (59, 49)
5950 (59, 50)
5951 (59, 51)
5952 (59, 52)
5953 (59, 53)
5954 (59, 54)
5955 (59, 55)
5956 (59, 56)
5957 (59, 57)
5958 (59, 58)
5959 (59, 59)
5960 (59, 60)
5961 (59, 61)
5962 (59, 62)
5963 (59, 63)
5964 (59, 64)
5965 (59, 65)
5966 (59, 66)
5967 (59, 67)
5968 (59, 68)
5969 (59, 69)
5970 (59, 70)
5971 (59, 71)
5972 (59, 72)
5973 (59, 73)
5974 (59, 74)
5975 (59, 75)
5976 (59, 76)
5977 (59, 77)
5978 (59, 78)
5979 (59, 79)
5980 (59, 80)
5981 (59, 81)
5982 (59, 82)
5983 (59, 83)
5984 (59, 84)
5985 (59, 85)
5986 (59, 86)
5987 (59, 87)
5988 (59, 88)
5989 (59, 89)
5990 (59, 90)
5991 (59, 91)
5992 (59, 92)
5993 (59, 93)
5994 (59, 94)
5995 (59, 95)
5996 (59, 96)
5997 (59, 97)
5998 (59, 98)
5999 (59, 99)
6000 (60, 0)
6001 (60, 1)
6002 (60, 2)
6003 (60, 3)
6004 (60, 4)
6005 (60, 5)
6006 (60, 6)
6007 (60, 7)
6008 (60, 8)
6009 (60, 9)
6010 (60, 10)
6011 (60, 11)
6012 (60, 12)
6013 (60, 13)
6014 (60, 14)
6015 (60, 15)
6016 (60, 16)
6017 (60, 17)
6018 (60, 18)
6019 (60, 19)
6020 (60, 20)
6021 (60, 21)
6022 (60, 22)
6023 (60, 23)
6024 (60, 24)
6025 (60, 25)
6026 (60, 26)
6027 (60, 27)
6028 (60, 28)
6029 (60, 29)
6030 (60, 30)
6031 (60, 31)
6032 (60, 32)
6033 (60, 33)
6034 (60, 34)
6035 (60, 35)
6036 (60, 36)
6037 (60, 37)
6038 (60, 38)
6039 (60, 39)
6040 (60, 40)
6041 (60, 41)
6042 (60, 42)
6043 (60, 43)
6044 (60, 44)
6045 (60, 45)
6046 (60, 46)
6047 (60, 47)
6048 (60, 48)
6049 (60, 49)
6050 (60, 50)
6051 (60, 51)
6052 (60, 52)
6053 (60, 53)
6054 (60, 54)
6055 (60, 55)
6056 (60, 56)
6057 (60, 57)
6058 (60, 58)
6059 (60, 59)
6060 (60, 60)
6061 (60, 61)
6062 (60, 62)
6063 (60, 63)
6064 (60, 64)
6065 (60, 65)
6066 (60, 66)
6067 (60, 67)
6068 (60, 68)
6069 (60, 69)
6070 (60, 70)
6071 (60, 71)
6072 (60, 72)
6073 (60, 73)
6074 (60, 74)
6075 (60, 75)
6076 (60, 76)
6077 (60, 77)
6078 (60, 78)
6079 (60, 79)
6080 (60, 80)
6081 (60, 81)
6082 (60, 82)
6083 (60, 83)
6084 (60, 84)
6085 (60, 85)
6086 (60, 86)
6087 (60, 87)
6088 (60, 88)
6089 (60, 89)
6090 (60, 90)
6091 (60, 91)
6092 (60, 92)
6093 (60, 93)
6094 (60, 94)
6095 (60, 95)
6096 (60, 96)
6097 (60, 97)
6098 (60, 98)
6099 (60, 99)
6100 (61, 0)
6101 (61, 1)
6102 (61, 2)
6103 (61, 3)
6104 (61, 4)
6105 (61, 5)
6106 (61, 6)
6107 (61, 7)
6108 (61, 8)
6109 (61, 9)
6110 (61, 10)
6111 (61, 11)
6112 (61, 12)
6113 (61, 13)
6114 (61, 14)
6115 (61, 15)
6116 (61, 16)
6117 (61, 17)
6118 (61, 18)
6119 (61, 19)
6120 (61, 20)
6121 (61, 21)
6122 (61, 22)
6123 (61, 23)
6124 (61, 24)
6125 (61, 25)
6126 (61, 26)
6127 (61, 27)
6128 (61, 28)
6129 (61, 29)
6130 (61, 30)
6131 (61, 31)
6132 (61, 32)
6133 (61, 33)
6134 (61, 34)
6135 (61, 35)
6136 (61, 36)
6137 (61, 37)
6138 (61, 38)
6139 (61, 39)
6140 (61, 40)
6141 (61, 41)
6142 (61, 42)
6143 (61, 43)
6144 (61, 44)
6145 (61, 45)
6146 (61, 46)
6147 (61, 47)
6148 (61, 48)
6149 (61, 49)
6150 (61, 50)
6151 (61, 51)
6152 (61, 52)
6153 (61, 53)
6154 (61, 54)
6155 (61, 55)
6156 (61, 56)
6157 (61, 57)
6158 (61, 58)
6159 (61, 59)
6160 (61, 60)
6161 (61, 61)
6162 (61, 62)
6163 (61, 63)
6164 (61, 64)
6165 (61, 65)
6166 (61, 66)
6167 (61, 67)
6168 (61, 68)
6169 (61, 69)
6170 (61, 70)
6171 (61, 71)
6172 (61, 72)
6173 (61, 73)
6174 (61, 74)
6175 (61, 75)
6176 (61, 76)
6177 (61, 77)
6178 (61, 78)
6179 (61, 79)
6180 (61, 80)
6181 (61, 81)
6182 (61, 82)
6183 (61, 83)
6184 (61, 84)
6185 (61, 85)
6186 (61, 86)
6187 (61, 87)
6188 (61, 88)
6189 (61, 89)
6190 (61, 90)
6191 (61, 91)
6192 (61, 92)
6193 (61, 93)
6194 (61, 94)
6195 (61, 95)
6196 (61, 96)
6197 (61, 97)
6198 (61, 98)
6199 (61, 99)
6200 (62, 0)
6201 (62, 1)
6202 (62, 2)
6203 (62, 3)
6204 (62, 4)
6205 (62, 5)
6206 (62, 6)
6207 (62, 7)
6208 (62, 8)
6209 (62, 9)
6210 (62, 10)
6211 (62, 11)
6212 (62, 12)
6213 (62, 13)
6214 (62, 14)
6215 (62, 15)
6216 (62, 16)
6217 (62, 17)
6218 (62, 18)
6219 (62, 19)
6220 (62, 20)
6221 (62, 21)
6222 (62, 22)
6223 (62, 23)
6224 (62, 24)
6225 (62, 25)
6226 (62, 26)
6227 (62, 27)
6228 (62, 28)
6229 (62, 29)
6230 (62, 30)
6231 (62, 31)
6232 (62, 32)
6233 (62, 33)
6234 (62, 34)
6235 (62, 35)
6236 (62, 36)
6237 (62, 37)
6238 (62, 38)
6239 (62, 39)
6240 (62, 40)
6241 (62, 41)
6242 (62, 42)
6243 (62, 43)
6244 (62, 44)
6245 (62, 45)
6246 (62, 46)
6247 (62, 47)
6248 (62, 48)
6249 (62, 49)
6250 (62, 50)
6251 (62, 51)
6252 (62, 52)
6253 (62, 53)
6254 (62, 54)
6255 (62, 55)
6256 (62, 56)
6257 (62, 57)
6258 (62, 58)
6259 (62, 59)
6260 (62, 60)
6261 (62, 61)
6262 (62, 62)
6263 (62, 63)
6264 (62, 64)
6265 (62, 65)
6266 (62, 66)
6267 (62, 67)
6268 (62, 68)
6269 (62, 69)
6270 (62, 70)
6271 (62, 71)
6272 (62, 72)
6273 (62, 73)
6274 (62, 74)
6275 (62, 75)
6276 (62, 76)
6277 (62, 77)
6278 (62, 78)
6279 (62, 79)
6280 (62, 80)
6281 (62, 81)
6282 (62, 82)
6283 (62, 83)
6284 (62, 84)
6285 (62, 85)
6286 (62, 86)
6287 (62, 87)
6288 (62, 88)
6289 (62, 89)
6290 (62, 90)
6291 (62, 91)
6292 (62, 92)
6293 (62, 93)
6294 (62, 94)
6295 (62, 95)
6296 (62, 96)
6297 (62, 97)
6298 (62, 98)
6299 (62, 99)
6300 (63, 0)
6301 (63, 1)
6302 (63, 2)
6303 (63, 3)
6304 (63, 4)
6305 (63, 5)
6306 (63, 6)
6307 (63, 7)
6308 (63, 8)
6309 (63, 9)
6310 (63, 10)
6311 (63, 11)
6312 (63, 12)
6313 (63, 13)
6314 (63, 14)
6315 (63, 15)
6316 (63, 16)
6317 (63, 17)
6318 (63, 18)
6319 (63, 19)
6320 (63, 20)
6321 (63, 21)
6322 (63, 22)
6323 (63, 23)
6324 (63, 24)
6325 (63, 25)
6326 (63, 26)
6327 (63, 27)
6328 (63, 28)
6329 (63, 29)
6330 (63, 30)
6331 (63, 31)
6332 (63, 32)
6333 (63, 33)
6334 (63, 34)
6335 (63, 35)
6336 (63, 36)
6337 (63, 37)
6338 (63, 38)
6339 (63, 39)
6340 (63, 40)
6341 (63, 41)
6342 (63, 42)
6343 (63, 43)
6344 (63, 44)
6345 (63, 45)
6346 (63, 46)
6347 (63, 47)
6348 (63, 48)
6349 (63, 49)
6350 (63, 50)
6351 (63, 51)
6352 (63, 52)
6353 (63, 53)
6354 (63, 54)
6355 (63, 55)
6356 (63, 56)
6357 (63, 57)
6358 (63, 58)
6359 (63, 59)
6360 (63, 60)
6361 (63, 61)
6362 (63, 62)
6363 (63, 63)
6364 (63, 64)
6365 (63, 65)
6366 (63, 66)
6367 (63, 67)
6368 (63, 68)
6369 (63, 69)
6370 (63, 70)
6371 (63, 71)
6372 (63, 72)
6373 (63, 73)
6374 (63, 74)
6375 (63, 75)
6376 (63, 76)
6377 (63, 77)
6378 (63, 78)
6379 (63, 79)
6380 (63, 80)
6381 (63, 81)
6382 (63, 82)
6383 (63, 83)
6384 (63, 84)
6385 (63, 85)
6386 (63, 86)
6387 (63, 87)
6388 (63, 88)
6389 (63, 89)
6390 (63, 90)
6391 (63, 91)
6392 (63, 92)
6393 (63, 93)
6394 (63, 94)
6395 (63, 95)
6396 (63, 96)
6397 (63, 97)
6398 (63, 98)
6399 (63, 99)
6400 (64, 0)
6401 (64, 1)
6402 (64, 2)
6403 (64, 3)
6404 (64, 4)
6405 (64, 5)
6406 (64, 6)
6407 (64, 7)
6408 (64, 8)
6409 (64, 9)
6410 (64, 10)
6411 (64, 11)
6412 (64, 12)
6413 (64, 13)
6414 (64, 14)
6415 (64, 15)
6416 (64, 16)
6417 (64, 17)
6418 (64, 18)
6419 (64, 19)
6420 (64, 20)
6421 (64, 21)
6422 (64, 22)
6423 (64, 23)
6424 (64, 24)
6425 (64, 25)
6426 (64, 26)
6427 (64, 27)
6428 (64, 28)
6429 (64, 29)
6430 (64, 30)
6431 (64, 31)
6432 (64, 32)
6433 (64, 33)
6434 (64, 34)
6435 (64, 35)
6436 (64, 36)
6437 (64, 37)
6438 (64, 38)
6439 (64, 39)
6440 (64, 40)
6441 (64, 41)
6442 (64, 42)
6443 (64, 43)
6444 (64, 44)
6445 (64, 45)
6446 (64, 46)
6447 (64, 47)
6448 (64, 48)
6449 (64, 49)
6450 (64, 50)
6451 (64, 51)
6452 (64, 52)
6453 (64, 53)
6454 (64, 54)
6455 (64, 55)
6456 (64, 56)
6457 (64, 57)
6458 (64, 58)
6459 (64, 59)
6460 (64, 60)
6461 (64, 61)
6462 (64, 62)
6463 (64, 63)
6464 (64, 64)
6465 (64, 65)
6466 (64, 66)
6467 (64, 67)
6468 (64, 68)
6469 (64, 69)
6470 (64, 70)
6471 (64, 71)
6472 (64, 72)
6473 (64, 73)
6474 (64, 74)
6475 (64, 75)
6476 (64, 76)
6477 (64, 77)
6478 (64, 78)
6479 (64, 79)
6480 (64, 80)
6481 (64, 81)
6482 (64, 82)
6483 (64, 83)
6484 (64, 84)
6485 (64, 85)
6486 (64, 86)
6487 (64, 87)
6488 (64, 88)
6489 (64, 89)
6490 (64, 90)
6491 (64, 91)
6492 (64, 92)
6493 (64, 93)
6494 (64, 94)
6495 (64, 95)
6496 (64, 96)
6497 (64, 97)
6498 (64, 98)
6499 (64, 99)
6500 (65, 0)
6501 (65, 1)
6502 (65, 2)
6503 (65, 3)
6504 (65, 4)
6505 (65, 5)
6506 (65, 6)
6507 (65, 7)
6508 (65, 8)
6509 (65, 9)
6510 (65, 10)
6511 (65, 11)
6512 (65, 12)
6513 (65, 13)
6514 (65, 14)
6515 (65, 15)
6516 (65, 16)
6517 (65, 17)
6518 (65, 18)
6519 (65, 19)
6520 (65, 20)
6521 (65, 21)
6522 (65, 22)
6523 (65, 23)
6524 (65, 24)
6525 (65, 25)
6526 (65, 26)
6527 (65, 27)
6528 (65, 28)
6529 (65, 29)
6530 (65, 30)
6531 (65, 31)
6532 (65, 32)
6533 (65, 33)
6534 (65, 34)
6535 (65, 35)
6536 (65, 36)
6537 (65, 37)
6538 (65, 38)
6539 (65, 39)
6540 (65, 40)
6541 (65, 41)
6542 (65, 42)
6543 (65, 43)
6544 (65, 44)
6545 (65, 45)
6546 (65, 46)
6547 (65, 47)
6548 (65, 48)
6549 (65, 49)
6550 (65, 50)
6551 (65, 51)
6552 (65, 52)
6553 (65, 53)
6554 (65, 54)
6555 (65, 55)
6556 (65, 56)
6557 (65, 57)
6558 (65, 58)
6559 (65, 59)
6560 (65, 60)
6561 (65, 61)
6562 (65, 62)
6563 (65, 63)
6564 (65, 64)
6565 (65, 65)
6566 (65, 66)
6567 (65, 67)
6568 (65, 68)
6569 (65, 69)
6570 (65, 70)
6571 (65, 71)
6572 (65, 72)
6573 (65, 73)
6574 (65, 74)
6575 (65, 75)
6576 (65, 76)
6577 (65, 77)
6578 (65, 78)
6579 (65, 79)
6580 (65, 80)
6581 (65, 81)
6582 (65, 82)
6583 (65, 83)
6584 (65, 84)
6585 (65, 85)
6586 (65, 86)
6587 (65, 87)
6588 (65, 88)
6589 (65, 89)
6590 (65, 90)
6591 (65, 91)
6592 (65, 92)
6593 (65, 93)
6594 (65, 94)
6595 (65, 95)
6596 (65, 96)
6597 (65, 97)
6598 (65, 98)
6599 (65, 99)
6600 (66, 0)
6601 (66, 1)
6602 (66, 2)
6603 (66, 3)
6604 (66, 4)
6605 (66, 5)
6606 (66, 6)
6607 (66, 7)
6608 (66, 8)
6609 (66, 9)
6610 (66, 10)
6611 (66, 11)
6612 (66, 12)
6613 (66, 13)
6614 (66, 14)
6615 (66, 15)
6616 (66, 16)
6617 (66, 17)
6618 (66, 18)
6619 (66, 19)
6620 (66, 20)
6621 (66, 21)
6622 (66, 22)
6623 (66, 23)
6624 (66, 24)
6625 (66, 25)
6626 (66, 26)
6627 (66, 27)
6628 (66, 28)
6629 (66, 29)
6630 (66, 30)
6631 (66, 31)
6632 (66, 32)
6633 (66, 33)
6634 (66, 34)
6635 (66, 35)
6636 (66, 36)
6637 (66, 37)
6638 (66, 38)
6639 (66, 39)
6640 (66, 40)
6641 (66, 41)
6642 (66, 42)
6643 (66, 43)
6644 (66, 44)
6645 (66, 45)
6646 (66, 46)
6647 (66, 47)
6648 (66, 48)
6649 (66, 49)
6650 (66, 50)
6651 (66, 51)
6652 (66, 52)
6653 (66, 53)
6654 (66, 54)
6655 (66, 55)
6656 (66, 56)
6657 (66, 57)
6658 (66, 58)
6659 (66, 59)
6660 (66, 60)
6661 (66, 61)
6662 (66, 62)
6663 (66, 63)
6664 (66, 64)
6665 (66, 65)
6666 (66, 66)
6667 (66, 67)
6668 (66, 68)
6669 (66, 69)
6670 (66, 70)
6671 (66, 71)
6672 (66, 72)
6673 (66, 73)
6674 (66, 74)
6675 (66, 75)
6676 (66, 76)
6677 (66, 77)
6678 (66, 78)
6679 (66, 79)
6680 (66, 80)
6681 (66, 81)
6682 (66, 82)
6683 (66, 83)
6684 (66, 84)
6685 (66, 85)
6686 (66, 86)
6687 (66, 87)
6688 (66, 88)
6689 (66, 89)
6690 (66, 90)
6691 (66, 91)
6692 (66, 92)
6693 (66, 93)
6694 (66, 94)
6695 (66, 95)
6696 (66, 96)
6697 (66, 97)
6698 (66, 98)
6699 (66, 99)
6700 (67, 0)
6701 (67, 1)
6702 (67, 2)
6703 (67, 3)
6704 (67, 4)
6705 (67, 5)
6706 (67, 6)
6707 (67, 7)
6708 (67, 8)
6709 (67, 9)
6710 (67, 10)
6711 (67, 11)
6712 (67, 12)
6713 (67, 13)
6714 (67, 14)
6715 (67, 15)
6716 (67, 16)
6717 (67, 17)
6718 (67, 18)
6719 (67, 19)
6720 (67, 20)
6721 (67, 21)
6722 (67, 22)
6723 (67, 23)
6724 (67, 24)
6725 (67, 25)
6726 (67, 26)
6727 (67, 27)
6728 (67, 28)
6729 (67, 29)
6730 (67, 30)
6731 (67, 31)
6732 (67, 32)
6733 (67, 33)
6734 (67, 34)
6735 (67, 35)
6736 (67, 36)
6737 (67, 37)
6738 (67, 38)
6739 (67, 39)
6740 (67, 40)
6741 (67, 41)
6742 (67, 42)
6743 (67, 43)
6744 (67, 44)
6745 (67, 45)
6746 (67, 46)
6747 (67, 47)
6748 (67, 48)
6749 (67, 49)
6750 (67, 50)
6751 (67, 51)
6752 (67, 52)
6753 (67, 53)
6754 (67, 54)
6755 (67, 55)
6756 (67, 56)
6757 (67, 57)
6758 (67, 58)
6759 (67, 59)
6760 (67, 60)
6761 (67, 61)
6762 (67, 62)
6763 (67, 63)
6764 (67, 64)
6765 (67, 65)
6766 (67, 66)
6767 (67, 67)
6768 (67, 68)
6769 (67, 69)
6770 (67, 70)
6771 (67, 71)
6772 (67, 72)
6773 (67, 73)
6774 (67, 74)
6775 (67, 75)
6776 (67, 76)
6777 (67, 77)
6778 (67, 78)
6779 (67, 79)
6780 (67, 80)
6781 (67, 81)
6782 (67, 82)
6783 (67, 83)
6784 (67, 84)
6785 (67, 85)
6786 (67, 86)
6787 (67, 87)
6788 (67, 88)
6789 (67, 89)
6790 (67, 90)
6791 (67, 91)
6792 (67, 92)
6793 (67, 93)
6794 (67, 94)
6795 (67, 95)
6796 (67, 96)
6797 (67, 97)
6798 (67, 98)
6799 (67, 99)
6800 (68, 0)
6801 (68, 1)
6802 (68, 2)
6803 (68, 3)
6804 (68, 4)
6805 (68, 5)
6806 (68, 6)
6807 (68, 7)
6808 (68, 8)
6809 (68, 9)
6810 (68, 10)
6811 (68, 11)
6812 (68, 12)
6813 (68, 13)
6814 (68, 14)
6815 (68, 15)
6816 (68, 16)
6817 (68, 17)
6818 (68, 18)
6819 (68, 19)
6820 (68, 20)
6821 (68, 21)
6822 (68, 22)
6823 (68, 23)
6824 (68, 24)
6825 (68, 25)
6826 (68, 26)
6827 (68, 27)
6828 (68, 28)
6829 (68, 29)
6830 (68, 30)
6831 (68, 31)
6832 (68, 32)
6833 (68, 33)
6834 (68, 34)
6835 (68, 35)
6836 (68, 36)
6837 (68, 37)
6838 (68, 38)
6839 (68, 39)
6840 (68, 40)
6841 (68, 41)
6842 (68, 42)
6843 (68, 43)
6844 (68, 44)
6845 (68, 45)
6846 (68, 46)
6847 (68, 47)
6848 (68, 48)
6849 (68, 49)
6850 (68, 50)
6851 (68, 51)
6852 (68, 52)
6853 (68, 53)
6854 (68, 54)
6855 (68, 55)
6856 (68, 56)
6857 (68, 57)
6858 (68, 58)
6859 (68, 59)
6860 (68, 60)
6861 (68, 61)
6862 (68, 62)
6863 (68, 63)
6864 (68, 64)
6865 (68, 65)
6866 (68, 66)
6867 (68, 67)
6868 (68, 68)
6869 (68, 69)
6870 (68, 70)
6871 (68, 71)
6872 (68, 72)
6873 (68, 73)
6874 (68, 74)
6875 (68, 75)
6876 (68, 76)
6877 (68, 77)
6878 (68, 78)
6879 (68, 79)
6880 (68, 80)
6881 (68, 81)
6882 (68, 82)
6883 (68, 83)
6884 (68, 84)
6885 (68, 85)
6886 (68, 86)
6887 (68, 87)
6888 (68, 88)
6889 (68, 89)
6890 (68, 90)
6891 (68, 91)
6892 (68, 92)
6893 (68, 93)
6894 (68, 94)
6895 (68, 95)
6896 (68, 96)
6897 (68, 97)
6898 (68, 98)
6899 (68, 99)
6900 (69, 0)
6901 (69, 1)
6902 (69, 2)
6903 (69, 3)
6904 (69, 4)
6905 (69, 5)
6906 (69, 6)
6907 (69, 7)
6908 (69, 8)
6909 (69, 9)
6910 (69, 10)
6911 (69, 11)
6912 (69, 12)
6913 (69, 13)
6914 (69, 14)
6915 (69, 15)
6916 (69, 16)
6917 (69, 17)
6918 (69, 18)
6919 (69, 19)
6920 (69, 20)
6921 (69, 21)
6922 (69, 22)
6923 (69, 23)
6924 (69, 24)
6925 (69, 25)
6926 (69, 26)
6927 (69, 27)
6928 (69, 28)
6929 (69, 29)
6930 (69, 30)
6931 (69, 31)
6932 (69, 32)
6933 (69, 33)
6934 (69, 34)
6935 (69, 35)
6936 (69, 36)
6937 (69, 37)
6938 (69, 38)
6939 (69, 39)
6940 (69, 40)
6941 (69, 41)
6942 (69, 42)
6943 (69, 43)
6944 (69, 44)
6945 (69, 45)
6946 (69, 46)
6947 (69, 47)
6948 (69, 48)
6949 (69, 49)
6950 (69, 50)
6951 (69, 51)
6952 (69, 52)
6953 (69, 53)
6954 (69, 54)
6955 (69, 55)
6956 (69, 56)
6957 (69, 57)
6958 (69, 58)
6959 (69, 59)
6960 (69, 60)
6961 (69, 61)
6962 (69, 62)
6963 (69, 63)
6964 (69, 64)
6965 (69, 65)
6966 (69, 66)
6967 (69, 67)
6968 (69, 68)
6969 (69, 69)
6970 (69, 70)
6971 (69, 71)
6972 (69, 72)
6973 (69, 73)
6974 (69, 74)
6975 (69, 75)
6976 (69, 76)
6977 (69, 77)
6978 (69, 78)
6979 (69, 79)
6980 (69, 80)
6981 (69, 81)
6982 (69, 82)
6983 (69, 83)
6984 (69, 84)
6985 (69, 85)
6986 (69, 86)
6987 (69, 87)
6988 (69, 88)
6989 (69, 89)
6990 (69, 90)
6991 (69, 91)
6992 (69, 92)
6993 (69, 93)
6994 (69, 94)
6995 (69, 95)
6996 (69, 96)
6997 (69, 97)
6998 (69, 98)
6999 (69, 99)
7000 (70, 0)
7001 (70, 1)
7002 (70, 2)
7003 (70, 3)
7004 (70, 4)
7005 (70, 5)
7006 (70, 6)
7007 (70, 7)
7008 (70, 8)
7009 (70, 9)
7010 (70, 10)
7011 (70, 11)
7012 (70, 12)
7013 (70, 13)
7014 (70, 14)
7015 (70, 15)
7016 (70, 16)
7017 (70, 17)
7018 (70, 18)
7019 (70, 19)
7020 (70, 20)
7021 (70, 21)
7022 (70, 22)
7023 (70, 23)
7024 (70, 24)
7025 (70, 25)
7026 (70, 26)
7027 (70, 27)
7028 (70, 28)
7029 (70, 29)
7030 (70, 30)
7031 (70, 31)
7032 (70, 32)
7033 (70, 33)
7034 (70, 34)
7035 (70, 35)
7036 (70, 36)
7037 (70, 37)
7038 (70, 38)
7039 (70, 39)
7040 (70, 40)
7041 (70, 41)
7042 (70, 42)
7043 (70, 43)
7044 (70, 44)
7045 (70, 45)
7046 (70, 46)
7047 (70, 47)
7048 (70, 48)
7049 (70, 49)
7050 (70, 50)
7051 (70, 51)
7052 (70, 52)
7053 (70, 53)
7054 (70, 54)
7055 (70, 55)
7056 (70, 56)
7057 (70, 57)
7058 (70, 58)
7059 (70, 59)
7060 (70, 60)
7061 (70, 61)
7062 (70, 62)
7063 (70, 63)
7064 (70, 64)
7065 (70, 65)
7066 (70, 66)
7067 (70, 67)
7068 (70, 68)
7069 (70, 69)
7070 (70, 70)
7071 (70, 71)
7072 (70, 72)
7073 (70, 73)
7074 (70, 74)
7075 (70, 75)
7076 (70, 76)
7077 (70, 77)
7078 (70, 78)
7079 (70, 79)
7080 (70, 80)
7081 (70, 81)
7082 (70, 82)
7083 (70, 83)
7084 (70, 84)
7085 (70, 85)
7086 (70, 86)
7087 (70, 87)
7088 (70, 88)
7089 (70, 89)
7090 (70, 90)
7091 (70, 91)
7092 (70, 92)
7093 (70, 93)
7094 (70, 94)
7095 (70, 95)
7096 (70, 96)
7097 (70, 97)
7098 (70, 98)
7099 (70, 99)
7100 (71, 0)
7101 (71, 1)
7102 (71, 2)
7103 (71, 3)
7104 (71, 4)
7105 (71, 5)
7106 (71, 6)
7107 (71, 7)
7108 (71, 8)
7109 (71, 9)
7110 (71, 10)
7111 (71, 11)
7112 (71, 12)
7113 (71, 13)
7114 (71, 14)
7115 (71, 15)
7116 (71, 16)
7117 (71, 17)
7118 (71, 18)
7119 (71, 19)
7120 (71, 20)
7121 (71, 21)
7122 (71, 22)
7123 (71, 23)
7124 (71, 24)
7125 (71, 25)
7126 (71, 26)
7127 (71, 27)
7128 (71, 28)
7129 (71, 29)
7130 (71, 30)
7131 (71, 31)
7132 (71, 32)
7133 (71, 33)
7134 (71, 34)
7135 (71, 35)
7136 (71, 36)
7137 (71, 37)
7138 (71, 38)
7139 (71, 39)
7140 (71, 40)
7141 (71, 41)
7142 (71, 42)
7143 (71, 43)
7144 (71, 44)
7145 (71, 45)
7146 (71, 46)
7147 (71, 47)
7148 (71, 48)
7149 (71, 49)
7150 (71, 50)
7151 (71, 51)
7152 (71, 52)
7153 (71, 53)
7154 (71, 54)
7155 (71, 55)
7156 (71, 56)
7157 (71, 57)
7158 (71, 58)
7159 (71, 59)
7160 (71, 60)
7161 (71, 61)
7162 (71, 62)
7163 (71, 63)
7164 (71, 64)
7165 (71, 65)
7166 (71, 66)
7167 (71, 67)
7168 (71, 68)
7169 (71, 69)
7170 (71, 70)
7171 (71, 71)
7172 (71, 72)
7173 (71, 73)
7174 (71, 74)
7175 (71, 75)
7176 (71, 76)
7177 (71, 77)
7178 (71, 78)
7179 (71, 79)
7180 (71, 80)
7181 (71, 81)
7182 (71, 82)
7183 (71, 83)
7184 (71, 84)
7185 (71, 85)
7186 (71, 86)
7187 (71, 87)
7188 (71, 88)
7189 (71, 89)
7190 (71, 90)
7191 (71, 91)
7192 (71, 92)
7193 (71, 93)
7194 (71, 94)
7195 (71, 95)
7196 (71, 96)
7197 (71, 97)
7198 (71, 98)
7199 (71, 99)
7200 (72, 0)
7201 (72, 1)
7202 (72, 2)
7203 (72, 3)
7204 (72, 4)
7205 (72, 5)
7206 (72, 6)
7207 (72, 7)
7208 (72, 8)
7209 (72, 9)
7210 (72, 10)
7211 (72, 11)
7212 (72, 12)
7213 (72, 13)
7214 (72, 14)
7215 (72, 15)
7216 (72, 16)
7217 (72, 17)
7218 (72, 18)
7219 (72, 19)
7220 (72, 20)
7221 (72, 21)
7222 (72, 22)
7223 (72, 23)
7224 (72, 24)
7225 (72, 25)
7226 (72, 26)
7227 (72, 27)
7228 (72, 28)
7229 (72, 29)
7230 (72, 30)
7231 (72, 31)
7232 (72, 32)
7233 (72, 33)
7234 (72, 34)
7235 (72, 35)
7236 (72, 36)
7237 (72, 37)
7238 (72, 38)
7239 (72, 39)
7240 (72, 40)
7241 (72, 41)
7242 (72, 42)
7243 (72, 43)
7244 (72, 44)
7245 (72, 45)
7246 (72, 46)
7247 (72, 47)
7248 (72, 48)
7249 (72, 49)
7250 (72, 50)
7251 (72, 51)
7252 (72, 52)
7253 (72, 53)
7254 (72, 54)
7255 (72, 55)
7256 (72, 56)
7257 (72, 57)
7258 (72, 58)
7259 (72, 59)
7260 (72, 60)
7261 (72, 61)
7262 (72, 62)
7263 (72, 63)
7264 (72, 64)
7265 (72, 65)
7266 (72, 66)
7267 (72, 67)
7268 (72, 68)
7269 (72, 69)
7270 (72, 70)
7271 (72, 71)
7272 (72, 72)
7273 (72, 73)
7274 (72, 74)
7275 (72, 75)
7276 (72, 76)
7277 (72, 77)
7278 (72, 78)
7279 (72, 79)
7280 (72, 80)
7281 (72, 81)
7282 (72, 82)
7283 (72, 83)
7284 (72, 84)
7285 (72, 85)
7286 (72, 86)
7287 (72, 87)
7288 (72, 88)
7289 (72, 89)
7290 (72, 90)
7291 (72, 91)
7292 (72, 92)
7293 (72, 93)
7294 (72, 94)
7295 (72, 95)
7296 (72, 96)
7297 (72, 97)
7298 (72, 98)
7299 (72, 99)
7300 (73, 0)
7301 (73, 1)
7302 (73, 2)
7303 (73, 3)
7304 (73, 4)
7305 (73, 5)
7306 (73, 6)
7307 (73, 7)
7308 (73, 8)
7309 (73, 9)
7310 (73, 10)
7311 (73, 11)
7312 (73, 12)
7313 (73, 13)
7314 (73, 14)
7315 (73, 15)
7316 (73, 16)
7317 (73, 17)
7318 (73, 18)
7319 (73, 19)
7320 (73, 20)
7321 (73, 21)
7322 (73, 22)
7323 (73, 23)
7324 (73, 24)
7325 (73, 25)
7326 (73, 26)
7327 (73, 27)
7328 (73, 28)
7329 (73, 29)
7330 (73, 30)
7331 (73, 31)
7332 (73, 32)
7333 (73, 33)
7334 (73, 34)
7335 (73, 35)
7336 (73, 36)
7337 (73, 37)
7338 (73, 38)
7339 (73, 39)
7340 (73, 40)
7341 (73, 41)
7342 (73, 42)
7343 (73, 43)
7344 (73, 44)
7345 (73, 45)
7346 (73, 46)
7347 (73, 47)
7348 (73, 48)
7349 (73, 49)
7350 (73, 50)
7351 (73, 51)
7352 (73, 52)
7353 (73, 53)
7354 (73, 54)
7355 (73, 55)
7356 (73, 56)
7357 (73, 57)
7358 (73, 58)
7359 (73, 59)
7360 (73, 60)
7361 (73, 61)
7362 (73, 62)
7363 (73, 63)
7364 (73, 64)
7365 (73, 65)
7366 (73, 66)
7367 (73, 67)
7368 (73, 68)
7369 (73, 69)
7370 (73, 70)
7371 (73, 71)
7372 (73, 72)
7373 (73, 73)
7374 (73, 74)
7375 (73, 75)
7376 (73, 76)
7377 (73, 77)
7378 (73, 78)
7379 (73, 79)
7380 (73, 80)
7381 (73, 81)
7382 (73, 82)
7383 (73, 83)
7384 (73, 84)
7385 (73, 85)
7386 (73, 86)
7387 (73, 87)
7388 (73, 88)
7389 (73, 89)
7390 (73, 90)
7391 (73, 91)
7392 (73, 92)
7393 (73, 93)
7394 (73, 94)
7395 (73, 95)
7396 (73, 96)
7397 (73, 97)
7398 (73, 98)
7399 (73, 99)
7400 (74, 0)
7401 (74, 1)
7402 (74, 2)
7403 (74, 3)
7404 (74, 4)
7405 (74, 5)
7406 (74, 6)
7407 (74, 7)
7408 (74, 8)
7409 (74, 9)
7410 (74, 10)
7411 (74, 11)
7412 (74, 12)
7413 (74, 13)
7414 (74, 14)
7415 (74, 15)
7416 (74, 16)
7417 (74, 17)
7418 (74, 18)
7419 (74, 19)
7420 (74, 20)
7421 (74, 21)
7422 (74, 22)
7423 (74, 23)
7424 (74, 24)
7425 (74, 25)
7426 (74, 26)
7427 (74, 27)
7428 (74, 28)
7429 (74, 29)
7430 (74, 30)
7431 (74, 31)
7432 (74, 32)
7433 (74, 33)
7434 (74, 34)
7435 (74, 35)
7436 (74, 36)
7437 (74, 37)
7438 (74, 38)
7439 (74, 39)
7440 (74, 40)
7441 (74, 41)
7442 (74, 42)
7443 (74, 43)
7444 (74, 44)
7445 (74, 45)
7446 (74, 46)
7447 (74, 47)
7448 (74, 48)
7449 (74, 49)
7450 (74, 50)
7451 (74, 51)
7452 (74, 52)
7453 (74, 53)
7454 (74, 54)
7455 (74, 55)
7456 (74, 56)
7457 (74, 57)
7458 (74, 58)
7459 (74, 59)
7460 (74, 60)
7461 (74, 61)
7462 (74, 62)
7463 (74, 63)
7464 (74, 64)
7465 (74, 65)
7466 (74, 66)
7467 (74, 67)
7468 (74, 68)
7469 (74, 69)
7470 (74, 70)
7471 (74, 71)
7472 (74, 72)
7473 (74, 73)
7474 (74, 74)
7475 (74, 75)
7476 (74, 76)
7477 (74, 77)
7478 (74, 78)
7479 (74, 79)
7480 (74, 80)
7481 (74, 81)
7482 (74, 82)
7483 (74, 83)
7484 (74, 84)
7485 (74, 85)
7486 (74, 86)
7487 (74, 87)
7488 (74, 88)
7489 (74, 89)
7490 (74, 90)
7491 (74, 91)
7492 (74, 92)
7493 (74, 93)
7494 (74, 94)
7495 (74, 95)
7496 (74, 96)
7497 (74, 97)
7498 (74, 98)
7499 (74, 99)
7500 (75, 0)
7501 (75, 1)
7502 (75, 2)
7503 (75, 3)
7504 (75, 4)
7505 (75, 5)
7506 (75, 6)
7507 (75, 7)
7508 (75, 8)
7509 (75, 9)
7510 (75, 10)
7511 (75, 11)
7512 (75, 12)
7513 (75, 13)
7514 (75, 14)
7515 (75, 15)
7516 (75, 16)
7517 (75, 17)
7518 (75, 18)
7519 (75, 19)
7520 (75, 20)
7521 (75, 21)
7522 (75, 22)
7523 (75, 23)
7524 (75, 24)
7525 (75, 25)
7526 (75, 26)
7527 (75, 27)
7528 (75, 28)
7529 (75, 29)
7530 (75, 30)
7531 (75, 31)
7532 (75, 32)
7533 (75, 33)
7534 (75, 34)
7535 (75, 35)
7536 (75, 36)
7537 (75, 37)
7538 (75, 38)
7539 (75, 39)
7540 (75, 40)
7541 (75, 41)
7542 (75, 42)
7543 (75, 43)
7544 (75, 44)
7545 (75, 45)
7546 (75, 46)
7547 (75, 47)
7548 (75, 48)
7549 (75, 49)
7550 (75, 50)
7551 (75, 51)
7552 (75, 52)
7553 (75, 53)
7554 (75, 54)
7555 (75, 55)
7556 (75, 56)
7557 (75, 57)
7558 (75, 58)
7559 (75, 59)
7560 (75, 60)
7561 (75, 61)
7562 (75, 62)
7563 (75, 63)
7564 (75, 64)
7565 (75, 65)
7566 (75, 66)
7567 (75, 67)
7568 (75, 68)
7569 (75, 69)
7570 (75, 70)
7571 (75, 71)
7572 (75, 72)
7573 (75, 73)
7574 (75, 74)
7575 (75, 75)
7576 (75, 76)
7577 (75, 77)
7578 (75, 78)
7579 (75, 79)
7580 (75, 80)
7581 (75, 81)
7582 (75, 82)
7583 (75, 83)
7584 (75, 84)
7585 (75, 85)
7586 (75, 86)
7587 (75, 87)
7588 (75, 88)
7589 (75, 89)
7590 (75, 90)
7591 (75, 91)
7592 (75, 92)
7593 (75, 93)
7594 (75, 94)
7595 (75, 95)
7596 (75, 96)
7597 (75, 97)
7598 (75, 98)
7599 (75, 99)
7600 (76, 0)
7601 (76, 1)
7602 (76, 2)
7603 (76, 3)
7604 (76, 4)
7605 (76, 5)
7606 (76, 6)
7607 (76, 7)
7608 (76, 8)
7609 (76, 9)
7610 (76, 10)
7611 (76, 11)
7612 (76, 12)
7613 (76, 13)
7614 (76, 14)
7615 (76, 15)
7616 (76, 16)
7617 (76, 17)
7618 (76, 18)
7619 (76, 19)
7620 (76, 20)
7621 (76, 21)
7622 (76, 22)
7623 (76, 23)
7624 (76, 24)
7625 (76, 25)
7626 (76, 26)
7627 (76, 27)
7628 (76, 28)
7629 (76, 29)
7630 (76, 30)
7631 (76, 31)
7632 (76, 32)
7633 (76, 33)
7634 (76, 34)
7635 (76, 35)
7636 (76, 36)
7637 (76, 37)
7638 (76, 38)
7639 (76, 39)
7640 (76, 40)
7641 (76, 41)
7642 (76, 42)
7643 (76, 43)
7644 (76, 44)
7645 (76, 45)
7646 (76, 46)
7647 (76, 47)
7648 (76, 48)
7649 (76, 49)
7650 (76, 50)
7651 (76, 51)
7652 (76, 52)
7653 (76, 53)
7654 (76, 54)
7655 (76, 55)
7656 (76, 56)
7657 (76, 57)
7658 (76, 58)
7659 (76, 59)
7660 (76, 60)
7661 (76, 61)
7662 (76, 62)
7663 (76, 63)
7664 (76, 64)
7665 (76, 65)
7666 (76, 66)
7667 (76, 67)
7668 (76, 68)
7669 (76, 69)
7670 (76, 70)
7671 (76, 71)
7672 (76, 72)
7673 (76, 73)
7674 (76, 74)
7675 (76, 75)
7676 (76, 76)
7677 (76, 77)
7678 (76, 78)
7679 (76, 79)
7680 (76, 80)
7681 (76, 81)
7682 (76, 82)
7683 (76, 83)
7684 (76, 84)
7685 (76, 85)
7686 (76, 86)
7687 (76, 87)
7688 (76, 88)
7689 (76, 89)
7690 (76, 90)
7691 (76, 91)
7692 (76, 92)
7693 (76, 93)
7694 (76, 94)
7695 (76, 95)
7696 (76, 96)
7697 (76, 97)
7698 (76, 98)
7699 (76, 99)
7700 (77, 0)
7701 (77, 1)
7702 (77, 2)
7703 (77, 3)
7704 (77, 4)
7705 (77, 5)
7706 (77, 6)
7707 (77, 7)
7708 (77, 8)
7709 (77, 9)
7710 (77, 10)
7711 (77, 11)
7712 (77, 12)
7713 (77, 13)
7714 (77, 14)
7715 (77, 15)
7716 (77, 16)
7717 (77, 17)
7718 (77, 18)
7719 (77, 19)
7720 (77, 20)
7721 (77, 21)
7722 (77, 22)
7723 (77, 23)
7724 (77, 24)
7725 (77, 25)
7726 (77, 26)
7727 (77, 27)
7728 (77, 28)
7729 (77, 29)
7730 (77, 30)
7731 (77, 31)
7732 (77, 32)
7733 (77, 33)
7734 (77, 34)
7735 (77, 35)
7736 (77, 36)
7737 (77, 37)
7738 (77, 38)
7739 (77, 39)
7740 (77, 40)
7741 (77, 41)
7742 (77, 42)
7743 (77, 43)
7744 (77, 44)
7745 (77, 45)
7746 (77, 46)
7747 (77, 47)
7748 (77, 48)
7749 (77, 49)
7750 (77, 50)
7751 (77, 51)
7752 (77, 52)
7753 (77, 53)
7754 (77, 54)
7755 (77, 55)
7756 (77, 56)
7757 (77, 57)
7758 (77, 58)
7759 (77, 59)
7760 (77, 60)
7761 (77, 61)
7762 (77, 62)
7763 (77, 63)
7764 (77, 64)
7765 (77, 65)
7766 (77, 66)
7767 (77, 67)
7768 (77, 68)
7769 (77, 69)
7770 (77, 70)
7771 (77, 71)
7772 (77, 72)
7773 (77, 73)
7774 (77, 74)
7775 (77, 75)
7776 (77, 76)
7777 (77, 77)
7778 (77, 78)
7779 (77, 79)
7780 (77, 80)
7781 (77, 81)
7782 (77, 82)
7783 (77, 83)
7784 (77, 84)
7785 (77, 85)
7786 (77, 86)
7787 (77, 87)
7788 (77, 88)
7789 (77, 89)
7790 (77, 90)
7791 (77, 91)
7792 (77, 92)
7793 (77, 93)
7794 (77, 94)
7795 (77, 95)
7796 (77, 96)
7797 (77, 97)
7798 (77, 98)
7799 (77, 99)
7800 (78, 0)
7801 (78, 1)
7802 (78, 2)
7803 (78, 3)
7804 (78, 4)
7805 (78, 5)
7806 (78, 6)
7807 (78, 7)
7808 (78, 8)
7809 (78, 9)
7810 (78, 10)
7811 (78, 11)
7812 (78, 12)
7813 (78, 13)
7814 (78, 14)
7815 (78, 15)
7816 (78, 16)
7817 (78, 17)
7818 (78, 18)
7819 (78, 19)
7820 (78, 20)
7821 (78, 21)
7822 (78, 22)
7823 (78, 23)
7824 (78, 24)
7825 (78, 25)
7826 (78, 26)
7827 (78, 27)
7828 (78, 28)
7829 (78, 29)
7830 (78, 30)
7831 (78, 31)
7832 (78, 32)
7833 (78, 33)
7834 (78, 34)
7835 (78, 35)
7836 (78, 36)
7837 (78, 37)
7838 (78, 38)
7839 (78, 39)
7840 (78, 40)
7841 (78, 41)
7842 (78, 42)
7843 (78, 43)
7844 (78, 44)
7845 (78, 45)
7846 (78, 46)
7847 (78, 47)
7848 (78, 48)
7849 (78, 49)
7850 (78, 50)
7851 (78, 51)
7852 (78, 52)
7853 (78, 53)
7854 (78, 54)
7855 (78, 55)
7856 (78, 56)
7857 (78, 57)
7858 (78, 58)
7859 (78, 59)
7860 (78, 60)
7861 (78, 61)
7862 (78, 62)
7863 (78, 63)
7864 (78, 64)
7865 (78, 65)
7866 (78, 66)
7867 (78, 67)
7868 (78, 68)
7869 (78, 69)
7870 (78, 70)
7871 (78, 71)
7872 (78, 72)
7873 (78, 73)
7874 (78, 74)
7875 (78, 75)
7876 (78, 76)
7877 (78, 77)
7878 (78, 78)
7879 (78, 79)
7880 (78, 80)
7881 (78, 81)
7882 (78, 82)
7883 (78, 83)
7884 (78, 84)
7885 (78, 85)
7886 (78, 86)
7887 (78, 87)
7888 (78, 88)
7889 (78, 89)
7890 (78, 90)
7891 (78, 91)
7892 (78, 92)
7893 (78, 93)
7894 (78, 94)
7895 (78, 95)
7896 (78, 96)
7897 (78, 97)
7898 (78, 98)
7899 (78, 99)
7900 (79, 0)
7901 (79, 1)
7902 (79, 2)
7903 (79, 3)
7904 (79, 4)
7905 (79, 5)
7906 (79, 6)
7907 (79, 7)
7908 (79, 8)
7909 (79, 9)
7910 (79, 10)
7911 (79, 11)
7912 (79, 12)
7913 (79, 13)
7914 (79, 14)
7915 (79, 15)
7916 (79, 16)
7917 (79, 17)
7918 (79, 18)
7919 (79, 19)
7920 (79, 20)
7921 (79, 21)
7922 (79, 22)
7923 (79, 23)
7924 (79, 24)
7925 (79, 25)
7926 (79, 26)
7927 (79, 27)
7928 (79, 28)
7929 (79, 29)
7930 (79, 30)
7931 (79, 31)
7932 (79, 32)
7933 (79, 33)
7934 (79, 34)
7935 (79, 35)
7936 (79, 36)
7937 (79, 37)
7938 (79, 38)
7939 (79, 39)
7940 (79, 40)
7941 (79, 41)
7942 (79, 42)
7943 (79, 43)
7944 (79, 44)
7945 (79, 45)
7946 (79, 46)
7947 (79, 47)
7948 (79, 48)
7949 (79, 49)
7950 (79, 50)
7951 (79, 51)
7952 (79, 52)
7953 (79, 53)
7954 (79, 54)
7955 (79, 55)
7956 (79, 56)
7957 (79, 57)
7958 (79, 58)
7959 (79, 59)
7960 (79, 60)
7961 (79, 61)
7962 (79, 62)
7963 (79, 63)
7964 (79, 64)
7965 (79, 65)
7966 (79, 66)
7967 (79, 67)
7968 (79, 68)
7969 (79, 69)
7970 (79, 70)
7971 (79, 71)
7972 (79, 72)
7973 (79, 73)
7974 (79, 74)
7975 (79, 75)
7976 (79, 76)
7977 (79, 77)
7978 (79, 78)
7979 (79, 79)
7980 (79, 80)
7981 (79, 81)
7982 (79, 82)
7983 (79, 83)
7984 (79, 84)
7985 (79, 85)
7986 (79, 86)
7987 (79, 87)
7988 (79, 88)
7989 (79, 89)
7990 (79, 90)
7991 (79, 91)
7992 (79, 92)
7993 (79, 93)
7994 (79, 94)
7995 (79, 95)
7996 (79, 96)
7997 (79, 97)
7998 (79, 98)
7999 (79, 99)
8000 (80, 0)
8001 (80, 1)
8002 (80, 2)
8003 (80, 3)
8004 (80, 4)
8005 (80, 5)
8006 (80, 6)
8007 (80, 7)
8008 (80, 8)
8009 (80, 9)
8010 (80, 10)
8011 (80, 11)
8012 (80, 12)
8013 (80, 13)
8014 (80, 14)
8015 (80, 15)
8016 (80, 16)
8017 (80, 17)
8018 (80, 18)
8019 (80, 19)
8020 (80, 20)
8021 (80, 21)
8022 (80, 22)
8023 (80, 23)
8024 (80, 24)
8025 (80, 25)
8026 (80, 26)
8027 (80, 27)
8028 (80, 28)
8029 (80, 29)
8030 (80, 30)
8031 (80, 31)
8032 (80, 32)
8033 (80, 33)
8034 (80, 34)
8035 (80, 35)
8036 (80, 36)
8037 (80, 37)
8038 (80, 38)
8039 (80, 39)
8040 (80, 40)
8041 (80, 41)
8042 (80, 42)
8043 (80, 43)
8044 (80, 44)
8045 (80, 45)
8046 (80, 46)
8047 (80, 47)
8048 (80, 48)
8049 (80, 49)
8050 (80, 50)
8051 (80, 51)
8052 (80, 52)
8053 (80, 53)
8054 (80, 54)
8055 (80, 55)
8056 (80, 56)
8057 (80, 57)
8058 (80, 58)
8059 (80, 59)
8060 (80, 60)
8061 (80, 61)
8062 (80, 62)
8063 (80, 63)
8064 (80, 64)
8065 (80, 65)
8066 (80, 66)
8067 (80, 67)
8068 (80, 68)
8069 (80, 69)
8070 (80, 70)
8071 (80, 71)
8072 (80, 72)
8073 (80, 73)
8074 (80, 74)
8075 (80, 75)
8076 (80, 76)
8077 (80, 77)
8078 (80, 78)
8079 (80, 79)
8080 (80, 80)
8081 (80, 81)
8082 (80, 82)
8083 (80, 83)
8084 (80, 84)
8085 (80, 85)
8086 (80, 86)
8087 (80, 87)
8088 (80, 88)
8089 (80, 89)
8090 (80, 90)
8091 (80, 91)
8092 (80, 92)
8093 (80, 93)
8094 (80, 94)
8095 (80, 95)
8096 (80, 96)
8097 (80, 97)
8098 (80, 98)
8099 (80, 99)
8100 (81, 0)
8101 (81, 1)
8102 (81, 2)
8103 (81, 3)
8104 (81, 4)
8105 (81, 5)
8106 (81, 6)
8107 (81, 7)
8108 (81, 8)
8109 (81, 9)
8110 (81, 10)
8111 (81, 11)
8112 (81, 12)
8113 (81, 13)
8114 (81, 14)
8115 (81, 15)
8116 (81, 16)
8117 (81, 17)
8118 (81, 18)
8119 (81, 19)
8120 (81, 20)
8121 (81, 21)
8122 (81, 22)
8123 (81, 23)
8124 (81, 24)
8125 (81, 25)
8126 (81, 26)
8127 (81, 27)
8128 (81, 28)
8129 (81, 29)
8130 (81, 30)
8131 (81, 31)
8132 (81, 32)
8133 (81, 33)
8134 (81, 34)
8135 (81, 35)
8136 (81, 36)
8137 (81, 37)
8138 (81, 38)
8139 (81, 39)
8140 (81, 40)
8141 (81, 41)
8142 (81, 42)
8143 (81, 43)
8144 (81, 44)
8145 (81, 45)
8146 (81, 46)
8147 (81, 47)
8148 (81, 48)
8149 (81, 49)
8150 (81, 50)
8151 (81, 51)
8152 (81, 52)
8153 (81, 53)
8154 (81, 54)
8155 (81, 55)
8156 (81, 56)
8157 (81, 57)
8158 (81, 58)
8159 (81, 59)
8160 (81, 60)
8161 (81, 61)
8162 (81, 62)
8163 (81, 63)
8164 (81, 64)
8165 (81, 65)
8166 (81, 66)
8167 (81, 67)
8168 (81, 68)
8169 (81, 69)
8170 (81, 70)
8171 (81, 71)
8172 (81, 72)
8173 (81, 73)
8174 (81, 74)
8175 (81, 75)
8176 (81, 76)
8177 (81, 77)
8178 (81, 78)
8179 (81, 79)
8180 (81, 80)
8181 (81, 81)
8182 (81, 82)
8183 (81, 83)
8184 (81, 84)
8185 (81, 85)
8186 (81, 86)
8187 (81, 87)
8188 (81, 88)
8189 (81, 89)
8190 (81, 90)
8191 (81, 91)
8192 (81, 92)
8193 (81, 93)
8194 (81, 94)
8195 (81, 95)
8196 (81, 96)
8197 (81, 97)
8198 (81, 98)
8199 (81, 99)
8200 (82, 0)
8201 (82, 1)
8202 (82, 2)
8203 (82, 3)
8204 (82, 4)
8205 (82, 5)
8206 (82, 6)
8207 (82, 7)
8208 (82, 8)
8209 (82, 9)
8210 (82, 10)
8211 (82, 11)
8212 (82, 12)
8213 (82, 13)
8214 (82, 14)
8215 (82, 15)
8216 (82, 16)
8217 (82, 17)
8218 (82, 18)
8219 (82, 19)
8220 (82, 20)
8221 (82, 21)
8222 (82, 22)
8223 (82, 23)
8224 (82, 24)
8225 (82, 25)
8226 (82, 26)
8227 (82, 27)
8228 (82, 28)
8229 (82, 29)
8230 (82, 30)
8231 (82, 31)
8232 (82, 32)
8233 (82, 33)
8234 (82, 34)
8235 (82, 35)
8236 (82, 36)
8237 (82, 37)
8238 (82, 38)
8239 (82, 39)
8240 (82, 40)
8241 (82, 41)
8242 (82, 42)
8243 (82, 43)
8244 (82, 44)
8245 (82, 45)
8246 (82, 46)
8247 (82, 47)
8248 (82, 48)
8249 (82, 49)
8250 (82, 50)
8251 (82, 51)
8252 (82, 52)
8253 (82, 53)
8254 (82, 54)
8255 (82, 55)
8256 (82, 56)
8257 (82, 57)
8258 (82, 58)
8259 (82, 59)
8260 (82, 60)
8261 (82, 61)
8262 (82, 62)
8263 (82, 63)
8264 (82, 64)
8265 (82, 65)
8266 (82, 66)
8267 (82, 67)
8268 (82, 68)
8269 (82, 69)
8270 (82, 70)
8271 (82, 71)
8272 (82, 72)
8273 (82, 73)
8274 (82, 74)
8275 (82, 75)
8276 (82, 76)
8277 (82, 77)
8278 (82, 78)
8279 (82, 79)
8280 (82, 80)
8281 (82, 81)
8282 (82, 82)
8283 (82, 83)
8284 (82, 84)
8285 (82, 85)
8286 (82, 86)
8287 (82, 87)
8288 (82, 88)
8289 (82, 89)
8290 (82, 90)
8291 (82, 91)
8292 (82, 92)
8293 (82, 93)
8294 (82, 94)
8295 (82, 95)
8296 (82, 96)
8297 (82, 97)
8298 (82, 98)
8299 (82, 99)
8300 (83, 0)
8301 (83, 1)
8302 (83, 2)
8303 (83, 3)
8304 (83, 4)
8305 (83, 5)
8306 (83, 6)
8307 (83, 7)
8308 (83, 8)
8309 (83, 9)
8310 (83, 10)
8311 (83, 11)
8312 (83, 12)
8313 (83, 13)
8314 (83, 14)
8315 (83, 15)
8316 (83, 16)
8317 (83, 17)
8318 (83, 18)
8319 (83, 19)
8320 (83, 20)
8321 (83, 21)
8322 (83, 22)
8323 (83, 23)
8324 (83, 24)
8325 (83, 25)
8326 (83, 26)
8327 (83, 27)
8328 (83, 28)
8329 (83, 29)
8330 (83, 30)
8331 (83, 31)
8332 (83, 32)
8333 (83, 33)
8334 (83, 34)
8335 (83, 35)
8336 (83, 36)
8337 (83, 37)
8338 (83, 38)
8339 (83, 39)
8340 (83, 40)
8341 (83, 41)
8342 (83, 42)
8343 (83, 43)
8344 (83, 44)
8345 (83, 45)
8346 (83, 46)
8347 (83, 47)
8348 (83, 48)
8349 (83, 49)
8350 (83, 50)
8351 (83, 51)
8352 (83, 52)
8353 (83, 53)
8354 (83, 54)
8355 (83, 55)
8356 (83, 56)
8357 (83, 57)
8358 (83, 58)
8359 (83, 59)
8360 (83, 60)
8361 (83, 61)
8362 (83, 62)
8363 (83, 63)
8364 (83, 64)
8365 (83, 65)
8366 (83, 66)
8367 (83, 67)
8368 (83, 68)
8369 (83, 69)
8370 (83, 70)
8371 (83, 71)
8372 (83, 72)
8373 (83, 73)
8374 (83, 74)
8375 (83, 75)
8376 (83, 76)
8377 (83, 77)
8378 (83, 78)
8379 (83, 79)
8380 (83, 80)
8381 (83, 81)
8382 (83, 82)
8383 (83, 83)
8384 (83, 84)
8385 (83, 85)
8386 (83, 86)
8387 (83, 87)
8388 (83, 88)
8389 (83, 89)
8390 (83, 90)
8391 (83, 91)
8392 (83, 92)
8393 (83, 93)
8394 (83, 94)
8395 (83, 95)
8396 (83, 96)
8397 (83, 97)
8398 (83, 98)
8399 (83, 99)
8400 (84, 0)
8401 (84, 1)
8402 (84, 2)
8403 (84, 3)
8404 (84, 4)
8405 (84, 5)
8406 (84, 6)
8407 (84, 7)
8408 (84, 8)
8409 (84, 9)
8410 (84, 10)
8411 (84, 11)
8412 (84, 12)
8413 (84, 13)
8414 (84, 14)
8415 (84, 15)
8416 (84, 16)
8417 (84, 17)
8418 (84, 18)
8419 (84, 19)
8420 (84, 20)
8421 (84, 21)
8422 (84, 22)
8423 (84, 23)
8424 (84, 24)
8425 (84, 25)
8426 (84, 26)
8427 (84, 27)
8428 (84, 28)
8429 (84, 29)
8430 (84, 30)
8431 (84, 31)
8432 (84, 32)
8433 (84, 33)
8434 (84, 34)
8435 (84, 35)
8436 (84, 36)
8437 (84, 37)
8438 (84, 38)
8439 (84, 39)
8440 (84, 40)
8441 (84, 41)
8442 (84, 42)
8443 (84, 43)
8444 (84, 44)
8445 (84, 45)
8446 (84, 46)
8447 (84, 47)
8448 (84, 48)
8449 (84, 49)
8450 (84, 50)
8451 (84, 51)
8452 (84, 52)
8453 (84, 53)
8454 (84, 54)
8455 (84, 55)
8456 (84, 56)
8457 (84, 57)
8458 (84, 58)
8459 (84, 59)
8460 (84, 60)
8461 (84, 61)
8462 (84, 62)
8463 (84, 63)
8464 (84, 64)
8465 (84, 65)
8466 (84, 66)
8467 (84, 67)
8468 (84, 68)
8469 (84, 69)
8470 (84, 70)
8471 (84, 71)
8472 (84, 72)
8473 (84, 73)
8474 (84, 74)
8475 (84, 75)
8476 (84, 76)
8477 (84, 77)
8478 (84, 78)
8479 (84, 79)
8480 (84, 80)
8481 (84, 81)
8482 (84, 82)
8483 (84, 83)
8484 (84, 84)
8485 (84, 85)
8486 (84, 86)
8487 (84, 87)
8488 (84, 88)
8489 (84, 89)
8490 (84, 90)
8491 (84, 91)
8492 (84, 92)
8493 (84, 93)
8494 (84, 94)
8495 (84, 95)
8496 (84, 96)
8497 (84, 97)
8498 (84, 98)
8499 (84, 99)
8500 (85, 0)
8501 (85, 1)
8502 (85, 2)
8503 (85, 3)
8504 (85, 4)
8505 (85, 5)
8506 (85, 6)
8507 (85, 7)
8508 (85, 8)
8509 (85, 9)
8510 (85, 10)
8511 (85, 11)
8512 (85, 12)
8513 (85, 13)
8514 (85, 14)
8515 (85, 15)
8516 (85, 16)
8517 (85, 17)
8518 (85, 18)
8519 (85, 19)
8520 (85, 20)
8521 (85, 21)
8522 (85, 22)
8523 (85, 23)
8524 (85, 24)
8525 (85, 25)
8526 (85, 26)
8527 (85, 27)
8528 (85, 28)
8529 (85, 29)
8530 (85, 30)
8531 (85, 31)
8532 (85, 32)
8533 (85, 33)
8534 (85, 34)
8535 (85, 35)
8536 (85, 36)
8537 (85, 37)
8538 (85, 38)
8539 (85, 39)
8540 (85, 40)
8541 (85, 41)
8542 (85, 42)
8543 (85, 43)
8544 (85, 44)
8545 (85, 45)
8546 (85, 46)
8547 (85, 47)
8548 (85, 48)
8549 (85, 49)
8550 (85, 50)
8551 (85, 51)
8552 (85, 52)
8553 (85, 53)
8554 (85, 54)
8555 (85, 55)
8556 (85, 56)
8557 (85, 57)
8558 (85, 58)
8559 (85, 59)
8560 (85, 60)
8561 (85, 61)
8562 (85, 62)
8563 (85, 63)
8564 (85, 64)
8565 (85, 65)
8566 (85, 66)
8567 (85, 67)
8568 (85, 68)
8569 (85, 69)
8570 (85, 70)
8571 (85, 71)
8572 (85, 72)
8573 (85, 73)
8574 (85, 74)
8575 (85, 75)
8576 (85, 76)
8577 (85, 77)
8578 (85, 78)
8579 (85, 79)
8580 (85, 80)
8581 (85, 81)
8582 (85, 82)
8583 (85, 83)
8584 (85, 84)
8585 (85, 85)
8586 (85, 86)
8587 (85, 87)
8588 (85, 88)
8589 (85, 89)
8590 (85, 90)
8591 (85, 91)
8592 (85, 92)
8593 (85, 93)
8594 (85, 94)
8595 (85, 95)
8596 (85, 96)
8597 (85, 97)
8598 (85, 98)
8599 (85, 99)
8600 (86, 0)
8601 (86, 1)
8602 (86, 2)
8603 (86, 3)
8604 (86, 4)
8605 (86, 5)
8606 (86, 6)
8607 (86, 7)
8608 (86, 8)
8609 (86, 9)
8610 (86, 10)
8611 (86, 11)
8612 (86, 12)
8613 (86, 13)
8614 (86, 14)
8615 (86, 15)
8616 (86, 16)
8617 (86, 17)
8618 (86, 18)
8619 (86, 19)
8620 (86, 20)
8621 (86, 21)
8622 (86, 22)
8623 (86, 23)
8624 (86, 24)
8625 (86, 25)
8626 (86, 26)
8627 (86, 27)
8628 (86, 28)
8629 (86, 29)
8630 (86, 30)
8631 (86, 31)
8632 (86, 32)
8633 (86, 33)
8634 (86, 34)
8635 (86, 35)
8636 (86, 36)
8637 (86, 37)
8638 (86, 38)
8639 (86, 39)
8640 (86, 40)
8641 (86, 41)
8642 (86, 42)
8643 (86, 43)
8644 (86, 44)
8645 (86, 45)
8646 (86, 46)
8647 (86, 47)
8648 (86, 48)
8649 (86, 49)
8650 (86, 50)
8651 (86, 51)
8652 (86, 52)
8653 (86, 53)
8654 (86, 54)
8655 (86, 55)
8656 (86, 56)
8657 (86, 57)
8658 (86, 58)
8659 (86, 59)
8660 (86, 60)
8661 (86, 61)
8662 (86, 62)
8663 (86, 63)
8664 (86, 64)
8665 (86, 65)
8666 (86, 66)
8667 (86, 67)
8668 (86, 68)
8669 (86, 69)
8670 (86, 70)
8671 (86, 71)
8672 (86, 72)
8673 (86, 73)
8674 (86, 74)
8675 (86, 75)
8676 (86, 76)
8677 (86, 77)
8678 (86, 78)
8679 (86, 79)
8680 (86, 80)
8681 (86, 81)
8682 (86, 82)
8683 (86, 83)
8684 (86, 84)
8685 (86, 85)
8686 (86, 86)
8687 (86, 87)
8688 (86, 88)
8689 (86, 89)
8690 (86, 90)
8691 (86, 91)
8692 (86, 92)
8693 (86, 93)
8694 (86, 94)
8695 (86, 95)
8696 (86, 96)
8697 (86, 97)
8698 (86, 98)
8699 (86, 99)
8700 (87, 0)
8701 (87, 1)
8702 (87, 2)
8703 (87, 3)
8704 (87, 4)
8705 (87, 5)
8706 (87, 6)
8707 (87, 7)
8708 (87, 8)
8709 (87, 9)
8710 (87, 10)
8711 (87, 11)
8712 (87, 12)
8713 (87, 13)
8714 (87, 14)
8715 (87, 15)
8716 (87, 16)
8717 (87, 17)
8718 (87, 18)
8719 (87, 19)
8720 (87, 20)
8721 (87, 21)
8722 (87, 22)
8723 (87, 23)
8724 (87, 24)
8725 (87, 25)
8726 (87, 26)
8727 (87, 27)
8728 (87, 28)
8729 (87, 29)
8730 (87, 30)
8731 (87, 31)
8732 (87, 32)
8733 (87, 33)
8734 (87, 34)
8735 (87, 35)
8736 (87, 36)
8737 (87, 37)
8738 (87, 38)
8739 (87, 39)
8740 (87, 40)
8741 (87, 41)
8742 (87, 42)
8743 (87, 43)
8744 (87, 44)
8745 (87, 45)
8746 (87, 46)
8747 (87, 47)
8748 (87, 48)
8749 (87, 49)
8750 (87, 50)
8751 (87, 51)
8752 (87, 52)
8753 (87, 53)
8754 (87, 54)
8755 (87, 55)
8756 (87, 56)
8757 (87, 57)
8758 (87, 58)
8759 (87, 59)
8760 (87, 60)
8761 (87, 61)
8762 (87, 62)
8763 (87, 63)
8764 (87, 64)
8765 (87, 65)
8766 (87, 66)
8767 (87, 67)
8768 (87, 68)
8769 (87, 69)
8770 (87, 70)
8771 (87, 71)
8772 (87, 72)
8773 (87, 73)
8774 (87, 74)
8775 (87, 75)
8776 (87, 76)
8777 (87, 77)
8778 (87, 78)
8779 (87, 79)
8780 (87, 80)
8781 (87, 81)
8782 (87, 82)
8783 (87, 83)
8784 (87, 84)
8785 (87, 85)
8786 (87, 86)
8787 (87, 87)
8788 (87, 88)
8789 (87, 89)
8790 (87, 90)
8791 (87, 91)
8792 (87, 92)
8793 (87, 93)
8794 (87, 94)
8795 (87, 95)
8796 (87, 96)
8797 (87, 97)
8798 (87, 98)
8799 (87, 99)
8800 (88, 0)
8801 (88, 1)
8802 (88, 2)
8803 (88, 3)
8804 (88, 4)
8805 (88, 5)
8806 (88, 6)
8807 (88, 7)
8808 (88, 8)
8809 (88, 9)
8810 (88, 10)
8811 (88, 11)
8812 (88, 12)
8813 (88, 13)
8814 (88, 14)
8815 (88, 15)
8816 (88, 16)
8817 (88, 17)
8818 (88, 18)
8819 (88, 19)
8820 (88, 20)
8821 (88, 21)
8822 (88, 22)
8823 (88, 23)
8824 (88, 24)
8825 (88, 25)
8826 (88, 26)
8827 (88, 27)
8828 (88, 28)
8829 (88, 29)
8830 (88, 30)
8831 (88, 31)
8832 (88, 32)
8833 (88, 33)
8834 (88, 34)
8835 (88, 35)
8836 (88, 36)
8837 (88, 37)
8838 (88, 38)
8839 (88, 39)
8840 (88, 40)
8841 (88, 41)
8842 (88, 42)
8843 (88, 43)
8844 (88, 44)
8845 (88, 45)
8846 (88, 46)
8847 (88, 47)
8848 (88, 48)
8849 (88, 49)
8850 (88, 50)
8851 (88, 51)
8852 (88, 52)
8853 (88, 53)
8854 (88, 54)
8855 (88, 55)
8856 (88, 56)
8857 (88, 57)
8858 (88, 58)
8859 (88, 59)
8860 (88, 60)
8861 (88, 61)
8862 (88, 62)
8863 (88, 63)
8864 (88, 64)
8865 (88, 65)
8866 (88, 66)
8867 (88, 67)
8868 (88, 68)
8869 (88, 69)
8870 (88, 70)
8871 (88, 71)
8872 (88, 72)
8873 (88, 73)
8874 (88, 74)
8875 (88, 75)
8876 (88, 76)
8877 (88, 77)
8878 (88, 78)
8879 (88, 79)
8880 (88, 80)
8881 (88, 81)
8882 (88, 82)
8883 (88, 83)
8884 (88, 84)
8885 (88, 85)
8886 (88, 86)
8887 (88, 87)
8888 (88, 88)
8889 (88, 89)
8890 (88, 90)
8891 (88, 91)
8892 (88, 92)
8893 (88, 93)
8894 (88, 94)
8895 (88, 95)
8896 (88, 96)
8897 (88, 97)
8898 (88, 98)
8899 (88, 99)
8900 (89, 0)
8901 (89, 1)
8902 (89, 2)
8903 (89, 3)
8904 (89, 4)
8905 (89, 5)
8906 (89, 6)
8907 (89, 7)
8908 (89, 8)
8909 (89, 9)
8910 (89, 10)
8911 (89, 11)
8912 (89, 12)
8913 (89, 13)
8914 (89, 14)
8915 (89, 15)
8916 (89, 16)
8917 (89, 17)
8918 (89, 18)
8919 (89, 19)
8920 (89, 20)
8921 (89, 21)
8922 (89, 22)
8923 (89, 23)
8924 (89, 24)
8925 (89, 25)
8926 (89, 26)
8927 (89, 27)
8928 (89, 28)
8929 (89, 29)
8930 (89, 30)
8931 (89, 31)
8932 (89, 32)
8933 (89, 33)
8934 (89, 34)
8935 (89, 35)
8936 (89, 36)
8937 (89, 37)
8938 (89, 38)
8939 (89, 39)
8940 (89, 40)
8941 (89, 41)
8942 (89, 42)
8943 (89, 43)
8944 (89, 44)
8945 (89, 45)
8946 (89, 46)
8947 (89, 47)
8948 (89, 48)
8949 (89, 49)
8950 (89, 50)
8951 (89, 51)
8952 (89, 52)
8953 (89, 53)
8954 (89, 54)
8955 (89, 55)
8956 (89, 56)
8957 (89, 57)
8958 (89, 58)
8959 (89, 59)
8960 (89, 60)
8961 (89, 61)
8962 (89, 62)
8963 (89, 63)
8964 (89, 64)
8965 (89, 65)
8966 (89, 66)
8967 (89, 67)
8968 (89, 68)
8969 (89, 69)
8970 (89, 70)
8971 (89, 71)
8972 (89, 72)
8973 (89, 73)
8974 (89, 74)
8975 (89, 75)
8976 (89, 76)
8977 (89, 77)
8978 (89, 78)
8979 (89, 79)
8980 (89, 80)
8981 (89, 81)
8982 (89, 82)
8983 (89, 83)
8984 (89, 84)
8985 (89, 85)
8986 (89, 86)
8987 (89, 87)
8988 (89, 88)
8989 (89, 89)
8990 (89, 90)
8991 (89, 91)
8992 (89, 92)
8993 (89, 93)
8994 (89, 94)
8995 (89, 95)
8996 (89, 96)
8997 (89, 97)
8998 (89, 98)
8999 (89, 99)
9000 (90, 0)
9001 (90, 1)
9002 (90, 2)
9003 (90, 3)
9004 (90, 4)
9005 (90, 5)
9006 (90, 6)
9007 (90, 7)
9008 (90, 8)
9009 (90, 9)
9010 (90, 10)
9011 (90, 11)
9012 (90, 12)
9013 (90, 13)
9014 (90, 14)
9015 (90, 15)
9016 (90, 16)
9017 (90, 17)
9018 (90, 18)
9019 (90, 19)
9020 (90, 20)
9021 (90, 21)
9022 (90, 22)
9023 (90, 23)
9024 (90, 24)
9025 (90, 25)
9026 (90, 26)
9027 (90, 27)
9028 (90, 28)
9029 (90, 29)
9030 (90, 30)
9031 (90, 31)
9032 (90, 32)
9033 (90, 33)
9034 (90, 34)
9035 (90, 35)
9036 (90, 36)
9037 (90, 37)
9038 (90, 38)
9039 (90, 39)
9040 (90, 40)
9041 (90, 41)
9042 (90, 42)
9043 (90, 43)
9044 (90, 44)
9045 (90, 45)
9046 (90, 46)
9047 (90, 47)
9048 (90, 48)
9049 (90, 49)
9050 (90, 50)
9051 (90, 51)
9052 (90, 52)
9053 (90, 53)
9054 (90, 54)
9055 (90, 55)
9056 (90, 56)
9057 (90, 57)
9058 (90, 58)
9059 (90, 59)
9060 (90, 60)
9061 (90, 61)
9062 (90, 62)
9063 (90, 63)
9064 (90, 64)
9065 (90, 65)
9066 (90, 66)
9067 (90, 67)
9068 (90, 68)
9069 (90, 69)
9070 (90, 70)
9071 (90, 71)
9072 (90, 72)
9073 (90, 73)
9074 (90, 74)
9075 (90, 75)
9076 (90, 76)
9077 (90, 77)
9078 (90, 78)
9079 (90, 79)
9080 (90, 80)
9081 (90, 81)
9082 (90, 82)
9083 (90, 83)
9084 (90, 84)
9085 (90, 85)
9086 (90, 86)
9087 (90, 87)
9088 (90, 88)
9089 (90, 89)
9090 (90, 90)
9091 (90, 91)
9092 (90, 92)
9093 (90, 93)
9094 (90, 94)
9095 (90, 95)
9096 (90, 96)
9097 (90, 97)
9098 (90, 98)
9099 (90, 99)
9100 (91, 0)
9101 (91, 1)
9102 (91, 2)
9103 (91, 3)
9104 (91, 4)
9105 (91, 5)
9106 (91, 6)
9107 (91, 7)
9108 (91, 8)
9109 (91, 9)
9110 (91, 10)
9111 (91, 11)
9112 (91, 12)
9113 (91, 13)
9114 (91, 14)
9115 (91, 15)
9116 (91, 16)
9117 (91, 17)
9118 (91, 18)
9119 (91, 19)
9120 (91, 20)
9121 (91, 21)
9122 (91, 22)
9123 (91, 23)
9124 (91, 24)
9125 (91, 25)
9126 (91, 26)
9127 (91, 27)
9128 (91, 28)
9129 (91, 29)
9130 (91, 30)
9131 (91, 31)
9132 (91, 32)
9133 (91, 33)
9134 (91, 34)
9135 (91, 35)
9136 (91, 36)
9137 (91, 37)
9138 (91, 38)
9139 (91, 39)
9140 (91, 40)
9141 (91, 41)
9142 (91, 42)
9143 (91, 43)
9144 (91, 44)
9145 (91, 45)
9146 (91, 46)
9147 (91, 47)
9148 (91, 48)
9149 (91, 49)
9150 (91, 50)
9151 (91, 51)
9152 (91, 52)
9153 (91, 53)
9154 (91, 54)
9155 (91, 55)
9156 (91, 56)
9157 (91, 57)
9158 (91, 58)
9159 (91, 59)
9160 (91, 60)
9161 (91, 61)
9162 (91, 62)
9163 (91, 63)
9164 (91, 64)
9165 (91, 65)
9166 (91, 66)
9167 (91, 67)
9168 (91, 68)
9169 (91, 69)
9170 (91, 70)
9171 (91, 71)
9172 (91, 72)
9173 (91, 73)
9174 (91, 74)
9175 (91, 75)
9176 (91, 76)
9177 (91, 77)
9178 (91, 78)
9179 (91, 79)
9180 (91, 80)
9181 (91, 81)
9182 (91, 82)
9183 (91, 83)
9184 (91, 84)
9185 (91, 85)
9186 (91, 86)
9187 (91, 87)
9188 (91, 88)
9189 (91, 89)
9190 (91, 90)
9191 (91, 91)
9192 (91, 92)
9193 (91, 93)
9194 (91, 94)
9195 (91, 95)
9196 (91, 96)
9197 (91, 97)
9198 (91, 98)
9199 (91, 99)
9200 (92, 0)
9201 (92, 1)
9202 (92, 2)
9203 (92, 3)
9204 (92, 4)
9205 (92, 5)
9206 (92, 6)
9207 (92, 7)
9208 (92, 8)
9209 (92, 9)
9210 (92, 10)
9211 (92, 11)
9212 (92, 12)
9213 (92, 13)
9214 (92, 14)
9215 (92, 15)
9216 (92, 16)
9217 (92, 17)
9218 (92, 18)
9219 (92, 19)
9220 (92, 20)
9221 (92, 21)
9222 (92, 22)
9223 (92, 23)
9224 (92, 24)
9225 (92, 25)
9226 (92, 26)
9227 (92, 27)
9228 (92, 28)
9229 (92, 29)
9230 (92, 30)
9231 (92, 31)
9232 (92, 32)
9233 (92, 33)
9234 (92, 34)
9235 (92, 35)
9236 (92, 36)
9237 (92, 37)
9238 (92, 38)
9239 (92, 39)
9240 (92, 40)
9241 (92, 41)
9242 (92, 42)
9243 (92, 43)
9244 (92, 44)
9245 (92, 45)
9246 (92, 46)
9247 (92, 47)
9248 (92, 48)
9249 (92, 49)
9250 (92, 50)
9251 (92, 51)
9252 (92, 52)
9253 (92, 53)
9254 (92, 54)
9255 (92, 55)
9256 (92, 56)
9257 (92, 57)
9258 (92, 58)
9259 (92, 59)
9260 (92, 60)
9261 (92, 61)
9262 (92, 62)
9263 (92, 63)
9264 (92, 64)
9265 (92, 65)
9266 (92, 66)
9267 (92, 67)
9268 (92, 68)
9269 (92, 69)
9270 (92, 70)
9271 (92, 71)
9272 (92, 72)
9273 (92, 73)
9274 (92, 74)
9275 (92, 75)
9276 (92, 76)
9277 (92, 77)
9278 (92, 78)
9279 (92, 79)
9280 (92, 80)
9281 (92, 81)
9282 (92, 82)
9283 (92, 83)
9284 (92, 84)
9285 (92, 85)
9286 (92, 86)
9287 (92, 87)
9288 (92, 88)
9289 (92, 89)
9290 (92, 90)
9291 (92, 91)
9292 (92, 92)
9293 (92, 93)
9294 (92, 94)
9295 (92, 95)
9296 (92, 96)
9297 (92, 97)
9298 (92, 98)
9299 (92, 99)
9300 (93, 0)
9301 (93, 1)
9302 (93, 2)
9303 (93, 3)
9304 (93, 4)
9305 (93, 5)
9306 (93, 6)
9307 (93, 7)
9308 (93, 8)
9309 (93, 9)
9310 (93, 10)
9311 (93, 11)
9312 (93, 12)
9313 (93, 13)
9314 (93, 14)
9315 (93, 15)
9316 (93, 16)
9317 (93, 17)
9318 (93, 18)
9319 (93, 19)
9320 (93, 20)
9321 (93, 21)
9322 (93, 22)
9323 (93, 23)
9324 (93, 24)
9325 (93, 25)
9326 (93, 26)
9327 (93, 27)
9328 (93, 28)
9329 (93, 29)
9330 (93, 30)
9331 (93, 31)
9332 (93, 32)
9333 (93, 33)
9334 (93, 34)
9335 (93, 35)
9336 (93, 36)
9337 (93, 37)
9338 (93, 38)
9339 (93, 39)
9340 (93, 40)
9341 (93, 41)
9342 (93, 42)
9343 (93, 43)
9344 (93, 44)
9345 (93, 45)
9346 (93, 46)
9347 (93, 47)
9348 (93, 48)
9349 (93, 49)
9350 (93, 50)
9351 (93, 51)
9352 (93, 52)
9353 (93, 53)
9354 (93, 54)
9355 (93, 55)
9356 (93, 56)
9357 (93, 57)
9358 (93, 58)
9359 (93, 59)
9360 (93, 60)
9361 (93, 61)
9362 (93, 62)
9363 (93, 63)
9364 (93, 64)
9365 (93, 65)
9366 (93, 66)
9367 (93, 67)
9368 (93, 68)
9369 (93, 69)
9370 (93, 70)
9371 (93, 71)
9372 (93, 72)
9373 (93, 73)
9374 (93, 74)
9375 (93, 75)
9376 (93, 76)
9377 (93, 77)
9378 (93, 78)
9379 (93, 79)
9380 (93, 80)
9381 (93, 81)
9382 (93, 82)
9383 (93, 83)
9384 (93, 84)
9385 (93, 85)
9386 (93, 86)
9387 (93, 87)
9388 (93, 88)
9389 (93, 89)
9390 (93, 90)
9391 (93, 91)
9392 (93, 92)
9393 (93, 93)
9394 (93, 94)
9395 (93, 95)
9396 (93, 96)
9397 (93, 97)
9398 (93, 98)
9399 (93, 99)
9400 (94, 0)
9401 (94, 1)
9402 (94, 2)
9403 (94, 3)
9404 (94, 4)
9405 (94, 5)
9406 (94, 6)
9407 (94, 7)
9408 (94, 8)
9409 (94, 9)
9410 (94, 10)
9411 (94, 11)
9412 (94, 12)
9413 (94, 13)
9414 (94, 14)
9415 (94, 15)
9416 (94, 16)
9417 (94, 17)
9418 (94, 18)
9419 (94, 19)
9420 (94, 20)
9421 (94, 21)
9422 (94, 22)
9423 (94, 23)
9424 (94, 24)
9425 (94, 25)
9426 (94, 26)
9427 (94, 27)
9428 (94, 28)
9429 (94, 29)
9430 (94, 30)
9431 (94, 31)
9432 (94, 32)
9433 (94, 33)
9434 (94, 34)
9435 (94, 35)
9436 (94, 36)
9437 (94, 37)
9438 (94, 38)
9439 (94, 39)
9440 (94, 40)
9441 (94, 41)
9442 (94, 42)
9443 (94, 43)
9444 (94, 44)
9445 (94, 45)
9446 (94, 46)
9447 (94, 47)
9448 (94, 48)
9449 (94, 49)
9450 (94, 50)
9451 (94, 51)
9452 (94, 52)
9453 (94, 53)
9454 (94, 54)
9455 (94, 55)
9456 (94, 56)
9457 (94, 57)
9458 (94, 58)
9459 (94, 59)
9460 (94, 60)
9461 (94, 61)
9462 (94, 62)
9463 (94, 63)
9464 (94, 64)
9465 (94, 65)
9466 (94, 66)
9467 (94, 67)
9468 (94, 68)
9469 (94, 69)
9470 (94, 70)
9471 (94, 71)
9472 (94, 72)
9473 (94, 73)
9474 (94, 74)
9475 (94, 75)
9476 (94, 76)
9477 (94, 77)
9478 (94, 78)
9479 (94, 79)
9480 (94, 80)
9481 (94, 81)
9482 (94, 82)
9483 (94, 83)
9484 (94, 84)
9485 (94, 85)
9486 (94, 86)
9487 (94, 87)
9488 (94, 88)
9489 (94, 89)
9490 (94, 90)
9491 (94, 91)
9492 (94, 92)
9493 (94, 93)
9494 (94, 94)
9495 (94, 95)
9496 (94, 96)
9497 (94, 97)
9498 (94, 98)
9499 (94, 99)
9500 (95, 0)
9501 (95, 1)
9502 (95, 2)
9503 (95, 3)
9504 (95, 4)
9505 (95, 5)
9506 (95, 6)
9507 (95, 7)
9508 (95, 8)
9509 (95, 9)
9510 (95, 10)
9511 (95, 11)
9512 (95, 12)
9513 (95, 13)
9514 (95, 14)
9515 (95, 15)
9516 (95, 16)
9517 (95, 17)
9518 (95, 18)
9519 (95, 19)
9520 (95, 20)
9521 (95, 21)
9522 (95, 22)
9523 (95, 23)
9524 (95, 24)
9525 (95, 25)
9526 (95, 26)
9527 (95, 27)
9528 (95, 28)
9529 (95, 29)
9530 (95, 30)
9531 (95, 31)
9532 (95, 32)
9533 (95, 33)
9534 (95, 34)
9535 (95, 35)
9536 (95, 36)
9537 (95, 37)
9538 (95, 38)
9539 (95, 39)
9540 (95, 40)
9541 (95, 41)
9542 (95, 42)
9543 (95, 43)
9544 (95, 44)
9545 (95, 45)
9546 (95, 46)
9547 (95, 47)
9548 (95, 48)
9549 (95, 49)
9550 (95, 50)
9551 (95, 51)
9552 (95, 52)
9553 (95, 53)
9554 (95, 54)
9555 (95, 55)
9556 (95, 56)
9557 (95, 57)
9558 (95, 58)
9559 (95, 59)
9560 (95, 60)
9561 (95, 61)
9562 (95, 62)
9563 (95, 63)
9564 (95, 64)
9565 (95, 65)
9566 (95, 66)
9567 (95, 67)
9568 (95, 68)
9569 (95, 69)
9570 (95, 70)
9571 (95, 71)
9572 (95, 72)
9573 (95, 73)
9574 (95, 74)
9575 (95, 75)
9576 (95, 76)
9577 (95, 77)
9578 (95, 78)
9579 (95, 79)
9580 (95, 80)
9581 (95, 81)
9582 (95, 82)
9583 (95, 83)
9584 (95, 84)
9585 (95, 85)
9586 (95, 86)
9587 (95, 87)
9588 (95, 88)
9589 (95, 89)
9590 (95, 90)
9591 (95, 91)
9592 (95, 92)
9593 (95, 93)
9594 (95, 94)
9595 (95, 95)
9596 (95, 96)
9597 (95, 97)
9598 (95, 98)
9599 (95, 99)
9600 (96, 0)
9601 (96, 1)
9602 (96, 2)
9603 (96, 3)
9604 (96, 4)
9605 (96, 5)
9606 (96, 6)
9607 (96, 7)
9608 (96, 8)
9609 (96, 9)
9610 (96, 10)
9611 (96, 11)
9612 (96, 12)
9613 (96, 13)
9614 (96, 14)
9615 (96, 15)
9616 (96, 16)
9617 (96, 17)
9618 (96, 18)
9619 (96, 19)
9620 (96, 20)
9621 (96, 21)
9622 (96, 22)
9623 (96, 23)
9624 (96, 24)
9625 (96, 25)
9626 (96, 26)
9627 (96, 27)
9628 (96, 28)
9629 (96, 29)
9630 (96, 30)
9631 (96, 31)
9632 (96, 32)
9633 (96, 33)
9634 (96, 34)
9635 (96, 35)
9636 (96, 36)
9637 (96, 37)
9638 (96, 38)
9639 (96, 39)
9640 (96, 40)
9641 (96, 41)
9642 (96, 42)
9643 (96, 43)
9644 (96, 44)
9645 (96, 45)
9646 (96, 46)
9647 (96, 47)
9648 (96, 48)
9649 (96, 49)
9650 (96, 50)
9651 (96, 51)
9652 (96, 52)
9653 (96, 53)
9654 (96, 54)
9655 (96, 55)
9656 (96, 56)
9657 (96, 57)
9658 (96, 58)
9659 (96, 59)
9660 (96, 60)
9661 (96, 61)
9662 (96, 62)
9663 (96, 63)
9664 (96, 64)
9665 (96, 65)
9666 (96, 66)
9667 (96, 67)
9668 (96, 68)
9669 (96, 69)
9670 (96, 70)
9671 (96, 71)
9672 (96, 72)
9673 (96, 73)
9674 (96, 74)
9675 (96, 75)
9676 (96, 76)
9677 (96, 77)
9678 (96, 78)
9679 (96, 79)
9680 (96, 80)
9681 (96, 81)
9682 (96, 82)
9683 (96, 83)
9684 (96, 84)
9685 (96, 85)
9686 (96, 86)
9687 (96, 87)
9688 (96, 88)
9689 (96, 89)
9690 (96, 90)
9691 (96, 91)
9692 (96, 92)
9693 (96, 93)
9694 (96, 94)
9695 (96, 95)
9696 (96, 96)
9697 (96, 97)
9698 (96, 98)
9699 (96, 99)
9700 (97, 0)
9701 (97, 1)
9702 (97, 2)
9703 (97, 3)
9704 (97, 4)
9705 (97, 5)
9706 (97, 6)
9707 (97, 7)
9708 (97, 8)
9709 (97, 9)
9710 (97, 10)
9711 (97, 11)
9712 (97, 12)
9713 (97, 13)
9714 (97, 14)
9715 (97, 15)
9716 (97, 16)
9717 (97, 17)
9718 (97, 18)
9719 (97, 19)
9720 (97, 20)
9721 (97, 21)
9722 (97, 22)
9723 (97, 23)
9724 (97, 24)
9725 (97, 25)
9726 (97, 26)
9727 (97, 27)
9728 (97, 28)
9729 (97, 29)
9730 (97, 30)
9731 (97, 31)
9732 (97, 32)
9733 (97, 33)
9734 (97, 34)
9735 (97, 35)
9736 (97, 36)
9737 (97, 37)
9738 (97, 38)
9739 (97, 39)
9740 (97, 40)
9741 (97, 41)
9742 (97, 42)
9743 (97, 43)
9744 (97, 44)
9745 (97, 45)
9746 (97, 46)
9747 (97, 47)
9748 (97, 48)
9749 (97, 49)
9750 (97, 50)
9751 (97, 51)
9752 (97, 52)
9753 (97, 53)
9754 (97, 54)
9755 (97, 55)
9756 (97, 56)
9757 (97, 57)
9758 (97, 58)
9759 (97, 59)
9760 (97, 60)
9761 (97, 61)
9762 (97, 62)
9763 (97, 63)
9764 (97, 64)
9765 (97, 65)
9766 (97, 66)
9767 (97, 67)
9768 (97, 68)
9769 (97, 69)
9770 (97, 70)
9771 (97, 71)
9772 (97, 72)
9773 (97, 73)
9774 (97, 74)
9775 (97, 75)
9776 (97, 76)
9777 (97, 77)
9778 (97, 78)
9779 (97, 79)
9780 (97, 80)
9781 (97, 81)
9782 (97, 82)
9783 (97, 83)
9784 (97, 84)
9785 (97, 85)
9786 (97, 86)
9787 (97, 87)
9788 (97, 88)
9789 (97, 89)
9790 (97, 90)
9791 (97, 91)
9792 (97, 92)
9793 (97, 93)
9794 (97, 94)
9795 (97, 95)
9796 (97, 96)
9797 (97, 97)
9798 (97, 98)
9799 (97, 99)
9800 (98, 0)
9801 (98, 1)
9802 (98, 2)
9803 (98, 3)
9804 (98, 4)
9805 (98, 5)
9806 (98, 6)
9807 (98, 7)
9808 (98, 8)
9809 (98, 9)
9810 (98, 10)
9811 (98, 11)
9812 (98, 12)
9813 (98, 13)
9814 (98, 14)
9815 (98, 15)
9816 (98, 16)
9817 (98, 17)
9818 (98, 18)
9819 (98, 19)
9820 (98, 20)
9821 (98, 21)
9822 (98, 22)
9823 (98, 23)
9824 (98, 24)
9825 (98, 25)
9826 (98, 26)
9827 (98, 27)
9828 (98, 28)
9829 (98, 29)
9830 (98, 30)
9831 (98, 31)
9832 (98, 32)
9833 (98, 33)
9834 (98, 34)
9835 (98, 35)
9836 (98, 36)
9837 (98, 37)
9838 (98, 38)
9839 (98, 39)
9840 (98, 40)
9841 (98, 41)
9842 (98, 42)
9843 (98, 43)
9844 (98, 44)
9845 (98, 45)
9846 (98, 46)
9847 (98, 47)
9848 (98, 48)
9849 (98, 49)
9850 (98, 50)
9851 (98, 51)
9852 (98, 52)
9853 (98, 53)
9854 (98, 54)
9855 (98, 55)
9856 (98, 56)
9857 (98, 57)
9858 (98, 58)
9859 (98, 59)
9860 (98, 60)
9861 (98, 61)
9862 (98, 62)
9863 (98, 63)
9864 (98, 64)
9865 (98, 65)
9866 (98, 66)
9867 (98, 67)
9868 (98, 68)
9869 (98, 69)
9870 (98, 70)
9871 (98, 71)
9872 (98, 72)
9873 (98, 73)
9874 (98, 74)
9875 (98, 75)
9876 (98, 76)
9877 (98, 77)
9878 (98, 78)
9879 (98, 79)
9880 (98, 80)
9881 (98, 81)
9882 (98, 82)
9883 (98, 83)
9884 (98, 84)
9885 (98, 85)
9886 (98, 86)
9887 (98, 87)
9888 (98, 88)
9889 (98, 89)
9890 (98, 90)
9891 (98, 91)
9892 (98, 92)
9893 (98, 93)
9894 (98, 94)
9895 (98, 95)
9896 (98, 96)
9897 (98, 97)
9898 (98, 98)
9899 (98, 99)
9900 (99, 0)
9901 (99, 1)
9902 (99, 2)
9903 (99, 3)
9904 (99, 4)
9905 (99, 5)
9906 (99, 6)
9907 (99, 7)
9908 (99, 8)
9909 (99, 9)
9910 (99, 10)
9911 (99, 11)
9912 (99, 12)
9913 (99, 13)
9914 (99, 14)
9915 (99, 15)
9916 (99, 16)
9917 (99, 17)
9918 (99, 18)
9919 (99, 19)
9920 (99, 20)
9921 (99, 21)
9922 (99, 22)
9923 (99, 23)
9924 (99, 24)
9925 (99, 25)
9926 (99, 26)
9927 (99, 27)
9928 (99, 28)
9929 (99, 29)
9930 (99, 30)
9931 (99, 31)
9932 (99, 32)
9933 (99, 33)
9934 (99, 34)
9935 (99, 35)
9936 (99, 36)
9937 (99, 37)
9938 (99, 38)
9939 (99, 39)
9940 (99, 40)
9941 (99, 41)
9942 (99, 42)
9943 (99, 43)
9944 (99, 44)
9945 (99, 45)
9946 (99, 46)
9947 (99, 47)
9948 (99, 48)
9949 (99, 49)
9950 (99, 50)
9951 (99, 51)
9952 (99, 52)
9953 (99, 53)
9954 (99, 54)
9955 (99, 55)
9956 (99, 56)
9957 (99, 57)
9958 (99, 58)
9959 (99, 59)
9960 (99, 60)
9961 (99, 61)
9962 (99, 62)
9963 (99, 63)
9964 (99, 64)
9965 (99, 65)
9966 (99, 66)
9967 (99, 67)
9968 (99, 68)
9969 (99, 69)
9970 (99, 70)
9971 (99, 71)
9972 (99, 72)
9973 (99, 73)
9974 (99, 74)
9975 (99, 75)
9976 (99, 76)
9977 (99, 77)
9978 (99, 78)
9979 (99, 79)
9980 (99, 80)
9981 (99, 81)
9982 (99, 82)
9983 (99, 83)
9984 (99, 84)
9985 (99, 85)
9986 (99, 86)
9987 (99, 87)
9988 (99, 88)
9989 (99, 89)
9990 (99, 90)
9991 (99, 91)
9992 (99, 92)
9993 (99, 93)
9994 (99, 94)
9995 (99, 95)
9996 (99, 96)
9997 (99, 97)
9998 (99, 98)
9999 (99, 99)
0 1
1 0 2 101
2 1 3 102
3 2 4 103
4 3 5 104
5 4 6
6 5 7 106
7 6 8 107
8 7 9 108
9 8 109
10 11 110
11 10 12
12 11 13 112
13 12 14
14 13 15 114
15 14 16 115
16 15 17 116
17 16 18 117
18 17 19
19 18 119
20 21 120
21 20 22 121
22 21 23 122
23 22 24 123
24 23 25 124
25 24 125
26 27 126
27 26 28 127
28 27 128
29 30 129
30 29 31 130
31 30 32 131
32 31 33 132
33 32 34 133
34 33 35 134
35 34 36
36 35 37 136
37 36 38 137
38 37 39 138
39 38 139
40 41 140
41 40 141
42 142
43 44 143
44 43 45 144
45 44 46 145
46 45 47 146
47 46 48 147
48 47 49 148
49 48 50
50 49 51 150
51 50 52 151
52 51 53 152
53 52 54 153
54 53 55 154
55 54 56
56 55
57 58 157
58 57 158
59 60 159
60 59 61 160
61 60 62 161
62 61 63 162
63 62 64 163
64 63 65 164
65 64 66 165
66 65 67 166
67 66 68 167
68 67 69 168
69 68 70 169
70 69 71
71 70 72 171
72 71 172
73 74 173
74 73 75
75 74 76 175
76 75 77 176
77 76 78
78 77
79 179
80 180
81 82
82 81 83 182
83 82 84 183
84 83 85 184
85 84 86 185
86 85 87
87 86 88 187
88 87 89 188
89 88 90 189
90 89 91 190
91 90 92 191
92 91 93 192
93 92 193
94 95 194
95 94 96 195
96 95 97 196
97 96 98 197
98 97 99 198
99 98 199
100 101 200
101 1 100 102 201
102 2 101 103 202
103 3 102 104 203
104 4 103 105 204
105 104 106 205
106 6 105 107 206
107 7 106 108 207
108 8 107 109 208
109 9 108 110
110 10 109 111 210
111 110 112 211
112 12 111 113 212
113 112 114 213
114 14 113 115 214
115 15 114 116 215
116 16 115 117 216
117 17 116 118
118 117 119 218
119 19 118 120 219
120 20 119 220
121 21 122 221
122 22 121 123 222
123 23 122 124 223
124 24 123 125 224
125 25 124 126 225
126 26 125 226
127 27 128 227
128 28 127 129 228
129 29 128 130 229
130 30 129 131 230
131 31 130 132 231
132 32 131 133 232
133 33 132 134 233
134 34 133 135 234
135 134 136 235
136 36 135 137 236
137 37 136 138 237
138 38 137 139 238
139 39 138 140 239
140 40 139 141 240
141 41 140 142 241
142 42 141 143 242
143 43 142 144 243
144 44 143 145 244
145 45 144 146 245
146 46 145 147 246
147 47 146 148 247
148 48 147
149 150 249
150 50 149 250
151 51 152 251
152 52 151 153 252
153 53 152 154 253
154 54 153 155 254
155 154 156 255
156 155 157 256
157 57 156 158 257
158 58 157 159 258
159 59 158 160 259
160 60 159 260
161 61 162
162 62 161 163 262
163 63 162 164 263
164 64 163 165 264
165 65 164 166 265
166 66 165 167 266
167 67 166 168 267
168 68 167 169 268
169 69 168 170 269
170 169 171 270
171 71 170 172 271
172 72 171 173
173 73 172 174 273
174 173 175 274
175 75 174 176 275
176 76 175 177 276
177 176 178 277
178 177 278
179 79 180 279
180 80 179 181 280
181 180 182 281
182 82 181 282
183 83 283
184 84
185 85 186 285
186 185 187
187 87 186 188 287
188 88 187 189 288
189 89 188 190 289
190 90 189 191 290
191 91 190 192 291
192 92 191 193 292
193 93 192 194 293
194 94 193 195 294
195 95 194 196 295
196 96 195 197 296
197 97 196 198 297
198 98 197 199 298
199 99 198 299
200 100 201 300
201 101 200 202 301
202 102 201 203 302
203 103 202 204 303
204 104 203 304
205 105 206 305
206 106 205 207 306
207 107 206 208 307
208 108 207 209 308
209 208 210 309
210 110 209 211 310
211 111 210 212 311
212 112 211 213 312
213 113 212 214
214 114 213 215 314
215 115 214 216
216 116 215 217 316
217 216 317
218 118 219 318
219 119 218 220 319
220 120 219 221 320
221 121 220 222 321
222 122 221 322
223 123 224 323
224 124 223
225 125 226 325
226 126 225 227
227 127 226 228 327
228 128 227 229 328
229 129 228 329
230 130 231 330
231 131 230 232 331
232 132 231 233 332
233 133 232 234 333
234 134 233 235
235 135 234 236 335
236 136 235 237 336
237 137 236 238
238 138 237 239 338
239 139 238 240 339
240 140 239 241 340
241 141 240 242 341
242 142 241 243 342
243 143 242 244 343
244 144 243 245 344
245 145 244 246 345
246 146 245 247 346
247 147 246 347
248 249 348
249 149 248 250 349
250 150 249 251 350
251 151 250 252 351
252 152 251 253 352
253 153 252 254 353
254 154 253 255
255 155 254 256 355
256 156 255 257 356
257 157 256 258 357
258 158 257 259 358
259 159 258 260 359
260 160 259 261 360
261 260 262 361
262 162 261 263 362
263 163 262 264 363
264 164 263 265 364
265 165 264 266 365
266 166 265 366
267 167 268 367
268 168 267 269
269 169 268 270 369
270 170 269 271 370
271 171 270 272 371
272 271 372
273 173 274
274 174 273 275 374
275 175 274 276 375
276 176 275 277 376
277 177 276 278 377
278 178 277 279 378
279 179 278 280 379
280 180 279 281 380
281 181 280 282 381
282 182 281 283 382
283 183 282 284
284 283 285 384
285 185 284 385
286 287
287 187 286 387
288 188 289 388
289 189 288 290 389
290 190 289 291 390
291 191 290 292 391
292 192 291 293 392
293 193 292 393
294 194 295 394
295 195 294 296
296 196 295 297 396
297 197 296 298 397
298 198 297 299 398
299 199 298 399
300 200 301 400
301 201 300 401
302 202 303
303 203 302 304
304 204 303 305 404
305 205 304 306 405
306 206 305 307 406
307 207 306 407
308 208 309 408
309 209 308 409
310 210 311 410
311 211 310 312
312 212 311 313 412
313 312 314 413
314 214 313 315 414
315 314 316 415
316 216 315 317 416
317 217 316 318 417
318 218 317 319 418
319 219 318 320 419
320 220 319 321 420
321 221 320 322 421
322 222 321 323 422
323 223 322 324 423
324 323 325 424
325 225 324 326 425
326 325 327 426
327 227 326 328
328 228 327 329 428
329 229 328 330 429
330 230 329 331 430
331 231 330 332 431
332 232 331 432
333 233 334 433
334 333 335 434
335 235 334 336 435
336 236 335 337 436
337 336 338 437
338 238 337 339 438
339 239 338 340 439
340 240 339 341 440
341 241 340 342 441
342 242 341 343 442
343 243 342 443
344 244 444
345 245 346 445
346 246 345 347 446
347 247 346 348 447
348 248 347 349 448
349 249 348 350 449
350 250 349 351 450
351 251 350 352
352 252 351 353 452
353 253 352 354
354 353 355 454
355 255 354
356 256 357 456
357 257 356 358 457
358 258 357 359 458
359 259 358 360 459
360 260 359 460
361 261 362 461
362 262 361 462
363 263 463
364 264 365
365 265 364 366 465
366 266 365 466
367 267 368 467
368 367 369 468
369 269 368 370 469
370 270 369 470
371 271 372 471
372 272 371 373 472
373 372 374
374 274 373 375 474
375 275 374 376 475
376 276 375 377 476
377 277 376 378 477
378 278 377 379 478
379 279 378 479
380 280 480
381 281 382 481
382 282 381 383 482
383 382 384 483
384 284 383 385 484
385 285 384 386 485
386 385 387 486
387 287 386 388 487
388 288 387 389
389 289 388 390 489
390 290 389 391 490
391 291 390 491
392 292 393 492
393 293 392 394 493
394 294 393 395 494
395 394 396 495
396 296 395 397 496
397 297 396 398 497
398 298 397 399
399 299 398 499
400 300 500
401 301 402 501
402 401 403
403 402 404 503
404 304 403 405 504
405 305 404 406 505
406 306 405 407 506
407 307 406 408 507
408 308 407 409 508
409 309 408 410 509
410 310 409 411 510
411 410 412 511
412 312 411 413 512
413 313 412 414 513
414 314 413 415 514
415 315 414 416 515
416 316 415 417 516
417 317 416 418 517
418 318 417 518
419 319 420
420 320 419 421
421 321 420 422
422 322 421 522
423 323 424 523
424 324 423 425 524
425 325 424 426 525
426 326 425 427 526
427 426 428 527
428 328 427 429 528
429 329 428 430 529
430 330 429 431 530
431 331 430 432
432 332 431 433 532
433 333 432 434 533
434 334 433 534
435 335 436 535
436 336 435 437 536
437 337 436 438 537
438 338 437 439 538
439 339 438 440 539
440 340 439 441 540
441 341 440 442 541
442 342 441 443 542
443 343 442 444 543
444 344 443 445 544
445 345 444 446 545
446 346 445 447 546
447 347 446 547
448 348 449
449 349 448 450 549
450 350 449 451
451 450 452 551
452 352 451 453 552
453 452 454 553
454 354 453
455 456 555
456 356 455 556
457 357 458 557
458 358 457 558
459 359 460 559
460 360 459 560
461 361 462 561
462 362 461 562
463 363 464 563
464 463 465 564
465 365 464 466 565
466 366 465 467 566
467 367 466 468
468 368 467 469 568
469 369 468 470 569
470 370 469 471 570
471 371 470 472 571
472 372 471 473
473 472 573
474 374 475 574
475 375 474 476 575
476 376 475 477 576
477 377 476 577
478 378 479 578
479 379 478 480 579
480 380 479 481 580
481 381 480 482 581
482 382 481 483 582
483 383 482 583
484 384 485 584
485 385 484 486 585
486 386 485 487 586
487 387 486 488 587
488 487 489 588
489 389 488 490
490 390 489 491 590
491 391 490 591
492 392 493
493 393 492 494 593
494 394 493 495
495 395 494 496 595
496 396 495 497 596
497 397 496 498 597
498 497 499 598
499 399 498
500 400 501 600
501 401 500 502 601
502 501 503 602
503 403 502 504 603
504 404 503 505 604
505 405 504 506 605
506 406 505 507 606
507 407 506 607
508 408 509 608
509 409 508 510 609
510 410 509 511 610
511 411 510 512 611
512 412 511 513 612
513 413 512 514 613
514 414 513 515
515 415 514 516 615
516 416 515 517 616
517 417 516 617
518 418 519 618
519 518 520 619
520 519 521 620
521 520 522 621
522 422 521 523 622
523 423 522 623
524 424 525 624
525 425 524 526 625
526 426 525 527 626
527 427 526 528 627
528 428 527 529 628
529 429 528 629
530 430 531 630
531 530 532 631
532 432 531 533 632
533 433 532 534 633
534 434 533 535 634
535 435 534 536 635
536 436 535 537 636
537 437 536 538 637
538 438 537 539 638
539 439 538 540 639
540 440 539 541 640
541 441 540 542 641
542 442 541 543 642
543 443 542 544
544 444 543 545
545 445 544 645
546 446 547 646
547 447 546 548
548 547 549 648
549 449 548 550 649
550 549 551 650
551 451 550 552 651
552 452 551 553 652
553 453 552 653
554 555 654
555 455 554 556 655
556 456 555 656
557 457 558 657
558 458 557 559 658
559 459 558 560 659
560 460 559 561
561 461 560 562 661
562 462 561 563 662
563 463 562 564 663
564 464 563 565 664
565 465 564 566 665
566 466 565 567 666
567 566 568 667
568 468 567 569 668
569 469 568 570 669
570 470 569 571 670
571 471 570 572 671
572 571 573 672
573 473 572 574 673
574 474 573 575 674
575 475 574 576
576 476 575 577 676
577 477 576 578 677
578 478 577 579 678
579 479 578 580 679
580 480 579 581 680
581 481 580 582
582 482 581 583
583 483 582 584 683
584 484 583 585 684
585 485 584 586 685
586 486 585 587 686
587 487 586 588 687
588 488 587 589 688
589 588 689
590 490 591 690
591 491 590 592 691
592 591 593 692
593 493 592 594 693
594 593 595 694
595 495 594 596 695
596 496 595 597 696
597 497 596 598 697
598 498 597 599
599 598 699
600 500 601
601 501 600 602 701
602 502 601 603 702
603 503 602 703
604 504 605 704
605 505 604 606 705
606 506 605 607 706
607 507 606 608 707
608 508 607 609 708
609 509 608 610
610 510 609 611 710
611 511 610 612 711
612 512 611 613 712
613 513 612 614 713
614 613
615 515 616 715
616 516 615 716
617 517 618 717
618 518 617 619 718
619 519 618 620 719
620 520 619 621 720
621 521 620 721
622 522 623 722
623 523 622 624 723
624 524 623 625 724
625 525 624 626 725
626 526 625 627 726
627 527 626 628 727
628 528 627 629 728
629 529 628 630 729
630 530 629 631 730
631 531 630 632 731
632 532 631 633 732
633 533 632 634 733
634 534 633 635 734
635 535 634 636 735
636 536 635 637 736
637 537 636 638 737
638 538 637 639 738
639 539 638 640 739
640 540 639 740
641 541 642 741
642 542 641 643
643 642 644 743
644 643 645 744
645 545 644 646 745
646 546 645 647 746
647 646 648 747
648 548 647 649 748
649 549 648 650 749
650 550 649 651 750
651 551 650 751
652 552 653 752
653 553 652 654 753
654 554 653 655 754
655 555 654 656 755
656 556 655 657 756
657 557 656 658
658 558 657 758
659 559 660 759
660 659 661 760
661 561 660 662 761
662 562 661 663 762
663 563 662 664 763
664 564 663 665 764
665 565 664 666 765
666 566 665 667 766
667 567 666 668
668 568 667 669
669 569 668 670
670 570 669 671 770
671 571 670 672 771
672 572 671 673 772
673 573 672 674
674 574 673 675 774
675 674 676 775
676 576 675 677 776
677 577 676 678 777
678 578 677 679 778
679 579 678 680 779
680 580 679 681
681 680 781
682 683 782
683 583 682 684 783
684 584 683 685 784
685 585 684 686 785
686 586 685 687 786
687 587 686 688 787
688 588 687 689 788
689 589 688 690 789
690 590 689 790
691 591
692 592 693 792
693 593 692 694 793
694 594 693 695 794
695 595 694 696 795
696 596 695 697 796
697 597 696 698 797
698 697 699 798
699 599 698 799
700 701 800
701 601 700 702 801
702 602 701 802
703 603 704 803
704 604 703 705
705 605 704 706 805
706 606 705 707 806
707 607 706 708 807
708 608 707 709 808
709 708 710
710 610 709 711 810
711 611 710 811
712 612 713
713 613 712 714
714 713 715 814
715 615 714 716 815
716 616 715 717
717 617 716 817
718 618 719 818
719 619 718 720 819
720 620 719 721
721 621 720 722 821
722 622 721 723 822
723 623 722 724 823
724 624 723 725 824
725 625 724 726 825
726 626 725 727 826
727 627 726 728 827
728 628 727 729 828
729 629 728 730 829
730 630 729 731 830
731 631 730 831
732 632 733 832
733 633 732 734 833
734 634 733 735 834
735 635 734 736 835
736 636 735 737 836
737 637 736 738 837
738 638 737 739 838
739 639 738 839
740 640 741 840
741 641 740 742 841
742 741 743 842
743 643 742 744 843
744 644 743 745 844
745 645 744 746 845
746 646 745 747 846
747 647 746 748 847
748 648 747 749 848
749 649 748 750 849
750 650 749 850
751 651 752 851
752 652 751 753 852
753 653 752 853
754 654 755 854
755 655 754 756 855
756 656 755 757 856
757 756 758 857
758 658 757 759
759 659 758 760 859
760 660 759 761 860
761 661 760 762 861
762 662 761 763 862
763 663 762 764 863
764 664 763 765
765 665 764 766 865
766 666 765 767 866
767 766
768 769
769 768 770 869
770 670 769 771 870
771 671 770 772 871
772 672 771 773 872
773 772 774 873
774 674 773 775
775 675 774 776 875
776 676 775 876
777 677 778 877
778 678 777 878
779 679 780 879
780 779 781 880
781 681 780 782 881
782 682 781 783 882
783 683 782 883
784 684 785
785 685 784 786 885
786 686 785 787 886
787 687 786 788 887
788 688 787 789 888
789 689 788 790 889
790 690 789 791 890
791 790 792 891
792 692 791 793 892
793 693 792 794 893
794 694 793 795 894
795 695 794 796 895
796 696 795 896
797 697 798 897
798 698 797 799 898
799 699 798 899
800 700 801 900
801 701 800 802 901
802 702 801 803 902
803 703 802 804 903
804 803 805 904
805 705 804 806
806 706 805 807 906
807 707 806 808 907
808 708 807 809 908
809 808 810 909
810 710 809 811 910
811 711 810 812 911
812 811 813 912
813 812 814 913
814 714 813 815 914
815 715 814 816
816 815 817 916
817 717 816 818 917
818 718 817 819 918
819 719 818 919
820 821
821 721 820 822 921
822 722 821
823 723 824 923
824 724 823 825 924
825 725 824 826 925
826 726 825 827 926
827 727 826 828 927
828 728 827 829 928
829 729 828 830 929
830 730 829 831 930
831 731 830 832 931
832 732 831 833 932
833 733 832 834 933
834 734 833 835 934
835 735 834 836 935
836 736 835 837 936
837 737 836 937
838 738 839 938
839 739 838 840 939
840 740 839 841 940
841 741 840 842 941
842 742 841 843 942
843 743 842 844 943
844 744 843 845 944
845 745 844 846 945
846 746 845 847 946
847 747 846 848 947
848 748 847 849 948
849 749 848 850 949
850 750 849 851 950
851 751 850 951
852 752 853
853 753 852 854 953
854 754 853 855 954
855 755 854 856
856 756 855 857 956
857 757 856 858 957
858 857 859 958
859 759 858 959
860 760 861 960
861 761 860 862 961
862 762 861 863 962
863 763 862 864 963
864 863 865 964
865 765 864 965
866 766 966
867 868 967
868 867 869 968
869 769 868 870 969
870 770 869 871 970
871 771 870 872 971
872 772 871 972
873 773 874 973
874 873 875
875 775 874 876 975
876 776 875 877 976
877 777 876 878 977
878 778 877 879 978
879 779 878 880 979
880 780 879 881 980
881 781 880 882 981
882 782 881 982
883 783 884 983
884 883 885 984
885 785 884 886 985
886 786 885 887 986
887 787 886 888 987
888 788 887 889 988
889 789 888 890 989
890 790 889 891 990
891 791 890 892
892 792 891 893 992
893 793 892 894 993
894 794 893 895 994
895 795 894 896 995
896 796 895 897 996
897 797 896 898 997
898 798 897 899 998
899 799 898 999
900 800 901
901 801 900 902 1001
902 802 901 1002
903 803 904 1003
904 804 903 905 1004
905 904 906 1005
906 806 905 907 1006
907 807 906 908 1007
908 808 907 909 1008
909 809 908 910 1009
910 810 909 911 1010
911 811 910 912 1011
912 812 911 913 1012
913 813 912 1013
914 814
915 916 1015
916 816 915 917 1016
917 817 916 918 1017
918 818 917 919 1018
919 819 918 920 1019
920 919 921
921 821 920 922 1021
922 921 923 1022
923 823 922 924 1023
924 824 923 925 1024
925 825 924 926 1025
926 826 925 927 1026
927 827 926 928 1027
928 828 927 929
929 829 928 930 1029
930 830 929 931
931 831 930 932 1031
932 832 931 933 1032
933 833 932 934
934 834 933 935 1034
935 835 934 1035
936 836 937 1036
937 837 936 1037
938 838 939 1038
939 839 938 940 1039
940 840 939 941 1040
941 841 940 942
942 842 941 943
943 843 942 944 1043
944 844 943 945 1044
945 845 944 1045
946 846 947 1046
947 847 946 948 1047
948 848 947 949
949 849 948 950
950 850 949 951 1050
951 851 950 952 1051
952 951 953 1052
953 853 952 954 1053
954 854 953 955 1054
955 954 956 1055
956 856 955 957 1056
957 857 956 958
958 858 957 959 1058
959 859 958 960
960 860 959 961 1060
961 861 960 962 1061
962 862 961 963
963 863 962 1063
964 864 965 1064
965 865 964
966 866 967 1066
967 867 966 968 1067
968 868 967 969 1068
969 869 968 1069
970 870 971 1070
971 871 970 972 1071
972 872 971 973
973 873 972 974 1073
974 973 975 1074
975 875 974 976 1075
976 876 975 977 1076
977 877 976 978 1077
978 878 977 979 1078
979 879 978 980 1079
980 880 979 1080
981 881 982 1081
982 882 981 983
983 883 982 984 1083
984 884 983 985 1084
985 885 984 986 1085
986 886 985 987 1086
987 887 986 988 1087
988 888 987 989 1088
989 889 988 990 1089
990 890 989 991 1090
991 990 992 1091
992 892 991 993 1092
993 893 992 994 1093
994 894 993 995 1094
995 895 994 1095
996 896 997 1096
997 897 996 998 1097
998 898 997 999 1098
999 899 998 1099
1000 1001 1100
1001 901 1000 1002 1101
1002 902 1001 1003 1102
1003 903 1002 1004
1004 904 1003 1005 1104
1005 905 1004 1006 1105
1006 906 1005 1007 1106
1007 907 1006 1008 1107
1008 908 1007 1009 1108
1009 909 1008 1010 1109
1010 910 1009 1110
1011 911 1012 1111
1012 912 1011 1013 1112
1013 913 1012 1014 1113
1014 1013 1114
1015 915 1016 1115
1016 916 1015 1017 1116
1017 917 1016 1018 1117
1018 918 1017 1019 1118
1019 919 1018 1020 1119
1020 1019 1120
1021 921 1022 1121
1022 922 1021 1023
1023 923 1022 1024 1123
1024 924 1023 1025 1124
1025 925 1024 1026 1125
1026 926 1025 1027 1126
1027 927 1026 1127
1028 1029 1128
1029 929 1028 1129
1030 1130
1031 931 1032 1131
1032 932 1031 1033 1132
1033 1032 1034
1034 934 1033 1035 1134
1035 935 1034 1036 1135
1036 936 1035 1037 1136
1037 937 1036 1038 1137
1038 938 1037 1039 1138
1039 939 1038 1040 1139
1040 940 1039 1041 1140
1041 1040 1042 1141
1042 1041 1043 1142
1043 943 1042 1044 1143
1044 944 1043 1045 1144
1045 945 1044 1046
1046 946 1045 1146
1047 947 1048 1147
1048 1047 1049 1148
1049 1048 1050 1149
1050 950 1049 1051 1150
1051 951 1050 1052 1151
1052 952 1051 1053 1152
1053 953 1052 1153
1054 954 1055 1154
1055 955 1054 1056 1155
1056 956 1055 1057 1156
1057 1056 1058 1157
1058 958 1057 1059 1158
1059 1058 1060 1159
1060 960 1059 1061 1160
1061 961 1060 1062 1161
1062 1061 1063 1162
1063 963 1062 1064 1163
1064 964 1063 1065
1065 1064 1066 1165
1066 966 1065 1067 1166
1067 967 1066 1068 1167
1068 968 1067 1069 1168
1069 969 1068 1070 1169
1070 970 1069
1071 971 1072 1171
1072 1071 1073 1172
1073 973 1072 1074
1074 974 1073 1075
1075 975 1074 1076 1175
1076 976 1075 1077 1176
1077 977 1076 1078 1177
1078 978 1077 1079 1178
1079 979 1078 1179
1080 980 1081 1180
1081 981 1080 1082 1181
1082 1081 1182
1083 983 1084
1084 984 1083 1085 1184
1085 985 1084 1185
1086 986 1087 1186
1087 987 1086 1088 1187
1088 988 1087 1089 1188
1089 989 1088 1090 1189
1090 990 1089 1190
1091 991 1092 1191
1092 992 1091 1093 1192
1093 993 1092 1094 1193
1094 994 1093 1095 1194
1095 995 1094 1096 1195
1096 996 1095 1097 1196
1097 997 1096 1098 1197
1098 998 1097 1099 1198
1099 999 1098 1199
1100 1000 1101 1200
1101 1001 1100 1102 1201
1102 1002 1101 1103 1202
1103 1102 1104 1203
1104 1004 1103 1105 1204
1105 1005 1104 1106
1106 1006 1105 1107 1206
1107 1007 1106 1108 1207
1108 1008 1107 1109
1109 1009 1108 1110 1209
1110 1010 1109 1111
1111 1011 1110
1112 1012 1113 1212
1113 1013 1112 1114 1213
1114 1014 1113 1115 1214
1115 1015 1114 1116 1215
1116 1016 1115 1117 1216
1117 1017 1116 1118 1217
1118 1018 1117 1119 1218
1119 1019 1118 1120 1219
1120 1020 1119 1121 1220
1121 1021 1120 1122
1122 1121 1123 1222
1123 1023 1122 1124 1223
1124 1024 1123
1125 1025 1225
1126 1026 1127
1127 1027 1126 1128
1128 1028 1127 1228
1129 1029 1229
1130 1030 1131 1230
1131 1031 1130 1132 1231
1132 1032 1131 1133 1232
1133 1132 1134 1233
1134 1034 1133 1135 1234
1135 1035 1134 1136 1235
1136 1036 1135 1137 1236
1137 1037 1136 1138 1237
1138 1038 1137 1139 1238
1139 1039 1138 1140 1239
1140 1040 1139 1141 1240
1141 1041 1140 1142 1241
1142 1042 1141 1143
1143 1043 1142 1144 1243
1144 1044 1143 1145 1244
1145 1144 1146 1245
1146 1046 1145 1147 1246
1147 1047 1146 1148 1247
1148 1048 1147 1149 1248
1149 1049 1148 1150 1249
1150 1050 1149 1151
1151 1051 1150 1251
1152 1052 1153 1252
1153 1053 1152 1253
1154 1054 1155 1254
1155 1055 1154 1156 1255
1156 1056 1155 1157 1256
1157 1057 1156 1158 1257
1158 1058 1157 1159 1258
1159 1059 1158 1160 1259
1160 1060 1159 1161 1260
1161 1061 1160 1162
1162 1062 1161 1163 1262
1163 1063 1162 1164 1263
1164 1163 1165 1264
1165 1065 1164 1166 1265
1166 1066 1165 1167 1266
1167 1067 1166 1168 1267
1168 1068 1167 1169 1268
1169 1069 1168 1269
1170 1171 1270
1171 1071 1170 1172 1271
1172 1072 1171 1173 1272
1173 1172 1174 1273
1174 1173 1175 1274
1175 1075 1174 1176 1275
1176 1076 1175 1177 1276
1177 1077 1176 1178 1277
1178 1078 1177 1179 1278
1179 1079 1178 1180 1279
1180 1080 1179 1181
1181 1081 1180 1182 1281
1182 1082 1181 1183 1282
1183 1182 1184 1283
1184 1084 1183 1185 1284
1185 1085 1184 1186 1285
1186 1086 1185
1187 1087 1188 1287
1188 1088 1187 1189
1189 1089 1188 1190
1190 1090 1189 1191 1290
1191 1091 1190 1192 1291
1192 1092 1191 1193 1292
1193 1093 1192 1194 1293
1194 1094 1193 1195 1294
1195 1095 1194 1196 1295
1196 1096 1195 1197 1296
1197 1097 1196 1198 1297
1198 1098 1197 1298
1199 1099 1299
1200 1100 1300
1201 1101 1301
1202 1102 1203 1302
1203 1103 1202 1204 1303
1204 1104 1203 1205 1304
1205 1204 1206 1305
1206 1106 1205 1207
1207 1107 1206 1307
1208 1209 1308
1209 1109 1208 1210 1309
1210 1209 1211 1310
1211 1210 1212 1311
1212 1112 1211 1213
1213 1113 1212 1214
1214 1114 1213 1215 1314
1215 1115 1214 1216 1315
1216 1116 1215 1217
1217 1117 1216 1218
1218 1118 1217 1219 1318
1219 1119 1218 1220 1319
1220 1120 1219 1221
1221 1220 1222 1321
1222 1122 1221 1223 1322
1223 1123 1222 1224 1323
1224 1223 1225 1324
1225 1125 1224 1226 1325
1226 1225 1227
1227 1226 1228 1327
1228 1128 1227 1229 1328
1229 1129 1228 1230 1329
1230 1130 1229 1231 1330
1231 1131 1230 1232 1331
1232 1132 1231 1233 1332
1233 1133 1232 1234 1333
1234 1134 1233
1235 1135 1236 1335
1236 1136 1235 1237 1336
1237 1137 1236 1238 1337
1238 1138 1237 1239 1338
1239 1139 1238 1240 1339
1240 1140 1239 1241 1340
1241 1141 1240 1242 1341
1242 1241 1243 1342
1243 1143 1242 1244 1343
1244 1144 1243 1245
1245 1145 1244 1246 1345
1246 1146 1245 1247 1346
1247 1147 1246 1248 1347
1248 1148 1247 1249 1348
1249 1149 1248 1250 1349
1250 1249 1350
1251 1151 1252 1351
1252 1152 1251 1253 1352
1253 1153 1252 1254 1353
1254 1154 1253 1255
1255 1155 1254 1256 1355
1256 1156 1255 1257 1356
1257 1157 1256 1258 1357
1258 1158 1257 1259
1259 1159 1258 1359
1260 1160 1261 1360
1261 1260 1262 1361
1262 1162 1261 1263 1362
1263 1163 1262 1264 1363
1264 1164 1263 1265 1364
1265 1165 1264 1266 1365
1266 1166 1265 1267 1366
1267 1167 1266 1268 1367
1268 1168 1267 1269 1368
1269 1169 1268 1369
1270 1170 1271 1370
1271 1171 1270 1272 1371
1272 1172 1271 1273 1372
1273 1173 1272 1274 1373
1274 1174 1273 1374
1275 1175 1276 1375
1276 1176 1275 1277 1376
1277 1177 1276 1278 1377
1278 1178 1277 1279 1378
1279 1179 1278 1280
1280 1279 1380
1281 1181 1282 1381
1282 1182 1281 1382
1283 1183 1284 1383
1284 1184 1283 1384
1285 1185 1286 1385
1286 1285 1287 1386
1287 1187 1286 1288 1387
1288 1287 1289 1388
1289 1288 1290 1389
1290 1190 1289 1291 1390
1291 1191 1290 1292 1391
1292 1192 1291 1392
1293 1193 1294 1393
1294 1194 1293 1295 1394
1295 1195 1294 1296 1395
1296 1196 1295 1297 1396
1297 1197 1296 1298 1397
1298 1198 1297
1299 1199
1300 1200 1301 1400
1301 1201 1300 1302 1401
1302 1202 1301 1303
1303 1203 1302 1304 1403
1304 1204 1303 1305 1404
1305 1205 1304 1306 1405
1306 1305 1307 1406
1307 1207 1306 1308 1407
1308 1208 1307 1309 1408
1309 1209 1308 1310 1409
1310 1210 1309 1311 1410
1311 1211 1310 1411
1312 1313 1412
1313 1312 1314 1413
1314 1214 1313 1414
1315 1215 1316 1415
1316 1315 1317
1317 1316 1318 1417
1318 1218 1317 1319 1418
1319 1219 1318 1320 1419
1320 1319 1321 1420
1321 1221 1320 1322 1421
1322 1222 1321 1323 1422
1323 1223 1322 1324 1423
1324 1224 1323 1325 1424
1325 1225 1324 1326 1425
1326 1325 1327 1426
1327 1227 1326 1328
1328 1228 1327 1329 1428
1329 1229 1328 1330 1429
1330 1230 1329 1331 1430
1331 1231 1330 1332 1431
1332 1232 1331 1333 1432
1333 1233 1332 1334 1433
1334 1333 1335
1335 1235 1334 1336 1435
1336 1236 1335 1337 1436
1337 1237 1336 1338 1437
1338 1238 1337 1339 1438
1339 1239 1338 1340 1439
1340 1240 1339 1341 1440
1341 1241 1340 1342 1441
1342 1242 1341 1343 1442
1343 1243 1342 1344 1443
1344 1343 1345 1444
1345 1245 1344 1346 1445
1346 1246 1345 1347 1446
1347 1247 1346 1348 1447
1348 1248 1347 1349 1448
1349 1249 1348 1350 1449
1350 1250 1349 1351 1450
1351 1251 1350 1352 1451
1352 1252 1351 1353 1452
1353 1253 1352 1354 1453
1354 1353 1355 1454
1355 1255 1354 1356 1455
1356 1256 1355 1357 1456
1357 1257 1356 1358 1457
1358 1357 1359 1458
1359 1259 1358 1360 1459
1360 1260 1359 1361 1460
1361 1261 1360 1362 1461
1362 1262 1361 1363 1462
1363 1263 1362 1364 1463
1364 1264 1363 1365 1464
1365 1265 1364 1366 1465
1366 1266 1365 1367 1466
1367 1267 1366 1368 1467
1368 1268 1367 1369 1468
1369 1269 1368 1370 1469
1370 1270 1369 1371 1470
1371 1271 1370 1372 1471
1372 1272 1371 1373 1472
1373 1273 1372 1374
1374 1274 1373 1375 1474
1375 1275 1374 1376 1475
1376 1276 1375 1377 1476
1377 1277 1376 1477
1378 1278 1379 1478
1379 1378 1380 1479
1380 1280 1379 1381
1381 1281 1380 1382 1481
1382 1282 1381 1383 1482
1383 1283 1382 1384 1483
1384 1284 1383 1385 1484
1385 1285 1384 1386 1485
1386 1286 1385 1387 1486
1387 1287 1386 1487
1388 1288 1389 1488
1389 1289 1388 1390 1489
1390 1290 1389 1391 1490
1391 1291 1390 1392 1491
1392 1292 1391 1492
1393 1293 1394 1493
1394 1294 1393 1395 1494
1395 1295 1394 1396 1495
1396 1296 1395 1397 1496
1397 1297 1396 1398
1398 1397 1399 1498
1399 1398 1499
1400 1300 1401 1500
1401 1301 1400 1402 1501
1402 1401 1403 1502
1403 1303 1402 1404 1503
1404 1304 1403 1405
1405 1305 1404 1406 1505
1406 1306 1405 1407 1506
1407 1307 1406 1408 1507
1408 1308 1407 1409 1508
1409 1309 1408 1410 1509
1410 1310 1409 1510
1411 1311 1412 1511
1412 1312 1411 1512
1413 1313 1414 1513
1414 1314 1413 1415 1514
1415 1315 1414 1416 1515
1416 1415 1417 1516
1417 1317 1416 1418
1418 1318 1417 1419 1518
1419 1319 1418 1420 1519
1420 1320 1419 1421 1520
1421 1321 1420 1422 1521
1422 1322 1421 1423 1522
1423 1323 1422 1424 1523
1424 1324 1423 1425 1524
1425 1325 1424 1426 1525
1426 1326 1425 1427 1526
1427 1426 1428 1527
1428 1328 1427 1429 1528
1429 1329 1428 1430 1529
1430 1330 1429 1431 1530
1431 1331 1430 1432 1531
1432 1332 1431 1433
1433 1333 1432 1434 1533
1434 1433 1435 1534
1435 1335 1434 1436 1535
1436 1336 1435 1437 1536
1437 1337 1436 1438
1438 1338 1437 1439 1538
1439 1339 1438 1440 1539
1440 1340 1439 1441 1540
1441 1341 1440 1442
1442 1342 1441 1443 1542
1443 1343 1442 1444 1543
1444 1344 1443 1544
1445 1345 1446 1545
1446 1346 1445
1447 1347 1448
1448 1348 1447 1449 1548
1449 1349 1448 1549
1450 1350 1451 1550
1451 1351 1450 1452
1452 1352 1451 1453 1552
1453 1353 1452 1454 1553
1454 1354 1453 1455 1554
1455 1355 1454 1456 1555
1456 1356 1455 1457 1556
1457 1357 1456 1458 1557
1458 1358 1457 1459 1558
1459 1359 1458 1460
1460 1360 1459 1461 1560
1461 1361 1460 1462 1561
1462 1362 1461 1463 1562
1463 1363 1462 1464 1563
1464 1364 1463 1465 1564
1465 1365 1464 1466 1565
1466 1366 1465 1467 1566
1467 1367 1466 1468 1567
1468 1368 1467 1469 1568
1469 1369 1468 1470 1569
1470 1370 1469 1471 1570
1471 1371 1470 1571
1472 1372 1473 1572
1473 1472 1474 1573
1474 1374 1473 1475 1574
1475 1375 1474 1476 1575
1476 1376 1475 1477 1576
1477 1377 1476 1577
1478 1378 1479 1578
1479 1379 1478 1480 1579
1480 1479 1481 1580
1481 1381 1480 1482 1581
1482 1382 1481 1483 1582
1483 1383 1482 1583
1484 1384 1485
1485 1385 1484 1486 1585
1486 1386 1485 1487 1586
1487 1387 1486 1488 1587
1488 1388 1487 1489 1588
1489 1389 1488 1490 1589
1490 1390 1489 1491 1590
1491 1391 1490 1591
1492 1392 1493 1592
1493 1393 1492 1494
1494 1394 1493 1495 1594
1495 1395 1494 1496 1595
1496 1396 1495 1497 1596
1497 1496 1498 1597
1498 1398 1497 1499 1598
1499 1399 1498 1599
1500 1400 1501 1600
1501 1401 1500 1502 1601
1502 1402 1501 1503 1602
1503 1403 1502 1504 1603
1504 1503 1505 1604
1505 1405 1504 1605
1506 1406 1507 1606
1507 1407 1506 1508 1607
1508 1408 1507 1509 1608
1509 1409 1508 1510 1609
1510 1410 1509 1511 1610
1511 1411 1510 1512 1611
1512 1412 1511 1513 1612
1513 1413 1512 1613
1514 1414 1515 1614
1515 1415 1514 1516 1615
1516 1416 1515 1616
1517 1518 1617
1518 1418 1517 1519 1618
1519 1419 1518 1520 1619
1520 1420 1519 1620
1521 1421 1621
1522 1422 1523 1622
1523 1423 1522 1524 1623
1524 1424 1523 1525 1624
1525 1425 1524 1526 1625
1526 1426 1525 1527 1626
1527 1427 1526 1528 1627
1528 1428 1527 1529 1628
1529 1429 1528 1530 1629
1530 1430 1529 1531 1630
1531 1431 1530 1631
1532 1533 1632
1533 1433 1532 1633
1534 1434 1535 1634
1535 1435 1534 1536 1635
1536 1436 1535 1537 1636
1537 1536 1538
1538 1438 1537 1539 1638
1539 1439 1538 1540 1639
1540 1440 1539 1640
1541 1542 1641
1542 1442 1541 1543 1642
1543 1443 1542 1544 1643
1544 1444 1543 1545 1644
1545 1445 1544 1546 1645
1546 1545 1547 1646
1547 1546 1548 1647
1548 1448 1547 1549 1648
1549 1449 1548 1550 1649
1550 1450 1549 1551 1650
1551 1550 1552 1651
1552 1452 1551 1553 1652
1553 1453 1552 1554 1653
1554 1454 1553 1555
1555 1455 1554 1556 1655
1556 1456 1555 1557 1656
1557 1457 1556 1558 1657
1558 1458 1557 1658
1559 1560 1659
1560 1460 1559 1561 1660
1561 1461 1560 1562 1661
1562 1462 1561 1563 1662
1563 1463 1562 1564
1564 1464 1563 1565
1565 1465 1564 1566 1665
1566 1466 1565 1567 1666
1567 1467 1566 1568 1667
1568 1468 1567 1569 1668
1569 1469 1568 1570
1570 1470 1569 1670
1571 1471 1572 1671
1572 1472 1571 1672
1573 1473 1574 1673
1574 1474 1573 1575 1674
1575 1475 1574 1576 1675
1576 1476 1575 1577 1676
1577 1477 1576 1578 1677
1578 1478 1577 1579 1678
1579 1479 1578 1580 1679
1580 1480 1579 1581 1680
1581 1481 1580 1582 1681
1582 1482 1581 1583 1682
1583 1483 1582 1683
1584 1585 1684
1585 1485 1584 1586 1685
1586 1486 1585 1587 1686
1587 1487 1586 1588 1687
1588 1488 1587 1589 1688
1589 1489 1588 1689
1590 1490 1591 1690
1591 1491 1590 1592
1592 1492 1591 1593 1692
1593 1592 1594 1693
1594 1494 1593 1694
1595 1495 1596 1695
1596 1496 1595 1597
1597 1497 1596 1598 1697
1598 1498 1597 1599 1698
1599 1499 1598 1699
1600 1500 1601 1700
1601 1501 1600 1602
1602 1502 1601 1603 1702
1603 1503 1602 1604 1703
1604 1504 1603 1605 1704
1605 1505 1604 1606 1705
1606 1506 1605 1607 1706
1607 1507 1606 1608 1707
1608 1508 1607 1609 1708
1609 1509 1608 1709
1610 1510 1611 1710
1611 1511 1610 1612 1711
1612 1512 1611 1613 1712
1613 1513 1612 1614 1713
1614 1514 1613 1615
1615 1515 1614 1616 1715
1616 1516 1615 1617 1716
1617 1517 1616 1618 1717
1618 1518 1617 1619 1718
1619 1519 1618 1620 1719
1620 1520 1619 1621 1720
1621 1521 1620 1622 1721
1622 1522 1621 1722
1623 1523 1624 1723
1624 1524 1623 1724
1625 1525 1626 1725
1626 1526 1625 1627 1726
1627 1527 1626 1727
1628 1528 1629 1728
1629 1529 1628 1630 1729
1630 1530 1629
1631 1531 1632 1731
1632 1532 1631 1633 1732
1633 1533 1632 1634 1733
1634 1534 1633 1635 1734
1635 1535 1634 1636 1735
1636 1536 1635 1736
1637 1638 1737
1638 1538 1637 1639 1738
1639 1539 1638 1640 1739
1640 1540 1639 1641 1740
1641 1541 1640 1741
1642 1542 1643 1742
1643 1543 1642 1644 1743
1644 1544 1643 1744
1645 1545 1646 1745
1646 1546 1645 1647 1746
1647 1547 1646 1648 1747
1648 1548 1647 1649 1748
1649 1549 1648 1650 1749
1650 1550 1649 1651 1750
1651 1551 1650 1652 1751
1652 1552 1651 1653 1752
1653 1553 1652 1654 1753
1654 1653 1655 1754
1655 1555 1654 1656
1656 1556 1655 1657 1756
1657 1557 1656 1658 1757
1658 1558 1657 1659 1758
1659 1559 1658 1660 1759
1660 1560 1659 1661 1760
1661 1561 1660 1662
1662 1562 1661 1663 1762
1663 1662 1664 1763
1664 1663 1665 1764
1665 1565 1664 1666 1765
1666 1566 1665 1667 1766
1667 1567 1666 1668
1668 1568 1667 1669 1768
1669 1668 1670 1769
1670 1570 1669 1671 1770
1671 1571 1670 1672 1771
1672 1572 1671 1772
1673 1573 1674 1773
1674 1574 1673 1675 1774
1675 1575 1674 1676 1775
1676 1576 1675 1677 1776
1677 1577 1676 1678 1777
1678 1578 1677 1679 1778
1679 1579 1678 1680 1779
1680 1580 1679 1681 1780
1681 1581 1680 1682
1682 1582 1681 1683 1782
1683 1583 1682 1684 1783
1684 1584 1683 1685
1685 1585 1684 1686 1785
1686 1586 1685 1687 1786
1687 1587 1686 1688 1787
1688 1588 1687 1689 1788
1689 1589 1688 1789
1690 1590 1691 1790
1691 1690 1692 1791
1692 1592 1691 1693 1792
1693 1593 1692 1694 1793
1694 1594 1693 1695 1794
1695 1595 1694 1696
1696 1695 1697 1796
1697 1597 1696 1698 1797
1698 1598 1697 1699 1798
1699 1599 1698 1799
1700 1600 1701 1800
1701 1700 1702 1801
1702 1602 1701 1703 1802
1703 1603 1702 1704 1803
1704 1604 1703 1705 1804
1705 1605 1704 1706 1805
1706 1606 1705 1707
1707 1607 1706 1708 1807
1708 1608 1707 1709 1808
1709 1609 1708 1710 1809
1710 1610 1709 1711 1810
1711 1611 1710 1712 1811
1712 1612 1711 1713 1812
1713 1613 1712 1714 1813
1714 1713 1715 1814
1715 1615 1714 1815
1716 1616 1717 1816
1717 1617 1716 1718 1817
1718 1618 1717 1719 1818
1719 1619 1718 1720 1819
1720 1620 1719 1721 1820
1721 1621 1720 1821
1722 1622 1723 1822
1723 1623 1722 1724 1823
1724 1624 1723 1725
1725 1625 1724 1726
1726 1626 1725
1727 1627 1728 1827
1728 1628 1727 1729 1828
1729 1629 1728 1730 1829
1730 1729 1731 1830
1731 1631 1730 1732 1831
1732 1632 1731 1733 1832
1733 1633 1732 1734 1833
1734 1634 1733 1735 1834
1735 1635 1734 1736 1835
1736 1636 1735 1737 1836
1737 1637 1736 1738 1837
1738 1638 1737 1739 1838
1739 1639 1738 1740 1839
1740 1640 1739 1741 1840
1741 1641 1740 1742 1841
1742 1642 1741 1743 1842
1743 1643 1742 1744 1843
1744 1644 1743 1745 1844
1745 1645 1744 1746 1845
1746 1646 1745 1747 1846
1747 1647 1746 1748 1847
1748 1648 1747 1749 1848
1749 1649 1748 1750 1849
1750 1650 1749 1751 1850
1751 1651 1750 1752 1851
1752 1652 1751 1753 1852
1753 1653 1752 1754 1853
1754 1654 1753 1755 1854
1755 1754 1756 1855
1756 1656 1755 1757 1856
1757 1657 1756 1758 1857
1758 1658 1757 1759
1759 1659 1758 1760 1859
1760 1660 1759 1761 1860
1761 1760 1762 1861
1762 1662 1761 1763 1862
1763 1663 1762 1863
1764 1664 1765 1864
1765 1665 1764 1766 1865
1766 1666 1765 1866
1767 1768 1867
1768 1668 1767 1769 1868
1769 1669 1768 1770 1869
1770 1670 1769 1771 1870
1771 1671 1770 1772
1772 1672 1771 1773 1872
1773 1673 1772 1774
1774 1674 1773 1775
1775 1675 1774 1776 1875
1776 1676 1775 1777
1777 1677 1776 1778 1877
1778 1678 1777 1779 1878
1779 1679 1778 1780
1780 1680 1779 1781 1880
1781 1780 1782 1881
1782 1682 1781 1783 1882
1783 1683 1782 1784 1883
1784 1783 1785 1884
1785 1685 1784 1786 1885
1786 1686 1785 1787 1886
1787 1687 1786 1788 1887
1788 1688 1787 1789
1789 1689 1788 1790 1889
1790 1690 1789 1791 1890
1791 1691 1790 1792 1891
1792 1692 1791 1793 1892
1793 1693 1792 1794 1893
1794 1694 1793 1795
1795 1794 1796 1895
1796 1696 1795 1797 1896
1797 1697 1796 1798 1897
1798 1698 1797 1799 1898
1799 1699 1798 1899
1800 1700 1801
1801 1701 1800 1802 1901
1802 1702 1801 1803 1902
1803 1703 1802 1804 1903
1804 1704 1803 1805 1904
1805 1705 1804 1806 1905
1806 1805 1807 1906
1807 1707 1806 1808 1907
1808 1708 1807 1908
1809 1709 1810 1909
1810 1710 1809 1811 1910
1811 1711 1810 1812 1911
1812 1712 1811 1813 1912
1813 1713 1812 1814 1913
1814 1714 1813 1815
1815 1715 1814 1816
1816 1716 1815 1817 1916
1817 1717 1816 1818 1917
1818 1718 1817 1819 1918
1819 1719 1818 1820 1919
1820 1720 1819 1821 1920
1821 1721 1820 1822 1921
1822 1722 1821 1823 1922
1823 1723 1822 1824 1923
1824 1823 1825 1924
1825 1824 1826 1925
1826 1825 1827 1926
1827 1727 1826 1828 1927
1828 1728 1827 1829 1928
1829 1729 1828 1830 1929
1830 1730 1829 1831 1930
1831 1731 1830 1832
1832 1732 1831 1833 1932
1833 1733 1832 1834 1933
1834 1734 1833 1835 1934
1835 1735 1834 1836 1935
1836 1736 1835 1837 1936
1837 1737 1836 1937
1838 1738 1839 1938
1839 1739 1838 1840
1840 1740 1839 1841 1940
1841 1741 1840 1842 1941
1842 1742 1841 1843 1942
1843 1743 1842 1844 1943
1844 1744 1843 1845 1944
1845 1745 1844 1846 1945
1846 1746 1845 1847
1847 1747 1846 1848 1947
1848 1748 1847 1849 1948
1849 1749 1848 1850 1949
1850 1750 1849 1851 1950
1851 1751 1850 1852 1951
1852 1752 1851 1853 1952
1853 1753 1852 1854 1953
1854 1754 1853 1855 1954
1855 1755 1854 1856 1955
1856 1756 1855 1857 1956
1857 1757 1856 1858 1957
1858 1857 1859
1859 1759 1858 1959
1860 1760 1861 1960
1861 1761 1860 1862 1961
1862 1762 1861 1863 1962
1863 1763 1862 1864 1963
1864 1764 1863 1865
1865 1765 1864 1866 1965
1866 1766 1865 1966
1867 1767 1868 1967
1868 1768 1867 1869
1869 1769 1868 1870 1969
1870 1770 1869 1871 1970
1871 1870 1872 1971
1872 1772 1871 1873 1972
1873 1872 1874 1973
1874 1873 1875 1974
1875 1775 1874 1876 1975
1876 1875 1877 1976
1877 1777 1876 1878 1977
1878 1778 1877 1879 1978
1879 1878 1880 1979
1880 1780 1879 1980
1881 1781 1882 1981
1882 1782 1881 1883 1982
1883 1783 1882 1884 1983
1884 1784 1883 1885 1984
1885 1785 1884 1886 1985
1886 1786 1885 1887 1986
1887 1787 1886 1888 1987
1888 1887 1889 1988
1889 1789 1888 1890 1989
1890 1790 1889 1891 1990
1891 1791 1890 1991
1892 1792 1893 1992
1893 1793 1892 1894 1993
1894 1893 1895 1994
1895 1795 1894 1896 1995
1896 1796 1895 1996
1897 1797 1898 1997
1898 1798 1897 1899 1998
1899 1799 1898 1999
1900 1901 2000
1901 1801 1900 2001
1902 1802 1903 2002
1903 1803 1902 1904 2003
1904 1804 1903 1905 2004
1905 1805 1904 1906 2005
1906 1806 1905 2006
1907 1807 1908 2007
1908 1808 1907 1909 2008
1909 1809 1908 1910
1910 1810 1909 1911 2010
1911 1811 1910 1912 2011
1912 1812 1911 1913 2012
1913 1813 1912 1914
1914 1913 1915 2014
1915 1914 1916 2015
1916 1816 1915 1917 2016
1917 1817 1916 1918
1918 1818 1917 1919 2018
1919 1819 1918 1920 2019
1920 1820 1919 1921 2020
1921 1821 1920 1922 2021
1922 1822 1921 1923 2022
1923 1823 1922 1924 2023
1924 1824 1923 1925 2024
1925 1825 1924 1926 2025
1926 1826 1925 1927 2026
1927 1827 1926 1928 2027
1928 1828 1927 1929 2028
1929 1829 1928 1930 2029
1930 1830 1929 1931 2030
1931 1930 2031
1932 1832 1933 2032
1933 1833 1932 1934 2033
1934 1834 1933 1935 2034
1935 1835 1934 1936
1936 1836 1935 1937 2036
1937 1837 1936 1938 2037
1938 1838 1937 1939 2038
1939 1938 1940 2039
1940 1840 1939 1941 2040
1941 1841 1940 1942
1942 1842 1941 1943 2042
1943 1843 1942 1944 2043
1944 1844 1943 1945 2044
1945 1845 1944 1946 2045
1946 1945 2046
1947 1847 1948 2047
1948 1848 1947 1949 2048
1949 1849 1948 1950 2049
1950 1850 1949 1951 2050
1951 1851 1950 1952
1952 1852 1951 1953 2052
1953 1853 1952 1954 2053
1954 1854 1953 1955 2054
1955 1855 1954 1956 2055
1956 1856 1955 1957 2056
1957 1857 1956 1958 2057
1958 1957 1959 2058
1959 1859 1958 1960 2059
1960 1860 1959 2060
1961 1861 2061
1962 1862 1963 2062
1963 1863 1962 1964 2063
1964 1963 1965 2064
1965 1865 1964 1966 2065
1966 1866 1965 2066
1967 1867 1968 2067
1968 1967 1969 2068
1969 1869 1968 1970 2069
1970 1870 1969 1971
1971 1871 1970 1972 2071
1972 1872 1971 1973 2072
1973 1873 1972 1974 2073
1974 1874 1973 1975 2074
1975 1875 1974 1976 2075
1976 1876 1975 1977 2076
1977 1877 1976 1978
1978 1878 1977 1979 2078
1979 1879 1978 1980 2079
1980 1880 1979 1981
1981 1881 1980 1982 2081
1982 1882 1981 1983 2082
1983 1883 1982 1984 2083
1984 1884 1983 2084
1985 1885 1986 2085
1986 1886 1985 1987 2086
1987 1887 1986 1988 2087
1988 1888 1987 1989 2088
1989 1889 1988 1990 2089
1990 1890 1989 1991 2090
1991 1891 1990 1992 2091
1992 1892 1991 1993 2092
1993 1893 1992 1994 2093
1994 1894 1993 1995 2094
1995 1895 1994 1996 2095
1996 1896 1995 1997 2096
1997 1897 1996 1998 2097
1998 1898 1997 1999 2098
1999 1899 1998 2099
2000 1900 2001 2100
2001 1901 2000 2101
2002 1902 2003 2102
2003 1903 2002 2004 2103
2004 1904 2003 2005 2104
2005 1905 2004 2006 2105
2006 1906 2005 2007 2106
2007 1907 2006 2008 2107
2008 1908 2007 2009 2108
2009 2008 2010 2109
2010 1910 2009 2011 2110
2011 1911 2010 2012
2012 1912 2011 2013 2112
2013 2012 2014 2113
2014 1914 2013 2015 2114
2015 1915 2014 2016 2115
2016 1916 2015 2017 2116
2017 2016 2018 2117
2018 1918 2017 2118
2019 1919 2119
2020 1920 2021 2120
2021 1921 2020 2022 2121
2022 1922 2021 2023 2122
2023 1923 2022 2024 2123
2024 1924 2023 2025 2124
2025 1925 2024 2026 2125
2026 1926 2025 2027 2126
2027 1927 2026 2127
2028 1928 2029 2128
2029 1929 2028 2030 2129
2030 1930 2029 2031
2031 1931 2030 2131
2032 1932 2033 2132
2033 1933 2032 2034 2133
2034 1934 2033 2035 2134
2035 2034 2036 2135
2036 1936 2035 2037 2136
2037 1937 2036 2038 2137
2038 1938 2037 2039 2138
2039 1939 2038 2040 2139
2040 1940 2039 2041 2140
2041 2040 2042 2141
2042 1942 2041 2043 2142
2043 1943 2042 2044 2143
2044 1944 2043 2144
2045 1945 2046 2145
2046 1946 2045 2047 2146
2047 1947 2046 2048 2147
2048 1948 2047 2049 2148
2049 1949 2048 2149
2050 1950 2051 2150
2051 2050 2052 2151
2052 1952 2051 2053 2152
2053 1953 2052 2054 2153
2054 1954 2053 2055 2154
2055 1955 2054 2056 2155
2056 1956 2055 2156
2057 1957 2157
2058 1958 2059 2158
2059 1959 2058 2060 2159
2060 1960 2059 2061
2061 1961 2060 2062 2161
2062 1962 2061 2063 2162
2063 1963 2062 2064 2163
2064 1964 2063 2065
2065 1965 2064 2066 2165
2066 1966 2065 2166
2067 1967 2068 2167
2068 1968 2067 2069 2168
2069 1969 2068 2070 2169
2070 2069 2071 2170
2071 1971 2070 2072 2171
2072 1972 2071 2073 2172
2073 1973 2072 2074 2173
2074 1974 2073 2075 2174
2075 1975 2074 2076 2175
2076 1976 2075 2077 2176
2077 2076 2078 2177
2078 1978 2077 2079 2178
2079 1979 2078 2080 2179
2080 2079 2081 2180
2081 1981 2080 2082 2181
2082 1982 2081 2083 2182
2083 1983 2082 2084 2183
2084 1984 2083 2085 2184
2085 1985 2084 2086 2185
2086 1986 2085 2087 2186
2087 1987 2086 2088 2187
2088 1988 2087 2089 2188
2089 1989 2088 2090 2189
2090 1990 2089 2091 2190
2091 1991 2090 2092 2191
2092 1992 2091 2093 2192
2093 1993 2092 2094
2094 1994 2093 2095 2194
2095 1995 2094 2096 2195
2096 1996 2095 2097 2196
2097 1997 2096 2098 2197
2098 1998 2097 2198
2099 1999 2199
2100 2000 2101 2200
2101 2001 2100 2102 2201
2102 2002 2101 2202
2103 2003 2203
2104 2004 2105 2204
2105 2005 2104 2106 2205
2106 2006 2105 2107 2206
2107 2007 2106 2108 2207
2108 2008 2107 2109 2208
2109 2009 2108 2110 2209
2110 2010 2109 2210
2111 2112 2211
2112 2012 2111 2113 2212
2113 2013 2112 2114 2213
2114 2014 2113 2115 2214
2115 2015 2114 2116 2215
2116 2016 2115 2117 2216
2117 2017 2116 2118
2118 2018 2117 2119 2218
2119 2019 2118 2120 2219
2120 2020 2119 2121 2220
2121 2021 2120 2122 2221
2122 2022 2121 2123 2222
2123 2023 2122 2124 2223
2124 2024 2123 2125 2224
2125 2025 2124 2126 2225
2126 2026 2125 2127 2226
2127 2027 2126 2128 2227
2128 2028 2127 2129 2228
2129 2029 2128 2130 2229
2130 2129 2131 2230
2131 2031 2130 2132 2231
2132 2032 2131 2133 2232
2133 2033 2132 2134
2134 2034 2133 2135 2234
2135 2035 2134 2136 2235
2136 2036 2135 2137 2236
2137 2037 2136 2138 2237
2138 2038 2137 2139 2238
2139 2039 2138 2239
2140 2040 2141 2240
2141 2041 2140 2142 2241
2142 2042 2141 2143 2242
2143 2043 2142 2144 2243
2144 2044 2143 2145 2244
2145 2045 2144 2146 2245
2146 2046 2145 2147 2246
2147 2047 2146 2148
2148 2048 2147 2149 2248
2149 2049 2148 2150 2249
2150 2050 2149 2151 2250
2151 2051 2150 2152 2251
2152 2052 2151 2153 2252
2153 2053 2152 2154 2253
2154 2054 2153 2155 2254
2155 2055 2154
2156 2056 2157 2256
2157 2057 2156 2158 2257
2158 2058 2157 2159 2258
2159 2059 2158 2160 2259
2160 2159 2161 2260
2161 2061 2160 2162 2261
2162 2062 2161 2163 2262
2163 2063 2162 2164 2263
2164 2163 2165 2264
2165 2065 2164 2166 2265
2166 2066 2165 2167 2266
2167 2067 2166 2168 2267
2168 2068 2167 2169 2268
2169 2069 2168 2170 2269
2170 2070 2169 2171 2270
2171 2071 2170 2172
2172 2072 2171 2173 2272
2173 2073 2172 2174 2273
2174 2074 2173 2175 2274
2175 2075 2174 2176 2275
2176 2076 2175 2177
2177 2077 2176 2178 2277
2178 2078 2177 2179 2278
2179 2079 2178 2180 2279
2180 2080 2179 2181 2280
2181 2081 2180 2182 2281
2182 2082 2181 2183 2282
2183 2083 2182 2184 2283
2184 2084 2183 2185 2284
2185 2085 2184 2186 2285
2186 2086 2185 2187 2286
2187 2087 2186 2188 2287
2188 2088 2187 2189 2288
2189 2089 2188 2190 2289
2190 2090 2189 2191 2290
2191 2091 2190 2192 2291
2192 2092 2191 2193 2292
2193 2192 2194 2293
2194 2094 2193 2294
2195 2095 2196 2295
2196 2096 2195 2197 2296
2197 2097 2196 2198 2297
2198 2098 2197 2199
2199 2099 2198
2200 2100 2201 2300
2201 2101 2200 2202 2301
2202 2102 2201 2203 2302
2203 2103 2202 2204
2204 2104 2203 2205 2304
2205 2105 2204 2206 2305
2206 2106 2205 2207 2306
2207 2107 2206 2208 2307
2208 2108 2207 2209 2308
2209 2109 2208 2309
2210 2110 2211
2211 2111 2210 2212 2311
2212 2112 2211 2213 2312
2213 2113 2212 2214 2313
2214 2114 2213 2215 2314
2215 2115 2214 2216 2315
2216 2116 2215 2217
2217 2216 2218 2317
2218 2118 2217 2219 2318
2219 2119 2218 2220 2319
2220 2120 2219 2221
2221 2121 2220 2222 2321
2222 2122 2221 2223 2322
2223 2123 2222 2224 2323
2224 2124 2223 2225 2324
2225 2125 2224 2226 2325
2226 2126 2225 2227 2326
2227 2127 2226 2228 2327
2228 2128 2227 2229 2328
2229 2129 2228 2329
2230 2130 2231 2330
2231 2131 2230 2232
2232 2132 2231 2332
2233 2234 2333
2234 2134 2233 2235 2334
2235 2135 2234 2236 2335
2236 2136 2235 2237 2336
2237 2137 2236 2238 2337
2238 2138 2237 2239 2338
2239 2139 2238 2240 2339
2240 2140 2239 2241 2340
2241 2141 2240 2242 2341
2242 2142 2241 2342
2243 2143 2244 2343
2244 2144 2243 2245
2245 2145 2244 2246
2246 2146 2245 2247 2346
2247 2246 2248
2248 2148 2247 2249 2348
2249 2149 2248 2250 2349
2250 2150 2249 2251 2350
2251 2151 2250 2252 2351
2252 2152 2251 2253 2352
2253 2153 2252 2254 2353
2254 2154 2253 2255 2354
2255 2254 2256 2355
2256 2156 2255 2257 2356
2257 2157 2256 2258
2258 2158 2257 2259 2358
2259 2159 2258 2260 2359
2260 2160 2259 2261 2360
2261 2161 2260 2262 2361
2262 2162 2261 2263 2362
2263 2163 2262 2264 2363
2264 2164 2263 2265 2364
2265 2165 2264 2266
2266 2166 2265 2267 2366
2267 2167 2266 2268 2367
2268 2168 2267 2269 2368
2269 2169 2268 2270 2369
2270 2170 2269 2271
2271 2270 2272 2371
2272 2172 2271 2273 2372
2273 2173 2272 2274 2373
2274 2174 2273 2275 2374
2275 2175 2274 2276 2375
2276 2275 2277 2376
2277 2177 2276 2278
2278 2178 2277 2279 2378
2279 2179 2278 2280 2379
2280 2180 2279 2281 2380
2281 2181 2280 2282 2381
2282 2182 2281 2283 2382
2283 2183 2282 2284 2383
2284 2184 2283 2285 2384
2285 2185 2284 2286 2385
2286 2186 2285 2386
2287 2187 2288 2387
2288 2188 2287 2289 2388
2289 2189 2288 2290 2389
2290 2190 2289 2291 2390
2291 2191 2290 2292 2391
2292 2192 2291 2293 2392
2293 2193 2292 2294
2294 2194 2293 2295 2394
2295 2195 2294 2296 2395
2296 2196 2295 2297 2396
2297 2197 2296 2298 2397
2298 2297 2398
2299 2399
2300 2200 2301 2400
2301 2201 2300 2302 2401
2302 2202 2301 2303 2402
2303 2302 2304 2403
2304 2204 2303 2305 2404
2305 2205 2304 2306 2405
2306 2206 2305 2307 2406
2307 2207 2306 2308 2407
2308 2208 2307 2309
2309 2209 2308 2310 2409
2310 2309 2311 2410
2311 2211 2310 2312 2411
2312 2212 2311 2313 2412
2313 2213 2312 2314 2413
2314 2214 2313 2315 2414
2315 2215 2314 2316 2415
2316 2315 2317 2416
2317 2217 2316 2318 2417
2318 2218 2317 2319 2418
2319 2219 2318 2320 2419
2320 2319 2321 2420
2321 2221 2320 2322 2421
2322 2222 2321 2323 2422
2323 2223 2322 2324 2423
2324 2224 2323 2424
2325 2225 2326
2326 2226 2325 2327 2426
2327 2227 2326 2328 2427
2328 2228 2327 2428
2329 2229 2330 2429
2330 2230 2329 2430
2331 2332 2431
2332 2232 2331 2432
2333 2233 2334
2334 2234 2333 2335 2434
2335 2235 2334 2336 2435
2336 2236 2335 2337 2436
2337 2237 2336 2338 2437
2338 2238 2337 2339 2438
2339 2239 2338 2340 2439
2340 2240 2339 2341 2440
2341 2241 2340 2342 2441
2342 2242 2341 2343 2442
2343 2243 2342 2344 2443
2344 2343 2345 2444
2345 2344 2346 2445
2346 2246 2345 2347 2446
2347 2346 2348 2447
2348 2248 2347 2349 2448
2349 2249 2348 2350 2449
2350 2250 2349 2351 2450
2351 2251 2350 2352 2451
2352 2252 2351 2452
2353 2253 2354 2453
2354 2254 2353 2454
2355 2255 2356 2455
2356 2256 2355 2456
2357 2358 2457
2358 2258 2357 2359 2458
2359 2259 2358 2459
2360 2260 2361 2460
2361 2261 2360 2362 2461
2362 2262 2361 2363
2363 2263 2362 2463
2364 2264 2464
2365 2366 2465
2366 2266 2365 2367 2466
2367 2267 2366 2368 2467
2368 2268 2367 2369
2369 2269 2368 2469
2370 2371 2470
2371 2271 2370 2372 2471
2372 2272 2371 2373 2472
2373 2273 2372 2374
2374 2274 2373 2375 2474
2375 2275 2374 2376
2376 2276 2375 2377 2476
2377 2376 2378 2477
2378 2278 2377 2379 2478
2379 2279 2378 2380 2479
2380 2280 2379 2480
2381 2281 2382 2481
2382 2282 2381 2383 2482
2383 2283 2382 2384 2483
2384 2284 2383 2385 2484
2385 2285 2384 2386 2485
2386 2286 2385 2387 2486
2387 2287 2386 2388 2487
2388 2288 2387 2389
2389 2289 2388 2390 2489
2390 2290 2389 2391 2490
2391 2291 2390 2392 2491
2392 2292 2391 2492
2393 2394 2493
2394 2294 2393 2395 2494
2395 2295 2394 2495
2396 2296 2397 2496
2397 2297 2396 2398 2497
2398 2298 2397 2399 2498
2399 2299 2398 2499
2400 2300 2401 2500
2401 2301 2400 2402 2501
2402 2302 2401 2403 2502
2403 2303 2402 2404
2404 2304 2403 2504
2405 2305 2505
2406 2306 2407 2506
2407 2307 2406 2408
2408 2407 2409 2508
2409 2309 2408 2410 2509
2410 2310 2409 2411 2510
2411 2311 2410 2412 2511
2412 2312 2411 2413
2413 2313 2412 2414
2414 2314 2413 2415 2514
2415 2315 2414 2416 2515
2416 2316 2415 2417 2516
2417 2317 2416 2418 2517
2418 2318 2417 2419 2518
2419 2319 2418 2519
2420 2320 2421 2520
2421 2321 2420 2422 2521
2422 2322 2421 2423 2522
2423 2323 2422 2424 2523
2424 2324 2423 2524
2425 2426
2426 2326 2425 2427 2526
2427 2327 2426 2428 2527
2428 2328 2427 2429 2528
2429 2329 2428 2430 2529
2430 2330 2429 2431 2530
2431 2331 2430 2432 2531
2432 2332 2431 2433 2532
2433 2432 2434 2533
2434 2334 2433 2435 2534
2435 2335 2434 2436 2535
2436 2336 2435 2437 2536
2437 2337 2436 2438 2537
2438 2338 2437 2439 2538
2439 2339 2438 2440 2539
2440 2340 2439 2441 2540
2441 2341 2440 2541
2442 2342 2443 2542
2443 2343 2442 2444
2444 2344 2443 2445 2544
2445 2345 2444 2446 2545
2446 2346 2445 2447 2546
2447 2347 2446 2547
2448 2348 2449
2449 2349 2448 2450 2549
2450 2350 2449 2451 2550
2451 2351 2450 2452 2551
2452 2352 2451 2453 2552
2453 2353 2452 2454 2553
2454 2354 2453 2455 2554
2455 2355 2454 2456 2555
2456 2356 2455 2457 2556
2457 2357 2456 2458 2557
2458 2358 2457 2459 2558
2459 2359 2458 2460 2559
2460 2360 2459 2461 2560
2461 2361 2460 2462 2561
2462 2461 2463 2562
2463 2363 2462 2464 2563
2464 2364 2463 2465 2564
2465 2365 2464 2466 2565
2466 2366 2465 2467 2566
2467 2367 2466 2468 2567
2468 2467 2469 2568
2469 2369 2468 2470
2470 2370 2469 2471 2570
2471 2371 2470 2472 2571
2472 2372 2471 2473 2572
2473 2472 2474 2573
2474 2374 2473 2475 2574
2475 2474 2476 2575
2476 2376 2475 2477 2576
2477 2377 2476 2478 2577
2478 2378 2477 2479 2578
2479 2379 2478 2480 2579
2480 2380 2479 2481 2580
2481 2381 2480 2482 2581
2482 2382 2481 2483 2582
2483 2383 2482 2484 2583
2484 2384 2483 2485 2584
2485 2385 2484 2486 2585
2486 2386 2485 2586
2487 2387 2488 2587
2488 2487 2489 2588
2489 2389 2488 2490 2589
2490 2390 2489 2590
2491 2391 2591
2492 2392 2493 2592
2493 2393 2492 2494 2593
2494 2394 2493 2495 2594
2495 2395 2494 2496 2595
2496 2396 2495 2497 2596
2497 2397 2496 2498 2597
2498 2398 2497 2499 2598
2499 2399 2498 2599
2500 2400 2600
2501 2401 2502 2601
2502 2402 2501 2503 2602
2503 2502 2504 2603
2504 2404 2503 2505 2604
2505 2405 2504 2506 2605
2506 2406 2505 2507 2606
2507 2506 2508
2508 2408 2507 2509 2608
2509 2409 2508 2510
2510 2410 2509 2610
2511 2411 2611
2512 2513 2612
2513 2512 2514 2613
2514 2414 2513 2515 2614
2515 2415 2514
2516 2416 2517 2616
2517 2417 2516 2518 2617
2518 2418 2517 2519 2618
2519 2419 2518 2520 2619
2520 2420 2519 2521 2620
2521 2421 2520 2522 2621
2522 2422 2521 2523 2622
2523 2423 2522 2524 2623
2524 2424 2523 2525 2624
2525 2524 2526 2625
2526 2426 2525 2527 2626
2527 2427 2526 2528
2528 2428 2527 2529 2628
2529 2429 2528 2530 2629
2530 2430 2529 2531 2630
2531 2431 2530 2532 2631
2532 2432 2531 2533 2632
2533 2433 2532 2534 2633
2534 2434 2533 2535 2634
2535 2435 2534 2536
2536 2436 2535 2537 2636
2537 2437 2536 2538 2637
2538 2438 2537 2539 2638
2539 2439 2538 2540 2639
2540 2440 2539 2541 2640
2541 2441 2540 2542
2542 2442 2541 2543 2642
2543 2542 2643
2544 2444 2545 2644
2545 2445 2544 2645
2546 2446 2547 2646
2547 2447 2546 2548 2647
2548 2547 2549 2648
2549 2449 2548 2550
2550 2450 2549 2551 2650
2551 2451 2550 2552
2552 2452 2551 2553 2652
2553 2453 2552 2554 2653
2554 2454 2553 2555 2654
2555 2455 2554 2556 2655
2556 2456 2555 2557 2656
2557 2457 2556 2558 2657
2558 2458 2557 2559 2658
2559 2459 2558 2560 2659
2560 2460 2559 2561 2660
2561 2461 2560 2562
2562 2462 2561 2563 2662
2563 2463 2562 2663
2564 2464 2565 2664
2565 2465 2564 2566 2665
2566 2466 2565 2567 2666
2567 2467 2566 2568 2667
2568 2468 2567 2668
2569 2570 2669
2570 2470 2569 2571 2670
2571 2471 2570 2572
2572 2472 2571 2573 2672
2573 2473 2572 2574 2673
2574 2474 2573 2575 2674
2575 2475 2574 2576 2675
2576 2476 2575 2577
2577 2477 2576 2578 2677
2578 2478 2577 2579 2678
2579 2479 2578 2580 2679
2580 2480 2579 2680
2581 2481 2582 2681
2582 2482 2581 2583 2682
2583 2483 2582 2584
2584 2484 2583 2585 2684
2585 2485 2584 2586 2685
2586 2486 2585 2587 2686
2587 2487 2586 2588 2687
2588 2488 2587 2589 2688
2589 2489 2588 2590 2689
2590 2490 2589 2591
2591 2491 2590 2592 2691
2592 2492 2591 2593 2692
2593 2493 2592 2693
2594 2494 2694
2595 2495 2596 2695
2596 2496 2595 2597 2696
2597 2497 2596 2598 2697
2598 2498 2597 2599 2698
2599 2499 2598 2699
2600 2500 2601 2700
2601 2501 2600 2602
2602 2502 2601 2603
2603 2503 2602 2604 2703
2604 2504 2603 2605 2704
2605 2505 2604 2606 2705
2606 2506 2605 2706
2607 2608 2707
2608 2508 2607 2609 2708
2609 2608 2610 2709
2610 2510 2609 2710
2611 2511 2612 2711
2612 2512 2611 2613 2712
2613 2513 2612 2614 2713
2614 2514 2613 2615 2714
2615 2614 2616 2715
2616 2516 2615 2617 2716
2617 2517 2616 2618 2717
2618 2518 2617 2619 2718
2619 2519 2618 2620
2620 2520 2619 2621 2720
2621 2521 2620 2721
2622 2522 2623 2722
2623 2523 2622 2624 2723
2624 2524 2623 2625 2724
2625 2525 2624 2725
2626 2526 2627 2726
2627 2626 2628 2727
2628 2528 2627 2629 2728
2629 2529 2628 2630 2729
2630 2530 2629 2631 2730
2631 2531 2630 2632 2731
2632 2532 2631 2633 2732
2633 2533 2632 2634 2733
2634 2534 2633 2635 2734
2635 2634 2735
2636 2536 2736
2637 2537 2638 2737
2638 2538 2637 2639 2738
2639 2539 2638 2640 2739
2640 2540 2639 2641 2740
2641 2640 2642 2741
2642 2542 2641 2643 2742
2643 2543 2642 2644 2743
2644 2544 2643 2645 2744
2645 2545 2644 2646 2745
2646 2546 2645 2647 2746
2647 2547 2646 2648 2747
2648 2548 2647 2649 2748
2649 2648 2650 2749
2650 2550 2649 2651 2750
2651 2650 2652 2751
2652 2552 2651 2653 2752
2653 2553 2652 2654 2753
2654 2554 2653 2655
2655 2555 2654 2656 2755
2656 2556 2655 2657 2756
2657 2557 2656 2658 2757
2658 2558 2657 2659 2758
2659 2559 2658 2660 2759
2660 2560 2659 2661 2760
2661 2660 2662 2761
2662 2562 2661 2663 2762
2663 2563 2662 2664 2763
2664 2564 2663 2665 2764
2665 2565 2664 2666 2765
2666 2566 2665 2667 2766
2667 2567 2666 2668 2767
2668 2568 2667 2768
2669 2569 2670 2769
2670 2570 2669 2671 2770
2671 2670 2672 2771
2672 2572 2671 2673 2772
2673 2573 2672 2674 2773
2674 2574 2673
2675 2575 2676 2775
2676 2675 2677 2776
2677 2577 2676 2678 2777
2678 2578 2677 2679 2778
2679 2579 2678 2680 2779
2680 2580 2679 2681 2780
2681 2581 2680 2682 2781
2682 2582 2681 2782
2683 2684 2783
2684 2584 2683 2784
2685 2585 2686 2785
2686 2586 2685 2786
2687 2587 2688 2787
2688 2588 2687 2689 2788
2689 2589 2688 2690 2789
2690 2689 2691 2790
2691 2591 2690 2692 2791
2692 2592 2691 2693 2792
2693 2593 2692 2694
2694 2594 2693 2695 2794
2695 2595 2694 2696 2795
2696 2596 2695 2697 2796
2697 2597 2696 2698 2797
2698 2598 2697 2699 2798
2699 2599 2698 2799
2700 2600 2701
2701 2700 2801
2702 2802
2703 2603 2704 2803
2704 2604 2703 2705 2804
2705 2605 2704 2706 2805
2706 2606 2705 2707 2806
2707 2607 2706 2708 2807
2708 2608 2707 2709 2808
2709 2609 2708 2710 2809
2710 2610 2709 2711 2810
2711 2611 2710 2811
2712 2612
2713 2613 2714 2813
2714 2614 2713 2814
2715 2615 2716 2815
2716 2616 2715 2717 2816
2717 2617 2716 2718 2817
2718 2618 2717 2719 2818
2719 2718 2720 2819
2720 2620 2719 2721 2820
2721 2621 2720 2722 2821
2722 2622 2721 2723 2822
2723 2623 2722 2724 2823
2724 2624 2723 2725 2824
2725 2625 2724 2825
2726 2626 2826
2727 2627 2728 2827
2728 2628 2727 2729 2828
2729 2629 2728 2730 2829
2730 2630 2729 2731 2830
2731 2631 2730 2732 2831
2732 2632 2731 2733
2733 2633 2732 2734 2833
2734 2634 2733 2735 2834
2735 2635 2734 2736 2835
2736 2636 2735 2737 2836
2737 2637 2736 2837
2738 2638 2739 2838
2739 2639 2738 2740 2839
2740 2640 2739 2741 2840
2741 2641 2740 2742 2841
2742 2642 2741 2743 2842
2743 2643 2742 2744 2843
2744 2644 2743 2745
2745 2645 2744 2845
2746 2646 2747 2846
2747 2647 2746 2748 2847
2748 2648 2747 2749 2848
2749 2649 2748 2750 2849
2750 2650 2749 2751 2850
2751 2651 2750 2851
2752 2652 2753 2852
2753 2653 2752 2754 2853
2754 2753 2755 2854
2755 2655 2754 2756 2855
2756 2656 2755 2757 2856
2757 2657 2756 2758 2857
2758 2658 2757 2759 2858
2759 2659 2758 2760 2859
2760 2660 2759 2761 2860
2761 2661 2760
2762 2662 2862
2763 2663 2764 2863
2764 2664 2763 2765 2864
2765 2665 2764 2766 2865
2766 2666 2765 2767 2866
2767 2667 2766 2768 2867
2768 2668 2767 2868
2769 2669 2770
2770 2670 2769 2771 2870
2771 2671 2770 2772 2871
2772 2672 2771 2773 2872
2773 2673 2772 2774 2873
2774 2773 2775
2775 2675 2774 2776 2875
2776 2676 2775 2777 2876
2777 2677 2776 2778 2877
2778 2678 2777 2779 2878
2779 2679 2778 2780 2879
2780 2680 2779 2781
2781 2681 2780 2881
2782 2682 2783 2882
2783 2683 2782 2784 2883
2784 2684 2783 2785 2884
2785 2685 2784 2786 2885
2786 2686 2785 2787 2886
2787 2687 2786 2788 2887
2788 2688 2787 2888
2789 2689 2790
2790 2690 2789 2791 2890
2791 2691 2790 2792 2891
2792 2692 2791 2793 2892
2793 2792 2794 2893
2794 2694 2793 2795 2894
2795 2695 2794 2796 2895
2796 2696 2795 2896
2797 2697 2798 2897
2798 2698 2797 2799 2898
2799 2699 2798 2899
2800 2801 2900
2801 2701 2800 2802 2901
2802 2702 2801 2803 2902
2803 2703 2802 2804 2903
2804 2704 2803 2805 2904
2805 2705 2804 2905
2806 2706 2807 2906
2807 2707 2806 2808
2808 2708 2807 2809 2908
2809 2709 2808 2810 2909
2810 2710 2809 2811 2910
2811 2711 2810 2812 2911
2812 2811 2912
2813 2713 2814 2913
2814 2714 2813 2815 2914
2815 2715 2814 2816 2915
2816 2716 2815 2817 2916
2817 2717 2816 2818 2917
2818 2718 2817 2819 2918
2819 2719 2818 2820 2919
2820 2720 2819 2821 2920
2821 2721 2820 2822 2921
2822 2722 2821 2823 2922
2823 2723 2822 2824 2923
2824 2724 2823 2825 2924
2825 2725 2824 2925
2826 2726 2827
2827 2727 2826 2828 2927
2828 2728 2827 2829 2928
2829 2729 2828 2830 2929
2830 2730 2829 2831 2930
2831 2731 2830 2832 2931
2832 2831 2833 2932
2833 2733 2832 2933
2834 2734 2835 2934
2835 2735 2834 2836 2935
2836 2736 2835
2837 2737 2838
2838 2738 2837 2839 2938
2839 2739 2838 2840 2939
2840 2740 2839 2841
2841 2741 2840 2842 2941
2842 2742 2841 2843 2942
2843 2743 2842 2844 2943
2844 2843 2845 2944
2845 2745 2844 2846 2945
2846 2746 2845 2847 2946
2847 2747 2846 2848 2947
2848 2748 2847 2849 2948
2849 2749 2848 2850 2949
2850 2750 2849 2851 2950
2851 2751 2850 2951
2852 2752 2952
2853 2753 2854 2953
2854 2754 2853 2855 2954
2855 2755 2854 2856 2955
2856 2756 2855 2857 2956
2857 2757 2856 2957
2858 2758 2859 2958
2859 2759 2858 2959
2860 2760 2861 2960
2861 2860 2862 2961
2862 2762 2861 2863
2863 2763 2862 2864 2963
2864 2764 2863 2865 2964
2865 2765 2864 2866
2866 2766 2865 2867 2966
2867 2767 2866 2868 2967
2868 2768 2867 2869
2869 2868 2870 2969
2870 2770 2869 2871 2970
2871 2771 2870 2872 2971
2872 2772 2871 2873 2972
2873 2773 2872 2874 2973
2874 2873 2875 2974
2875 2775 2874 2876
2876 2776 2875 2877 2976
2877 2777 2876 2878 2977
2878 2778 2877 2879 2978
2879 2779 2878 2880 2979
2880 2879 2881 2980
2881 2781 2880 2882 2981
2882 2782 2881 2883 2982
2883 2783 2882 2884 2983
2884 2784 2883 2885 2984
2885 2785 2884 2886 2985
2886 2786 2885 2887
2887 2787 2886 2987
2888 2788 2889 2988
2889 2888 2890 2989
2890 2790 2889 2891
2891 2791 2890 2892 2991
2892 2792 2891 2893 2992
2893 2793 2892 2894 2993
2894 2794 2893 2895 2994
2895 2795 2894 2896
2896 2796 2895 2897 2996
2897 2797 2896 2898 2997
2898 2798 2897 2899 2998
2899 2799 2898 2999
2900 2800 2901
2901 2801 2900 2902 3001
2902 2802 2901 2903 3002
2903 2803 2902 2904 3003
2904 2804 2903 2905 3004
2905 2805 2904 2906 3005
2906 2806 2905 2907 3006
2907 2906 2908 3007
2908 2808 2907 2909 3008
2909 2809 2908 3009
2910 2810 2911 3010
2911 2811 2910 2912 3011
2912 2812 2911 3012
2913 2813 2914
2914 2814 2913 2915 3014
2915 2815 2914 2916 3015
2916 2816 2915 2917 3016
2917 2817 2916 2918 3017
2918 2818 2917 3018
2919 2819 2920 3019
2920 2820 2919 2921 3020
2921 2821 2920 2922 3021
2922 2822 2921 2923 3022
2923 2823 2922 2924 3023
2924 2824 2923 3024
2925 2825 2926 3025
2926 2925 3026
2927 2827 2928
2928 2828 2927 3028
2929 2829 3029
2930 2830 3030
2931 2831 2932 3031
2932 2832 2931 2933
2933 2833 2932 2934 3033
2934 2834 2933 3034
2935 2835 2936
2936 2935 2937 3036
2937 2936 3037
2938 2838 2939
2939 2839 2938 3039
2940 2941 3040
2941 2841 2940 2942
2942 2842 2941 2943 3042
2943 2843 2942 2944 3043
2944 2844 2943 2945 3044
2945 2845 2944 2946 3045
2946 2846 2945 2947 3046
2947 2847 2946 2948 3047
2948 2848 2947 2949 3048
2949 2849 2948 2950 3049
2950 2850 2949 3050
2951 2851 2952 3051
2952 2852 2951 2953 3052
2953 2853 2952 2954 3053
2954 2854 2953 2955 3054
2955 2855 2954 2956 3055
2956 2856 2955 2957 3056
2957 2857 2956 2958 3057
2958 2858 2957
2959 2859 2960 3059
2960 2860 2959 2961 3060
2961 2861 2960 2962 3061
2962 2961 2963 3062
2963 2863 2962 2964
2964 2864 2963 3064
2965 2966 3065
2966 2866 2965 2967 3066
2967 2867 2966 2968
2968 2967 2969
2969 2869 2968 3069
2970 2870 2971 3070
2971 2871 2970 2972
2972 2872 2971 2973 3072
2973 2873 2972 3073
2974 2874 2975 3074
2975 2974 2976 3075
2976 2876 2975 2977 3076
2977 2877 2976 2978 3077
2978 2878 2977 2979 3078
2979 2879 2978 2980 3079
2980 2880 2979 2981 3080
2981 2881 2980 2982 3081
2982 2882 2981 3082
2983 2883 2984 3083
2984 2884 2983 2985 3084
2985 2885 2984 2986 3085
2986 2985 2987 3086
2987 2887 2986 2988 3087
2988 2888 2987 2989 3088
2989 2889 2988 2990 3089
2990 2989 2991 3090
2991 2891 2990 3091
2992 2892 2993 3092
2993 2893 2992 2994 3093
2994 2894 2993 2995 3094
2995 2994 2996 3095
2996 2896 2995 2997 3096
2997 2897 2996 2998 3097
2998 2898 2997 2999 3098
2999 2899 2998 3099
3000 3001 3100
3001 2901 3000 3002 3101
3002 2902 3001 3003 3102
3003 2903 3002 3004 3103
3004 2904 3003 3005 3104
3005 2905 3004 3006
3006 2906 3005 3007 3106
3007 2907 3006 3107
3008 2908 3009 3108
3009 2909 3008 3010 3109
3010 2910 3009 3011
3011 2911 3010 3012 3111
3012 2912 3011 3013 3112
3013 3012 3014
3014 2914 3013 3015 3114
3015 2915 3014 3016 3115
3016 2916 3015 3017 3116
3017 2917 3016 3018 3117
3018 2918 3017 3019 3118
3019 2919 3018 3020 3119
3020 2920 3019 3021 3120
3021 2921 3020 3022 3121
3022 2922 3021 3023 3122
3023 2923 3022 3024
3024 2924 3023 3025 3124
3025 2925 3024 3026 3125
3026 2926 3025
3027 3028 3127
3028 2928 3027 3128
3029 2929 3030 3129
3030 2930 3029 3031 3130
3031 2931 3030 3032 3131
3032 3031 3033 3132
3033 2933 3032 3034 3133
3034 2934 3033 3035 3134
3035 3034 3036 3135
3036 2936 3035 3037
3037 2937 3036 3038 3137
3038 3037 3039 3138
3039 2939 3038 3040 3139
3040 2940 3039 3041 3140
3041 3040 3042 3141
3042 2942 3041 3043 3142
3043 2943 3042 3044 3143
3044 2944 3043 3045
3045 2945 3044 3145
3046 2946 3047 3146
3047 2947 3046 3048 3147
3048 2948 3047 3049 3148
3049 2949 3048 3050 3149
3050 2950 3049 3051 3150
3051 2951 3050 3052 3151
3052 2952 3051 3053 3152
3053 2953 3052 3054 3153
3054 2954 3053 3154
3055 2955 3056
3056 2956 3055 3057 3156
3057 2957 3056 3058 3157
3058 3057 3059 3158
3059 2959 3058 3060
3060 2960 3059 3061 3160
3061 2961 3060 3062 3161
3062 2962 3061 3162
3063 3064 3163
3064 2964 3063 3065 3164
3065 2965 3064 3066 3165
3066 2966 3065 3067 3166
3067 3066 3068 3167
3068 3067 3069 3168
3069 2969 3068 3070 3169
3070 2970 3069 3071 3170
3071 3070 3072
3072 2972 3071 3073 3172
3073 2973 3072 3074 3173
3074 2974 3073 3075 3174
3075 2975 3074 3076 3175
3076 2976 3075 3077 3176
3077 2977 3076 3078
3078 2978 3077 3079 3178
3079 2979 3078 3080 3179
3080 2980 3079 3081 3180
3081 2981 3080 3082 3181
3082 2982 3081 3083
3083 2983 3082 3084 3183
3084 2984 3083 3085 3184
3085 2985 3084 3086 3185
3086 2986 3085 3087 3186
3087 2987 3086 3088 3187
3088 2988 3087 3089 3188
3089 2989 3088 3090 3189
3090 2990 3089 3091 3190
3091 2991 3090 3092 3191
3092 2992 3091 3093 3192
3093 2993 3092 3094 3193
3094 2994 3093 3095 3194
3095 2995 3094 3096 3195
3096 2996 3095 3097 3196
3097 2997 3096 3098 3197
3098 2998 3097 3099 3198
3099 2999 3098 3199
3100 3000 3101 3200
3101 3001 3100 3102 3201
3102 3002 3101 3103 3202
3103 3003 3102 3104 3203
3104 3004 3103 3105 3204
3105 3104 3106 3205
3106 3006 3105 3107 3206
3107 3007 3106 3108 3207
3108 3008 3107 3208
3109 3009 3209
3110 3111 3210
3111 3011 3110 3112 3211
3112 3012 3111 3113 3212
3113 3112 3114 3213
3114 3014 3113 3115 3214
3115 3015 3114 3116 3215
3116 3016 3115 3117
3117 3017 3116 3118 3217
3118 3018 3117 3119 3218
3119 3019 3118 3120 3219
3120 3020 3119 3121 3220
3121 3021 3120 3122 3221
3122 3022 3121 3123 3222
3123 3122 3124 3223
3124 3024 3123 3125 3224
3125 3025 3124 3225
3126 3127 3226
3127 3027 3126 3128 3227
3128 3028 3127 3129
3129 3029 3128 3130 3229
3130 3030 3129 3131 3230
3131 3031 3130 3132 3231
3132 3032 3131 3232
3133 3033 3134 3233
3134 3034 3133 3135
3135 3035 3134 3235
3136 3137 3236
3137 3037 3136 3138 3237
3138 3038 3137 3238
3139 3039 3140 3239
3140 3040 3139 3141 3240
3141 3041 3140 3142 3241
3142 3042 3141 3143 3242
3143 3043 3142 3144 3243
3144 3143 3145 3244
3145 3045 3144 3245
3146 3046 3147 3246
3147 3047 3146 3148 3247
3148 3048 3147 3149 3248
3149 3049 3148 3150 3249
3150 3050 3149 3151
3151 3051 3150 3152 3251
3152 3052 3151 3153 3252
3153 3053 3152 3154 3253
3154 3054 3153 3155 3254
3155 3154 3156 3255
3156 3056 3155 3256
3157 3057 3158 3257
3158 3058 3157 3159 3258
3159 3158 3160 3259
3160 3060 3159 3161 3260
3161 3061 3160 3162 3261
3162 3062 3161 3163 3262
3163 3063 3162 3164 3263
3164 3064 3163 3165 3264
3165 3065 3164 3166 3265
3166 3066 3165 3167
3167 3067 3166 3168 3267
3168 3068 3167 3169 3268
3169 3069 3168 3170
3170 3070 3169 3171 3270
3171 3170 3172 3271
3172 3072 3171 3173 3272
3173 3073 3172 3174 3273
3174 3074 3173 3175 3274
3175 3075 3174 3176 3275
3176 3076 3175 3177 3276
3177 3176 3178 3277
3178 3078 3177 3179
3179 3079 3178 3180 3279
3180 3080 3179 3181
3181 3081 3180 3182 3281
3182 3181 3183 3282
3183 3083 3182 3184 3283
3184 3084 3183 3185 3284
3185 3085 3184 3186 3285
3186 3086 3185 3187 3286
3187 3087 3186 3188 3287
3188 3088 3187 3189 3288
3189 3089 3188 3190
3190 3090 3189 3191 3290
3191 3091 3190 3192 3291
3192 3092 3191 3193 3292
3193 3093 3192 3293
3194 3094 3195 3294
3195 3095 3194 3196 3295
3196 3096 3195 3197 3296
3197 3097 3196 3198 3297
3198 3098 3197 3199 3298
3199 3099 3198 3299
3200 3100 3201 3300
3201 3101 3200 3202 3301
3202 3102 3201 3203
3203 3103 3202 3204 3303
3204 3104 3203 3205 3304
3205 3105 3204 3206 3305
3206 3106 3205 3207 3306
3207 3107 3206 3307
3208 3108 3209 3308
3209 3109 3208 3210 3309
3210 3110 3209 3211 3310
3211 3111 3210 3212 3311
3212 3112 3211 3312
3213 3113 3214 3313
3214 3114 3213 3215 3314
3215 3115 3214 3216 3315
3216 3215 3217 3316
3217 3117 3216 3218 3317
3218 3118 3217 3219 3318
3219 3119 3218 3220 3319
3220 3120 3219 3221 3320
3221 3121 3220 3222 3321
3222 3122 3221 3223 3322
3223 3123 3222 3323
3224 3124 3225 3324
3225 3125 3224 3226
3226 3126 3225 3227 3326
3227 3127 3226 3228 3327
3228 3227 3229 3328
3229 3129 3228 3230 3329
3230 3130 3229 3231 3330
3231 3131 3230 3232 3331
3232 3132 3231 3233
3233 3133 3232 3234 3333
3234 3233 3235 3334
3235 3135 3234 3236 3335
3236 3136 3235 3237 3336
3237 3137 3236 3238 3337
3238 3138 3237 3239 3338
3239 3139 3238 3240 3339
3240 3140 3239 3241 3340
3241 3141 3240 3242 3341
3242 3142 3241 3243 3342
3243 3143 3242 3244 3343
3244 3144 3243 3245 3344
3245 3145 3244 3246 3345
3246 3146 3245 3247
3247 3147 3246 3248 3347
3248 3148 3247 3249 3348
3249 3149 3248 3349
3250 3251 3350
3251 3151 3250 3252 3351
3252 3152 3251 3253 3352
3253 3153 3252 3254
3254 3154 3253 3255 3354
3255 3155 3254 3256 3355
3256 3156 3255 3257 3356
3257 3157 3256 3258 3357
3258 3158 3257 3259
3259 3159 3258
3260 3160 3261 3360
3261 3161 3260 3262 3361
3262 3162 3261 3362
3263 3163 3264 3363
3264 3164 3263 3265 3364
3265 3165 3264 3266
3266 3265 3267 3366
3267 3167 3266 3268 3367
3268 3168 3267 3269 3368
3269 3268 3270 3369
3270 3170 3269 3271 3370
3271 3171 3270 3272 3371
3272 3172 3271 3372
3273 3173 3274 3373
3274 3174 3273 3275 3374
3275 3175 3274 3276 3375
3276 3176 3275 3277 3376
3277 3177 3276 3278 3377
3278 3277 3378
3279 3179 3280 3379
3280 3279 3281 3380
3281 3181 3280 3282 3381
3282 3182 3281 3283 3382
3283 3183 3282 3383
3284 3184 3285 3384
3285 3185 3284 3385
3286 3186 3287 3386
3287 3187 3286 3288
3288 3188 3287 3388
3289 3290 3389
3290 3190 3289 3291 3390
3291 3191 3290 3292 3391
3292 3192 3291 3293
3293 3193 3292 3294 3393
3294 3194 3293 3295 3394
3295 3195 3294 3296 3395
3296 3196 3295 3297 3396
3297 3197 3296 3298 3397
3298 3198 3297 3299 3398
3299 3199 3298 3399
3300 3200 3301 3400
3301 3201 3300 3302 3401
3302 3301 3303 3402
3303 3203 3302 3304 3403
3304 3204 3303 3305 3404
3305 3205 3304 3306 3405
3306 3206 3305 3307 3406
3307 3207 3306 3308 3407
3308 3208 3307 3408
3309 3209 3310
3310 3210 3309 3311 3410
3311 3211 3310 3312 3411
3312 3212 3311 3313 3412
3313 3213 3312 3314 3413
3314 3214 3313 3315 3414
3315 3215 3314 3316 3415
3316 3216 3315 3317 3416
3317 3217 3316 3318 3417
3318 3218 3317 3319 3418
3319 3219 3318 3320 3419
3320 3220 3319 3321 3420
3321 3221 3320 3322 3421
3322 3222 3321 3323 3422
3323 3223 3322 3324
3324 3224 3323 3325 3424
3325 3324 3326 3425
3326 3226 3325 3426
3327 3227 3328 3427
3328 3228 3327 3329 3428
3329 3229 3328 3330 3429
3330 3230 3329 3331 3430
3331 3231 3330 3332 3431
3332 3331 3333 3432
3333 3233 3332 3433
3334 3234 3335
3335 3235 3334 3336 3435
3336 3236 3335 3337 3436
3337 3237 3336 3338 3437
3338 3238 3337 3339 3438
3339 3239 3338 3340
3340 3240 3339 3341 3440
3341 3241 3340 3342
3342 3242 3341 3343 3442
3343 3243 3342 3443
3344 3244 3345 3444
3345 3245 3344 3346 3445
3346 3345 3347 3446
3347 3247 3346 3348 3447
3348 3248 3347 3349 3448
3349 3249 3348 3350 3449
3350 3250 3349 3351 3450
3351 3251 3350 3352 3451
3352 3252 3351 3353 3452
3353 3352 3354 3453
3354 3254 3353 3355 3454
3355 3255 3354 3455
3356 3256 3357 3456
3357 3257 3356 3358 3457
3358 3357 3359 3458
3359 3358 3360 3459
3360 3260 3359 3361 3460
3361 3261 3360 3362 3461
3362 3262 3361 3363
3363 3263 3362 3364 3463
3364 3264 3363 3365 3464
3365 3364 3366 3465
3366 3266 3365 3367 3466
3367 3267 3366 3368 3467
3368 3268 3367 3369 3468
3369 3269 3368 3370 3469
3370 3270 3369 3371 3470
3371 3271 3370 3471
3372 3272 3373 3472
3373 3273 3372 3374 3473
3374 3274 3373 3375 3474
3375 3275 3374 3376 3475
3376 3276 3375 3377 3476
3377 3277 3376 3477
3378 3278 3379 3478
3379 3279 3378 3380 3479
3380 3280 3379 3381
3381 3281 3380 3382 3481
3382 3282 3381 3383 3482
3383 3283 3382 3384 3483
3384 3284 3383 3385 3484
3385 3285 3384 3386 3485
3386 3286 3385 3387 3486
3387 3386 3388 3487
3388 3288 3387 3488
3389 3289 3390 3489
3390 3290 3389 3391 3490
3391 3291 3390 3392 3491
3392 3391 3393 3492
3393 3293 3392 3394 3493
3394 3294 3393 3395 3494
3395 3295 3394 3495
3396 3296 3397 3496
3397 3297 3396 3398 3497
3398 3298 3397 3399 3498
3399 3299 3398 3499
3400 3300 3401 3500
3401 3301 3400 3402 3501
3402 3302 3401 3502
3403 3303 3404 3503
3404 3304 3403 3405 3504
3405 3305 3404 3406 3505
3406 3306 3405 3407 3506
3407 3307 3406 3408 3507
3408 3308 3407 3409 3508
3409 3408 3410 3509
3410 3310 3409 3411 3510
3411 3311 3410
3412 3312 3413 3512
3413 3313 3412 3414 3513
3414 3314 3413 3514
3415 3315 3416 3515
3416 3316 3415 3417 3516
3417 3317 3416 3418 3517
3418 3318 3417 3419 3518
3419 3319 3418 3420 3519
3420 3320 3419 3421 3520
3421 3321 3420 3422
3422 3322 3421 3423 3522
3423 3422 3424 3523
3424 3324 3423 3425 3524
3425 3325 3424 3426 3525
3426 3326 3425 3427 3526
3427 3327 3426 3428 3527
3428 3328 3427 3429 3528
3429 3329 3428 3529
3430 3330 3431 3530
3431 3331 3430 3432 3531
3432 3332 3431 3433 3532
3433 3333 3432 3434
3434 3433 3435 3534
3435 3335 3434 3436 3535
3436 3336 3435 3437 3536
3437 3337 3436 3438 3537
3438 3338 3437 3439 3538
3439 3438 3440 3539
3440 3340 3439 3441 3540
3441 3440 3442 3541
3442 3342 3441 3443 3542
3443 3343 3442 3444 3543
3444 3344 3443 3445 3544
3445 3345 3444 3446 3545
3446 3346 3445 3447 3546
3447 3347 3446 3448 3547
3448 3348 3447 3449 3548
3449 3349 3448 3450 3549
3450 3350 3449 3451 3550
3451 3351 3450 3452 3551
3452 3352 3451 3453 3552
3453 3353 3452 3454 3553
3454 3354 3453 3455 3554
3455 3355 3454 3456 3555
3456 3356 3455 3457 3556
3457 3357 3456 3458 3557
3458 3358 3457 3459 3558
3459 3359 3458 3460 3559
3460 3360 3459 3461 3560
3461 3361 3460 3462 3561
3462 3461 3463 3562
3463 3363 3462 3464 3563
3464 3364 3463 3465 3564
3465 3365 3464 3466 3565
3466 3366 3465 3467 3566
3467 3367 3466 3468 3567
3468 3368 3467 3469 3568
3469 3369 3468 3470 3569
3470 3370 3469 3471
3471 3371 3470 3472 3571
3472 3372 3471 3473 3572
3473 3373 3472 3474 3573
3474 3374 3473 3475 3574
3475 3375 3474 3476 3575
3476 3376 3475 3477 3576
3477 3377 3476 3577
3478 3378 3479 3578
3479 3379 3478 3480 3579
3480 3479 3481 3580
3481 3381 3480 3482 3581
3482 3382 3481 3483 3582
3483 3383 3482 3484 3583
3484 3384 3483 3485 3584
3485 3385 3484 3486 3585
3486 3386 3485 3487 3586
3487 3387 3486 3488
3488 3388 3487 3489 3588
3489 3389 3488 3589
3490 3390 3491
3491 3391 3490 3492 3591
3492 3392 3491 3493 3592
3493 3393 3492 3593
3494 3394 3495 3594
3495 3395 3494 3496 3595
3496 3396 3495 3497 3596
3497 3397 3496 3498 3597
3498 3398 3497 3499 3598
3499 3399 3498 3599
3500 3400 3501 3600
3501 3401 3500 3502 3601
3502 3402 3501 3503 3602
3503 3403 3502 3504 3603
3504 3404 3503 3505 3604
3505 3405 3504 3506 3605
3506 3406 3505 3507 3606
3507 3407 3506 3508 3607
3508 3408 3507 3509 3608
3509 3409 3508 3510
3510 3410 3509 3511 3610
3511 3510 3512 3611
3512 3412 3511 3612
3513 3413 3514 3613
3514 3414 3513 3515 3614
3515 3415 3514 3516 3615
3516 3416 3515 3517 3616
3517 3417 3516 3518 3617
3518 3418 3517 3519 3618
3519 3419 3518 3619
3520 3420 3521 3620
3521 3520 3522 3621
3522 3422 3521 3523 3622
3523 3423 3522 3524 3623
3524 3424 3523 3525 3624
3525 3425 3524 3526 3625
3526 3426 3525 3527 3626
3527 3427 3526 3528 3627
3528 3428 3527 3529 3628
3529 3429 3528 3530 3629
3530 3430 3529 3531 3630
3531 3431 3530 3532 3631
3532 3432 3531 3533
3533 3532 3534 3633
3534 3434 3533 3535 3634
3535 3435 3534 3536 3635
3536 3436 3535 3537 3636
3537 3437 3536 3538 3637
3538 3438 3537 3539 3638
3539 3439 3538 3540 3639
3540 3440 3539 3541 3640
3541 3441 3540 3542 3641
3542 3442 3541 3543 3642
3543 3443 3542 3544 3643
3544 3444 3543 3545 3644
3545 3445 3544 3546 3645
3546 3446 3545 3547 3646
3547 3447 3546 3548 3647
3548 3448 3547 3549 3648
3549 3449 3548 3550 3649
3550 3450 3549 3551 3650
3551 3451 3550 3552 3651
3552 3452 3551 3553 3652
3553 3453 3552 3554 3653
3554 3454 3553 3555
3555 3455 3554 3556
3556 3456 3555 3557 3656
3557 3457 3556 3558 3657
3558 3458 3557 3559 3658
3559 3459 3558 3560 3659
3560 3460 3559 3561 3660
3561 3461 3560 3661
3562 3462 3662
3563 3463 3564 3663
3564 3464 3563 3664
3565 3465 3566 3665
3566 3466 3565 3567
3567 3467 3566 3568 3667
3568 3468 3567 3569 3668
3569 3469 3568 3570 3669
3570 3569 3571 3670
3571 3471 3570 3572 3671
3572 3472 3571 3573 3672
3573 3473 3572 3574 3673
3574 3474 3573 3575 3674
3575 3475 3574 3576 3675
3576 3476 3575 3577
3577 3477 3576 3578 3677
3578 3478 3577 3579 3678
3579 3479 3578 3580 3679
3580 3480 3579 3581
3581 3481 3580 3582 3681
3582 3482 3581 3583 3682
3583 3483 3582 3584 3683
3584 3484 3583 3585 3684
3585 3485 3584 3586 3685
3586 3486 3585 3587 3686
3587 3586 3588 3687
3588 3488 3587
3589 3489 3590 3689
3590 3589 3591 3690
3591 3491 3590 3592
3592 3492 3591 3593 3692
3593 3493 3592 3594 3693
3594 3494 3593 3595 3694
3595 3495 3594 3695
3596 3496 3597 3696
3597 3497 3596 3598 3697
3598 3498 3597 3599 3698
3599 3499 3598 3699
3600 3500 3601 3700
3601 3501 3600
3602 3502 3603 3702
3603 3503 3602 3703
3604 3504 3704
3605 3505 3606 3705
3606 3506 3605 3607 3706
3607 3507 3606 3608 3707
3608 3508 3607 3609 3708
3609 3608 3610 3709
3610 3510 3609 3611 3710
3611 3511 3610 3612 3711
3612 3512 3611 3613 3712
3613 3513 3612 3614 3713
3614 3514 3613 3615 3714
3615 3515 3614 3616 3715
3616 3516 3615 3617
3617 3517 3616 3618 3717
3618 3518 3617 3619 3718
3619 3519 3618 3620 3719
3620 3520 3619 3621 3720
3621 3521 3620 3622 3721
3622 3522 3621 3623 3722
3623 3523 3622 3624 3723
3624 3524 3623 3625 3724
3625 3525 3624
3626 3526 3627 3726
3627 3527 3626 3628 3727
3628 3528 3627 3629 3728
3629 3529 3628 3630 3729
3630 3530 3629 3631 3730
3631 3531 3630 3632 3731
3632 3631 3633 3732
3633 3533 3632 3634 3733
3634 3534 3633 3635 3734
3635 3535 3634 3636 3735
3636 3536 3635 3637 3736
3637 3537 3636 3737
3638 3538 3639 3738
3639 3539 3638 3640 3739
3640 3540 3639 3641 3740
3641 3541 3640 3741
3642 3542 3643 3742
3643 3543 3642 3644 3743
3644 3544 3643 3744
3645 3545 3646 3745
3646 3546 3645 3647
3647 3547 3646 3648
3648 3548 3647 3649 3748
3649 3549 3648 3650 3749
3650 3550 3649 3651
3651 3551 3650 3652 3751
3652 3552 3651 3653 3752
3653 3553 3652 3654 3753
3654 3653 3655 3754
3655 3654 3656 3755
3656 3556 3655 3657 3756
3657 3557 3656 3658 3757
3658 3558 3657 3758
3659 3559 3660 3759
3660 3560 3659
3661 3561 3662 3761
3662 3562 3661 3663 3762
3663 3563 3662 3763
3664 3564 3665 3764
3665 3565 3664 3666 3765
3666 3665 3667 3766
3667 3567 3666 3668 3767
3668 3568 3667 3669 3768
3669 3569 3668 3670
3670 3570 3669 3770
3671 3571 3672 3771
3672 3572 3671 3673
3673 3573 3672 3674 3773
3674 3574 3673 3675 3774
3675 3575 3674 3676 3775
3676 3675 3677 3776
3677 3577 3676 3678 3777
3678 3578 3677 3679 3778
3679 3579 3678 3680
3680 3679 3681 3780
3681 3581 3680 3682 3781
3682 3582 3681 3683 3782
3683 3583 3682 3684 3783
3684 3584 3683 3685 3784
3685 3585 3684 3686 3785
3686 3586 3685 3687 3786
3687 3587 3686 3688 3787
3688 3687 3689 3788
3689 3589 3688 3690 3789
3690 3590 3689 3691 3790
3691 3690 3692
3692 3592 3691 3693 3792
3693 3593 3692 3694 3793
3694 3594 3693 3695 3794
3695 3595 3694 3696 3795
3696 3596 3695 3697 3796
3697 3597 3696 3797
3698 3598 3699 3798
3699 3599 3698 3799
3700 3600 3701 3800
3701 3700 3702 3801
3702 3602 3701 3703
3703 3603 3702 3704 3803
3704 3604 3703
3705 3605 3706 3805
3706 3606 3705 3707 3806
3707 3607 3706 3708 3807
3708 3608 3707 3709 3808
3709 3609 3708 3710 3809
3710 3610 3709 3711 3810
3711 3611 3710 3712 3811
3712 3612 3711 3713 3812
3713 3613 3712 3714 3813
3714 3614 3713 3715 3814
3715 3615 3714 3716 3815
3716 3715 3717 3816
3717 3617 3716 3718 3817
3718 3618 3717 3719 3818
3719 3619 3718 3720 3819
3720 3620 3719 3721 3820
3721 3621 3720 3722 3821
3722 3622 3721 3723 3822
3723 3623 3722 3724
3724 3624 3723 3725 3824
3725 3724 3726 3825
3726 3626 3725 3727 3826
3727 3627 3726 3827
3728 3628 3729 3828
3729 3629 3728 3730 3829
3730 3630 3729 3731 3830
3731 3631 3730 3732 3831
3732 3632 3731 3733 3832
3733 3633 3732 3734 3833
3734 3634 3733 3735 3834
3735 3635 3734 3736 3835
3736 3636 3735 3737 3836
3737 3637 3736 3738 3837
3738 3638 3737 3739 3838
3739 3639 3738 3740 3839
3740 3640 3739 3741
3741 3641 3740 3742 3841
3742 3642 3741 3743 3842
3743 3643 3742 3744 3843
3744 3644 3743 3745 3844
3745 3645 3744 3746 3845
3746 3745 3846
3747 3748 3847
3748 3648 3747 3749 3848
3749 3649 3748 3750
3750 3749 3751 3850
3751 3651 3750 3752 3851
3752 3652 3751 3753 3852
3753 3653 3752 3754 3853
3754 3654 3753 3755 3854
3755 3655 3754 3756 3855
3756 3656 3755 3757 3856
3757 3657 3756 3857
3758 3658 3759 3858
3759 3659 3758 3760 3859
3760 3759 3761
3761 3661 3760 3762 3861
3762 3662 3761 3862
3763 3663 3764 3863
3764 3664 3763 3765 3864
3765 3665 3764 3766 3865
3766 3666 3765 3767 3866
3767 3667 3766 3768 3867
3768 3668 3767 3769 3868
3769 3768 3869
3770 3670 3771 3870
3771 3671 3770 3772 3871
3772 3771 3872
3773 3673 3774 3873
3774 3674 3773 3775 3874
3775 3675 3774 3875
3776 3676 3777 3876
3777 3677 3776 3778 3877
3778 3678 3777 3779 3878
3779 3778 3780 3879
3780 3680 3779 3781 3880
3781 3681 3780 3782 3881
3782 3682 3781 3783 3882
3783 3683 3782 3784 3883
3784 3684 3783 3785 3884
3785 3685 3784 3786 3885
3786 3686 3785 3787 3886
3787 3687 3786 3788
3788 3688 3787 3789 3888
3789 3689 3788 3790 3889
3790 3690 3789 3791 3890
3791 3790 3792 3891
3792 3692 3791 3793 3892
3793 3693 3792 3794 3893
3794 3694 3793 3795 3894
3795 3695 3794 3796 3895
3796 3696 3795 3896
3797 3697 3798 3897
3798 3698 3797 3799 3898
3799 3699 3798 3899
3800 3700 3801
3801 3701 3800 3802 3901
3802 3801 3803 3902
3803 3703 3802 3804 3903
3804 3803 3805 3904
3805 3705 3804 3806 3905
3806 3706 3805 3807 3906
3807 3707 3806 3808 3907
3808 3708 3807 3809 3908
3809 3709 3808 3810 3909
3810 3710 3809 3811 3910
3811 3711 3810 3812 3911
3812 3712 3811 3912
3813 3713 3814 3913
3814 3714 3813 3815 3914
3815 3715 3814 3816 3915
3816 3716 3815 3817 3916
3817 3717 3816 3917
3818 3718 3819 3918
3819 3719 3818 3820
3820 3720 3819 3821 3920
3821 3721 3820 3822 3921
3822 3722 3821 3823 3922
3823 3822 3824 3923
3824 3724 3823 3825
3825 3725 3824 3826 3925
3826 3726 3825 3827 3926
3827 3727 3826 3828
3828 3728 3827 3829 3928
3829 3729 3828 3830 3929
3830 3730 3829 3831 3930
3831 3731 3830 3832 3931
3832 3732 3831 3833 3932
3833 3733 3832 3834 3933
3834 3734 3833 3835
3835 3735 3834 3836 3935
3836 3736 3835 3837 3936
3837 3737 3836 3838 3937
3838 3738 3837 3839 3938
3839 3739 3838 3840 3939
3840 3839 3841 3940
3841 3741 3840 3842 3941
3842 3742 3841 3942
3843 3743 3844 3943
3844 3744 3843 3845 3944
3845 3745 3844 3846 3945
3846 3746 3845 3847 3946
3847 3747 3846 3947
3848 3748 3849 3948
3849 3848 3850 3949
3850 3750 3849 3851 3950
3851 3751 3850 3852 3951
3852 3752 3851 3952
3853 3753 3854
3854 3754 3853 3855 3954
3855 3755 3854 3856 3955
3856 3756 3855 3857 3956
3857 3757 3856 3858 3957
3858 3758 3857 3859 3958
3859 3759 3858 3860 3959
3860 3859 3861 3960
3861 3761 3860 3862 3961
3862 3762 3861 3863
3863 3763 3862 3864 3963
3864 3764 3863 3865 3964
3865 3765 3864 3965
3866 3766 3867 3966
3867 3767 3866 3868 3967
3868 3768 3867 3869 3968
3869 3769 3868 3870 3969
3870 3770 3869 3871
3871 3771 3870 3872 3971
3872 3772 3871
3873 3773 3874 3973
3874 3774 3873 3875 3974
3875 3775 3874 3876 3975
3876 3776 3875 3877 3976
3877 3777 3876 3878 3977
3878 3778 3877 3879 3978
3879 3779 3878 3880 3979
3880 3780 3879 3881 3980
3881 3781 3880 3882 3981
3882 3782 3881 3883 3982
3883 3783 3882 3884 3983
3884 3784 3883 3885 3984
3885 3785 3884 3886 3985
3886 3786 3885 3887 3986
3887 3886 3987
3888 3788 3889 3988
3889 3789 3888 3890 3989
3890 3790 3889 3891 3990
3891 3791 3890 3892 3991
3892 3792 3891 3992
3893 3793 3894 3993
3894 3794 3893 3895 3994
3895 3795 3894 3896 3995
3896 3796 3895 3897 3996
3897 3797 3896 3898 3997
3898 3798 3897 3899 3998
3899 3799 3898 3999
3900 3901 4000
3901 3801 3900 3902 4001
3902 3802 3901 3903 4002
3903 3803 3902 3904 4003
3904 3804 3903 3905 4004
3905 3805 3904 3906 4005
3906 3806 3905 3907 4006
3907 3807 3906 4007
3908 3808 3909
3909 3809 3908 3910 4009
3910 3810 3909 4010
3911 3811 3912 4011
3912 3812 3911 3913 4012
3913 3813 3912 3914 4013
3914 3814 3913 3915 4014
3915 3815 3914 3916 4015
3916 3816 3915 3917 4016
3917 3817 3916 3918 4017
3918 3818 3917 3919 4018
3919 3918 3920 4019
3920 3820 3919 3921 4020
3921 3821 3920 3922 4021
3922 3822 3921 3923 4022
3923 3823 3922 3924 4023
3924 3923 4024
3925 3825 3926 4025
3926 3826 3925 3927 4026
3927 3926 3928 4027
3928 3828 3927 3929 4028
3929 3829 3928 3930 4029
3930 3830 3929 3931 4030
3931 3831 3930 3932 4031
3932 3832 3931 3933 4032
3933 3833 3932 3934 4033
3934 3933 3935 4034
3935 3835 3934 3936 4035
3936 3836 3935 3937 4036
3937 3837 3936 3938 4037
3938 3838 3937 3939 4038
3939 3839 3938 3940 4039
3940 3840 3939 3941 4040
3941 3841 3940 3942 4041
3942 3842 3941 3943 4042
3943 3843 3942 3944 4043
3944 3844 3943 3945 4044
3945 3845 3944 3946 4045
3946 3846 3945 3947 4046
3947 3847 3946 3948 4047
3948 3848 3947 3949 4048
3949 3849 3948 3950 4049
3950 3850 3949 3951 4050
3951 3851 3950 4051
3952 3852 3953 4052
3953 3952 4053
3954 3854 3955
3955 3855 3954 3956 4055
3956 3856 3955 3957 4056
3957 3857 3956 3958 4057
3958 3858 3957 3959 4058
3959 3859 3958 3960
3960 3860 3959 3961 4060
3961 3861 3960 3962 4061
3962 3961 3963 4062
3963 3863 3962 3964 4063
3964 3864 3963 3965 4064
3965 3865 3964 3966 4065
3966 3866 3965 3967 4066
3967 3867 3966 3968
3968 3868 3967 3969 4068
3969 3869 3968 3970 4069
3970 3969 3971 4070
3971 3871 3970 3972 4071
3972 3971 3973
3973 3873 3972 3974 4073
3974 3874 3973 3975 4074
3975 3875 3974 3976 4075
3976 3876 3975 4076
3977 3877 3978 4077
3978 3878 3977 3979 4078
3979 3879 3978 3980 4079
3980 3880 3979 3981 4080
3981 3881 3980 3982 4081
3982 3882 3981 3983 4082
3983 3883 3982 3984 4083
3984 3884 3983 3985
3985 3885 3984 3986 4085
3986 3886 3985 3987 4086
3987 3887 3986 3988
3988 3888 3987 3989 4088
3989 3889 3988 3990 4089
3990 3890 3989 3991 4090
3991 3891 3990 3992 4091
3992 3892 3991 4092
3993 3893 4093
3994 3894 3995 4094
3995 3895 3994 3996 4095
3996 3896 3995 4096
3997 3897 3998 4097
3998 3898 3997 3999 4098
3999 3899 3998
4000 3900 4001 4100
4001 3901 4000 4002 4101
4002 3902 4001 4003 4102
4003 3903 4002 4004 4103
4004 3904 4003 4005 4104
4005 3905 4004 4006 4105
4006 3906 4005 4007 4106
4007 3907 4006 4008 4107
4008 4007 4009
4009 3909 4008 4010 4109
4010 3910 4009 4011 4110
4011 3911 4010 4012 4111
4012 3912 4011 4013 4112
4013 3913 4012 4014 4113
4014 3914 4013 4015
4015 3915 4014 4016 4115
4016 3916 4015 4017 4116
4017 3917 4016 4018
4018 3918 4017 4019 4118
4019 3919 4018 4119
4020 3920
4021 3921 4022
4022 3922 4021 4023 4122
4023 3923 4022 4024 4123
4024 3924 4023 4025
4025 3925 4024 4026 4125
4026 3926 4025 4027 4126
4027 3927 4026 4028 4127
4028 3928 4027 4029 4128
4029 3929 4028 4030 4129
4030 3930 4029 4031
4031 3931 4030 4032 4131
4032 3932 4031 4033 4132
4033 3933 4032 4034 4133
4034 3934 4033 4035
4035 3935 4034 4036 4135
4036 3936 4035 4037
4037 3937 4036 4038 4137
4038 3938 4037
4039 3939 4040 4139
4040 3940 4039 4041 4140
4041 3941 4040 4042 4141
4042 3942 4041 4043 4142
4043 3943 4042 4044
4044 3944 4043 4144
4045 3945 4046 4145
4046 3946 4045 4047
4047 3947 4046 4048 4147
4048 3948 4047 4049 4148
4049 3949 4048 4050 4149
4050 3950 4049 4051 4150
4051 3951 4050 4052 4151
4052 3952 4051 4053 4152
4053 3953 4052 4054 4153
4054 4053 4055 4154
4055 3955 4054 4056 4155
4056 3956 4055 4057 4156
4057 3957 4056 4157
4058 3958 4059 4158
4059 4058 4060 4159
4060 3960 4059
4061 3961 4062 4161
4062 3962 4061 4063 4162
4063 3963 4062 4163
4064 3964 4065 4164
4065 3965 4064 4066 4165
4066 3966 4065 4067 4166
4067 4066 4068 4167
4068 3968 4067 4168
4069 3969 4070 4169
4070 3970 4069 4071 4170
4071 3971 4070 4072 4171
4072 4071 4073 4172
4073 3973 4072 4074 4173
4074 3974 4073 4075 4174
4075 3975 4074 4076 4175
4076 3976 4075 4077 4176
4077 3977 4076 4078 4177
4078 3978 4077 4079 4178
4079 3979 4078 4080 4179
4080 3980 4079 4081 4180
4081 3981 4080 4082 4181
4082 3982 4081 4083 4182
4083 3983 4082 4183
4084 4085 4184
4085 3985 4084 4185
4086 3986 4087 4186
4087 4086 4088 4187
4088 3988 4087 4089 4188
4089 3989 4088 4090 4189
4090 3990 4089 4091 4190
4091 3991 4090 4191
4092 3992 4093 4192
4093 3993 4092 4094 4193
4094 3994 4093 4095 4194
4095 3995 4094 4096
4096 3996 4095 4097 4196
4097 3997 4096 4098 4197
4098 3998 4097 4198
4099 4199
4100 4000 4101 4200
4101 4001 4100 4102 4201
4102 4002 4101 4103 4202
4103 4003 4102 4104
4104 4004 4103 4105 4204
4105 4005 4104 4205
4106 4006 4107 4206
4107 4007 4106 4108 4207
4108 4107 4109
4109 4009 4108 4110
4110 4010 4109 4111 4210
4111 4011 4110 4112
4112 4012 4111 4113
4113 4013 4112 4114 4213
4114 4113 4214
4115 4015 4116 4215
4116 4016 4115 4117 4216
4117 4116 4118 4217
4118 4018 4117 4119
4119 4019 4118 4219
4120 4121 4220
4121 4120 4122 4221
4122 4022 4121 4123 4222
4123 4023 4122 4223
4124 4125 4224
4125 4025 4124 4126 4225
4126 4026 4125 4127 4226
4127 4027 4126 4128
4128 4028 4127 4129 4228
4129 4029 4128 4130 4229
4130 4129 4131 4230
4131 4031 4130 4132 4231
4132 4032 4131 4133 4232
4133 4033 4132 4134 4233
4134 4133 4135 4234
4135 4035 4134 4136 4235
4136 4135 4137 4236
4137 4037 4136 4138
4138 4137 4139 4238
4139 4039 4138 4140 4239
4140 4040 4139 4141 4240
4141 4041 4140 4241
4142 4042 4143 4242
4143 4142 4144 4243
4144 4044 4143 4145 4244
4145 4045 4144 4146 4245
4146 4145 4147 4246
4147 4047 4146 4148 4247
4148 4048 4147 4149 4248
4149 4049 4148 4150 4249
4150 4050 4149 4151 4250
4151 4051 4150 4152 4251
4152 4052 4151 4252
4153 4053 4154 4253
4154 4054 4153 4155 4254
4155 4055 4154 4156 4255
4156 4056 4155 4157 4256
4157 4057 4156 4158 4257
4158 4058 4157 4159 4258
4159 4059 4158 4160 4259
4160 4159 4161
4161 4061 4160 4162 4261
4162 4062 4161 4163 4262
4163 4063 4162 4164 4263
4164 4064 4163 4165
4165 4065 4164 4166 4265
4166 4066 4165 4167 4266
4167 4067 4166 4168
4168 4068 4167 4169 4268
4169 4069 4168 4170 4269
4170 4070 4169 4171 4270
4171 4071 4170 4172 4271
4172 4072 4171 4272
4173 4073 4174 4273
4174 4074 4173 4175 4274
4175 4075 4174 4176 4275
4176 4076 4175 4276
4177 4077 4178 4277
4178 4078 4177 4179 4278
4179 4079 4178 4279
4180 4080 4181 4280
4181 4081 4180 4182 4281
4182 4082 4181 4183 4282
4183 4083 4182 4184 4283
4184 4084 4183 4185 4284
4185 4085 4184 4186 4285
4186 4086 4185 4187 4286
4187 4087 4186 4188 4287
4188 4088 4187 4288
4189 4089 4190 4289
4190 4090 4189 4191 4290
4191 4091 4190 4192 4291
4192 4092 4191 4193 4292
4193 4093 4192 4194
4194 4094 4193 4195 4294
4195 4194 4295
4196 4096 4197 4296
4197 4097 4196 4198 4297
4198 4098 4197 4199 4298
4199 4099 4198 4299
4200 4100 4201 4300
4201 4101 4200 4202 4301
4202 4102 4201 4302
4203 4204
4204 4104 4203 4304
4205 4105 4206 4305
4206 4106 4205 4207 4306
4207 4107 4206 4208 4307
4208 4207 4209 4308
4209 4208 4210 4309
4210 4110 4209 4211 4310
4211 4210 4212 4311
4212 4211 4213 4312
4213 4113 4212 4214 4313
4214 4114 4213 4215 4314
4215 4115 4214 4216 4315
4216 4116 4215 4217 4316
4217 4117 4216 4317
4218 4219 4318
4219 4119 4218
4220 4120 4221 4320
4221 4121 4220 4222 4321
4222 4122 4221 4223 4322
4223 4123 4222 4224 4323
4224 4124 4223 4225 4324
4225 4125 4224 4226 4325
4226 4126 4225 4227 4326
4227 4226 4327
4228 4128 4229 4328
4229 4129 4228 4329
4230 4130
4231 4131 4232 4331
4232 4132 4231 4233 4332
4233 4133 4232 4234 4333
4234 4134 4233 4235
4235 4135 4234 4236 4335
4236 4136 4235 4237 4336
4237 4236 4238 4337
4238 4138 4237 4239 4338
4239 4139 4238 4240 4339
4240 4140 4239 4241 4340
4241 4141 4240 4242 4341
4242 4142 4241 4243 4342
4243 4143 4242 4244
4244 4144 4243 4344
4245 4145 4246 4345
4246 4146 4245 4247 4346
4247 4147 4246 4248 4347
4248 4148 4247 4249 4348
4249 4149 4248 4250 4349
4250 4150 4249 4251 4350
4251 4151 4250 4252 4351
4252 4152 4251 4253 4352
4253 4153 4252 4254 4353
4254 4154 4253 4255 4354
4255 4155 4254 4256 4355
4256 4156 4255 4257 4356
4257 4157 4256 4357
4258 4158 4358
4259 4159 4260
4260 4259 4261 4360
4261 4161 4260 4262 4361
4262 4162 4261 4263 4362
4263 4163 4262 4264 4363
4264 4263 4265 4364
4265 4165 4264
4266 4166 4267 4366
4267 4266 4268 4367
4268 4168 4267 4269 4368
4269 4169 4268 4270 4369
4270 4170 4269 4271 4370
4271 4171 4270 4272 4371
4272 4172 4271 4273 4372
4273 4173 4272 4274
4274 4174 4273 4275 4374
4275 4175 4274 4276 4375
4276 4176 4275 4277 4376
4277 4177 4276 4278 4377
4278 4178 4277 4279 4378
4279 4179 4278 4280 4379
4280 4180 4279 4281 4380
4281 4181 4280 4282 4381
4282 4182 4281 4283 4382
4283 4183 4282 4284 4383
4284 4184 4283 4285 4384
4285 4185 4284 4286 4385
4286 4186 4285 4287 4386
4287 4187 4286 4288 4387
4288 4188 4287 4289 4388
4289 4189 4288 4290 4389
4290 4190 4289 4291
4291 4191 4290 4292 4391
4292 4192 4291 4293 4392
4293 4292 4294 4393
4294 4194 4293 4394
4295 4195 4296 4395
4296 4196 4295 4297 4396
4297 4197 4296 4298 4397
4298 4198 4297 4299
4299 4199 4298 4399
4300 4200 4301 4400
4301 4201 4300 4302 4401
4302 4202 4301 4303
4303 4302 4304 4403
4304 4204 4303 4305
4305 4205 4304 4306 4405
4306 4206 4305 4307 4406
4307 4207 4306 4308 4407
4308 4208 4307 4309 4408
4309 4209 4308 4310 4409
4310 4210 4309 4311 4410
4311 4211 4310 4312
4312 4212 4311 4313 4412
4313 4213 4312 4314 4413
4314 4214 4313 4315 4414
4315 4215 4314 4316 4415
4316 4216 4315 4317 4416
4317 4217 4316 4318 4417
4318 4218 4317 4319 4418
4319 4318 4320 4419
4320 4220 4319 4420
4321 4221 4322 4421
4322 4222 4321 4323 4422
4323 4223 4322 4324 4423
4324 4224 4323 4325 4424
4325 4225 4324 4326 4425
4326 4226 4325 4327 4426
4327 4227 4326 4328 4427
4328 4228 4327 4329 4428
4329 4229 4328 4330
4330 4329 4331 4430
4331 4231 4330 4332 4431
4332 4232 4331 4333
4333 4233 4332 4334 4433
4334 4333 4335 4434
4335 4235 4334 4336 4435
4336 4236 4335 4337
4337 4237 4336 4338 4437
4338 4238 4337 4339
4339 4239 4338 4340 4439
4340 4240 4339 4341 4440
4341 4241 4340 4342 4441
4342 4242 4341 4343 4442
4343 4342 4344 4443
4344 4244 4343 4345 4444
4345 4245 4344 4346 4445
4346 4246 4345 4347 4446
4347 4247 4346 4348 4447
4348 4248 4347 4349 4448
4349 4249 4348 4350 4449
4350 4250 4349 4351 4450
4351 4251 4350 4352 4451
4352 4252 4351 4353 4452
4353 4253 4352 4354 4453
4354 4254 4353 4355 4454
4355 4255 4354 4356
4356 4256 4355 4357 4456
4357 4257 4356 4358 4457
4358 4258 4357 4359 4458
4359 4358 4360 4459
4360 4260 4359 4361 4460
4361 4261 4360 4461
4362 4262 4363 4462
4363 4263 4362 4364 4463
4364 4264 4363 4365 4464
4365 4364 4366 4465
4366 4266 4365 4367 4466
4367 4267 4366 4368 4467
4368 4268 4367 4369
4369 4269 4368 4370 4469
4370 4270 4369 4371 4470
4371 4271 4370 4372 4471
4372 4272 4371 4373 4472
4373 4372 4374 4473
4374 4274 4373 4375
4375 4275 4374 4475
4376 4276 4377 4476
4377 4277 4376 4378 4477
4378 4278 4377 4379 4478
4379 4279 4378 4380
4380 4280 4379 4381 4480
4381 4281 4380 4382 4481
4382 4282 4381 4383 4482
4383 4283 4382 4384 4483
4384 4284 4383 4385
4385 4285 4384 4485
4386 4286 4486
4387 4287 4388 4487
4388 4288 4387 4389 4488
4389 4289 4388 4489
4390 4490
4391 4291 4392
4392 4292 4391 4393
4393 4293 4392 4394
4394 4294 4393 4395 4494
4395 4295 4394 4396 4495
4396 4296 4395 4397 4496
4397 4297 4396 4398 4497
4398 4397 4399
4399 4299 4398 4499
4400 4300 4401 4500
4401 4301 4400 4402 4501
4402 4401 4403 4502
4403 4303 4402 4404 4503
4404 4403 4405 4504
4405 4305 4404 4406 4505
4406 4306 4405 4407 4506
4407 4307 4406 4408 4507
4408 4308 4407 4409 4508
4409 4309 4408 4410 4509
4410 4310 4409 4411 4510
4411 4410 4412
4412 4312 4411 4413 4512
4413 4313 4412 4414 4513
4414 4314 4413 4415
4415 4315 4414 4416 4515
4416 4316 4415 4417
4417 4317 4416 4418 4517
4418 4318 4417 4518
4419 4319 4420 4519
4420 4320 4419 4421 4520
4421 4321 4420 4422 4521
4422 4322 4421 4423 4522
4423 4323 4422 4424 4523
4424 4324 4423 4425 4524
4425 4325 4424 4426 4525
4426 4326 4425 4427 4526
4427 4327 4426 4428 4527
4428 4328 4427
4429 4430 4529
4430 4330 4429 4431
4431 4331 4430 4432 4531
4432 4431 4433
4433 4333 4432 4434 4533
4434 4334 4433 4435 4534
4435 4335 4434 4436 4535
4436 4435 4437 4536
4437 4337 4436 4438 4537
4438 4437 4439 4538
4439 4339 4438 4440 4539
4440 4340 4439 4441 4540
4441 4341 4440 4442 4541
4442 4342 4441 4443 4542
4443 4343 4442 4543
4444 4344 4445 4544
4445 4345 4444 4446 4545
4446 4346 4445 4447 4546
4447 4347 4446 4448 4547
4448 4348 4447 4449 4548
4449 4349 4448 4450 4549
4450 4350 4449 4550
4451 4351 4452 4551
4452 4352 4451 4453 4552
4453 4353 4452 4454
4454 4354 4453 4554
4455 4456 4555
4456 4356 4455 4457 4556
4457 4357 4456 4458 4557
4458 4358 4457
4459 4359 4559
4460 4360 4461 4560
4461 4361 4460 4462 4561
4462 4362 4461 4463 4562
4463 4363 4462 4464 4563
4464 4364 4463 4465 4564
4465 4365 4464 4466 4565
4466 4366 4465 4467 4566
4467 4367 4466 4468 4567
4468 4467 4568
4469 4369 4470 4569
4470 4370 4469 4471
4471 4371 4470 4571
4472 4372 4473 4572
4473 4373 4472 4573
4474 4574
4475 4375 4575
4476 4376 4477 4576
4477 4377 4476 4478 4577
4478 4378 4477 4479 4578
4479 4478 4480 4579
4480 4380 4479 4481 4580
4481 4381 4480 4482 4581
4482 4382 4481 4483 4582
4483 4383 4482 4484 4583
4484 4483 4485 4584
4485 4385 4484 4486 4585
4486 4386 4485 4487 4586
4487 4387 4486 4587
4488 4388 4489 4588
4489 4389 4488 4490 4589
4490 4390 4489 4491 4590
4491 4490 4492 4591
4492 4491 4493 4592
4493 4492 4494
4494 4394 4493 4495 4594
4495 4395 4494 4496 4595
4496 4396 4495 4596
4497 4397 4597
4498 4499
4499 4399 4498 4599
4500 4400 4501 4600
4501 4401 4500 4502 4601
4502 4402 4501 4503 4602
4503 4403 4502 4504 4603
4504 4404 4503 4505 4604
4505 4405 4504 4506 4605
4506 4406 4505 4507 4606
4507 4407 4506 4508 4607
4508 4408 4507 4509 4608
4509 4409 4508 4510 4609
4510 4410 4509 4610
4511 4512 4611
4512 4412 4511 4513 4612
4513 4413 4512 4514
4514 4513 4515 4614
4515 4415 4514 4516 4615
4516 4515 4517 4616
4517 4417 4516 4518 4617
4518 4418 4517 4618
4519 4419 4520 4619
4520 4420 4519 4521 4620
4521 4421 4520 4522 4621
4522 4422 4521 4523
4523 4423 4522 4524 4623
4524 4424 4523 4525 4624
4525 4425 4524 4526 4625
4526 4426 4525 4527 4626
4527 4427 4526 4528 4627
4528 4527 4529 4628
4529 4429 4528 4530 4629
4530 4529 4531
4531 4431 4530 4532 4631
4532 4531 4533 4632
4533 4433 4532 4534 4633
4534 4434 4533 4535 4634
4535 4435 4534 4536 4635
4536 4436 4535 4537 4636
4537 4437 4536 4538 4637
4538 4438 4537 4638
4539 4439 4540 4639
4540 4440 4539 4541 4640
4541 4441 4540 4542 4641
4542 4442 4541 4543 4642
4543 4443 4542 4544 4643
4544 4444 4543 4545 4644
4545 4445 4544 4546 4645
4546 4446 4545 4547 4646
4547 4447 4546 4548 4647
4548 4448 4547 4549 4648
4549 4449 4548 4550 4649
4550 4450 4549 4551 4650
4551 4451 4550 4552 4651
4552 4452 4551 4553 4652
4553 4552 4554 4653
4554 4454 4553 4555 4654
4555 4455 4554 4556 4655
4556 4456 4555 4557 4656
4557 4457 4556 4558 4657
4558 4557 4559 4658
4559 4459 4558 4560 4659
4560 4460 4559 4561
4561 4461 4560 4562 4661
4562 4462 4561 4563 4662
4563 4463 4562 4663
4564 4464 4565 4664
4565 4465 4564 4566 4665
4566 4466 4565 4567 4666
4567 4467 4566 4568 4667
4568 4468 4567 4569 4668
4569 4469 4568 4570 4669
4570 4569 4571 4670
4571 4471 4570 4572 4671
4572 4472 4571 4573 4672
4573 4473 4572 4574 4673
4574 4474 4573 4575 4674
4575 4475 4574 4576 4675
4576 4476 4575 4577 4676
4577 4477 4576 4677
4578 4478 4579 4678
4579 4479 4578 4580 4679
4580 4480 4579 4581 4680
4581 4481 4580 4582 4681
4582 4482 4581 4583 4682
4583 4483 4582 4584 4683
4584 4484 4583 4585 4684
4585 4485 4584 4586 4685
4586 4486 4585 4587
4587 4487 4586 4588 4687
4588 4488 4587 4589 4688
4589 4489 4588 4590 4689
4590 4490 4589 4591 4690
4591 4491 4590 4592 4691
4592 4492 4591 4593 4692
4593 4592 4594
4594 4494 4593 4595
4595 4495 4594 4596 4695
4596 4496 4595 4597 4696
4597 4497 4596 4598 4697
4598 4597 4599 4698
4599 4499 4598 4699
4600 4500 4601 4700
4601 4501 4600 4602 4701
4602 4502 4601 4702
4603 4503 4604 4703
4604 4504 4603 4605 4704
4605 4505 4604 4606 4705
4606 4506 4605 4607 4706
4607 4507 4606 4608 4707
4608 4508 4607 4609 4708
4609 4509 4608 4610 4709
4610 4510 4609 4611 4710
4611 4511 4610 4612 4711
4612 4512 4611 4613 4712
4613 4612 4614 4713
4614 4514 4613 4615 4714
4615 4515 4614 4715
4616 4516 4617 4716
4617 4517 4616 4618 4717
4618 4518 4617 4619 4718
4619 4519 4618 4620 4719
4620 4520 4619 4621 4720
4621 4521 4620 4622 4721
4622 4621 4722
4623 4523 4624 4723
4624 4524 4623 4625 4724
4625 4525 4624 4725
4626 4526 4627
4627 4527 4626 4628 4727
4628 4528 4627 4629 4728
4629 4529 4628 4729
4630 4631
4631 4531 4630 4632 4731
4632 4532 4631 4633 4732
4633 4533 4632 4634 4733
4634 4534 4633 4635 4734
4635 4535 4634 4636 4735
4636 4536 4635 4637 4736
4637 4537 4636 4638 4737
4638 4538 4637 4639 4738
4639 4539 4638 4739
4640 4540 4641 4740
4641 4541 4640 4642 4741
4642 4542 4641 4643 4742
4643 4543 4642 4644 4743
4644 4544 4643 4645 4744
4645 4545 4644 4745
4646 4546 4647 4746
4647 4547 4646 4648 4747
4648 4548 4647 4748
4649 4549 4650 4749
4650 4550 4649 4651 4750
4651 4551 4650 4652 4751
4652 4552 4651 4653 4752
4653 4553 4652 4654 4753
4654 4554 4653 4754
4655 4555 4656 4755
4656 4556 4655 4657 4756
4657 4557 4656 4658 4757
4658 4558 4657 4659 4758
4659 4559 4658 4660 4759
4660 4659 4661 4760
4661 4561 4660 4761
4662 4562 4663 4762
4663 4563 4662 4664 4763
4664 4564 4663 4665 4764
4665 4565 4664 4666
4666 4566 4665 4667 4766
4667 4567 4666 4668 4767
4668 4568 4667 4669 4768
4669 4569 4668 4670 4769
4670 4570 4669 4671 4770
4671 4571 4670 4672 4771
4672 4572 4671 4673 4772
4673 4573 4672 4674 4773
4674 4574 4673 4675 4774
4675 4575 4674 4775
4676 4576 4677 4776
4677 4577 4676 4678 4777
4678 4578 4677 4679 4778
4679 4579 4678 4680 4779
4680 4580 4679 4681 4780
4681 4581 4680 4682 4781
4682 4582 4681 4683 4782
4683 4583 4682 4684 4783
4684 4584 4683 4685 4784
4685 4585 4684 4686 4785
4686 4685 4687 4786
4687 4587 4686 4688 4787
4688 4588 4687 4788
4689 4589 4690 4789
4690 4590 4689 4691 4790
4691 4591 4690 4692 4791
4692 4592 4691 4792
4693 4694 4793
4694 4693 4695 4794
4695 4595 4694 4696 4795
4696 4596 4695 4697
4697 4597 4696 4698 4797
4698 4598 4697 4798
4699 4599 4799
4700 4600 4701 4800
4701 4601 4700 4702 4801
4702 4602 4701 4703 4802
4703 4603 4702 4704 4803
4704 4604 4703 4705 4804
4705 4605 4704 4706 4805
4706 4606 4705 4707 4806
4707 4607 4706 4708 4807
4708 4608 4707 4709 4808
4709 4609 4708 4809
4710 4610 4810
4711 4611 4712 4811
4712 4612 4711 4713 4812
4713 4613 4712 4714 4813
4714 4614 4713 4715 4814
4715 4615 4714 4716 4815
4716 4616 4715 4717 4816
4717 4617 4716 4718 4817
4718 4618 4717 4719
4719 4619 4718 4720 4819
4720 4620 4719 4721 4820
4721 4621 4720 4722 4821
4722 4622 4721 4723 4822
4723 4623 4722 4724 4823
4724 4624 4723 4824
4725 4625 4825
4726 4727 4826
4727 4627 4726 4728 4827
4728 4628 4727 4729 4828
4729 4629 4728 4730 4829
4730 4729 4731
4731 4631 4730 4732 4831
4732 4632 4731 4733
4733 4633 4732 4734 4833
4734 4634 4733 4735 4834
4735 4635 4734 4835
4736 4636 4737 4836
4737 4637 4736 4738 4837
4738 4638 4737 4739 4838
4739 4639 4738 4839
4740 4640 4741 4840
4741 4641 4740 4742 4841
4742 4642 4741 4743
4743 4643 4742 4744 4843
4744 4644 4743 4745 4844
4745 4645 4744 4746 4845
4746 4646 4745 4747 4846
4747 4647 4746 4748 4847
4748 4648 4747 4749 4848
4749 4649 4748 4750 4849
4750 4650 4749 4751 4850
4751 4651 4750 4752 4851
4752 4652 4751 4753 4852
4753 4653 4752 4754 4853
4754 4654 4753 4755 4854
4755 4655 4754 4756 4855
4756 4656 4755 4757 4856
4757 4657 4756 4758 4857
4758 4658 4757 4759 4858
4759 4659 4758 4760
4760 4660 4759 4761 4860
4761 4661 4760 4762 4861
4762 4662 4761 4763 4862
4763 4663 4762 4863
4764 4664 4864
4765 4766 4865
4766 4666 4765 4767 4866
4767 4667 4766 4768 4867
4768 4668 4767 4769 4868
4769 4669 4768 4770 4869
4770 4670 4769 4771 4870
4771 4671 4770 4772 4871
4772 4672 4771 4773 4872
4773 4673 4772 4774 4873
4774 4674 4773 4775 4874
4775 4675 4774 4776 4875
4776 4676 4775 4777 4876
4777 4677 4776 4778
4778 4678 4777 4779 4878
4779 4679 4778 4780 4879
4780 4680 4779 4781 4880
4781 4681 4780 4782
4782 4682 4781 4783 4882
4783 4683 4782 4784 4883
4784 4684 4783 4785 4884
4785 4685 4784 4786 4885
4786 4686 4785 4787 4886
4787 4687 4786 4788 4887
4788 4688 4787 4789 4888
4789 4689 4788 4790 4889
4790 4690 4789 4791 4890
4791 4691 4790 4792 4891
4792 4692 4791 4892
4793 4693 4794 4893
4794 4694 4793 4795 4894
4795 4695 4794 4796 4895
4796 4795 4797 4896
4797 4697 4796 4798 4897
4798 4698 4797 4898
4799 4699 4899
4800 4700 4801 4900
4801 4701 4800 4802 4901
4802 4702 4801 4803 4902
4803 4703 4802 4804 4903
4804 4704 4803 4805
4805 4705 4804 4806
4806 4706 4805 4807 4906
4807 4707 4806 4808 4907
4808 4708 4807 4809 4908
4809 4709 4808 4810 4909
4810 4710 4809 4811 4910
4811 4711 4810 4812 4911
4812 4712 4811 4813 4912
4813 4713 4812 4814 4913
4814 4714 4813 4815 4914
4815 4715 4814 4816 4915
4816 4716 4815 4916
4817 4717 4818 4917
4818 4817 4819 4918
4819 4719 4818 4820
4820 4720 4819 4821 4920
4821 4721 4820 4822 4921
4822 4722 4821 4823 4922
4823 4723 4822 4824 4923
4824 4724 4823 4825 4924
4825 4725 4824 4826 4925
4826 4726 4825 4827 4926
4827 4727 4826 4828 4927
4828 4728 4827 4829 4928
4829 4729 4828 4830 4929
4830 4829 4831
4831 4731 4830 4832
4832 4831 4833 4932
4833 4733 4832 4834 4933
4834 4734 4833 4835 4934
4835 4735 4834 4836 4935
4836 4736 4835 4936
4837 4737 4838 4937
4838 4738 4837 4839 4938
4839 4739 4838 4840 4939
4840 4740 4839 4841
4841 4741 4840 4842 4941
4842 4841 4843 4942
4843 4743 4842 4844 4943
4844 4744 4843 4845 4944
4845 4745 4844 4846 4945
4846 4746 4845 4847 4946
4847 4747 4846 4947
4848 4748 4849 4948
4849 4749 4848 4850 4949
4850 4750 4849 4851
4851 4751 4850 4852 4951
4852 4752 4851 4853 4952
4853 4753 4852 4854 4953
4854 4754 4853 4855 4954
4855 4755 4854 4955
4856 4756 4857 4956
4857 4757 4856 4858 4957
4858 4758 4857 4859
4859 4858 4860 4959
4860 4760 4859 4861 4960
4861 4761 4860 4862 4961
4862 4762 4861 4863 4962
4863 4763 4862 4864
4864 4764 4863 4865 4964
4865 4765 4864 4866 4965
4866 4766 4865 4867 4966
4867 4767 4866 4868 4967
4868 4768 4867 4869 4968
4869 4769 4868 4870
4870 4770 4869 4871 4970
4871 4771 4870 4872 4971
4872 4772 4871 4873 4972
4873 4773 4872 4874 4973
4874 4774 4873 4875 4974
4875 4775 4874 4876 4975
4876 4776 4875 4877 4976
4877 4876 4878 4977
4878 4778 4877 4879 4978
4879 4779 4878 4880 4979
4880 4780 4879 4881 4980
4881 4880 4882 4981
4882 4782 4881 4883
4883 4783 4882 4884 4983
4884 4784 4883 4885 4984
4885 4785 4884 4886 4985
4886 4786 4885 4887
4887 4787 4886 4888 4987
4888 4788 4887 4889 4988
4889 4789 4888 4890 4989
4890 4790 4889 4891 4990
4891 4791 4890 4892 4991
4892 4792 4891 4992
4893 4793 4894
4894 4794 4893 4895 4994
4895 4795 4894 4896
4896 4796 4895 4897 4996
4897 4797 4896 4898
4898 4798 4897 4899 4998
4899 4799 4898 4999
4900 4800 4901 5000
4901 4801 4900 5001
4902 4802 4903
4903 4803 4902 4904 5003
4904 4903 4905 5004
4905 4904 4906 5005
4906 4806 4905 4907 5006
4907 4807 4906 4908 5007
4908 4808 4907 4909 5008
4909 4809 4908 5009
4910 4810 5010
4911 4811 4912
4912 4812 4911 4913
4913 4813 4912 4914 5013
4914 4814 4913 4915 5014
4915 4815 4914 4916
4916 4816 4915 4917 5016
4917 4817 4916 4918 5017
4918 4818 4917 4919 5018
4919 4918 5019
4920 4820 4921 5020
4921 4821 4920
4922 4822 4923 5022
4923 4823 4922 4924 5023
4924 4824 4923 4925 5024
4925 4825 4924 4926 5025
4926 4826 4925 4927 5026
4927 4827 4926 4928 5027
4928 4828 4927 4929 5028
4929 4829 4928 4930 5029
4930 4929 4931 5030
4931 4930 4932 5031
4932 4832 4931 4933 5032
4933 4833 4932 4934 5033
4934 4834 4933 4935 5034
4935 4835 4934 4936
4936 4836 4935 4937 5036
4937 4837 4936 4938 5037
4938 4838 4937 4939 5038
4939 4839 4938 4940 5039
4940 4939 4941 5040
4941 4841 4940 4942 5041
4942 4842 4941 4943
4943 4843 4942 4944 5043
4944 4844 4943 4945 5044
4945 4845 4944 4946
4946 4846 4945 4947
4947 4847 4946 4948 5047
4948 4848 4947 5048
4949 4849 4950 5049
4950 4949 4951
4951 4851 4950 4952 5051
4952 4852 4951 4953 5052
4953 4853 4952 4954 5053
4954 4854 4953 4955 5054
4955 4855 4954 5055
4956 4856 4957 5056
4957 4857 4956 4958 5057
4958 4957 4959 5058
4959 4859 4958 4960 5059
4960 4860 4959 4961 5060
4961 4861 4960 4962 5061
4962 4862 4961 4963 5062
4963 4962 4964 5063
4964 4864 4963 4965 5064
4965 4865 4964 5065
4966 4866 4967 5066
4967 4867 4966 4968 5067
4968 4868 4967 4969 5068
4969 4968 4970 5069
4970 4870 4969 4971 5070
4971 4871 4970 4972 5071
4972 4872 4971 4973 5072
4973 4873 4972 5073
4974 4874 4975 5074
4975 4875 4974 4976 5075
4976 4876 4975 5076
4977 4877 4978 5077
4978 4878 4977 4979 5078
4979 4879 4978 4980 5079
4980 4880 4979 4981 5080
4981 4881 4980 4982 5081
4982 4981 4983 5082
4983 4883 4982 4984 5083
4984 4884 4983 5084
4985 4885 4986 5085
4986 4985 4987 5086
4987 4887 4986 4988 5087
4988 4888 4987 4989 5088
4989 4889 4988 4990 5089
4990 4890 4989 4991 5090
4991 4891 4990 4992 5091
4992 4892 4991 4993 5092
4993 4992 4994 5093
4994 4894 4993 4995 5094
4995 4994 4996 5095
4996 4896 4995 5096
4997 4998 5097
4998 4898 4997 4999 5098
4999 4899 4998 5099
5000 4900 5001 5100
5001 4901 5000 5101
5002 5003 5102
5003 4903 5002 5103
5004 4904 5005 5104
5005 4905 5004 5006 5105
5006 4906 5005 5007 5106
5007 4907 5006 5008 5107
5008 4908 5007 5009 5108
5009 4909 5008 5010 5109
5010 4910 5009 5011 5110
5011 5010 5012 5111
5012 5011 5013 5112
5013 4913 5012 5014
5014 4914 5013 5015 5114
5015 5014 5016 5115
5016 4916 5015 5017 5116
5017 4917 5016 5018 5117
5018 4918 5017 5019 5118
5019 4919 5018 5020 5119
5020 4920 5019 5120
5021 5022 5121
5022 4922 5021 5023 5122
5023 4923 5022 5024 5123
5024 4924 5023 5025
5025 4925 5024 5026 5125
5026 4926 5025 5027 5126
5027 4927 5026 5028
5028 4928 5027 5029 5128
5029 4929 5028 5030 5129
5030 4930 5029 5031 5130
5031 4931 5030 5131
5032 4932 5033 5132
5033 4933 5032 5034 5133
5034 4934 5033 5035 5134
5035 5034 5135
5036 4936 5037
5037 4937 5036 5137
5038 4938 5039
5039 4939 5038 5040 5139
5040 4940 5039 5041 5140
5041 4941 5040 5042 5141
5042 5041 5043 5142
5043 4943 5042 5044 5143
5044 4944 5043 5045 5144
5045 5044 5046 5145
5046 5045 5047 5146
5047 4947 5046 5048
5048 4948 5047 5049 5148
5049 4949 5048 5050 5149
5050 5049 5051 5150
5051 4951 5050 5052 5151
5052 4952 5051 5053 5152
5053 4953 5052 5054 5153
5054 4954 5053 5055 5154
5055 4955 5054 5056 5155
5056 4956 5055 5156
5057 4957 5058 5157
5058 4958 5057 5059 5158
5059 4959 5058 5060 5159
5060 4960 5059 5061
5061 4961 5060 5062 5161
5062 4962 5061 5063 5162
5063 4963 5062 5064 5163
5064 4964 5063 5065 5164
5065 4965 5064 5066 5165
5066 4966 5065 5067 5166
5067 4967 5066 5068 5167
5068 4968 5067 5069 5168
5069 4969 5068 5070 5169
5070 4970 5069 5071 5170
5071 4971 5070 5072 5171
5072 4972 5071 5073 5172
5073 4973 5072 5074
5074 4974 5073
5075 4975 5076 5175
5076 4976 5075 5077 5176
5077 4977 5076 5078 5177
5078 4978 5077 5178
5079 4979 5080 5179
5080 4980 5079 5180
5081 4981 5181
5082 4982 5083 5182
5083 4983 5082 5084 5183
5084 4984 5083 5085 5184
5085 4985 5084 5086 5185
5086 4986 5085 5186
5087 4987 5088 5187
5088 4988 5087 5089
5089 4989 5088 5090 5189
5090 4990 5089 5091 5190
5091 4991 5090 5092
5092 4992 5091 5093 5192
5093 4993 5092 5094 5193
5094 4994 5093 5095 5194
5095 4995 5094 5096 5195
5096 4996 5095 5097 5196
5097 4997 5096 5098 5197
5098 4998 5097 5099 5198
5099 4999 5098 5199
5100 5000 5101 5200
5101 5001 5100 5102 5201
5102 5002 5101 5103 5202
5103 5003 5102 5104 5203
5104 5004 5103 5105
5105 5005 5104 5106 5205
5106 5006 5105 5107
5107 5007 5106 5108 5207
5108 5008 5107 5109 5208
5109 5009 5108 5110 5209
5110 5010 5109 5111
5111 5011 5110 5112 5211
5112 5012 5111 5212
5113 5114 5213
5114 5014 5113 5214
5115 5015 5116 5215
5116 5016 5115 5117 5216
5117 5017 5116 5118 5217
5118 5018 5117 5119 5218
5119 5019 5118 5120 5219
5120 5020 5119 5121 5220
5121 5021 5120 5122 5221
5122 5022 5121 5123
5123 5023 5122 5124 5223
5124 5123 5125 5224
5125 5025 5124 5126 5225
5126 5026 5125 5226
5127 5128 5227
5128 5028 5127 5129
5129 5029 5128 5130 5229
5130 5030 5129 5230
5131 5031 5132 5231
5132 5032 5131 5133 5232
5133 5033 5132 5134 5233
5134 5034 5133 5135 5234
5135 5035 5134 5136
5136 5135 5137 5236
5137 5037 5136 5138
5138 5137 5139 5238
5139 5039 5138 5140 5239
5140 5040 5139 5141
5141 5041 5140 5142 5241
5142 5042 5141 5143 5242
5143 5043 5142 5144 5243
5144 5044 5143 5145 5244
5145 5045 5144 5245
5146 5046 5147 5246
5147 5146 5148 5247
5148 5048 5147 5149
5149 5049 5148 5150 5249
5150 5050 5149 5151 5250
5151 5051 5150 5152 5251
5152 5052 5151 5153 5252
5153 5053 5152 5154 5253
5154 5054 5153 5155 5254
5155 5055 5154 5255
5156 5056 5157 5256
5157 5057 5156 5158 5257
5158 5058 5157 5159 5258
5159 5059 5158 5160 5259
5160 5159 5161 5260
5161 5061 5160 5162 5261
5162 5062 5161 5163 5262
5163 5063 5162 5263
5164 5064 5165 5264
5165 5065 5164 5166 5265
5166 5066 5165 5167 5266
5167 5067 5166 5168
5168 5068 5167 5169 5268
5169 5069 5168 5170 5269
5170 5070 5169 5171 5270
5171 5071 5170 5172 5271
5172 5072 5171 5173 5272
5173 5172 5273
5174 5175 5274
5175 5075 5174 5176 5275
5176 5076 5175 5177 5276
5177 5077 5176 5178 5277
5178 5078 5177 5179 5278
5179 5079 5178 5180 5279
5180 5080 5179 5181 5280
5181 5081 5180 5182 5281
5182 5082 5181 5183 5282
5183 5083 5182 5184 5283
5184 5084 5183 5185 5284
5185 5085 5184 5186 5285
5186 5086 5185 5187 5286
5187 5087 5186 5188 5287
5188 5187 5189 5288
5189 5089 5188 5190 5289
5190 5090 5189 5290
5191 5192 5291
5192 5092 5191 5292
5193 5093 5293
5194 5094 5195 5294
5195 5095 5194 5196 5295
5196 5096 5195 5197 5296
5197 5097 5196 5198
5198 5098 5197 5199 5298
5199 5099 5198 5299
5200 5100 5201 5300
5201 5101 5200 5202 5301
5202 5102 5201
5203 5103 5204 5303
5204 5203 5205 5304
5205 5105 5204 5305
5206 5207 5306
5207 5107 5206 5208 5307
5208 5108 5207 5209 5308
5209 5109 5208 5210 5309
5210 5209 5211 5310
5211 5111 5210 5212 5311
5212 5112 5211 5213 5312
5213 5113 5212 5214 5313
5214 5114 5213 5215 5314
5215 5115 5214 5216 5315
5216 5116 5215 5217 5316
5217 5117 5216 5218 5317
5218 5118 5217 5219 5318
5219 5119 5218 5220 5319
5220 5120 5219 5221 5320
5221 5121 5220
5222 5223 5322
5223 5123 5222 5224
5224 5124 5223 5225 5324
5225 5125 5224 5226 5325
5226 5126 5225 5227 5326
5227 5127 5226
5228 5229 5328
5229 5129 5228 5230 5329
5230 5130 5229 5231 5330
5231 5131 5230 5331
5232 5132 5233 5332
5233 5133 5232 5234 5333
5234 5134 5233 5235 5334
5235 5234 5236 5335
5236 5136 5235 5237 5336
5237 5236 5238 5337
5238 5138 5237 5239 5338
5239 5139 5238 5240 5339
5240 5239 5241 5340
5241 5141 5240 5242 5341
5242 5142 5241 5243 5342
5243 5143 5242 5244 5343
5244 5144 5243 5245 5344
5245 5145 5244 5246
5246 5146 5245 5247
5247 5147 5246 5248 5347
5248 5247 5249 5348
5249 5149 5248 5250 5349
5250 5150 5249 5251
5251 5151 5250 5252 5351
5252 5152 5251 5253 5352
5253 5153 5252 5254 5353
5254 5154 5253 5255 5354
5255 5155 5254 5256 5355
5256 5156 5255 5257
5257 5157 5256 5258 5357
5258 5158 5257 5259 5358
5259 5159 5258 5260 5359
5260 5160 5259 5261 5360
5261 5161 5260 5262 5361
5262 5162 5261 5263 5362
5263 5163 5262 5264 5363
5264 5164 5263 5265 5364
5265 5165 5264 5266 5365
5266 5166 5265 5267 5366
5267 5266 5367
5268 5168
5269 5169 5270 5369
5270 5170 5269 5271 5370
5271 5171 5270 5272 5371
5272 5172 5271 5273 5372
5273 5173 5272 5274 5373
5274 5174 5273 5275 5374
5275 5175 5274 5276
5276 5176 5275 5277
5277 5177 5276 5278 5377
5278 5178 5277 5279 5378
5279 5179 5278 5280 5379
5280 5180 5279 5281 5380
5281 5181 5280 5282 5381
5282 5182 5281 5283 5382
5283 5183 5282 5284 5383
5284 5184 5283 5285 5384
5285 5185 5284 5286 5385
5286 5186 5285 5287 5386
5287 5187 5286 5288 5387
5288 5188 5287 5289 5388
5289 5189 5288 5290 5389
5290 5190 5289 5291 5390
5291 5191 5290 5292 5391
5292 5192 5291 5293
5293 5193 5292 5294 5393
5294 5194 5293 5295 5394
5295 5195 5294 5296 5395
5296 5196 5295 5297 5396
5297 5296 5298 5397
5298 5198 5297 5299 5398
5299 5199 5298 5399
5300 5200 5301 5400
5301 5201 5300 5302 5401
5302 5301 5303 5402
5303 5203 5302 5304 5403
5304 5204 5303 5305 5404
5305 5205 5304 5306 5405
5306 5206 5305 5307 5406
5307 5207 5306 5308 5407
5308 5208 5307 5309 5408
5309 5209 5308 5310 5409
5310 5210 5309 5311 5410
5311 5211 5310 5312 5411
5312 5212 5311 5313 5412
5313 5213 5312 5314 5413
5314 5214 5313 5414
5315 5215 5316 5415
5316 5216 5315 5317 5416
5317 5217 5316 5318 5417
5318 5218 5317 5319 5418
5319 5219 5318 5320 5419
5320 5220 5319 5321 5420
5321 5320 5322 5421
5322 5222 5321 5323 5422
5323 5322 5324 5423
5324 5224 5323 5325 5424
5325 5225 5324 5326
5326 5226 5325 5327 5426
5327 5326 5328 5427
5328 5228 5327 5329 5428
5329 5229 5328 5330 5429
5330 5230 5329 5331 5430
5331 5231 5330 5332
5332 5232 5331 5333 5432
5333 5233 5332 5334 5433
5334 5234 5333 5335 5434
5335 5235 5334 5336 5435
5336 5236 5335 5337 5436
5337 5237 5336 5437
5338 5238 5438
5339 5239 5340 5439
5340 5240 5339 5341 5440
5341 5241 5340 5342 5441
5342 5242 5341 5343 5442
5343 5243 5342 5344 5443
5344 5244 5343 5345 5444
5345 5344 5346 5445
5346 5345 5347 5446
5347 5247 5346 5348 5447
5348 5248 5347 5349 5448
5349 5249 5348 5350 5449
5350 5349 5351
5351 5251 5350 5352
5352 5252 5351 5452
5353 5253 5354 5453
5354 5254 5353 5355 5454
5355 5255 5354 5356 5455
5356 5355 5357 5456
5357 5257 5356 5358 5457
5358 5258 5357 5458
5359 5259 5360 5459
5360 5260 5359 5361 5460
5361 5261 5360 5362
5362 5262 5361 5363 5462
5363 5263 5362 5364 5463
5364 5264 5363 5464
5365 5265 5366 5465
5366 5266 5365 5367 5466
5367 5267 5366 5368 5467
5368 5367 5369
5369 5269 5368 5370
5370 5270 5369 5371 5470
5371 5271 5370 5372 5471
5372 5272 5371 5373 5472
5373 5273 5372 5374 5473
5374 5274 5373 5375 5474
5375 5374 5376 5475
5376 5375 5377 5476
5377 5277 5376 5378 5477
5378 5278 5377 5379 5478
5379 5279 5378 5380 5479
5380 5280 5379 5381 5480
5381 5281 5380 5382 5481
5382 5282 5381 5383 5482
5383 5283 5382 5384 5483
5384 5284 5383 5385 5484
5385 5285 5384 5386 5485
5386 5286 5385 5387 5486
5387 5287 5386 5388 5487
5388 5288 5387 5389 5488
5389 5289 5388 5390 5489
5390 5290 5389 5391 5490
5391 5291 5390 5392 5491
5392 5391 5393
5393 5293 5392 5394 5493
5394 5294 5393 5395 5494
5395 5295 5394 5396 5495
5396 5296 5395
5397 5297 5398
5398 5298 5397 5399 5498
5399 5299 5398 5499
5400 5300 5401 5500
5401 5301 5400 5402 5501
5402 5302 5401 5403 5502
5403 5303 5402 5404 5503
5404 5304 5403 5405 5504
5405 5305 5404 5406 5505
5406 5306 5405 5407 5506
5407 5307 5406 5408 5507
5408 5308 5407 5508
5409 5309 5410 5509
5410 5310 5409 5510
5411 5311 5412 5511
5412 5312 5411 5413 5512
5413 5313 5412 5513
5414 5314 5415 5514
5415 5315 5414 5515
5416 5316 5417 5516
5417 5317 5416 5418
5418 5318 5417 5419 5518
5419 5319 5418 5519
5420 5320 5421 5520
5421 5321 5420 5422 5521
5422 5322 5421 5423 5522
5423 5323 5422 5424 5523
5424 5324 5423 5425
5425 5424 5426
5426 5326 5425 5427 5526
5427 5327 5426 5428
5428 5328 5427 5429 5528
5429 5329 5428 5430 5529
5430 5330 5429 5431 5530
5431 5430 5432 5531
5432 5332 5431 5433 5532
5433 5333 5432 5434 5533
5434 5334 5433
5435 5335 5436
5436 5336 5435 5437 5536
5437 5337 5436 5438 5537
5438 5338 5437 5439 5538
5439 5339 5438 5440 5539
5440 5340 5439 5441 5540
5441 5341 5440 5442 5541
5442 5342 5441 5443
5443 5343 5442 5444 5543
5444 5344 5443 5445 5544
5445 5345 5444 5446 5545
5446 5346 5445 5447 5546
5447 5347 5446 5448 5547
5448 5348 5447 5449
5449 5349 5448 5450 5549
5450 5449 5550
5451 5551
5452 5352 5453 5552
5453 5353 5452 5454 5553
5454 5354 5453 5455 5554
5455 5355 5454 5456 5555
5456 5356 5455 5457 5556
5457 5357 5456 5458 5557
5458 5358 5457 5459
5459 5359 5458 5460 5559
5460 5360 5459 5461 5560
5461 5460 5561
5462 5362 5463 5562
5463 5363 5462 5464 5563
5464 5364 5463 5465 5564
5465 5365 5464 5466 5565
5466 5366 5465 5467 5566
5467 5367 5466 5468 5567
5468 5467 5568
5469 5470 5569
5470 5370 5469 5471
5471 5371 5470 5472 5571
5472 5372 5471 5473 5572
5473 5373 5472 5573
5474 5374 5574
5475 5375 5575
5476 5376 5477 5576
5477 5377 5476 5478 5577
5478 5378 5477 5479 5578
5479 5379 5478 5480 5579
5480 5380 5479 5481
5481 5381 5480 5482 5581
5482 5382 5481 5483 5582
5483 5383 5482 5484 5583
5484 5384 5483 5485 5584
5485 5385 5484 5486 5585
5486 5386 5485 5487 5586
5487 5387 5486 5488 5587
5488 5388 5487 5489 5588
5489 5389 5488 5589
5490 5390 5590
5491 5391 5492 5591
5492 5491 5493 5592
5493 5393 5492 5494 5593
5494 5394 5493 5594
5495 5395 5496
5496 5495 5497 5596
5497 5496 5597
5498 5398 5499 5598
5499 5399 5498 5599
5500 5400 5501 5600
5501 5401 5500 5502 5601
5502 5402 5501 5503
5503 5403 5502 5504 5603
5504 5404 5503 5604
5505 5405 5506 5605
5506 5406 5505 5507 5606
5507 5407 5506 5508 5607
5508 5408 5507 5509 5608
5509 5409 5508 5510 5609
5510 5410 5509 5511 5610
5511 5411 5510 5512 5611
5512 5412 5511 5513 5612
5513 5413 5512 5514 5613
5514 5414 5513 5515 5614
5515 5415 5514 5516 5615
5516 5416 5515 5517 5616
5517 5516 5518 5617
5518 5418 5517 5519 5618
5519 5419 5518 5520 5619
5520 5420 5519 5521 5620
5521 5421 5520 5522 5621
5522 5422 5521 5523 5622
5523 5423 5522 5524 5623
5524 5523 5525
5525 5524 5526 5625
5526 5426 5525 5527
5527 5526 5528 5627
5528 5428 5527 5529 5628
5529 5429 5528 5530 5629
5530 5430 5529 5531 5630
5531 5431 5530 5532 5631
5532 5432 5531 5533
5533 5433 5532 5534 5633
5534 5533 5535 5634
5535 5534 5536 5635
5536 5436 5535 5537 5636
5537 5437 5536 5538 5637
5538 5438 5537 5539 5638
5539 5439 5538 5540 5639
5540 5440 5539 5541 5640
5541 5441 5540 5542 5641
5542 5541 5543 5642
5543 5443 5542 5544 5643
5544 5444 5543 5545 5644
5545 5445 5544 5546
5546 5446 5545 5547 5646
5547 5447 5546 5548 5647
5548 5547 5549 5648
5549 5449 5548 5550 5649
5550 5450 5549 5551 5650
5551 5451 5550 5651
5552 5452 5553 5652
5553 5453 5552 5554 5653
5554 5454 5553 5555 5654
5555 5455 5554 5556 5655
5556 5456 5555 5557 5656
5557 5457 5556 5558 5657
5558 5557 5559 5658
5559 5459 5558 5560 5659
5560 5460 5559 5561
5561 5461 5560 5562 5661
5562 5462 5561 5563 5662
5563 5463 5562 5564 5663
5564 5464 5563 5565 5664
5565 5465 5564 5566 5665
5566 5466 5565 5567 5666
5567 5467 5566 5568 5667
5568 5468 5567 5569 5668
5569 5469 5568 5570 5669
5570 5569 5571 5670
5571 5471 5570 5572 5671
5572 5472 5571 5573 5672
5573 5473 5572 5574 5673
5574 5474 5573 5674
5575 5475 5576 5675
5576 5476 5575 5577 5676
5577 5477 5576 5578 5677
5578 5478 5577 5579 5678
5579 5479 5578 5580 5679
5580 5579 5581 5680
5581 5481 5580 5582 5681
5582 5482 5581 5583 5682
5583 5483 5582 5584 5683
5584 5484 5583 5585 5684
5585 5485 5584 5586
5586 5486 5585 5587 5686
5587 5487 5586 5588 5687
5588 5488 5587 5589 5688
5589 5489 5588 5689
5590 5490 5591 5690
5591 5491 5590 5592 5691
5592 5492 5591 5692
5593 5493 5594
5594 5494 5593 5595 5694
5595 5594 5596 5695
5596 5496 5595 5597 5696
5597 5497 5596 5598 5697
5598 5498 5597 5599 5698
5599 5499 5598 5699
5600 5500 5601 5700
5601 5501 5600 5602 5701
5602 5601 5603 5702
5603 5503 5602 5604 5703
5604 5504 5603 5605 5704
5605 5505 5604
5606 5506 5706
5607 5507 5608 5707
5608 5508 5607 5609 5708
5609 5509 5608 5610 5709
5610 5510 5609 5611 5710
5611 5511 5610 5612 5711
5612 5512 5611 5613 5712
5613 5513 5612 5614
5614 5514 5613 5615 5714
5615 5515 5614 5616
5616 5516 5615 5617 5716
5617 5517 5616 5618 5717
5618 5518 5617 5619 5718
5619 5519 5618 5620 5719
5620 5520 5619 5621 5720
5621 5521 5620 5721
5622 5522 5623 5722
5623 5523 5622 5624 5723
5624 5623 5625 5724
5625 5525 5624 5626 5725
5626 5625 5627 5726
5627 5527 5626 5628 5727
5628 5528 5627 5629 5728
5629 5529 5628 5630 5729
5630 5530 5629 5631 5730
5631 5531 5630 5632 5731
5632 5631 5633 5732
5633 5533 5632 5634 5733
5634 5534 5633 5635 5734
5635 5535 5634 5636 5735
5636 5536 5635 5637 5736
5637 5537 5636 5638 5737
5638 5538 5637 5639 5738
5639 5539 5638 5640 5739
5640 5540 5639 5641 5740
5641 5541 5640 5741
5642 5542 5643 5742
5643 5543 5642 5644 5743
5644 5544 5643 5645 5744
5645 5644 5646 5745
5646 5546 5645 5647 5746
5647 5547 5646 5747
5648 5548 5649 5748
5649 5549 5648 5650 5749
5650 5550 5649 5651 5750
5651 5551 5650 5652 5751
5652 5552 5651 5653 5752
5653 5553 5652 5654 5753
5654 5554 5653 5655
5655 5555 5654 5656 5755
5656 5556 5655 5657 5756
5657 5557 5656 5658 5757
5658 5558 5657 5659 5758
5659 5559 5658 5660 5759
5660 5659 5661
5661 5561 5660 5662 5761
5662 5562 5661 5663 5762
5663 5563 5662 5664
5664 5564 5663 5665 5764
5665 5565 5664 5666 5765
5666 5566 5665 5667
5667 5567 5666 5668 5767
5668 5568 5667 5768
5669 5569 5670 5769
5670 5570 5669 5671 5770
5671 5571 5670 5672 5771
5672 5572 5671 5673 5772
5673 5573 5672 5773
5674 5574 5774
5675 5575 5676 5775
5676 5576 5675 5677 5776
5677 5577 5676 5678 5777
5678 5578 5677 5679 5778
5679 5579 5678 5680 5779
5680 5580 5679 5681 5780
5681 5581 5680 5682 5781
5682 5582 5681 5683 5782
5683 5583 5682 5684 5783
5684 5584 5683 5685 5784
5685 5684 5686
5686 5586 5685 5687 5786
5687 5587 5686 5688 5787
5688 5588 5687 5689 5788
5689 5589 5688 5690 5789
5690 5590 5689 5691 5790
5691 5591 5690 5692 5791
5692 5592 5691 5693 5792
5693 5692 5694 5793
5694 5594 5693 5695 5794
5695 5595 5694 5696 5795
5696 5596 5695 5697 5796
5697 5597 5696 5797
5698 5598 5699 5798
5699 5599 5698 5799
5700 5600 5701 5800
5701 5601 5700 5702 5801
5702 5602 5701 5703 5802
5703 5603 5702 5803
5704 5604 5705 5804
5705 5704 5706 5805
5706 5606 5705 5707 5806
5707 5607 5706 5708 5807
5708 5608 5707 5808
5709 5609 5710 5809
5710 5610 5709 5810
5711 5611 5811
5712 5612 5713 5812
5713 5712 5714 5813
5714 5614 5713 5715 5814
5715 5714 5716 5815
5716 5616 5715 5717 5816
5717 5617 5716 5718 5817
5718 5618 5717 5719 5818
5719 5619 5718 5720 5819
5720 5620 5719 5721 5820
5721 5621 5720 5722 5821
5722 5622 5721 5723 5822
5723 5623 5722 5724 5823
5724 5624 5723 5725 5824
5725 5625 5724 5726 5825
5726 5626 5725 5826
5727 5627 5728 5827
5728 5628 5727 5729 5828
5729 5629 5728 5730 5829
5730 5630 5729 5731
5731 5631 5730 5732 5831
5732 5632 5731 5733 5832
5733 5633 5732 5734 5833
5734 5634 5733 5735 5834
5735 5635 5734 5736 5835
5736 5636 5735 5737 5836
5737 5637 5736 5738 5837
5738 5638 5737 5739 5838
5739 5639 5738 5740 5839
5740 5640 5739 5741 5840
5741 5641 5740 5742 5841
5742 5642 5741 5743 5842
5743 5643 5742 5744 5843
5744 5644 5743 5844
5745 5645 5746 5845
5746 5646 5745 5747 5846
5747 5647 5746 5847
5748 5648 5749 5848
5749 5649 5748 5750 5849
5750 5650 5749 5751 5850
5751 5651 5750 5851
5752 5652 5852
5753 5653 5754 5853
5754 5753 5854
5755 5655 5855
5756 5656 5757
5757 5657 5756 5758
5758 5658 5757 5759 5858
5759 5659 5758 5760 5859
5760 5759 5761 5860
5761 5661 5760 5762 5861
5762 5662 5761 5763 5862
5763 5762 5764 5863
5764 5664 5763 5765 5864
5765 5665 5764 5766 5865
5766 5765 5767 5866
5767 5667 5766 5768 5867
5768 5668 5767 5769 5868
5769 5669 5768 5770
5770 5670 5769 5771 5870
5771 5671 5770 5871
5772 5672 5872
5773 5673 5774 5873
5774 5674 5773 5775 5874
5775 5675 5774 5776 5875
5776 5676 5775 5777 5876
5777 5677 5776 5778 5877
5778 5678 5777
5779 5679 5780 5879
5780 5680 5779 5880
5781 5681 5782 5881
5782 5682 5781 5783 5882
5783 5683 5782 5784
5784 5684 5783 5785
5785 5784 5786 5885
5786 5686 5785 5787 5886
5787 5687 5786 5788 5887
5788 5688 5787 5789 5888
5789 5689 5788 5790
5790 5690 5789 5890
5791 5691 5792 5891
5792 5692 5791 5793 5892
5793 5693 5792 5794
5794 5694 5793 5894
5795 5695 5796 5895
5796 5696 5795 5797 5896
5797 5697 5796 5798
5798 5698 5797 5799 5898
5799 5699 5798 5899
5800 5700 5801 5900
5801 5701 5800 5802 5901
5802 5702 5801 5803 5902
5803 5703 5802 5804 5903
5804 5704 5803 5805 5904
5805 5705 5804 5806 5905
5806 5706 5805 5807
5807 5707 5806 5808 5907
5808 5708 5807 5809
5809 5709 5808 5810 5909
5810 5710 5809 5811 5910
5811 5711 5810 5812 5911
5812 5712 5811 5813 5912
5813 5713 5812 5913
5814 5714 5815 5914
5815 5715 5814 5816 5915
5816 5716 5815 5817
5817 5717 5816 5818 5917
5818 5718 5817 5819 5918
5819 5719 5818 5820 5919
5820 5720 5819 5920
5821 5721 5822 5921
5822 5722 5821 5823 5922
5823 5723 5822 5824 5923
5824 5724 5823 5825 5924
5825 5725 5824 5826 5925
5826 5726 5825 5827 5926
5827 5727 5826 5828 5927
5828 5728 5827 5928
5829 5729 5929
5830 5831
5831 5731 5830 5832 5931
5832 5732 5831 5833 5932
5833 5733 5832 5933
5834 5734 5835 5934
5835 5735 5834 5836 5935
5836 5736 5835 5837 5936
5837 5737 5836 5838 5937
5838 5738 5837 5839 5938
5839 5739 5838 5840 5939
5840 5740 5839 5841 5940
5841 5741 5840 5842 5941
5842 5742 5841 5843 5942
5843 5743 5842 5844 5943
5844 5744 5843 5845 5944
5845 5745 5844 5846
5846 5746 5845 5847 5946
5847 5747 5846 5848 5947
5848 5748 5847 5849 5948
5849 5749 5848 5850 5949
5850 5750 5849 5851
5851 5751 5850 5951
5852 5752 5853 5952
5853 5753 5852 5854 5953
5854 5754 5853 5855 5954
5855 5755 5854 5856 5955
5856 5855 5857 5956
5857 5856 5858 5957
5858 5758 5857 5958
5859 5759 5860 5959
5860 5760 5859 5861
5861 5761 5860 5862 5961
5862 5762 5861 5863
5863 5763 5862 5864 5963
5864 5764 5863 5865 5964
5865 5765 5864 5866 5965
5866 5766 5865 5867 5966
5867 5767 5866 5868 5967
5868 5768 5867 5869 5968
5869 5868 5870 5969
5870 5770 5869 5871 5970
5871 5771 5870
5872 5772 5873 5972
5873 5773 5872 5874 5973
5874 5774 5873 5875 5974
5875 5775 5874 5975
5876 5776 5877 5976
5877 5777 5876 5977
5878 5879 5978
5879 5779 5878 5880 5979
5880 5780 5879 5881 5980
5881 5781 5880 5981
5882 5782 5883 5982
5883 5882 5884 5983
5884 5883 5885 5984
5885 5785 5884 5886
5886 5786 5885 5887 5986
5887 5787 5886 5987
5888 5788 5988
5889 5890 5989
5890 5790 5889 5891 5990
5891 5791 5890 5892 5991
5892 5792 5891 5893 5992
5893 5892 5894 5993
5894 5794 5893 5895
5895 5795 5894 5896 5995
5896 5796 5895 5897 5996
5897 5896 5898 5997
5898 5798 5897 5899 5998
5899 5799 5898 5999
5900 5800 5901 6000
5901 5801 5900 5902 6001
5902 5802 5901 5903 6002
5903 5803 5902 5904 6003
5904 5804 5903 5905 6004
5905 5805 5904 5906 6005
5906 5905 5907 6006
5907 5807 5906 5908 6007
5908 5907 5909 6008
5909 5809 5908 5910 6009
5910 5810 5909 6010
5911 5811 6011
5912 5812 5913
5913 5813 5912 5914 6013
5914 5814 5913 5915 6014
5915 5815 5914 5916 6015
5916 5915 5917 6016
5917 5817 5916 5918 6017
5918 5818 5917 5919 6018
5919 5819 5918 6019
5920 5820 5921 6020
5921 5821 5920 5922
5922 5822 5921 6022
5923 5823 5924 6023
5924 5824 5923
5925 5825 6025
5926 5826 5927
5927 5827 5926 5928 6027
5928 5828 5927 5929 6028
5929 5829 5928 5930 6029
5930 5929 5931 6030
5931 5831 5930 5932 6031
5932 5832 5931 5933 6032
5933 5833 5932 5934 6033
5934 5834 5933 5935 6034
5935 5835 5934 5936 6035
5936 5836 5935 5937 6036
5937 5837 5936
5938 5838 5939 6038
5939 5839 5938 5940 6039
5940 5840 5939 5941 6040
5941 5841 5940 5942 6041
5942 5842 5941 5943 6042
5943 5843 5942 5944 6043
5944 5844 5943 5945 6044
5945 5944 5946 6045
5946 5846 5945 5947 6046
5947 5847 5946 5948 6047
5948 5848 5947 5949 6048
5949 5849 5948 5950 6049
5950 5949 5951 6050
5951 5851 5950 5952 6051
5952 5852 5951 5953 6052
5953 5853 5952 5954 6053
5954 5854 5953 5955
5955 5855 5954 5956 6055
5956 5856 5955 5957 6056
5957 5857 5956 5958 6057
5958 5858 5957 5959 6058
5959 5859 5958 5960 6059
5960 5959 5961 6060
5961 5861 5960 6061
5962 5963 6062
5963 5863 5962 5964 6063
5964 5864 5963 5965 6064
5965 5865 5964 5966 6065
5966 5866 5965 6066
5967 5867 5968 6067
5968 5868 5967 5969
5969 5869 5968 5970 6069
5970 5870 5969 5971 6070
5971 5970 5972 6071
5972 5872 5971 5973 6072
5973 5873 5972 5974 6073
5974 5874 5973 5975 6074
5975 5875 5974 5976 6075
5976 5876 5975 5977 6076
5977 5877 5976 5978 6077
5978 5878 5977 5979 6078
5979 5879 5978 5980 6079
5980 5880 5979 5981 6080
5981 5881 5980 5982 6081
5982 5882 5981 5983 6082
5983 5883 5982 5984 6083
5984 5884 5983 5985 6084
5985 5984 5986 6085
5986 5886 5985 5987
5987 5887 5986 5988 6087
5988 5888 5987 5989 6088
5989 5889 5988 5990 6089
5990 5890 5989 5991 6090
5991 5891 5990 5992 6091
5992 5892 5991 5993 6092
5993 5893 5992 5994 6093
5994 5993 5995
5995 5895 5994 5996 6095
5996 5896 5995 6096
5997 5897 5998 6097
5998 5898 5997 5999 6098
5999 5899 5998 6099
6000 5900 6001
6001 5901 6000 6002 6101
6002 5902 6001 6003 6102
6003 5903 6002 6004 6103
6004 5904 6003 6005
6005 5905 6004 6006 6105
6006 5906 6005 6007 6106
6007 5907 6006 6008 6107
6008 5908 6007 6009 6108
6009 5909 6008 6010 6109
6010 5910 6009 6011 6110
6011 5911 6010 6111
6012 6013 6112
6013 5913 6012 6014 6113
6014 5914 6013 6015 6114
6015 5915 6014 6016 6115
6016 5916 6015 6116
6017 5917 6018 6117
6018 5918 6017 6019 6118
6019 5919 6018 6020 6119
6020 5920 6019 6021 6120
6021 6020 6022 6121
6022 5922 6021 6023 6122
6023 5923 6022 6024 6123
6024 6023 6124
6025 5925 6026 6125
6026 6025 6027
6027 5927 6026 6028 6127
6028 5928 6027 6029
6029 5929 6028 6129
6030 5930 6031 6130
6031 5931 6030 6032 6131
6032 5932 6031 6033 6132
6033 5933 6032 6034 6133
6034 5934 6033 6035 6134
6035 5935 6034 6036 6135
6036 5936 6035 6037 6136
6037 6036 6038 6137
6038 5938 6037 6039 6138
6039 5939 6038 6040 6139
6040 5940 6039 6041 6140
6041 5941 6040 6042 6141
6042 5942 6041 6043 6142
6043 5943 6042 6044 6143
6044 5944 6043 6045
6045 5945 6044 6046 6145
6046 5946 6045 6047 6146
6047 5947 6046 6048 6147
6048 5948 6047 6049 6148
6049 5949 6048 6050
6050 5950 6049 6051 6150
6051 5951 6050 6052 6151
6052 5952 6051 6053 6152
6053 5953 6052 6054 6153
6054 6053 6055
6055 5955 6054 6056 6155
6056 5956 6055 6057 6156
6057 5957 6056 6058
6058 5958 6057 6059 6158
6059 5959 6058 6060 6159
6060 5960 6059 6061 6160
6061 5961 6060 6062 6161
6062 5962 6061 6162
6063 5963 6064 6163
6064 5964 6063 6065 6164
6065 5965 6064 6066 6165
6066 5966 6065 6067 6166
6067 5967 6066 6068 6167
6068 6067 6069
6069 5969 6068 6169
6070 5970 6071 6170
6071 5971 6070 6072
6072 5972 6071 6073 6172
6073 5973 6072 6074
6074 5974 6073 6075 6174
6075 5975 6074 6175
6076 5976 6176
6077 5977 6078 6177
6078 5978 6077 6079
6079 5979 6078 6080 6179
6080 5980 6079 6081 6180
6081 5981 6080 6082 6181
6082 5982 6081 6083 6182
6083 5983 6082 6084 6183
6084 5984 6083 6085 6184
6085 5985 6084 6086 6185
6086 6085 6087 6186
6087 5987 6086 6088 6187
6088 5988 6087 6089 6188
6089 5989 6088 6090 6189
6090 5990 6089
6091 5991 6092 6191
6092 5992 6091 6192
6093 5993 6193
6094 6095 6194
6095 5995 6094 6195
6096 5996 6097 6196
6097 5997 6096 6098 6197
6098 5998 6097 6099
6099 5999 6098 6199
6100 6101 6200
6101 6001 6100 6102
6102 6002 6101 6103 6202
6103 6003 6102 6104 6203
6104 6103 6204
6105 6005 6205
6106 6006 6107 6206
6107 6007 6106 6108 6207
6108 6008 6107 6109
6109 6009 6108 6110 6209
6110 6010 6109 6111 6210
6111 6011 6110 6112 6211
6112 6012 6111 6212
6113 6013 6114 6213
6114 6014 6113 6214
6115 6015 6116 6215
6116 6016 6115 6117
6117 6017 6116 6217
6118 6018 6119 6218
6119 6019 6118 6120 6219
6120 6020 6119 6121 6220
6121 6021 6120 6122 6221
6122 6022 6121 6123 6222
6123 6023 6122 6124 6223
6124 6024 6123 6125
6125 6025 6124 6126 6225
6126 6125 6127 6226
6127 6027 6126 6128
6128 6127 6129 6228
6129 6029 6128 6130 6229
6130 6030 6129 6230
6131 6031 6132 6231
6132 6032 6131 6133 6232
6133 6033 6132 6134 6233
6134 6034 6133 6135 6234
6135 6035 6134 6136 6235
6136 6036 6135 6137 6236
6137 6037 6136 6138 6237
6138 6038 6137 6139 6238
6139 6039 6138 6140 6239
6140 6040 6139 6141 6240
6141 6041 6140 6142 6241
6142 6042 6141 6143 6242
6143 6043 6142 6144 6243
6144 6143 6145 6244
6145 6045 6144 6146 6245
6146 6046 6145 6147 6246
6147 6047 6146 6247
6148 6048 6149 6248
6149 6148 6150 6249
6150 6050 6149 6151 6250
6151 6051 6150 6152 6251
6152 6052 6151 6153 6252
6153 6053 6152 6154 6253
6154 6153 6155 6254
6155 6055 6154 6156 6255
6156 6056 6155 6157 6256
6157 6156 6158 6257
6158 6058 6157 6258
6159 6059 6160 6259
6160 6060 6159 6161 6260
6161 6061 6160 6162 6261
6162 6062 6161 6163 6262
6163 6063 6162 6164
6164 6064 6163 6165 6264
6165 6065 6164 6166 6265
6166 6066 6165 6167 6266
6167 6067 6166 6168 6267
6168 6167 6169 6268
6169 6069 6168 6170 6269
6170 6070 6169 6171 6270
6171 6170 6172 6271
6172 6072 6171 6272
6173 6273
6174 6074 6175 6274
6175 6075 6174 6176 6275
6176 6076 6175 6177 6276
6177 6077 6176 6178 6277
6178 6177 6179 6278
6179 6079 6178 6180 6279
6180 6080 6179 6181 6280
6181 6081 6180 6281
6182 6082 6282
6183 6083 6184 6283
6184 6084 6183 6185 6284
6185 6085 6184 6186 6285
6186 6086 6185 6187 6286
6187 6087 6186 6188 6287
6188 6088 6187 6189 6288
6189 6089 6188 6190 6289
6190 6189 6191 6290
6191 6091 6190 6192 6291
6192 6092 6191 6292
6193 6093 6293
6194 6094 6195 6294
6195 6095 6194 6196
6196 6096 6195 6197 6296
6197 6097 6196 6198
6198 6197 6199 6298
6199 6099 6198 6299
6200 6100 6201 6300
6201 6200 6202 6301
6202 6102 6201 6203 6302
6203 6103 6202 6204
6204 6104 6203 6205 6304
6205 6105 6204 6206 6305
6206 6106 6205 6207 6306
6207 6107 6206 6208 6307
6208 6207 6209
6209 6109 6208 6210 6309
6210 6110 6209 6211 6310
6211 6111 6210 6212 6311
6212 6112 6211 6213 6312
6213 6113 6212 6214 6313
6214 6114 6213 6215 6314
6215 6115 6214 6216 6315
6216 6215 6217 6316
6217 6117 6216 6218 6317
6218 6118 6217 6219 6318
6219 6119 6218 6220 6319
6220 6120 6219 6221 6320
6221 6121 6220 6222
6222 6122 6221 6223 6322
6223 6123 6222 6224 6323
6224 6223 6225 6324
6225 6125 6224 6226 6325
6226 6126 6225 6227 6326
6227 6226 6228 6327
6228 6128 6227 6229 6328
6229 6129 6228 6230 6329
6230 6130 6229 6231 6330
6231 6131 6230 6232 6331
6232 6132 6231 6233 6332
6233 6133 6232 6234 6333
6234 6134 6233 6235 6334
6235 6135 6234 6236 6335
6236 6136 6235 6237 6336
6237 6137 6236 6238 6337
6238 6138 6237 6239 6338
6239 6139 6238 6339
6240 6140 6340
6241 6141 6242 6341
6242 6142 6241 6243
6243 6143 6242 6244 6343
6244 6144 6243 6245 6344
6245 6145 6244 6246 6345
6246 6146 6245 6247 6346
6247 6147 6246 6347
6248 6148 6249 6348
6249 6149 6248 6250 6349
6250 6150 6249 6251 6350
6251 6151 6250 6252 6351
6252 6152 6251 6253 6352
6253 6153 6252 6254 6353
6254 6154 6253 6255 6354
6255 6155 6254 6256 6355
6256 6156 6255 6257 6356
6257 6157 6256 6357
6258 6158 6259 6358
6259 6159 6258 6260 6359
6260 6160 6259 6261 6360
6261 6161 6260 6262 6361
6262 6162 6261 6263 6362
6263 6262 6264 6363
6264 6164 6263 6364
6265 6165 6266 6365
6266 6166 6265 6267
6267 6167 6266 6268 6367
6268 6168 6267 6269 6368
6269 6169 6268 6369
6270 6170 6271 6370
6271 6171 6270 6272 6371
6272 6172 6271 6273 6372
6273 6173 6272 6373
6274 6174 6275 6374
6275 6175 6274 6276 6375
6276 6176 6275 6277 6376
6277 6177 6276 6278
6278 6178 6277 6279 6378
6279 6179 6278 6280 6379
6280 6180 6279 6281 6380
6281 6181 6280 6282 6381
6282 6182 6281 6283 6382
6283 6183 6282 6284 6383
6284 6184 6283 6285 6384
6285 6185 6284 6385
6286 6186 6287 6386
6287 6187 6286 6288
6288 6188 6287 6289 6388
6289 6189 6288 6290
6290 6190 6289 6291 6390
6291 6191 6290 6292 6391
6292 6192 6291 6293 6392
6293 6193 6292 6294
6294 6194 6293 6295 6394
6295 6294 6296 6395
6296 6196 6295 6297 6396
6297 6296 6298 6397
6298 6198 6297 6299 6398
6299 6199 6298
6300 6200 6301 6400
6301 6201 6300 6302
6302 6202 6301 6402
6303 6304 6403
6304 6204 6303 6305 6404
6305 6205 6304 6306 6405
6306 6206 6305 6307 6406
6307 6207 6306 6308 6407
6308 6307 6309 6408
6309 6209 6308 6310 6409
6310 6210 6309 6311 6410
6311 6211 6310 6312
6312 6212 6311 6412
6313 6213 6314 6413
6314 6214 6313 6315 6414
6315 6215 6314 6415
6316 6216 6317 6416
6317 6217 6316 6318 6417
6318 6218 6317 6319
6319 6219 6318 6320 6419
6320 6220 6319 6321 6420
6321 6320 6421
6322 6222 6323 6422
6323 6223 6322 6324 6423
6324 6224 6323 6325 6424
6325 6225 6324 6326
6326 6226 6325 6327
6327 6227 6326 6328 6427
6328 6228 6327 6428
6329 6229 6330 6429
6330 6230 6329 6430
6331 6231 6332 6431
6332 6232 6331 6333 6432
6333 6233 6332 6334 6433
6334 6234 6333 6335 6434
6335 6235 6334 6336
6336 6236 6335 6337 6436
6337 6237 6336 6338 6437
6338 6238 6337 6339 6438
6339 6239 6338 6340 6439
6340 6240 6339 6341 6440
6341 6241 6340 6342 6441
6342 6341 6343 6442
6343 6243 6342 6344 6443
6344 6244 6343 6345 6444
6345 6245 6344 6346 6445
6346 6246 6345 6347 6446
6347 6247 6346 6348 6447
6348 6248 6347 6448
6349 6249 6350 6449
6350 6250 6349 6351 6450
6351 6251 6350 6352 6451
6352 6252 6351 6353 6452
6353 6253 6352 6354 6453
6354 6254 6353 6355 6454
6355 6255 6354 6356 6455
6356 6256 6355 6357
6357 6257 6356 6358 6457
6358 6258 6357 6359 6458
6359 6259 6358 6360 6459
6360 6260 6359 6361 6460
6361 6261 6360 6362 6461
6362 6262 6361 6363 6462
6363 6263 6362 6364 6463
6364 6264 6363 6365 6464
6365 6265 6364 6366 6465
6366 6365 6367 6466
6367 6267 6366 6368 6467
6368 6268 6367 6369 6468
6369 6269 6368 6370 6469
6370 6270 6369 6371 6470
6371 6271 6370 6372 6471
6372 6272 6371 6373 6472
6373 6273 6372 6374
6374 6274 6373 6375 6474
6375 6275 6374 6376 6475
6376 6276 6375 6377 6476
6377 6376 6378 6477
6378 6278 6377 6379 6478
6379 6279 6378 6380 6479
6380 6280 6379 6381 6480
6381 6281 6380 6382 6481
6382 6282 6381 6383 6482
6383 6283 6382 6384 6483
6384 6284 6383 6385 6484
6385 6285 6384 6386 6485
6386 6286 6385 6387 6486
6387 6386 6388 6487
6388 6288 6387 6389
6389 6388 6390 6489
6390 6290 6389 6391 6490
6391 6291 6390 6392 6491
6392 6292 6391 6393 6492
6393 6392 6394 6493
6394 6294 6393 6395
6395 6295 6394 6495
6396 6296 6397 6496
6397 6297 6396 6398 6497
6398 6298 6397 6399 6498
6399 6398 6499
6400 6300 6500
6401 6402 6501
6402 6302 6401 6403 6502
6403 6303 6402 6404 6503
6404 6304 6403 6405 6504
6405 6305 6404 6505
6406 6306 6407 6506
6407 6307 6406 6408 6507
6408 6308 6407 6409
6409 6309 6408 6410 6509
6410 6310 6409 6411 6510
6411 6410 6511
6412 6312 6413
6413 6313 6412 6414 6513
6414 6314 6413 6415 6514
6415 6315 6414 6416 6515
6416 6316 6415 6516
6417 6317 6418 6517
6418 6417 6419 6518
6419 6319 6418 6420 6519
6420 6320 6419 6421 6520
6421 6321 6420 6422 6521
6422 6322 6421 6423 6522
6423 6323 6422 6424
6424 6324 6423 6425 6524
6425 6424 6426
6426 6425 6427 6526
6427 6327 6426 6428 6527
6428 6328 6427 6429
6429 6329 6428 6430 6529
6430 6330 6429 6431 6530
6431 6331 6430 6432 6531
6432 6332 6431 6433
6433 6333 6432 6434 6533
6434 6334 6433 6435
6435 6434 6436 6535
6436 6336 6435 6437
6437 6337 6436 6438
6438 6338 6437 6439 6538
6439 6339 6438 6440 6539
6440 6340 6439 6441 6540
6441 6341 6440 6541
6442 6342 6443 6542
6443 6343 6442 6444 6543
6444 6344 6443 6445 6544
6445 6345 6444 6446 6545
6446 6346 6445 6447 6546
6447 6347 6446 6448 6547
6448 6348 6447 6449 6548
6449 6349 6448 6549
6450 6350 6550
6451 6351
6452 6352 6453 6552
6453 6353 6452 6454 6553
6454 6354 6453 6554
6455 6355 6456
6456 6455 6457 6556
6457 6357 6456 6458 6557
6458 6358 6457 6459 6558
6459 6359 6458 6460 6559
6460 6360 6459 6461 6560
6461 6361 6460 6462 6561
6462 6362 6461 6562
6463 6363 6464
6464 6364 6463 6465
6465 6365 6464 6466
6466 6366 6465 6467 6566
6467 6367 6466 6567
6468 6368 6469
6469 6369 6468 6470 6569
6470 6370 6469 6471 6570
6471 6371 6470 6472 6571
6472 6372 6471 6473 6572
6473 6472 6474 6573
6474 6374 6473 6475 6574
6475 6375 6474 6476 6575
6476 6376 6475 6477 6576
6477 6377 6476 6577
6478 6378 6479 6578
6479 6379 6478 6579
6480 6380 6481 6580
6481 6381 6480 6581
6482 6382 6483 6582
6483 6383 6482 6583
6484 6384 6485 6584
6485 6385 6484 6486 6585
6486 6386 6485 6487 6586
6487 6387 6486 6488 6587
6488 6487 6489 6588
6489 6389 6488 6490 6589
6490 6390 6489 6590
6491 6391 6492 6591
6492 6392 6491 6592
6493 6393 6494 6593
6494 6493 6495 6594
6495 6395 6494 6496
6496 6396 6495 6497 6596
6497 6397 6496 6498 6597
6498 6398 6497 6499 6598
6499 6399 6498 6599
6500 6400 6501 6600
6501 6401 6500 6502 6601
6502 6402 6501 6503 6602
6503 6403 6502 6504 6603
6504 6404 6503 6505
6505 6405 6504 6506
6506 6406 6505 6507 6606
6507 6407 6506 6508 6607
6508 6507 6509
6509 6409 6508 6510 6609
6510 6410 6509 6511 6610
6511 6411 6510 6512 6611
6512 6511 6513 6612
6513 6413 6512 6514 6613
6514 6414 6513 6515 6614
6515 6415 6514 6516 6615
6516 6416 6515 6517 6616
6517 6417 6516 6518 6617
6518 6418 6517 6519
6519 6419 6518 6520 6619
6520 6420 6519 6521 6620
6521 6421 6520 6522 6621
6522 6422 6521 6523 6622
6523 6522 6524 6623
6524 6424 6523 6525 6624
6525 6524 6526 6625
6526 6426 6525 6626
6527 6427 6528 6627
6528 6527 6529 6628
6529 6429 6528 6530 6629
6530 6430 6529 6531 6630
6531 6431 6530 6532
6532 6531 6533 6632
6533 6433 6532 6534 6633
6534 6533 6535 6634
6535 6435 6534 6536 6635
6536 6535 6537 6636
6537 6536
6538 6438 6539 6638
6539 6439 6538 6540 6639
6540 6440 6539 6541 6640
6541 6441 6540 6542 6641
6542 6442 6541 6543 6642
6543 6443 6542 6544 6643
6544 6444 6543 6545 6644
6545 6445 6544 6546 6645
6546 6446 6545 6547 6646
6547 6447 6546 6548 6647
6548 6448 6547 6549 6648
6549 6449 6548 6550 6649
6550 6450 6549 6551 6650
6551 6550 6552
6552 6452 6551 6553 6652
6553 6453 6552
6554 6454 6555 6654
6555 6554 6556 6655
6556 6456 6555 6557 6656
6557 6457 6556 6558 6657
6558 6458 6557 6658
6559 6459 6560 6659
6560 6460 6559 6561 6660
6561 6461 6560 6562 6661
6562 6462 6561 6563 6662
6563 6562 6564 6663
6564 6563 6565 6664
6565 6564 6566 6665
6566 6466 6565 6567 6666
6567 6467 6566 6568 6667
6568 6567 6569 6668
6569 6469 6568 6570
6570 6470 6569 6670
6571 6471 6572 6671
6572 6472 6571 6573 6672
6573 6473 6572 6574 6673
6574 6474 6573 6575 6674
6575 6475 6574 6576 6675
6576 6476 6575 6577 6676
6577 6477 6576 6578 6677
6578 6478 6577 6579 6678
6579 6479 6578 6580 6679
6580 6480 6579 6581 6680
6581 6481 6580 6582 6681
6582 6482 6581 6583 6682
6583 6483 6582 6584 6683
6584 6484 6583 6585 6684
6585 6485 6584 6586 6685
6586 6486 6585 6587 6686
6587 6487 6586 6588 6687
6588 6488 6587 6589 6688
6589 6489 6588 6590 6689
6590 6490 6589 6690
6591 6491 6592 6691
6592 6492 6591 6593 6692
6593 6493 6592 6594 6693
6594 6494 6593 6595 6694
6595 6594 6596
6596 6496 6595 6597 6696
6597 6497 6596 6598 6697
6598 6498 6597 6599 6698
6599 6499 6598 6699
6600 6500 6601 6700
6601 6501 6600 6602 6701
6602 6502 6601 6603 6702
6603 6503 6602 6604 6703
6604 6603 6605 6704
6605 6604 6606 6705
6606 6506 6605 6607
6607 6507 6606 6608 6707
6608 6607 6609 6708
6609 6509 6608 6610 6709
6610 6510 6609 6611 6710
6611 6511 6610 6612 6711
6612 6512 6611 6613 6712
6613 6513 6612 6713
6614 6514 6714
6615 6515 6616 6715
6616 6516 6615 6617 6716
6617 6517 6616 6618 6717
6618 6617 6619 6718
6619 6519 6618 6620 6719
6620 6520 6619 6621 6720
6621 6521 6620 6622 6721
6622 6522 6621 6623 6722
6623 6523 6622 6624
6624 6524 6623 6625 6724
6625 6525 6624 6626 6725
6626 6526 6625 6627 6726
6627 6527 6626 6628 6727
6628 6528 6627 6629 6728
6629 6529 6628 6630 6729
6630 6530 6629 6631 6730
6631 6630 6632 6731
6632 6532 6631 6633 6732
6633 6533 6632 6634 6733
6634 6534 6633 6635 6734
6635 6535 6634 6636 6735
6636 6536 6635 6637 6736
6637 6636 6737
6638 6538 6639 6738
6639 6539 6638 6640 6739
6640 6540 6639 6641 6740
6641 6541 6640 6642
6642 6542 6641 6742
6643 6543 6743
6644 6544 6645 6744
6645 6545 6644 6745
6646 6546 6746
6647 6547 6648 6747
6648 6548 6647 6649 6748
6649 6549 6648 6650 6749
6650 6550 6649 6651 6750
6651 6650 6652 6751
6652 6552 6651 6653 6752
6653 6652 6753
6654 6554 6655 6754
6655 6555 6654 6656 6755
6656 6556 6655 6756
6657 6557 6658 6757
6658 6558 6657 6659 6758
6659 6559 6658 6660 6759
6660 6560 6659 6661 6760
6661 6561 6660 6662 6761
6662 6562 6661 6663 6762
6663 6563 6662 6664 6763
6664 6564 6663 6665 6764
6665 6565 6664 6765
6666 6566 6667 6766
6667 6567 6666 6668 6767
6668 6568 6667 6669 6768
6669 6668 6670 6769
6670 6570 6669 6671
6671 6571 6670 6672 6771
6672 6572 6671 6673 6772
6673 6573 6672 6674 6773
6674 6574 6673 6774
6675 6575 6676
6676 6576 6675 6677 6776
6677 6577 6676 6678 6777
6678 6578 6677 6679 6778
6679 6579 6678 6680 6779
6680 6580 6679 6681 6780
6681 6581 6680 6682 6781
6682 6582 6681 6683 6782
6683 6583 6682 6684 6783
6684 6584 6683 6685 6784
6685 6585 6684 6686 6785
6686 6586 6685 6786
6687 6587 6787
6688 6588 6689 6788
6689 6589 6688 6690 6789
6690 6590 6689 6691 6790
6691 6591 6690 6692
6692 6592 6691 6693 6792
6693 6593 6692 6694 6793
6694 6594 6693 6695 6794
6695 6694 6696 6795
6696 6596 6695 6697
6697 6597 6696 6698 6797
6698 6598 6697 6699 6798
6699 6599 6698 6799
6700 6600 6701 6800
6701 6601 6700 6702 6801
6702 6602 6701 6703 6802
6703 6603 6702 6704 6803
6704 6604 6703 6804
6705 6605 6706 6805
6706 6705 6707 6806
6707 6607 6706 6708 6807
6708 6608 6707 6709 6808
6709 6609 6708 6710 6809
6710 6610 6709
6711 6611 6712 6811
6712 6612 6711 6713 6812
6713 6613 6712 6714 6813
6714 6614 6713 6715 6814
6715 6615 6714 6716 6815
6716 6616 6715 6717 6816
6717 6617 6716 6718 6817
6718 6618 6717 6719
6719 6619 6718 6720 6819
6720 6620 6719 6721 6820
6721 6621 6720 6722 6821
6722 6622 6721 6723 6822
6723 6722 6724 6823
6724 6624 6723 6725
6725 6625 6724 6726 6825
6726 6626 6725 6826
6727 6627 6728 6827
6728 6628 6727 6828
6729 6629 6730 6829
6730 6630 6729 6731
6731 6631 6730 6732 6831
6732 6632 6731 6733 6832
6733 6633 6732 6734 6833
6734 6634 6733 6834
6735 6635 6736 6835
6736 6636 6735 6737
6737 6637 6736 6738 6837
6738 6638 6737 6739 6838
6739 6639 6738 6740
6740 6640 6739 6741 6840
6741 6740 6742 6841
6742 6642 6741 6743 6842
6743 6643 6742
6744 6644 6745 6844
6745 6645 6744 6746 6845
6746 6646 6745 6747 6846
6747 6647 6746 6748 6847
6748 6648 6747 6749 6848
6749 6649 6748 6750 6849
6750 6650 6749 6751 6850
6751 6651 6750 6752 6851
6752 6652 6751 6753 6852
6753 6653 6752 6754 6853
6754 6654 6753 6755 6854
6755 6655 6754 6756 6855
6756 6656 6755 6757 6856
6757 6657 6756 6857
6758 6658 6759 6858
6759 6659 6758 6760 6859
6760 6660 6759 6761
6761 6661 6760 6762 6861
6762 6662 6761 6763 6862
6763 6663 6762
6764 6664 6765 6864
6765 6665 6764 6766 6865
6766 6666 6765 6767 6866
6767 6667 6766 6768 6867
6768 6668 6767 6769 6868
6769 6669 6768 6770 6869
6770 6769 6771 6870
6771 6671 6770 6772 6871
6772 6672 6771 6773 6872
6773 6673 6772 6774
6774 6674 6773 6775 6874
6775 6774 6776 6875
6776 6676 6775 6777 6876
6777 6677 6776 6778
6778 6678 6777 6779 6878
6779 6679 6778 6780 6879
6780 6680 6779 6781 6880
6781 6681 6780 6782 6881
6782 6682 6781 6783 6882
6783 6683 6782 6784 6883
6784 6684 6783 6785
6785 6685 6784 6786 6885
6786 6686 6785 6787 6886
6787 6687 6786 6788
6788 6688 6787 6789 6888
6789 6689 6788 6790 6889
6790 6690 6789 6890
6791 6792
6792 6692 6791 6793 6892
6793 6693 6792 6794 6893
6794 6694 6793 6795 6894
6795 6695 6794 6796 6895
6796 6795 6797 6896
6797 6697 6796 6798
6798 6698 6797 6799 6898
6799 6699 6798 6899
6800 6700 6801 6900
6801 6701 6800 6802 6901
6802 6702 6801 6803 6902
6803 6703 6802 6804 6903
6804 6704 6803 6805 6904
6805 6705 6804 6806 6905
6806 6706 6805 6807 6906
6807 6707 6806 6808
6808 6708 6807 6809 6908
6809 6709 6808 6810 6909
6810 6809 6811
6811 6711 6810 6812
6812 6712 6811 6813
6813 6713 6812 6814 6913
6814 6714 6813 6815 6914
6815 6715 6814 6816 6915
6816 6716 6815 6817 6916
6817 6717 6816 6818 6917
6818 6817 6819 6918
6819 6719 6818 6820 6919
6820 6720 6819 6821 6920
6821 6721 6820 6822
6822 6722 6821 6823 6922
6823 6723 6822 6824 6923
6824 6823 6825 6924
6825 6725 6824 6826 6925
6826 6726 6825 6827 6926
6827 6727 6826 6828 6927
6828 6728 6827 6829 6928
6829 6729 6828 6830 6929
6830 6829 6930
6831 6731 6832 6931
6832 6732 6831 6833 6932
6833 6733 6832 6834 6933
6834 6734 6833 6835 6934
6835 6735 6834 6836 6935
6836 6835 6837 6936
6837 6737 6836 6838 6937
6838 6738 6837 6839 6938
6839 6838 6840 6939
6840 6740 6839 6841 6940
6841 6741 6840 6941
6842 6742 6843 6942
6843 6842 6844
6844 6744 6843 6845 6944
6845 6745 6844 6846 6945
6846 6746 6845 6847
6847 6747 6846 6848 6947
6848 6748 6847 6849 6948
6849 6749 6848 6850 6949
6850 6750 6849 6851 6950
6851 6751 6850 6852 6951
6852 6752 6851 6853 6952
6853 6753 6852 6854 6953
6854 6754 6853 6855 6954
6855 6755 6854 6856 6955
6856 6756 6855 6857 6956
6857 6757 6856 6957
6858 6758 6859
6859 6759 6858 6860 6959
6860 6859 6861 6960
6861 6761 6860 6862 6961
6862 6762 6861 6863 6962
6863 6862 6864 6963
6864 6764 6863 6865 6964
6865 6765 6864 6866 6965
6866 6766 6865 6867 6966
6867 6767 6866 6868 6967
6868 6768 6867 6869 6968
6869 6769 6868 6870 6969
6870 6770 6869 6871 6970
6871 6771 6870 6872 6971
6872 6772 6871 6873 6972
6873 6872 6874 6973
6874 6774 6873 6875 6974
6875 6775 6874 6876 6975
6876 6776 6875 6877 6976
6877 6876 6878 6977
6878 6778 6877 6879 6978
6879 6779 6878 6979
6880 6780 6881 6980
6881 6781 6880 6882 6981
6882 6782 6881 6883 6982
6883 6783 6882 6983
6884 6885 6984
6885 6785 6884 6886 6985
6886 6786 6885 6887
6887 6886 6888 6987
6888 6788 6887 6889 6988
6889 6789 6888 6890 6989
6890 6790 6889 6891 6990
6891 6890 6892
6892 6792 6891 6893 6992
6893 6793 6892 6894 6993
6894 6794 6893 6895
6895 6795 6894 6995
6896 6796 6897 6996
6897 6896 6898 6997
6898 6798 6897 6899 6998
6899 6799 6898 6999
6900 6800 7000
6901 6801 6902 7001
6902 6802 6901 6903 7002
6903 6803 6902 6904 7003
6904 6804 6903 6905 7004
6905 6805 6904 6906 7005
6906 6806 6905 6907 7006
6907 6906 6908 7007
6908 6808 6907 6909 7008
6909 6809 6908 6910 7009
6910 6909 7010
6911 6912 7011
6912 6911 7012
6913 6813 6914
6914 6814 6913 6915 7014
6915 6815 6914 6916 7015
6916 6816 6915 6917 7016
6917 6817 6916 7017
6918 6818 6919 7018
6919 6819 6918 6920
6920 6820 6919 6921 7020
6921 6920 6922 7021
6922 6822 6921 6923 7022
6923 6823 6922 7023
6924 6824 6925 7024
6925 6825 6924 6926 7025
6926 6826 6925 6927 7026
6927 6827 6926 6928
6928 6828 6927 6929 7028
6929 6829 6928 6930 7029
6930 6830 6929 6931 7030
6931 6831 6930 7031
6932 6832 6933 7032
6933 6833 6932 6934 7033
6934 6834 6933 6935 7034
6935 6835 6934 7035
6936 6836 6937 7036
6937 6837 6936
6938 6838 6939 7038
6939 6839 6938 6940 7039
6940 6840 6939 6941 7040
6941 6841 6940 7041
6942 6842 6943 7042
6943 6942 6944 7043
6944 6844 6943 6945 7044
6945 6845 6944 6946 7045
6946 6945 6947
6947 6847 6946 7047
6948 6848 6949 7048
6949 6849 6948 6950 7049
6950 6850 6949 6951 7050
6951 6851 6950 6952 7051
6952 6852 6951 6953 7052
6953 6853 6952 7053
6954 6854 6955 7054
6955 6855 6954 6956 7055
6956 6856 6955 7056
6957 6857
6958 6959 7058
6959 6859 6958 6960 7059
6960 6860 6959 6961 7060
6961 6861 6960 6962 7061
6962 6862 6961 6963 7062
6963 6863 6962 6964 7063
6964 6864 6963 6965 7064
6965 6865 6964 6966 7065
6966 6866 6965 6967
6967 6867 6966 6968 7067
6968 6868 6967 6969 7068
6969 6869 6968 6970 7069
6970 6870 6969 6971 7070
6971 6871 6970 6972 7071
6972 6872 6971 7072
6973 6873 6974 7073
6974 6874 6973 6975 7074
6975 6875 6974 6976 7075
6976 6876 6975 6977 7076
6977 6877 6976 7077
6978 6878 6979 7078
6979 6879 6978 6980 7079
6980 6880 6979 6981 7080
6981 6881 6980 6982
6982 6882 6981 6983 7082
6983 6883 6982 6984
6984 6884 6983
6985 6885 6986 7085
6986 6985 6987 7086
6987 6887 6986 6988 7087
6988 6888 6987 6989 7088
6989 6889 6988 6990 7089
6990 6890 6989 6991 7090
6991 6990 6992 7091
6992 6892 6991 6993
6993 6893 6992 6994 7093
6994 6993 7094
6995 6895 6996
6996 6896 6995 6997 7096
6997 6897 6996 6998 7097
6998 6898 6997 6999
6999 6899 6998
7000 6900 7001 7100
7001 6901 7000 7101
7002 6902 7102
7003 6903 7004 7103
7004 6904 7003 7005 7104
7005 6905 7004 7006
7006 6906 7005 7007 7106
7007 6907 7006 7008 7107
7008 6908 7007 7009 7108
7009 6909 7008 7010 7109
7010 6910 7009 7011 7110
7011 6911 7010 7012 7111
7012 6912 7011 7013 7112
7013 7012 7113
7014 6914 7015 7114
7015 6915 7014 7016 7115
7016 6916 7015 7116
7017 6917 7018 7117
7018 6918 7017 7019 7118
7019 7018 7119
7020 6920 7021 7120
7021 6921 7020 7022 7121
7022 6922 7021 7122
7023 6923 7123
7024 6924 7025 7124
7025 6925 7024 7026 7125
7026 6926 7025 7027 7126
7027 7026 7028 7127
7028 6928 7027 7029 7128
7029 6929 7028 7129
7030 6930 7031 7130
7031 6931 7030 7032 7131
7032 6932 7031 7033
7033 6933 7032 7034 7133
7034 6934 7033 7035 7134
7035 6935 7034 7036 7135
7036 6936 7035 7037 7136
7037 7036 7038 7137
7038 6938 7037 7039 7138
7039 6939 7038 7040 7139
7040 6940 7039 7041 7140
7041 6941 7040 7042 7141
7042 6942 7041 7043 7142
7043 6943 7042 7044 7143
7044 6944 7043 7045 7144
7045 6945 7044 7046 7145
7046 7045 7047 7146
7047 6947 7046 7048 7147
7048 6948 7047 7049 7148
7049 6949 7048 7050 7149
7050 6950 7049 7051 7150
7051 6951 7050 7052 7151
7052 6952 7051 7053 7152
7053 6953 7052 7054 7153
7054 6954 7053 7055
7055 6955 7054 7056 7155
7056 6956 7055 7057
7057 7056 7058
7058 6958 7057 7059 7158
7059 6959 7058 7060 7159
7060 6960 7059 7061 7160
7061 6961 7060 7062 7161
7062 6962 7061 7063
7063 6963 7062 7064 7163
7064 6964 7063 7065 7164
7065 6965 7064 7066 7165
7066 7065 7067 7166
7067 6967 7066 7068 7167
7068 6968 7067 7069 7168
7069 6969 7068 7070 7169
7070 6970 7069 7071
7071 6971 7070 7072 7171
7072 6972 7071 7073 7172
7073 6973 7072 7074 7173
7074 6974 7073 7075
7075 6975 7074 7076 7175
7076 6976 7075 7077 7176
7077 6977 7076 7078 7177
7078 6978 7077 7079 7178
7079 6979 7078 7080
7080 6980 7079 7081 7180
7081 7080 7082 7181
7082 6982 7081 7083 7182
7083 7082 7084 7183
7084 7083 7085 7184
7085 6985 7084 7086 7185
7086 6986 7085 7087 7186
7087 6987 7086 7088 7187
7088 6988 7087 7089
7089 6989 7088 7090
7090 6990 7089 7190
7091 6991 7092 7191
7092 7091 7093 7192
7093 6993 7092 7094 7193
7094 6994 7093 7095 7194
7095 7094 7096 7195
7096 6996 7095 7097
7097 6997 7096 7197
7098 7099 7198
7099 7098 7199
7100 7000 7101 7200
7101 7001 7100 7102 7201
7102 7002 7101 7202
7103 7003 7104 7203
7104 7004 7103 7105 7204
7105 7104 7106 7205
7106 7006 7105
7107 7007 7108 7207
7108 7008 7107 7109 7208
7109 7009 7108 7110 7209
7110 7010 7109 7210
7111 7011 7112 7211
7112 7012 7111 7113 7212
7113 7013 7112 7114 7213
7114 7014 7113 7115 7214
7115 7015 7114 7116 7215
7116 7016 7115 7117 7216
7117 7017 7116 7118 7217
7118 7018 7117 7119 7218
7119 7019 7118 7219
7120 7020 7121 7220
7121 7021 7120 7122 7221
7122 7022 7121 7123 7222
7123 7023 7122 7124 7223
7124 7024 7123 7125 7224
7125 7025 7124 7225
7126 7026 7127 7226
7127 7027 7126 7128 7227
7128 7028 7127 7129 7228
7129 7029 7128 7130 7229
7130 7030 7129 7131 7230
7131 7031 7130 7231
7132 7232
7133 7033 7134 7233
7134 7034 7133 7135 7234
7135 7035 7134 7136 7235
7136 7036 7135 7137 7236
7137 7037 7136 7138 7237
7138 7038 7137 7139 7238
7139 7039 7138 7140 7239
7140 7040 7139 7141 7240
7141 7041 7140 7142 7241
7142 7042 7141 7143
7143 7043 7142 7144 7243
7144 7044 7143 7145 7244
7145 7045 7144 7146 7245
7146 7046 7145 7147 7246
7147 7047 7146 7148 7247
7148 7048 7147 7149 7248
7149 7049 7148 7150 7249
7150 7050 7149 7151 7250
7151 7051 7150 7152 7251
7152 7052 7151 7153 7252
7153 7053 7152 7154 7253
7154 7153 7155 7254
7155 7055 7154 7156 7255
7156 7155 7157
7157 7156 7257
7158 7058 7159 7258
7159 7059 7158 7160 7259
7160 7060 7159 7161 7260
7161 7061 7160 7162 7261
7162 7161 7262
7163 7063 7164
7164 7064 7163 7165 7264
7165 7065 7164 7166 7265
7166 7066 7165 7167 7266
7167 7067 7166 7168 7267
7168 7068 7167 7169 7268
7169 7069 7168 7170
7170 7169 7171 7270
7171 7071 7170 7172
7172 7072 7171 7173 7272
7173 7073 7172 7174 7273
7174 7173 7175 7274
7175 7075 7174 7176 7275
7176 7076 7175 7177
7177 7077 7176 7178 7277
7178 7078 7177 7179 7278
7179 7178 7279
7180 7080 7181
7181 7081 7180 7182 7281
7182 7082 7181 7183 7282
7183 7083 7182 7184 7283
7184 7084 7183 7185 7284
7185 7085 7184 7186 7285
7186 7086 7185 7187 7286
7187 7087 7186 7188 7287
7188 7187 7189 7288
7189 7188 7190 7289
7190 7090 7189 7191 7290
7191 7091 7190 7291
7192 7092 7193 7292
7193 7093 7192 7194 7293
7194 7094 7193 7195 7294
7195 7095 7194 7196 7295
7196 7195 7197 7296
7197 7097 7196 7198 7297
7198 7098 7197 7199
7199 7099 7198 7299
7200 7100 7201
7201 7101 7200 7202 7301
7202 7102 7201 7203 7302
7203 7103 7202 7303
7204 7104 7205 7304
7205 7105 7204 7206 7305
7206 7205 7207 7306
7207 7107 7206 7208 7307
7208 7108 7207 7209 7308
7209 7109 7208 7210 7309
7210 7110 7209 7211
7211 7111 7210 7212 7311
7212 7112 7211 7213 7312
7213 7113 7212 7214 7313
7214 7114 7213 7215 7314
7215 7115 7214 7216 7315
7216 7116 7215 7217 7316
7217 7117 7216 7218 7317
7218 7118 7217 7219 7318
7219 7119 7218 7220 7319
7220 7120 7219 7320
7221 7121 7321
7222 7122 7223 7322
7223 7123 7222 7224
7224 7124 7223 7225 7324
7225 7125 7224 7226 7325
7226 7126 7225 7227 7326
7227 7127 7226 7228 7327
7228 7128 7227 7229 7328
7229 7129 7228 7329
7230 7130 7231 7330
7231 7131 7230 7232 7331
7232 7132 7231 7233
7233 7133 7232 7234 7333
7234 7134 7233 7235 7334
7235 7135 7234 7335
7236 7136 7237 7336
7237 7137 7236 7337
7238 7138 7239 7338
7239 7139 7238 7240 7339
7240 7140 7239 7340
7241 7141 7242 7341
7242 7241 7243 7342
7243 7143 7242 7244 7343
7244 7144 7243 7245 7344
7245 7145 7244 7246 7345
7246 7146 7245 7247 7346
7247 7147 7246 7248 7347
7248 7148 7247 7249 7348
7249 7149 7248 7250 7349
7250 7150 7249 7251
7251 7151 7250 7252 7351
7252 7152 7251 7253 7352
7253 7153 7252 7254 7353
7254 7154 7253 7255 7354
7255 7155 7254 7256 7355
7256 7255 7257
7257 7157 7256 7357
7258 7158 7259
7259 7159 7258 7359
7260 7160 7261 7360
7261 7161 7260 7262 7361
7262 7162 7261 7263 7362
7263 7262 7264
7264 7164 7263 7265 7364
7265 7165 7264 7266 7365
7266 7166 7265 7267
7267 7167 7266 7268
7268 7168 7267 7269 7368
7269 7268 7369
7270 7170 7271 7370
7271 7270 7272 7371
7272 7172 7271 7273 7372
7273 7173 7272 7373
7274 7174 7275 7374
7275 7175 7274 7276
7276 7275 7277 7376
7277 7177 7276 7377
7278 7178 7279 7378
7279 7179 7278 7379
7280 7281 7380
7281 7181 7280 7282 7381
7282 7182 7281 7283 7382
7283 7183 7282 7284 7383
7284 7184 7283 7285 7384
7285 7185 7284 7286
7286 7186 7285 7287 7386
7287 7187 7286 7288 7387
7288 7188 7287 7289 7388
7289 7189 7288 7290 7389
7290 7190 7289 7291 7390
7291 7191 7290 7292
7292 7192 7291 7293 7392
7293 7193 7292 7294 7393
7294 7194 7293 7295 7394
7295 7195 7294 7296 7395
7296 7196 7295 7297 7396
7297 7197 7296 7397
7298 7299 7398
7299 7199 7298 7399
7300 7301 7400
7301 7201 7300 7401
7302 7202 7303 7402
7303 7203 7302 7304 7403
7304 7204 7303 7305 7404
7305 7205 7304 7306 7405
7306 7206 7305 7307 7406
7307 7207 7306 7308 7407
7308 7208 7307 7309 7408
7309 7209 7308 7409
7310 7311 7410
7311 7211 7310 7312 7411
7312 7212 7311 7313 7412
7313 7213 7312 7314 7413
7314 7214 7313 7315 7414
7315 7215 7314 7316 7415
7316 7216 7315 7317 7416
7317 7217 7316 7318 7417
7318 7218 7317 7319 7418
7319 7219 7318 7320 7419
7320 7220 7319 7321 7420
7321 7221 7320 7322 7421
7322 7222 7321 7323 7422
7323 7322 7324 7423
7324 7224 7323 7325 7424
7325 7225 7324 7326 7425
7326 7226 7325 7327 7426
7327 7227 7326 7427
7328 7228 7329 7428
7329 7229 7328 7330
7330 7230 7329 7331 7430
7331 7231 7330 7332 7431
7332 7331 7333 7432
7333 7233 7332 7433
7334 7234 7335 7434
7335 7235 7334 7336 7435
7336 7236 7335 7337 7436
7337 7237 7336 7338 7437
7338 7238 7337 7339 7438
7339 7239 7338 7340 7439
7340 7240 7339 7341
7341 7241 7340 7342 7441
7342 7242 7341 7343 7442
7343 7243 7342 7344 7443
7344 7244 7343 7345 7444
7345 7245 7344 7346 7445
7346 7246 7345 7347 7446
7347 7247 7346 7348 7447
7348 7248 7347 7349 7448
7349 7249 7348 7350
7350 7349 7351 7450
7351 7251 7350 7352 7451
7352 7252 7351 7353 7452
7353 7253 7352 7354 7453
7354 7254 7353 7355 7454
7355 7255 7354 7356 7455
7356 7355 7357 7456
7357 7257 7356 7358 7457
7358 7357 7359 7458
7359 7259 7358 7360 7459
7360 7260 7359 7361 7460
7361 7261 7360 7362 7461
7362 7262 7361 7363 7462
7363 7362 7364 7463
7364 7264 7363 7464
7365 7265 7366 7465
7366 7365 7466
7367 7368 7467
7368 7268 7367 7369 7468
7369 7269 7368 7370 7469
7370 7270 7369 7371 7470
7371 7271 7370 7372 7471
7372 7272 7371 7373
7373 7273 7372
7374 7274 7375 7474
7375 7374 7376 7475
7376 7276 7375 7377 7476
7377 7277 7376 7477
7378 7278 7379 7478
7379 7279 7378 7380 7479
7380 7280 7379
7381 7281 7382 7481
7382 7282 7381 7383 7482
7383 7283 7382 7384 7483
7384 7284 7383 7385 7484
7385 7384 7386 7485
7386 7286 7385 7387 7486
7387 7287 7386 7388 7487
7388 7288 7387 7389 7488
7389 7289 7388 7390
7390 7290 7389 7391 7490
7391 7390 7392
7392 7292 7391 7393 7492
7393 7293 7392 7394 7493
7394 7294 7393 7395 7494
7395 7295 7394 7396
7396 7296 7395 7397 7496
7397 7297 7396 7398 7497
7398 7298 7397 7399
7399 7299 7398 7499
7400 7300 7500
7401 7301 7402 7501
7402 7302 7401 7403 7502
7403 7303 7402 7404 7503
7404 7304 7403 7405 7504
7405 7305 7404 7406 7505
7406 7306 7405 7407 7506
7407 7307 7406 7408 7507
7408 7308 7407 7409 7508
7409 7309 7408 7410
7410 7310 7409 7411 7510
7411 7311 7410 7412 7511
7412 7312 7411 7413 7512
7413 7313 7412 7414 7513
7414 7314 7413 7415 7514
7415 7315 7414 7416 7515
7416 7316 7415 7417 7516
7417 7317 7416 7418 7517
7418 7318 7417 7419 7518
7419 7319 7418 7420 7519
7420 7320 7419 7421 7520
7421 7321 7420 7422 7521
7422 7322 7421 7423 7522
7423 7323 7422 7424 7523
7424 7324 7423 7425 7524
7425 7325 7424 7426 7525
7426 7326 7425 7427 7526
7427 7327 7426 7428 7527
7428 7328 7427 7429 7528
7429 7428 7430 7529
7430 7330 7429 7431 7530
7431 7331 7430 7432 7531
7432 7332 7431 7433 7532
7433 7333 7432 7434 7533
7434 7334 7433 7435 7534
7435 7335 7434 7535
7436 7336 7437 7536
7437 7337 7436 7438 7537
7438 7338 7437 7439 7538
7439 7339 7438 7440 7539
7440 7439 7441 7540
7441 7341 7440 7442
7442 7342 7441 7443 7542
7443 7343 7442 7444 7543
7444 7344 7443 7445 7544
7445 7345 7444 7446 7545
7446 7346 7445 7447 7546
7447 7347 7446 7448 7547
7448 7348 7447 7449
7449 7448 7549
7450 7350 7451
7451 7351 7450 7452 7551
7452 7352 7451 7453 7552
7453 7353 7452 7454 7553
7454 7354 7453 7455 7554
7455 7355 7454 7555
7456 7356 7457 7556
7457 7357 7456 7458 7557
7458 7358 7457 7459 7558
7459 7359 7458 7460 7559
7460 7360 7459 7461 7560
7461 7361 7460 7462 7561
7462 7362 7461 7463 7562
7463 7363 7462 7464 7563
7464 7364 7463 7564
7465 7365 7466 7565
7466 7366 7465 7467 7566
7467 7367 7466 7468 7567
7468 7368 7467 7469 7568
7469 7369 7468 7470 7569
7470 7370 7469 7471 7570
7471 7371 7470 7472 7571
7472 7471 7473 7572
7473 7472 7474 7573
7474 7374 7473 7475 7574
7475 7375 7474 7476 7575
7476 7376 7475 7477 7576
7477 7377 7476 7577
7478 7378 7479 7578
7479 7379 7478 7480 7579
7480 7479 7481 7580
7481 7381 7480 7482 7581
7482 7382 7481 7483 7582
7483 7383 7482 7484 7583
7484 7384 7483 7485 7584
7485 7385 7484 7486 7585
7486 7386 7485 7487 7586
7487 7387 7486 7488 7587
7488 7388 7487 7588
7489 7490 7589
7490 7390 7489 7491 7590
7491 7490 7492 7591
7492 7392 7491 7592
7493 7393 7494
7494 7394 7493 7495 7594
7495 7494 7496 7595
7496 7396 7495 7497
7497 7397 7496 7498 7597
7498 7497 7499 7598
7499 7399 7498 7599
7500 7400 7501 7600
7501 7401 7500 7502 7601
7502 7402 7501 7503 7602
7503 7403 7502 7504
7504 7404 7503 7505 7604
7505 7405 7504 7506 7605
7506 7406 7505 7507 7606
7507 7407 7506 7508 7607
7508 7408 7507 7509 7608
7509 7508 7510 7609
7510 7410 7509 7511 7610
7511 7411 7510 7611
7512 7412 7513 7612
7513 7413 7512 7613
7514 7414 7515 7614
7515 7415 7514 7516 7615
7516 7416 7515 7517 7616
7517 7417 7516 7518 7617
7518 7418 7517 7519 7618
7519 7419 7518 7520 7619
7520 7420 7519 7521 7620
7521 7421 7520 7621
7522 7422 7622
7523 7423 7524 7623
7524 7424 7523 7525 7624
7525 7425 7524 7526 7625
7526 7426 7525 7527 7626
7527 7427 7526 7528 7627
7528 7428 7527 7529 7628
7529 7429 7528 7530 7629
7530 7430 7529 7531 7630
7531 7431 7530 7532 7631
7532 7432 7531 7533 7632
7533 7433 7532 7534 7633
7534 7434 7533 7535
7535 7435 7534 7536 7635
7536 7436 7535 7537 7636
7537 7437 7536 7538 7637
7538 7438 7537 7539 7638
7539 7439 7538 7540 7639
7540 7440 7539 7541 7640
7541 7540 7542 7641
7542 7442 7541 7543 7642
7543 7443 7542 7544 7643
7544 7444 7543 7545
7545 7445 7544 7546 7645
7546 7446 7545 7547 7646
7547 7447 7546
7548 7549 7648
7549 7449 7548 7550
7550 7549 7551 7650
7551 7451 7550
7552 7452 7553 7652
7553 7453 7552 7554 7653
7554 7454 7553 7555
7555 7455 7554 7556 7655
7556 7456 7555 7557
7557 7457 7556 7558 7657
7558 7458 7557 7559 7658
7559 7459 7558 7659
7560 7460 7561 7660
7561 7461 7560 7562
7562 7462 7561 7563 7662
7563 7463 7562 7564 7663
7564 7464 7563 7565 7664
7565 7465 7564 7566
7566 7466 7565 7666
7567 7467 7568 7667
7568 7468 7567 7569 7668
7569 7469 7568 7570 7669
7570 7470 7569 7571
7571 7471 7570 7671
7572 7472 7573 7672
7573 7473 7572 7574 7673
7574 7474 7573 7575 7674
7575 7475 7574 7576 7675
7576 7476 7575 7676
7577 7477 7578 7677
7578 7478 7577 7579 7678
7579 7479 7578 7580 7679
7580 7480 7579 7581
7581 7481 7580 7582 7681
7582 7482 7581 7583 7682
7583 7483 7582 7683
7584 7484 7585
7585 7485 7584 7586
7586 7486 7585 7587 7686
7587 7487 7586 7588 7687
7588 7488 7587 7589 7688
7589 7489 7588 7590 7689
7590 7490 7589 7591 7690
7591 7491 7590 7592 7691
7592 7492 7591 7593 7692
7593 7592 7693
7594 7494 7595 7694
7595 7495 7594 7596 7695
7596 7595 7597 7696
7597 7497 7596 7598 7697
7598 7498 7597 7599 7698
7599 7499 7598 7699
7600 7500 7601 7700
7601 7501 7600 7602 7701
7602 7502 7601 7603 7702
7603 7602 7703
7604 7504 7605 7704
7605 7505 7604 7606 7705
7606 7506 7605 7607
7607 7507 7606 7608 7707
7608 7508 7607 7609 7708
7609 7509 7608 7610 7709
7610 7510 7609 7611 7710
7611 7511 7610 7612 7711
7612 7512 7611 7613 7712
7613 7513 7612 7614
7614 7514 7613 7615 7714
7615 7515 7614 7616 7715
7616 7516 7615 7617 7716
7617 7517 7616 7618
7618 7518 7617 7718
7619 7519 7620 7719
7620 7520 7619 7621 7720
7621 7521 7620 7721
7622 7522 7722
7623 7523 7624 7723
7624 7524 7623 7625 7724
7625 7525 7624 7626 7725
7626 7526 7625 7726
7627 7527 7628 7727
7628 7528 7627 7629 7728
7629 7529 7628 7630 7729
7630 7530 7629 7631 7730
7631 7531 7630 7632 7731
7632 7532 7631 7633 7732
7633 7533 7632 7634 7733
7634 7633 7635 7734
7635 7535 7634 7636 7735
7636 7536 7635 7736
7637 7537 7638 7737
7638 7538 7637 7738
7639 7539 7640 7739
7640 7540 7639 7641 7740
7641 7541 7640 7642
7642 7542 7641 7643 7742
7643 7543 7642 7644 7743
7644 7643 7645 7744
7645 7545 7644 7646 7745
7646 7546 7645 7746
7647 7648 7747
7648 7548 7647 7649 7748
7649 7648 7650 7749
7650 7550 7649 7651 7750
7651 7650 7652 7751
7652 7552 7651 7653 7752
7653 7553 7652 7654 7753
7654 7653 7655 7754
7655 7555 7654 7656 7755
7656 7655 7657 7756
7657 7557 7656
7658 7558 7659 7758
7659 7559 7658 7660 7759
7660 7560 7659 7760
7661 7662 7761
7662 7562 7661 7663 7762
7663 7563 7662 7664 7763
7664 7564 7663 7665 7764
7665 7664 7666 7765
7666 7566 7665 7667 7766
7667 7567 7666 7668 7767
7668 7568 7667 7669 7768
7669 7569 7668 7670
7670 7669 7671 7770
7671 7571 7670 7672 7771
7672 7572 7671 7673 7772
7673 7573 7672 7674 7773
7674 7574 7673 7675 7774
7675 7575 7674 7676 7775
7676 7576 7675 7776
7677 7577 7678 7777
7678 7578 7677 7778
7679 7579 7680 7779
7680 7679 7681 7780
7681 7581 7680 7682 7781
7682 7582 7681 7683 7782
7683 7583 7682 7684
7684 7683 7685 7784
7685 7684 7686 7785
7686 7586 7685 7687 7786
7687 7587 7686 7688 7787
7688 7588 7687 7689 7788
7689 7589 7688 7690 7789
7690 7590 7689 7691 7790
7691 7591 7690 7692
7692 7592 7691 7693 7792
7693 7593 7692 7694 7793
7694 7594 7693 7695 7794
7695 7595 7694 7696 7795
7696 7596 7695 7697
7697 7597 7696 7698 7797
7698 7598 7697 7699 7798
7699 7599 7698 7799
7700 7600 7701
7701 7601 7700 7702 7801
7702 7602 7701 7703 7802
7703 7603 7702 7704 7803
7704 7604 7703 7705 7804
7705 7605 7704 7706 7805
7706 7705 7707 7806
7707 7607 7706 7708 7807
7708 7608 7707 7709 7808
7709 7609 7708 7710 7809
7710 7610 7709 7711 7810
7711 7611 7710 7712 7811
7712 7612 7711 7713 7812
7713 7712 7714 7813
7714 7614 7713 7715
7715 7615 7714 7716 7815
7716 7616 7715 7816
7717 7718 7817
7718 7618 7717 7719 7818
7719 7619 7718 7819
7720 7620 7721 7820
7721 7621 7720 7722 7821
7722 7622 7721 7723
7723 7623 7722 7724 7823
7724 7624 7723 7725 7824
7725 7625 7724 7726 7825
7726 7626 7725 7727
7727 7627 7726 7728 7827
7728 7628 7727 7729 7828
7729 7629 7728 7829
7730 7630 7731 7830
7731 7631 7730 7732 7831
7732 7632 7731 7733 7832
7733 7633 7732 7734 7833
7734 7634 7733 7735 7834
7735 7635 7734 7736 7835
7736 7636 7735 7737 7836
7737 7637 7736 7738
7738 7638 7737 7739 7838
7739 7639 7738 7740 7839
7740 7640 7739 7741 7840
7741 7740 7742 7841
7742 7642 7741 7743 7842
7743 7643 7742
7744 7644 7745 7844
7745 7645 7744 7746 7845
7746 7646 7745 7747 7846
7747 7647 7746 7748 7847
7748 7648 7747 7749 7848
7749 7649 7748 7750
7750 7650 7749 7751 7850
7751 7651 7750 7752
7752 7652 7751 7753 7852
7753 7653 7752 7754 7853
7754 7654 7753 7755 7854
7755 7655 7754 7756 7855
7756 7656 7755 7757
7757 7756 7758 7857
7758 7658 7757 7759 7858
7759 7659 7758 7760 7859
7760 7660 7759 7761 7860
7761 7661 7760 7762 7861
7762 7662 7761 7763 7862
7763 7663 7762 7764 7863
7764 7664 7763 7765 7864
7765 7665 7764 7766 7865
7766 7666 7765 7767
7767 7667 7766 7768 7867
7768 7668 7767 7769 7868
7769 7768 7770 7869
7770 7670 7769 7771 7870
7771 7671 7770 7772 7871
7772 7672 7771 7773 7872
7773 7673 7772 7774 7873
7774 7674 7773 7775
7775 7675 7774 7776 7875
7776 7676 7775 7777 7876
7777 7677 7776 7778 7877
7778 7678 7777 7779 7878
7779 7679 7778 7780 7879
7780 7680 7779 7781 7880
7781 7681 7780 7782 7881
7782 7682 7781 7783 7882
7783 7782 7784 7883
7784 7684 7783 7785 7884
7785 7685 7784 7786
7786 7686 7785 7787
7787 7687 7786 7788 7887
7788 7688 7787 7789 7888
7789 7689 7788 7790 7889
7790 7690 7789 7791 7890
7791 7790 7792 7891
7792 7692 7791 7793 7892
7793 7693 7792 7794
7794 7694 7793 7795 7894
7795 7695 7794 7796 7895
7796 7795 7797
7797 7697 7796 7798 7897
7798 7698 7797 7799 7898
7799 7699 7798 7899
7800 7801 7900
7801 7701 7800 7901
7802 7702 7803 7902
7803 7703 7802 7804 7903
7804 7704 7803 7805 7904
7805 7705 7804 7806 7905
7806 7706 7805 7807 7906
7807 7707 7806 7808 7907
7808 7708 7807 7809 7908
7809 7709 7808 7909
7810 7710 7811 7910
7811 7711 7810 7911
7812 7712 7912
7813 7713 7814 7913
7814 7813 7815 7914
7815 7715 7814 7816 7915
7816 7716 7815 7817 7916
7817 7717 7816 7818 7917
7818 7718 7817 7819 7918
7819 7719 7818 7820 7919
7820 7720 7819 7821 7920
7821 7721 7820 7822 7921
7822 7821 7823 7922
7823 7723 7822 7824 7923
7824 7724 7823 7825 7924
7825 7725 7824 7826 7925
7826 7825 7926
7827 7727 7828
7828 7728 7827 7928
7829 7729 7830 7929
7830 7730 7829 7831 7930
7831 7731 7830 7832 7931
7832 7732 7831 7833 7932
7833 7733 7832 7834 7933
7834 7734 7833 7835
7835 7735 7834 7836 7935
7836 7736 7835 7837 7936
7837 7836 7838 7937
7838 7738 7837 7839 7938
7839 7739 7838 7840 7939
7840 7740 7839 7841 7940
7841 7741 7840 7842 7941
7842 7742 7841 7843 7942
7843 7842 7844 7943
7844 7744 7843 7845 7944
7845 7745 7844 7846 7945
7846 7746 7845 7847 7946
7847 7747 7846 7848 7947
7848 7748 7847 7849 7948
7849 7848 7850 7949
7850 7750 7849 7851 7950
7851 7850 7852 7951
7852 7752 7851 7853 7952
7853 7753 7852 7854 7953
7854 7754 7853 7855 7954
7855 7755 7854 7856 7955
7856 7855 7857 7956
7857 7757 7856 7858
7858 7758 7857 7859 7958
7859 7759 7858 7860
7860 7760 7859 7861 7960
7861 7761 7860 7862 7961
7862 7762 7861 7863 7962
7863 7763 7862 7864 7963
7864 7764 7863 7865 7964
7865 7765 7864 7866 7965
7866 7865 7867 7966
7867 7767 7866 7868 7967
7868 7768 7867 7869 7968
7869 7769 7868 7870 7969
7870 7770 7869 7871 7970
7871 7771 7870 7872
7872 7772 7871 7873 7972
7873 7773 7872 7874 7973
7874 7873 7875 7974
7875 7775 7874 7975
7876 7776 7877 7976
7877 7777 7876 7878
7878 7778 7877 7879 7978
7879 7779 7878 7880 7979
7880 7780 7879 7881 7980
7881 7781 7880 7981
7882 7782 7883 7982
7883 7783 7882 7884 7983
7884 7784 7883 7885 7984
7885 7884 7886 7985
7886 7885 7887 7986
7887 7787 7886 7888 7987
7888 7788 7887 7889
7889 7789 7888 7890 7989
7890 7790 7889 7891 7990
7891 7791 7890 7892 7991
7892 7792 7891 7893 7992
7893 7892 7894 7993
7894 7794 7893 7994
7895 7795 7896 7995
7896 7895 7897 7996
7897 7797 7896 7898 7997
7898 7798 7897 7899 7998
7899 7799 7898 7999
7900 7800 7901 8000
7901 7801 7900 7902
7902 7802 7901 7903 8002
7903 7803 7902 7904 8003
7904 7804 7903 7905 8004
7905 7805 7904 7906
7906 7806 7905 7907 8006
7907 7807 7906 7908 8007
7908 7808 7907 7909 8008
7909 7809 7908 7910
7910 7810 7909 7911 8010
7911 7811 7910 7912 8011
7912 7812 7911 7913 8012
7913 7813 7912 7914 8013
7914 7814 7913 7915 8014
7915 7815 7914 7916 8015
7916 7816 7915 7917 8016
7917 7817 7916 7918 8017
7918 7818 7917 7919 8018
7919 7819 7918 7920 8019
7920 7820 7919 7921 8020
7921 7821 7920 7922 8021
7922 7822 7921 7923 8022
7923 7823 7922 7924 8023
7924 7824 7923 7925 8024
7925 7825 7924 7926 8025
7926 7826 7925 7927 8026
7927 7926 8027
7928 7828 7929
7929 7829 7928 7930
7930 7830 7929 7931 8030
7931 7831 7930 7932 8031
7932 7832 7931 7933
7933 7833 7932 7934
7934 7933 7935 8034
7935 7835 7934 8035
7936 7836 7937
7937 7837 7936 7938 8037
7938 7838 7937 7939 8038
7939 7839 7938 7940 8039
7940 7840 7939 8040
7941 7841 7942 8041
7942 7842 7941 7943 8042
7943 7843 7942 7944 8043
7944 7844 7943 7945 8044
7945 7845 7944 8045
7946 7846 7947
7947 7847 7946 8047
7948 7848 7949 8048
7949 7849 7948 7950 8049
7950 7850 7949 7951 8050
7951 7851 7950 7952 8051
7952 7852 7951 7953 8052
7953 7853 7952 7954 8053
7954 7854 7953 7955 8054
7955 7855 7954 7956 8055
7956 7856 7955 7957 8056
7957 7956 7958 8057
7958 7858 7957 8058
7959 7960
7960 7860 7959 8060
7961 7861 7962 8061
7962 7862 7961 7963 8062
7963 7863 7962 7964 8063
7964 7864 7963 7965 8064
7965 7865 7964 7966 8065
7966 7866 7965 7967 8066
7967 7867 7966 7968 8067
7968 7868 7967 7969 8068
7969 7869 7968 7970 8069
7970 7870 7969 8070
7971 7972 8071
7972 7872 7971 7973 8072
7973 7873 7972 7974 8073
7974 7874 7973 7975 8074
7975 7875 7974 7976 8075
7976 7876 7975 8076
7977 7978 8077
7978 7878 7977 8078
7979 7879 7980
7980 7880 7979
7981 7881 8081
7982 7882 7983 8082
7983 7883 7982 7984 8083
7984 7884 7983 7985 8084
7985 7885 7984 7986 8085
7986 7886 7985 7987 8086
7987 7887 7986 7988 8087
7988 7987 7989 8088
7989 7889 7988 7990 8089
7990 7890 7989 7991 8090
7991 7891 7990 7992 8091
7992 7892 7991
7993 7893 7994 8093
7994 7894 7993 7995 8094
7995 7895 7994 7996 8095
7996 7896 7995 8096
7997 7897 7998 8097
7998 7898 7997 7999 8098
7999 7899 7998 8099
8000 7900 8001 8100
8001 8000 8101
8002 7902 8003 8102
8003 7903 8002 8103
8004 7904 8005 8104
8005 8004 8006 8105
8006 7906 8005 8007 8106
8007 7907 8006 8008 8107
8008 7908 8007 8009 8108
8009 8008 8010 8109
8010 7910 8009 8011 8110
8011 7911 8010 8012
8012 7912 8011 8013
8013 7913 8012
8014 7914 8015 8114
8015 7915 8014 8016 8115
8016 7916 8015 8017 8116
8017 7917 8016 8018
8018 7918 8017 8118
8019 7919 8020
8020 7920 8019 8021 8120
8021 7921 8020 8022 8121
8022 7922 8021 8023 8122
8023 7923 8022 8024
8024 7924 8023 8124
8025 7925 8026 8125
8026 7926 8025 8027 8126
8027 7927 8026 8028 8127
8028 8027 8029 8128
8029 8028 8030
8030 7930 8029 8031 8130
8031 7931 8030 8131
8032 8132
8033 8034 8133
8034 7934 8033 8035 8134
8035 7935 8034 8036 8135
8036 8035 8037 8136
8037 7937 8036 8038 8137
8038 7938 8037 8039 8138
8039 7939 8038 8040 8139
8040 7940 8039 8041 8140
8041 7941 8040 8141
8042 7942 8043 8142
8043 7943 8042 8044 8143
8044 7944 8043 8045 8144
8045 7945 8044 8046 8145
8046 8045 8047 8146
8047 7947 8046 8048 8147
8048 7948 8047 8049 8148
8049 7949 8048 8050 8149
8050 7950 8049 8051 8150
8051 7951 8050 8151
8052 7952 8053 8152
8053 7953 8052
8054 7954 8055 8154
8055 7955 8054 8056 8155
8056 7956 8055 8156
8057 7957 8058 8157
8058 7958 8057 8158
8059 8060 8159
8060 7960 8059 8061 8160
8061 7961 8060 8062 8161
8062 7962 8061 8063 8162
8063 7963 8062 8064 8163
8064 7964 8063 8164
8065 7965 8066 8165
8066 7966 8065 8067 8166
8067 7967 8066
8068 7968 8069 8168
8069 7969 8068 8070 8169
8070 7970 8069 8071 8170
8071 7971 8070 8072 8171
8072 7972 8071 8073 8172
8073 7973 8072 8074 8173
8074 7974 8073 8075 8174
8075 7975 8074 8076 8175
8076 7976 8075 8077 8176
8077 7977 8076 8078 8177
8078 7978 8077 8079
8079 8078 8080 8179
8080 8079 8081 8180
8081 7981 8080 8082
8082 7982 8081 8083 8182
8083 7983 8082 8084 8183
8084 7984 8083 8085 8184
8085 7985 8084 8086 8185
8086 7986 8085 8087 8186
8087 7987 8086 8088 8187
8088 7988 8087 8089 8188
8089 7989 8088 8090 8189
8090 7990 8089 8091 8190
8091 7991 8090 8092 8191
8092 8091 8093 8192
8093 7993 8092 8094 8193
8094 7994 8093 8095 8194
8095 7995 8094 8096 8195
8096 7996 8095 8097 8196
8097 7997 8096 8197
8098 7998
8099 7999 8199
8100 8000 8101 8200
8101 8001 8100 8102 8201
8102 8002 8101 8103 8202
8103 8003 8102 8104 8203
8104 8004 8103 8105 8204
8105 8005 8104 8106 8205
8106 8006 8105 8107 8206
8107 8007 8106 8108 8207
8108 8008 8107 8109 8208
8109 8009 8108 8110 8209
8110 8010 8109 8210
8111 8112 8211
8112 8111
8113 8114 8213
8114 8014 8113 8115 8214
8115 8015 8114 8215
8116 8016 8117 8216
8117 8116 8118 8217
8118 8018 8117 8119 8218
8119 8118 8120
8120 8020 8119 8121 8220
8121 8021 8120 8122 8221
8122 8022 8121 8123 8222
8123 8122 8124 8223
8124 8024 8123 8125 8224
8125 8025 8124 8126 8225
8126 8026 8125 8127 8226
8127 8027 8126 8128 8227
8128 8028 8127 8129 8228
8129 8128 8130 8229
8130 8030 8129 8131
8131 8031 8130 8132 8231
8132 8032 8131 8232
8133 8033 8134 8233
8134 8034 8133 8135 8234
8135 8035 8134 8136 8235
8136 8036 8135 8137 8236
8137 8037 8136 8138 8237
8138 8038 8137 8139 8238
8139 8039 8138 8140 8239
8140 8040 8139 8141 8240
8141 8041 8140 8142 8241
8142 8042 8141 8143 8242
8143 8043 8142 8144 8243
8144 8044 8143 8145
8145 8045 8144 8146 8245
8146 8046 8145 8147 8246
8147 8047 8146 8148 8247
8148 8048 8147 8149 8248
8149 8049 8148 8150 8249
8150 8050 8149 8250
8151 8051 8152 8251
8152 8052 8151 8252
8153 8253
8154 8054 8155 8254
8155 8055 8154 8156 8255
8156 8056 8155 8157 8256
8157 8057 8156 8158 8257
8158 8058 8157 8159 8258
8159 8059 8158 8160
8160 8060 8159 8161 8260
8161 8061 8160 8162 8261
8162 8062 8161 8262
8163 8063 8164 8263
8164 8064 8163 8165
8165 8065 8164 8265
8166 8066 8167 8266
8167 8166 8168 8267
8168 8068 8167 8268
8169 8069 8269
8170 8070 8171
8171 8071 8170 8172 8271
8172 8072 8171 8173 8272
8173 8073 8172 8174 8273
8174 8074 8173 8175 8274
8175 8075 8174 8176 8275
8176 8076 8175 8177 8276
8177 8077 8176 8178 8277
8178 8177 8179 8278
8179 8079 8178 8180 8279
8180 8080 8179 8181 8280
8181 8180 8182 8281
8182 8082 8181 8183 8282
8183 8083 8182 8184 8283
8184 8084 8183 8185 8284
8185 8085 8184 8186 8285
8186 8086 8185 8187 8286
8187 8087 8186 8188 8287
8188 8088 8187 8189 8288
8189 8089 8188 8190 8289
8190 8090 8189 8191
8191 8091 8190 8192 8291
8192 8092 8191 8193
8193 8093 8192 8194 8293
8194 8094 8193 8195 8294
8195 8095 8194 8196 8295
8196 8096 8195 8197 8296
8197 8097 8196 8198
8198 8197 8199 8298
8199 8099 8198 8299
8200 8100 8201 8300
8201 8101 8200 8202 8301
8202 8102 8201 8203 8302
8203 8103 8202 8204 8303
8204 8104 8203 8205 8304
8205 8105 8204 8206 8305
8206 8106 8205 8207 8306
8207 8107 8206 8208
8208 8108 8207 8209 8308
8209 8109 8208 8210 8309
8210 8110 8209 8211 8310
8211 8111 8210 8212 8311
8212 8211 8213 8312
8213 8113 8212 8214 8313
8214 8114 8213 8215 8314
8215 8115 8214 8315
8216 8116 8316
8217 8117 8218 8317
8218 8118 8217 8318
8219 8220 8319
8220 8120 8219 8221 8320
8221 8121 8220 8222 8321
8222 8122 8221 8223 8322
8223 8123 8222 8224 8323
8224 8124 8223 8225 8324
8225 8125 8224 8226 8325
8226 8126 8225 8227 8326
8227 8127 8226 8228 8327
8228 8128 8227 8229 8328
8229 8129 8228 8230 8329
8230 8229 8231 8330
8231 8131 8230 8232 8331
8232 8132 8231 8233 8332
8233 8133 8232 8333
8234 8134 8235 8334
8235 8135 8234 8335
8236 8136 8237 8336
8237 8137 8236 8337
8238 8138 8239 8338
8239 8139 8238 8240
8240 8140 8239 8241 8340
8241 8141 8240 8341
8242 8142 8243 8342
8243 8143 8242 8244 8343
8244 8243 8245 8344
8245 8145 8244 8246 8345
8246 8146 8245 8247 8346
8247 8147 8246 8248 8347
8248 8148 8247 8249 8348
8249 8149 8248 8349
8250 8150 8251 8350
8251 8151 8250 8351
8252 8152 8253 8352
8253 8153 8252 8254 8353
8254 8154 8253 8255 8354
8255 8155 8254 8256 8355
8256 8156 8255 8257 8356
8257 8157 8256 8258 8357
8258 8158 8257 8259
8259 8258 8260
8260 8160 8259 8261 8360
8261 8161 8260 8262 8361
8262 8162 8261 8263
8263 8163 8262 8264 8363
8264 8263 8364
8265 8165 8365
8266 8166 8267 8366
8267 8167 8266 8367
8268 8168 8269
8269 8169 8268 8270 8369
8270 8269 8271 8370
8271 8171 8270 8272 8371
8272 8172 8271 8372
8273 8173 8274 8373
8274 8174 8273 8275 8374
8275 8175 8274 8276 8375
8276 8176 8275 8277 8376
8277 8177 8276 8278 8377
8278 8178 8277 8279 8378
8279 8179 8278 8280 8379
8280 8180 8279 8281 8380
8281 8181 8280 8282 8381
8282 8182 8281 8283 8382
8283 8183 8282 8284 8383
8284 8184 8283 8285 8384
8285 8185 8284 8286 8385
8286 8186 8285 8287 8386
8287 8187 8286 8387
8288 8188 8289 8388
8289 8189 8288 8290 8389
8290 8289 8291 8390
8291 8191 8290 8292 8391
8292 8291 8293 8392
8293 8193 8292 8294 8393
8294 8194 8293 8295 8394
8295 8195 8294 8296 8395
8296 8196 8295 8297 8396
8297 8296 8298 8397
8298 8198 8297 8299 8398
8299 8199 8298 8399
8300 8200 8301 8400
8301 8201 8300 8302
8302 8202 8301 8303 8402
8303 8203 8302 8304 8403
8304 8204 8303 8305 8404
8305 8205 8304 8306 8405
8306 8206 8305 8307 8406
8307 8306 8308 8407
8308 8208 8307
8309 8209 8310 8409
8310 8210 8309 8311 8410
8311 8211 8310 8312 8411
8312 8212 8311 8313 8412
8313 8213 8312 8314 8413
8314 8214 8313 8315 8414
8315 8215 8314 8316 8415
8316 8216 8315 8317 8416
8317 8217 8316 8318
8318 8218 8317 8319 8418
8319 8219 8318 8320 8419
8320 8220 8319 8321 8420
8321 8221 8320 8322 8421
8322 8222 8321 8323 8422
8323 8223 8322 8324 8423
8324 8224 8323 8325 8424
8325 8225 8324 8326 8425
8326 8226 8325 8327 8426
8327 8227 8326 8328 8427
8328 8228 8327 8329 8428
8329 8229 8328 8330 8429
8330 8230 8329 8331
8331 8231 8330 8332 8431
8332 8232 8331 8333 8432
8333 8233 8332 8334 8433
8334 8234 8333 8335 8434
8335 8235 8334 8336 8435
8336 8236 8335
8337 8237 8338 8437
8338 8238 8337 8339 8438
8339 8338 8340 8439
8340 8240 8339 8341 8440
8341 8241 8340 8342 8441
8342 8242 8341 8343 8442
8343 8243 8342 8344 8443
8344 8244 8343 8345 8444
8345 8245 8344 8445
8346 8246 8446
8347 8247 8348 8447
8348 8248 8347 8349 8448
8349 8249 8348 8350 8449
8350 8250 8349
8351 8251 8352 8451
8352 8252 8351 8353 8452
8353 8253 8352 8354 8453
8354 8254 8353 8355 8454
8355 8255 8354 8356 8455
8356 8256 8355 8357 8456
8357 8257 8356 8358 8457
8358 8357 8359 8458
8359 8358 8459
8360 8260 8460
8361 8261 8362 8461
8362 8361 8363 8462
8363 8263 8362 8364 8463
8364 8264 8363 8365 8464
8365 8265 8364 8366 8465
8366 8266 8365 8466
8367 8267 8368 8467
8368 8367 8369 8468
8369 8269 8368 8370 8469
8370 8270 8369 8371 8470
8371 8271 8370 8372 8471
8372 8272 8371 8373 8472
8373 8273 8372 8374 8473
8374 8274 8373 8375 8474
8375 8275 8374 8376 8475
8376 8276 8375 8377 8476
8377 8277 8376 8477
8378 8278 8379 8478
8379 8279 8378 8479
8380 8280 8381 8480
8381 8281 8380 8382 8481
8382 8282 8381 8383 8482
8383 8283 8382 8483
8384 8284 8385 8484
8385 8285 8384 8386 8485
8386 8286 8385 8486
8387 8287 8388 8487
8388 8288 8387 8389 8488
8389 8289 8388 8390 8489
8390 8290 8389 8391 8490
8391 8291 8390 8392 8491
8392 8292 8391 8393 8492
8393 8293 8392 8394 8493
8394 8294 8393 8395 8494
8395 8295 8394 8396 8495
8396 8296 8395 8397 8496
8397 8297 8396 8497
8398 8298 8399 8498
8399 8299 8398
8400 8300 8500
8401 8402 8501
8402 8302 8401 8403
8403 8303 8402 8404 8503
8404 8304 8403 8405 8504
8405 8305 8404 8505
8406 8306 8407 8506
8407 8307 8406 8408 8507
8408 8407 8409 8508
8409 8309 8408 8410 8509
8410 8310 8409 8411 8510
8411 8311 8410 8412 8511
8412 8312 8411 8413 8512
8413 8313 8412 8414
8414 8314 8413 8415 8514
8415 8315 8414 8416 8515
8416 8316 8415 8417 8516
8417 8416 8418 8517
8418 8318 8417 8518
8419 8319 8420 8519
8420 8320 8419 8421 8520
8421 8321 8420 8422
8422 8322 8421 8423 8522
8423 8323 8422 8424 8523
8424 8324 8423 8425 8524
8425 8325 8424 8426 8525
8426 8326 8425 8427
8427 8327 8426 8428 8527
8428 8328 8427 8429
8429 8329 8428 8430 8529
8430 8429 8431 8530
8431 8331 8430 8432 8531
8432 8332 8431 8433 8532
8433 8333 8432 8434 8533
8434 8334 8433 8534
8435 8335 8436 8535
8436 8435 8437 8536
8437 8337 8436 8438 8537
8438 8338 8437 8439 8538
8439 8339 8438 8440 8539
8440 8340 8439 8441 8540
8441 8341 8440 8442 8541
8442 8342 8441 8443 8542
8443 8343 8442 8444 8543
8444 8344 8443 8445 8544
8445 8345 8444 8446 8545
8446 8346 8445 8546
8447 8347 8448 8547
8448 8348 8447 8449 8548
8449 8349 8448 8450 8549
8450 8449 8451 8550
8451 8351 8450 8452 8551
8452 8352 8451 8453 8552
8453 8353 8452 8454 8553
8454 8354 8453 8455 8554
8455 8355 8454 8456 8555
8456 8356 8455 8457 8556
8457 8357 8456 8458 8557
8458 8358 8457 8459 8558
8459 8359 8458 8460 8559
8460 8360 8459 8461
8461 8361 8460 8462 8561
8462 8362 8461 8463 8562
8463 8363 8462 8464 8563
8464 8364 8463 8564
8465 8365 8466 8565
8466 8366 8465 8467 8566
8467 8367 8466 8468
8468 8368 8467 8469 8568
8469 8369 8468 8470 8569
8470 8370 8469 8471 8570
8471 8371 8470 8472 8571
8472 8372 8471 8473 8572
8473 8373 8472 8474
8474 8374 8473 8475 8574
8475 8375 8474 8575
8476 8376 8477
8477 8377 8476 8478 8577
8478 8378 8477 8479 8578
8479 8379 8478 8480 8579
8480 8380 8479 8481 8580
8481 8381 8480
8482 8382 8483 8582
8483 8383 8482 8484 8583
8484 8384 8483 8485 8584
8485 8385 8484 8486 8585
8486 8386 8485 8487 8586
8487 8387 8486 8488 8587
8488 8388 8487 8489 8588
8489 8389 8488 8490 8589
8490 8390 8489 8491 8590
8491 8391 8490 8492 8591
8492 8392 8491 8493
8493 8393 8492 8593
8494 8394 8495 8594
8495 8395 8494 8496 8595
8496 8396 8495 8497 8596
8497 8397 8496 8498 8597
8498 8398 8497 8499 8598
8499 8498 8599
8500 8400 8501 8600
8501 8401 8500 8502 8601
8502 8501 8503 8602
8503 8403 8502 8504 8603
8504 8404 8503 8505 8604
8505 8405 8504 8506 8605
8506 8406 8505 8507 8606
8507 8407 8506 8508 8607
8508 8408 8507 8509
8509 8409 8508 8510 8609
8510 8410 8509 8511 8610
8511 8411 8510 8512 8611
8512 8412 8511 8513 8612
8513 8512 8514 8613
8514 8414 8513 8515 8614
8515 8415 8514 8615
8516 8416 8517 8616
8517 8417 8516 8518 8617
8518 8418 8517 8519 8618
8519 8419 8518 8520 8619
8520 8420 8519 8521
8521 8520 8522 8621
8522 8422 8521 8523 8622
8523 8423 8522 8524 8623
8524 8424 8523 8525 8624
8525 8425 8524 8526 8625
8526 8525 8626
8527 8427 8528 8627
8528 8527 8529 8628
8529 8429 8528 8530
8530 8430 8529 8531 8630
8531 8431 8530 8532 8631
8532 8432 8531 8632
8533 8433 8534
8534 8434 8533 8535 8634
8535 8435 8534 8536 8635
8536 8436 8535 8537 8636
8537 8437 8536 8538 8637
8538 8438 8537 8539 8638
8539 8439 8538 8540 8639
8540 8440 8539 8541 8640
8541 8441 8540 8542 8641
8542 8442 8541 8543 8642
8543 8443 8542 8544 8643
8544 8444 8543 8545 8644
8545 8445 8544 8546 8645
8546 8446 8545 8547
8547 8447 8546 8548 8647
8548 8448 8547 8549 8648
8549 8449 8548 8550 8649
8550 8450 8549 8650
8551 8451 8552
8552 8452 8551 8553 8652
8553 8453 8552 8554 8653
8554 8454 8553 8555 8654
8555 8455 8554 8556 8655
8556 8456 8555 8557 8656
8557 8457 8556 8657
8558 8458 8559 8658
8559 8459 8558 8560 8659
8560 8559 8561 8660
8561 8461 8560 8562 8661
8562 8462 8561 8563 8662
8563 8463 8562 8564 8663
8564 8464 8563 8664
8565 8465 8665
8566 8466 8666
8567 8568 8667
8568 8468 8567 8569 8668
8569 8469 8568 8570 8669
8570 8470 8569 8571
8571 8471 8570 8572
8572 8472 8571 8573 8672
8573 8572 8574 8673
8574 8474 8573 8575 8674
8575 8475 8574 8576 8675
8576 8575 8577 8676
8577 8477 8576 8578 8677
8578 8478 8577 8579
8579 8479 8578 8679
8580 8480 8581 8680
8581 8580 8582 8681
8582 8482 8581 8583 8682
8583 8483 8582 8584 8683
8584 8484 8583 8585 8684
8585 8485 8584 8685
8586 8486 8587 8686
8587 8487 8586 8588 8687
8588 8488 8587 8589 8688
8589 8489 8588 8590 8689
8590 8490 8589 8591 8690
8591 8491 8590 8691
8592 8593 8692
8593 8493 8592 8594 8693
8594 8494 8593 8595
8595 8495 8594 8695
8596 8496 8597 8696
8597 8497 8596 8598
8598 8498 8597 8599 8698
8599 8499 8598 8699
8600 8500 8601 8700
8601 8501 8600 8602 8701
8602 8502 8601 8603 8702
8603 8503 8602 8604 8703
8604 8504 8603 8605 8704
8605 8505 8604 8606 8705
8606 8506 8605 8607 8706
8607 8507 8606 8608 8707
8608 8607 8708
8609 8509 8610 8709
8610 8510 8609 8611 8710
8611 8511 8610 8612 8711
8612 8512 8611 8613 8712
8613 8513 8612 8614 8713
8614 8514 8613 8615 8714
8615 8515 8614 8616 8715
8616 8516 8615 8716
8617 8517 8618
8618 8518 8617 8619 8718
8619 8519 8618 8620 8719
8620 8619 8720
8621 8521
8622 8522 8623 8722
8623 8523 8622 8624 8723
8624 8524 8623 8625
8625 8525 8624 8626 8725
8626 8526 8625 8627
8627 8527 8626 8628 8727
8628 8528 8627 8629 8728
8629 8628 8630 8729
8630 8530 8629 8631 8730
8631 8531 8630 8632 8731
8632 8532 8631 8732
8633 8634 8733
8634 8534 8633 8635
8635 8535 8634 8636
8636 8536 8635 8637 8736
8637 8537 8636 8638 8737
8638 8538 8637 8639 8738
8639 8539 8638 8640 8739
8640 8540 8639 8641 8740
8641 8541 8640 8642 8741
8642 8542 8641 8643 8742
8643 8543 8642 8644 8743
8644 8544 8643 8645 8744
8645 8545 8644 8745
8646 8647
8647 8547 8646 8648 8747
8648 8548 8647 8649 8748
8649 8549 8648 8650 8749
8650 8550 8649 8651 8750
8651 8650 8652 8751
8652 8552 8651 8653 8752
8653 8553 8652 8654 8753
8654 8554 8653 8655 8754
8655 8555 8654 8656 8755
8656 8556 8655 8657 8756
8657 8557 8656 8658 8757
8658 8558 8657 8659
8659 8559 8658 8660 8759
8660 8560 8659 8661 8760
8661 8561 8660 8662 8761
8662 8562 8661 8762
8663 8563 8664 8763
8664 8564 8663 8665 8764
8665 8565 8664 8666 8765
8666 8566 8665 8667 8766
8667 8567 8666 8668 8767
8668 8568 8667 8669 8768
8669 8569 8668 8670 8769
8670 8669 8671 8770
8671 8670 8672 8771
8672 8572 8671 8673 8772
8673 8573 8672 8674 8773
8674 8574 8673 8675 8774
8675 8575 8674 8775
8676 8576 8677 8776
8677 8577 8676 8678 8777
8678 8677 8679 8778
8679 8579 8678 8680 8779
8680 8580 8679 8681
8681 8581 8680 8682 8781
8682 8582 8681 8782
8683 8583 8684 8783
8684 8584 8683 8685 8784
8685 8585 8684 8686 8785
8686 8586 8685 8687 8786
8687 8587 8686 8688 8787
8688 8588 8687 8689 8788
8689 8589 8688 8690 8789
8690 8590 8689 8691 8790
8691 8591 8690 8692 8791
8692 8592 8691 8693 8792
8693 8593 8692 8694 8793
8694 8693 8695 8794
8695 8595 8694 8696 8795
8696 8596 8695 8697 8796
8697 8696 8698 8797
8698 8598 8697 8699 8798
8699 8599 8698
8700 8600 8701 8800
8701 8601 8700 8702 8801
8702 8602 8701 8703 8802
8703 8603 8702 8704
8704 8604 8703 8705 8804
8705 8605 8704 8706 8805
8706 8606 8705 8806
8707 8607 8807
8708 8608 8709 8808
8709 8609 8708 8710 8809
8710 8610 8709 8810
8711 8611 8712 8811
8712 8612 8711 8713 8812
8713 8613 8712 8714 8813
8714 8614 8713 8715 8814
8715 8615 8714 8815
8716 8616 8717 8816
8717 8716 8718
8718 8618 8717 8719 8818
8719 8619 8718 8720 8819
8720 8620 8719 8721 8820
8721 8720 8722 8821
8722 8622 8721 8723 8822
8723 8623 8722 8724 8823
8724 8723 8725 8824
8725 8625 8724 8825
8726 8727 8826
8727 8627 8726 8728 8827
8728 8628 8727 8729
8729 8629 8728 8730 8829
8730 8630 8729 8731 8830
8731 8631 8730 8732 8831
8732 8632 8731 8733 8832
8733 8633 8732 8734 8833
8734 8733 8735 8834
8735 8734 8736
8736 8636 8735 8737 8836
8737 8637 8736 8738 8837
8738 8638 8737 8739 8838
8739 8639 8738 8740 8839
8740 8640 8739 8741 8840
8741 8641 8740 8742 8841
8742 8642 8741 8743 8842
8743 8643 8742 8744 8843
8744 8644 8743 8745 8844
8745 8645 8744 8845
8746 8747 8846
8747 8647 8746 8847
8748 8648 8749 8848
8749 8649 8748 8750
8750 8650 8749 8751 8850
8751 8651 8750 8752 8851
8752 8652 8751 8753 8852
8753 8653 8752 8754 8853
8754 8654 8753 8755
8755 8655 8754 8855
8756 8656 8757 8856
8757 8657 8756 8758 8857
8758 8757 8759 8858
8759 8659 8758 8760 8859
8760 8660 8759 8761 8860
8761 8661 8760 8762 8861
8762 8662 8761 8763 8862
8763 8663 8762 8764 8863
8764 8664 8763 8765
8765 8665 8764 8766 8865
8766 8666 8765 8767 8866
8767 8667 8766 8768 8867
8768 8668 8767 8769 8868
8769 8669 8768 8770 8869
8770 8670 8769 8771
8771 8671 8770 8772 8871
8772 8672 8771 8773 8872
8773 8673 8772 8774 8873
8774 8674 8773 8775 8874
8775 8675 8774 8776 8875
8776 8676 8775 8777 8876
8777 8677 8776 8778 8877
8778 8678 8777 8779 8878
8779 8679 8778 8780 8879
8780 8779 8781 8880
8781 8681 8780 8782 8881
8782 8682 8781 8882
8783 8683 8784
8784 8684 8783 8785
8785 8685 8784 8786 8885
8786 8686 8785 8886
8787 8687 8788 8887
8788 8688 8787 8789 8888
8789 8689 8788 8790 8889
8790 8690 8789 8791 8890
8791 8691 8790 8792 8891
8792 8692 8791 8793
8793 8693 8792 8794 8893
8794 8694 8793 8795 8894
8795 8695 8794 8796 8895
8796 8696 8795 8797 8896
8797 8697 8796 8897
8798 8698 8799 8898
8799 8798 8899
8800 8700 8801 8900
8801 8701 8800 8802
8802 8702 8801 8803 8902
8803 8802 8804 8903
8804 8704 8803 8805 8904
8805 8705 8804 8806 8905
8806 8706 8805 8807 8906
8807 8707 8806 8808
8808 8708 8807 8809 8908
8809 8709 8808 8810 8909
8810 8710 8809 8811 8910
8811 8711 8810 8812 8911
8812 8712 8811 8813 8912
8813 8713 8812 8814 8913
8814 8714 8813 8815 8914
8815 8715 8814 8915
8816 8716 8817 8916
8817 8816 8917
8818 8718 8819 8918
8819 8719 8818 8820 8919
8820 8720 8819 8821 8920
8821 8721 8820 8822 8921
8822 8722 8821 8823 8922
8823 8723 8822 8824 8923
8824 8724 8823 8825 8924
8825 8725 8824 8826 8925
8826 8726 8825 8827 8926
8827 8727 8826 8828 8927
8828 8827 8829 8928
8829 8729 8828 8830 8929
8830 8730 8829 8831 8930
8831 8731 8830 8832 8931
8832 8732 8831 8833 8932
8833 8733 8832 8834 8933
8834 8734 8833 8835 8934
8835 8834 8836 8935
8836 8736 8835 8837 8936
8837 8737 8836 8838 8937
8838 8738 8837 8839 8938
8839 8739 8838 8840
8840 8740 8839 8841 8940
8841 8741 8840 8842 8941
8842 8742 8841 8843 8942
8843 8743 8842 8943
8844 8744 8845 8944
8845 8745 8844 8846
8846 8746 8845 8847 8946
8847 8747 8846 8848 8947
8848 8748 8847 8849 8948
8849 8848 8850 8949
8850 8750 8849 8851 8950
8851 8751 8850 8852
8852 8752 8851 8853 8952
8853 8753 8852 8854
8854 8853 8855 8954
8855 8755 8854 8856 8955
8856 8756 8855 8857 8956
8857 8757 8856 8858 8957
8858 8758 8857 8958
8859 8759 8860 8959
8860 8760 8859 8861 8960
8861 8761 8860 8862 8961
8862 8762 8861 8863 8962
8863 8763 8862 8864
8864 8863 8865 8964
8865 8765 8864 8866 8965
8866 8766 8865 8867 8966
8867 8767 8866 8868 8967
8868 8768 8867 8869 8968
8869 8769 8868 8870 8969
8870 8869 8970
8871 8771 8872 8971
8872 8772 8871 8873 8972
8873 8773 8872 8874 8973
8874 8774 8873 8875 8974
8875 8775 8874 8876 8975
8876 8776 8875 8976
8877 8777 8878 8977
8878 8778 8877 8879 8978
8879 8779 8878 8979
8880 8780 8881
8881 8781 8880 8882 8981
8882 8782 8881 8883 8982
8883 8882 8884 8983
8884 8883 8885 8984
8885 8785 8884 8886 8985
8886 8786 8885 8887 8986
8887 8787 8886 8888 8987
8888 8788 8887 8889 8988
8889 8789 8888 8890 8989
8890 8790 8889 8891 8990
8891 8791 8890 8892 8991
8892 8891 8893 8992
8893 8793 8892 8894 8993
8894 8794 8893 8895 8994
8895 8795 8894 8896
8896 8796 8895 8897 8996
8897 8797 8896 8898 8997
8898 8798 8897 8899 8998
8899 8799 8898
8900 8800 8901 9000
8901 8900 8902 9001
8902 8802 8901 8903
8903 8803 8902 8904 9003
8904 8804 8903 8905 9004
8905 8805 8904 8906 9005
8906 8806 8905 8907 9006
8907 8906 8908 9007
8908 8808 8907 9008
8909 8809 8910 9009
8910 8810 8909 9010
8911 8811 8912 9011
8912 8812 8911 8913 9012
8913 8813 8912 8914 9013
8914 8814 8913 8915 9014
8915 8815 8914 8916 9015
8916 8816 8915 8917 9016
8917 8817 8916 8918 9017
8918 8818 8917 8919 9018
8919 8819 8918 8920 9019
8920 8820 8919 8921 9020
8921 8821 8920 8922
8922 8822 8921 8923 9022
8923 8823 8922 8924 9023
8924 8824 8923 8925 9024
8925 8825 8924 8926 9025
8926 8826 8925 8927
8927 8827 8926 8928 9027
8928 8828 8927 8929 9028
8929 8829 8928 8930 9029
8930 8830 8929 8931 9030
8931 8831 8930 8932 9031
8932 8832 8931 8933 9032
8933 8833 8932 8934 9033
8934 8834 8933 9034
8935 8835 8936 9035
8936 8836 8935 8937 9036
8937 8837 8936 8938 9037
8938 8838 8937 8939 9038
8939 8938 8940
8940 8840 8939 8941 9040
8941 8841 8940 8942 9041
8942 8842 8941 8943 9042
8943 8843 8942 8944 9043
8944 8844 8943 8945
8945 8944 8946 9045
8946 8846 8945 8947 9046
8947 8847 8946 8948 9047
8948 8848 8947 8949 9048
8949 8849 8948 8950 9049
8950 8850 8949 8951 9050
8951 8950 8952 9051
8952 8852 8951 8953 9052
8953 8952 8954 9053
8954 8854 8953 9054
8955 8855 8956 9055
8956 8856 8955 8957 9056
8957 8857 8956 8958 9057
8958 8858 8957 8959 9058
8959 8859 8958 8960 9059
8960 8860 8959 8961 9060
8961 8861 8960 8962 9061
8962 8862 8961 8963 9062
8963 8962 8964
8964 8864 8963 8965 9064
8965 8865 8964 8966 9065
8966 8866 8965 9066
8967 8867 8968 9067
8968 8868 8967 8969 9068
8969 8869 8968 8970 9069
8970 8870 8969 8971 9070
8971 8871 8970 8972 9071
8972 8872 8971 8973 9072
8973 8873 8972 8974 9073
8974 8874 8973
8975 8875 8976 9075
8976 8876 8975 8977 9076
8977 8877 8976 8978
8978 8878 8977 8979 9078
8979 8879 8978 8980 9079
8980 8979 8981 9080
8981 8881 8980 8982 9081
8982 8882 8981 8983 9082
8983 8883 8982 9083
8984 8884 8985 9084
8985 8885 8984 8986 9085
8986 8886 8985 9086
8987 8887 8988 9087
8988 8888 8987 8989 9088
8989 8889 8988 8990 9089
8990 8890 8989 9090
8991 8891 8992
8992 8892 8991 8993 9092
8993 8893 8992 8994 9093
8994 8894 8993 8995 9094
8995 8994 8996 9095
8996 8896 8995 8997 9096
8997 8897 8996 8998 9097
8998 8898 8997 8999 9098
8999 8998 9099
9000 8900 9100
9001 8901 9002 9101
9002 9001 9003
9003 8903 9002 9103
9004 8904 9005
9005 8905 9004 9006 9105
9006 8906 9005 9007 9106
9007 8907 9006 9008 9107
9008 8908 9007 9009 9108
9009 8909 9008 9010 9109
9010 8910 9009 9011 9110
9011 8911 9010 9012 9111
9012 8912 9011 9112
9013 8913 9014 9113
9014 8914 9013 9015 9114
9015 8915 9014 9115
9016 8916 9017 9116
9017 8917 9016 9018
9018 8918 9017 9019 9118
9019 8919 9018 9020
9020 8920 9019 9021 9120
9021 9020 9022 9121
9022 8922 9021 9122
9023 8923 9024 9123
9024 8924 9023 9025 9124
9025 8925 9024 9026 9125
9026 9025 9027
9027 8927 9026 9028 9127
9028 8928 9027 9029 9128
9029 8929 9028 9030 9129
9030 8930 9029 9031 9130
9031 8931 9030 9032 9131
9032 8932 9031 9033 9132
9033 8933 9032 9034 9133
9034 8934 9033 9035 9134
9035 8935 9034 9036
9036 8936 9035 9136
9037 8937 9038 9137
9038 8938 9037 9039 9138
9039 9038 9040 9139
9040 8940 9039 9041 9140
9041 8941 9040 9042 9141
9042 8942 9041 9043 9142
9043 8943 9042 9044 9143
9044 9043 9045 9144
9045 8945 9044 9046 9145
9046 8946 9045 9047 9146
9047 8947 9046 9048 9147
9048 8948 9047 9148
9049 8949 9050 9149
9050 8950 9049 9051 9150
9051 8951 9050 9052 9151
9052 8952 9051 9053 9152
9053 8953 9052 9153
9054 8954 9055 9154
9055 8955 9054 9056 9155
9056 8956 9055 9057 9156
9057 8957 9056 9058 9157
9058 8958 9057 9059 9158
9059 8959 9058 9060 9159
9060 8960 9059 9061 9160
9061 8961 9060 9062 9161
9062 8962 9061 9162
9063 9064 9163
9064 8964 9063 9065 9164
9065 8965 9064 9066 9165
9066 8966 9065 9067 9166
9067 8967 9066 9068 9167
9068 8968 9067 9168
9069 8969 9169
9070 8970 9071 9170
9071 8971 9070 9072 9171
9072 8972 9071 9073 9172
9073 8973 9072 9074 9173
9074 9073 9075 9174
9075 8975 9074 9076 9175
9076 8976 9075 9077
9077 9076 9078 9177
9078 8978 9077 9079 9178
9079 8979 9078 9080 9179
9080 8980 9079 9081 9180
9081 8981 9080 9082 9181
9082 8982 9081 9083 9182
9083 8983 9082 9084 9183
9084 8984 9083 9085 9184
9085 8985 9084 9086 9185
9086 8986 9085 9186
9087 8987 9088 9187
9088 8988 9087 9089 9188
9089 8989 9088 9189
9090 8990 9091 9190
9091 9090 9191
9092 8992 9192
9093 8993 9094 9193
9094 8994 9093 9095
9095 8995 9094 9096 9195
9096 8996 9095 9097 9196
9097 8997 9096 9098 9197
9098 8998 9097 9099 9198
9099 8999 9098 9199
9100 9000 9101 9200
9101 9001 9100 9102 9201
9102 9101 9103 9202
9103 9003 9102 9104 9203
9104 9103 9105 9204
9105 9005 9104 9106 9205
9106 9006 9105 9107 9206
9107 9007 9106 9108 9207
9108 9008 9107 9109 9208
9109 9009 9108 9110 9209
9110 9010 9109 9111 9210
9111 9011 9110 9112 9211
9112 9012 9111 9113 9212
9113 9013 9112 9114 9213
9114 9014 9113 9115 9214
9115 9015 9114 9116 9215
9116 9016 9115 9117 9216
9117 9116 9118 9217
9118 9018 9117 9119 9218
9119 9118 9120 9219
9120 9020 9119 9121 9220
9121 9021 9120 9122 9221
9122 9022 9121 9123 9222
9123 9023 9122 9124
9124 9024 9123 9125 9224
9125 9025 9124 9126
9126 9125 9127 9226
9127 9027 9126 9128 9227
9128 9028 9127 9129 9228
9129 9029 9128 9130 9229
9130 9030 9129 9131 9230
9131 9031 9130 9132 9231
9132 9032 9131 9133 9232
9133 9033 9132 9134 9233
9134 9034 9133 9135 9234
9135 9134 9136 9235
9136 9036 9135 9137 9236
9137 9037 9136 9138 9237
9138 9038 9137 9139 9238
9139 9039 9138 9140 9239
9140 9040 9139 9240
9141 9041 9142 9241
9142 9042 9141 9143 9242
9143 9043 9142 9144 9243
9144 9044 9143 9145
9145 9045 9144 9146 9245
9146 9046 9145 9147 9246
9147 9047 9146 9148
9148 9048 9147 9149
9149 9049 9148 9150 9249
9150 9050 9149 9151 9250
9151 9051 9150 9251
9152 9052 9153 9252
9153 9053 9152 9154 9253
9154 9054 9153 9155
9155 9055 9154 9156 9255
9156 9056 9155 9157 9256
9157 9057 9156 9158 9257
9158 9058 9157 9159
9159 9059 9158 9160 9259
9160 9060 9159 9161 9260
9161 9061 9160 9162 9261
9162 9062 9161 9163 9262
9163 9063 9162 9164 9263
9164 9064 9163 9165 9264
9165 9065 9164 9166
9166 9066 9165 9167 9266
9167 9067 9166 9168 9267
9168 9068 9167 9169 9268
9169 9069 9168 9269
9170 9070 9171 9270
9171 9071 9170 9172 9271
9172 9072 9171 9173 9272
9173 9073 9172 9174 9273
9174 9074 9173 9175
9175 9075 9174 9176 9275
9176 9175 9177 9276
9177 9077 9176 9178 9277
9178 9078 9177 9179 9278
9179 9079 9178 9180 9279
9180 9080 9179 9280
9181 9081 9182 9281
9182 9082 9181 9183 9282
9183 9083 9182 9283
9184 9084 9185 9284
9185 9085 9184 9186
9186 9086 9185 9187 9286
9187 9087 9186 9287
9188 9088 9189 9288
9189 9089 9188 9190 9289
9190 9090 9189 9191 9290
9191 9091 9190 9192 9291
9192 9092 9191 9193 9292
9193 9093 9192 9293
9194 9195
9195 9095 9194 9196 9295
9196 9096 9195 9197 9296
9197 9097 9196 9198 9297
9198 9098 9197 9298
9199 9099 9299
9200 9100 9300
9201 9101 9202
9202 9102 9201 9203 9302
9203 9103 9202 9204 9303
9204 9104 9203 9205 9304
9205 9105 9204 9206 9305
9206 9106 9205 9207
9207 9107 9206 9208 9307
9208 9108 9207 9209
9209 9109 9208 9210 9309
9210 9110 9209 9211 9310
9211 9111 9210 9311
9212 9112 9213 9312
9213 9113 9212 9313
9214 9114 9314
9215 9115 9216
9216 9116 9215 9316
9217 9117 9317
9218 9118 9219 9318
9219 9119 9218 9220
9220 9120 9219 9221 9320
9221 9121 9220 9222 9321
9222 9122 9221 9223 9322
9223 9222 9224 9323
9224 9124 9223 9225 9324
9225 9224 9226 9325
9226 9126 9225 9227 9326
9227 9127 9226 9228 9327
9228 9128 9227 9229 9328
9229 9129 9228 9230 9329
9230 9130 9229 9231 9330
9231 9131 9230 9232 9331
9232 9132 9231 9233 9332
9233 9133 9232 9333
9234 9134 9235 9334
9235 9135 9234 9236 9335
9236 9136 9235 9237 9336
9237 9137 9236 9337
9238 9138 9239 9338
9239 9139 9238 9339
9240 9140 9241 9340
9241 9141 9240 9242 9341
9242 9142 9241 9243 9342
9243 9143 9242 9244 9343
9244 9243 9245 9344
9245 9145 9244 9246 9345
9246 9146 9245 9346
9247 9248 9347
9248 9247 9249 9348
9249 9149 9248 9250 9349
9250 9150 9249 9251 9350
9251 9151 9250 9252 9351
9252 9152 9251 9253 9352
9253 9153 9252 9254 9353
9254 9253 9255 9354
9255 9155 9254 9256 9355
9256 9156 9255 9257 9356
9257 9157 9256 9258 9357
9258 9257 9259 9358
9259 9159 9258 9260 9359
9260 9160 9259 9261 9360
9261 9161 9260 9262 9361
9262 9162 9261 9263 9362
9263 9163 9262 9264 9363
9264 9164 9263 9265 9364
9265 9264 9266
9266 9166 9265 9267 9366
9267 9167 9266 9268 9367
9268 9168 9267 9269 9368
9269 9169 9268 9270 9369
9270 9170 9269 9271 9370
9271 9171 9270 9272 9371
9272 9172 9271 9273 9372
9273 9173 9272 9274 9373
9274 9273 9275 9374
9275 9175 9274 9276 9375
9276 9176 9275 9277 9376
9277 9177 9276 9278 9377
9278 9178 9277 9279 9378
9279 9179 9278 9379
9280 9180 9281 9380
9281 9181 9280 9282 9381
9282 9182 9281 9283 9382
9283 9183 9282 9284 9383
9284 9184 9283 9285 9384
9285 9284 9286 9385
9286 9186 9285 9386
9287 9187 9288 9387
9288 9188 9287 9289 9388
9289 9189 9288 9290 9389
9290 9190 9289 9390
9291 9191 9292 9391
9292 9192 9291 9293 9392
9293 9193 9292 9294 9393
9294 9293 9295 9394
9295 9195 9294 9296 9395
9296 9196 9295 9297 9396
9297 9197 9296 9397
9298 9198 9299 9398
9299 9199 9298 9399
9300 9200 9301 9400
9301 9300 9302 9401
9302 9202 9301 9303 9402
9303 9203 9302 9304 9403
9304 9204 9303 9305 9404
9305 9205 9304 9306 9405
9306 9305 9307 9406
9307 9207 9306 9308 9407
9308 9307 9309 9408
9309 9209 9308 9310 9409
9310 9210 9309 9311 9410
9311 9211 9310 9312 9411
9312 9212 9311 9313 9412
9313 9213 9312 9314 9413
9314 9214 9313 9315 9414
9315 9314 9415
9316 9216 9317 9416
9317 9217 9316 9318 9417
9318 9218 9317 9319 9418
9319 9318 9320 9419
9320 9220 9319 9321 9420
9321 9221 9320 9322 9421
9322 9222 9321 9323 9422
9323 9223 9322 9324 9423
9324 9224 9323 9325 9424
9325 9225 9324 9326
9326 9226 9325 9327 9426
9327 9227 9326 9328 9427
9328 9228 9327 9329 9428
9329 9229 9328 9330 9429
9330 9230 9329 9331 9430
9331 9231 9330 9332 9431
9332 9232 9331 9333 9432
9333 9233 9332 9334 9433
9334 9234 9333 9335 9434
9335 9235 9334 9336 9435
9336 9236 9335 9337 9436
9337 9237 9336 9437
9338 9238 9339 9438
9339 9239 9338 9340 9439
9340 9240 9339
9341 9241 9342 9441
9342 9242 9341 9343 9442
9343 9243 9342 9344 9443
9344 9244 9343 9345 9444
9345 9245 9344 9445
9346 9246 9446
9347 9247 9348 9447
9348 9248 9347 9349 9448
9349 9249 9348 9350 9449
9350 9250 9349 9351 9450
9351 9251 9350 9352 9451
9352 9252 9351 9353
9353 9253 9352 9354 9453
9354 9254 9353 9355 9454
9355 9255 9354 9356 9455
9356 9256 9355 9357 9456
9357 9257 9356 9358 9457
9358 9258 9357 9359
9359 9259 9358 9360 9459
9360 9260 9359 9460
9361 9261 9362 9461
9362 9262 9361 9363 9462
9363 9263 9362 9364 9463
9364 9264 9363 9365 9464
9365 9364 9366 9465
9366 9266 9365 9367 9466
9367 9267 9366 9368 9467
9368 9268 9367 9369 9468
9369 9269 9368
9370 9270 9470
9371 9271 9372 9471
9372 9272 9371 9472
9373 9273 9374 9473
9374 9274 9373 9474
9375 9275 9376 9475
9376 9276 9375 9377 9476
9377 9277 9376 9378 9477
9378 9278 9377 9379 9478
9379 9279 9378 9380 9479
9380 9280 9379 9381 9480
9381 9281 9380 9382 9481
9382 9282 9381 9482
9383 9283 9384 9483
9384 9284 9383 9385 9484
9385 9285 9384 9386
9386 9286 9385 9387 9486
9387 9287 9386 9388 9487
9388 9288 9387 9389
9389 9289 9388 9390 9489
9390 9290 9389 9391 9490
9391 9291 9390 9392
9392 9292 9391 9393 9492
9393 9293 9392 9394 9493
9394 9294 9393 9395 9494
9395 9295 9394 9495
9396 9296 9397 9496
9397 9297 9396 9398 9497
9398 9298 9397 9399 9498
9399 9299 9398 9499
9400 9300 9401 9500
9401 9301 9400 9402 9501
9402 9302 9401 9403 9502
9403 9303 9402 9404 9503
9404 9304 9403 9405 9504
9405 9305 9404 9406 9505
9406 9306 9405 9407 9506
9407 9307 9406 9408 9507
9408 9308 9407 9409 9508
9409 9309 9408 9410
9410 9310 9409 9411
9411 9311 9410 9412 9511
9412 9312 9411 9413 9512
9413 9313 9412 9414 9513
9414 9314 9413 9415 9514
9415 9315 9414 9416 9515
9416 9316 9415 9417 9516
9417 9317 9416 9418 9517
9418 9318 9417 9419 9518
9419 9319 9418 9420 9519
9420 9320 9419 9421 9520
9421 9321 9420 9521
9422 9322 9423 9522
9423 9323 9422 9424 9523
9424 9324 9423 9425 9524
9425 9424 9426 9525
9426 9326 9425 9427 9526
9427 9327 9426 9428 9527
9428 9328 9427 9429 9528
9429 9329 9428 9430 9529
9430 9330 9429 9431 9530
9431 9331 9430 9432 9531
9432 9332 9431 9532
9433 9333 9434 9533
9434 9334 9433 9435 9534
9435 9335 9434 9436 9535
9436 9336 9435 9437 9536
9437 9337 9436 9438 9537
9438 9338 9437 9439 9538
9439 9339 9438 9539
9440 9441
9441 9341 9440 9442 9541
9442 9342 9441 9443 9542
9443 9343 9442 9444 9543
9444 9344 9443 9445 9544
9445 9345 9444 9446 9545
9446 9346 9445 9447 9546
9447 9347 9446 9448 9547
9448 9348 9447 9449 9548
9449 9349 9448 9450 9549
9450 9350 9449 9451
9451 9351 9450 9452 9551
9452 9451 9453 9552
9453 9353 9452 9553
9454 9354 9455 9554
9455 9355 9454 9456 9555
9456 9356 9455 9457 9556
9457 9357 9456 9458 9557
9458 9457 9459
9459 9359 9458 9460 9559
9460 9360 9459 9461 9560
9461 9361 9460 9561
9462 9362 9463 9562
9463 9363 9462 9464 9563
9464 9364 9463 9465 9564
9465 9365 9464 9466 9565
9466 9366 9465 9566
9467 9367 9567
9468 9368 9469 9568
9469 9468 9470 9569
9470 9370 9469 9471 9570
9471 9371 9470 9472 9571
9472 9372 9471 9473 9572
9473 9373 9472 9474 9573
9474 9374 9473 9475 9574
9475 9375 9474 9476 9575
9476 9376 9475 9477 9576
9477 9377 9476 9478 9577
9478 9378 9477 9479
9479 9379 9478 9480 9579
9480 9380 9479 9481 9580
9481 9381 9480 9482
9482 9382 9481 9483 9582
9483 9383 9482 9484 9583
9484 9384 9483 9485 9584
9485 9484 9486 9585
9486 9386 9485 9487 9586
9487 9387 9486 9488 9587
9488 9487 9588
9489 9389 9490 9589
9490 9390 9489 9491 9590
9491 9490 9492 9591
9492 9392 9491 9493 9592
9493 9393 9492 9593
9494 9394 9495 9594
9495 9395 9494 9496 9595
9496 9396 9495 9497 9596
9497 9397 9496 9498 9597
9498 9398 9497 9499
9499 9399 9498 9599
9500 9400 9501 9600
9501 9401 9500 9601
9502 9402 9503 9602
9503 9403 9502 9504 9603
9504 9404 9503 9505 9604
9505 9405 9504 9506 9605
9506 9406 9505 9507 9606
9507 9407 9506 9508 9607
9508 9408 9507 9509 9608
9509 9508 9510 9609
9510 9509 9511 9610
9511 9411 9510 9512 9611
9512 9412 9511 9513 9612
9513 9413 9512 9514 9613
9514 9414 9513 9515 9614
9515 9415 9514 9516
9516 9416 9515 9517 9616
9517 9417 9516 9518 9617
9518 9418 9517 9519
9519 9419 9518 9619
9520 9420 9521 9620
9521 9421 9520 9522
9522 9422 9521 9523 9622
9523 9423 9522 9524 9623
9524 9424 9523 9624
9525 9425 9526 9625
9526 9426 9525 9527 9626
9527 9427 9526 9528 9627
9528 9428 9527 9529 9628
9529 9429 9528 9530 9629
9530 9430 9529 9531 9630
9531 9431 9530 9532 9631
9532 9432 9531 9533 9632
9533 9433 9532 9534 9633
9534 9434 9533 9535 9634
9535 9435 9534 9536 9635
9536 9436 9535 9537 9636
9537 9437 9536 9538 9637
9538 9438 9537 9638
9539 9439 9540 9639
9540 9539 9640
9541 9441 9542 9641
9542 9442 9541 9543 9642
9543 9443 9542 9544 9643
9544 9444 9543 9545 9644
9545 9445 9544 9546 9645
9546 9446 9545 9547 9646
9547 9447 9546 9548 9647
9548 9448 9547 9549 9648
9549 9449 9548 9550 9649
9550 9549 9551
9551 9451 9550 9552 9651
9552 9452 9551 9553 9652
9553 9453 9552 9554 9653
9554 9454 9553 9555 9654
9555 9455 9554 9556 9655
9556 9456 9555 9557 9656
9557 9457 9556 9558 9657
9558 9557 9559 9658
9559 9459 9558 9560 9659
9560 9460 9559 9561 9660
9561 9461 9560 9562
9562 9462 9561 9563 9662
9563 9463 9562 9564 9663
9564 9464 9563 9565
9565 9465 9564 9566 9665
9566 9466 9565 9567 9666
9567 9467 9566 9568 9667
9568 9468 9567 9569 9668
9569 9469 9568 9570 9669
9570 9470 9569 9670
9571 9471 9572 9671
9572 9472 9571 9573 9672
9573 9473 9572 9574 9673
9574 9474 9573 9575 9674
9575 9475 9574 9576 9675
9576 9476 9575 9676
9577 9477 9578 9677
9578 9577 9579 9678
9579 9479 9578 9580 9679
9580 9480 9579 9581 9680
9581 9580 9582 9681
9582 9482 9581 9583 9682
9583 9483 9582 9584 9683
9584 9484 9583 9585
9585 9485 9584 9586 9685
9586 9486 9585 9587 9686
9587 9487 9586 9588
9588 9488 9587 9589 9688
9589 9489 9588 9590 9689
9590 9490 9589 9591 9690
9591 9491 9590 9592 9691
9592 9492 9591 9593 9692
9593 9493 9592 9594 9693
9594 9494 9593 9595 9694
9595 9495 9594 9596 9695
9596 9496 9595 9597 9696
9597 9497 9596 9598 9697
9598 9597 9599 9698
9599 9499 9598 9699
9600 9500 9601 9700
9601 9501 9600 9602 9701
9602 9502 9601 9603
9603 9503 9602 9604 9703
9604 9504 9603 9605 9704
9605 9505 9604 9606 9705
9606 9506 9605 9607 9706
9607 9507 9606 9608 9707
9608 9508 9607 9609 9708
9609 9509 9608 9610 9709
9610 9510 9609 9611 9710
9611 9511 9610 9612 9711
9612 9512 9611 9613 9712
9613 9513 9612 9614 9713
9614 9514 9613 9615 9714
9615 9614 9616
9616 9516 9615 9617 9716
9617 9517 9616 9717
9618 9619 9718
9619 9519 9618 9620 9719
9620 9520 9619 9720
9621 9721
9622 9522 9722
9623 9523 9624
9624 9524 9623 9625 9724
9625 9525 9624 9626 9725
9626 9526 9625 9627 9726
9627 9527 9626 9628 9727
9628 9528 9627 9629 9728
9629 9529 9628 9729
9630 9530 9631 9730
9631 9531 9630 9632 9731
9632 9532 9631 9633 9732
9633 9533 9632 9634 9733
9634 9534 9633 9635 9734
9635 9535 9634 9636 9735
9636 9536 9635 9637 9736
9637 9537 9636 9638 9737
9638 9538 9637 9639 9738
9639 9539 9638 9640 9739
9640 9540 9639 9641 9740
9641 9541 9640 9642 9741
9642 9542 9641 9643
9643 9543 9642 9644 9743
9644 9544 9643 9645 9744
9645 9545 9644 9646 9745
9646 9546 9645 9647 9746
9647 9547 9646 9648 9747
9648 9548 9647 9649 9748
9649 9549 9648 9650 9749
9650 9649 9651 9750
9651 9551 9650 9652 9751
9652 9552 9651 9653 9752
9653 9553 9652 9654 9753
9654 9554 9653 9655 9754
9655 9555 9654 9656 9755
9656 9556 9655 9756
9657 9557 9658 9757
9658 9558 9657 9659 9758
9659 9559 9658 9660 9759
9660 9560 9659 9760
9661 9662 9761
9662 9562 9661 9663 9762
9663 9563 9662 9664 9763
9664 9663 9764
9665 9565 9666 9765
9666 9566 9665 9766
9667 9567 9668 9767
9668 9568 9667 9669 9768
9669 9569 9668 9670
9670 9570 9669 9671 9770
9671 9571 9670 9672 9771
9672 9572 9671 9673
9673 9573 9672 9674 9773
9674 9574 9673 9675
9675 9575 9674 9676 9775
9676 9576 9675 9677 9776
9677 9577 9676 9678 9777
9678 9578 9677 9679 9778
9679 9579 9678 9680 9779
9680 9580 9679 9681 9780
9681 9581 9680 9781
9682 9582 9683 9782
9683 9583 9682 9684 9783
9684 9683 9685 9784
9685 9585 9684 9686 9785
9686 9586 9685 9786
9687 9688 9787
9688 9588 9687 9689 9788
9689 9589 9688 9690 9789
9690 9590 9689 9691
9691 9591 9690 9692 9791
9692 9592 9691 9693
9693 9593 9692 9694 9793
9694 9594 9693 9794
9695 9595 9795
9696 9596 9697 9796
9697 9597 9696 9698 9797
9698 9598 9697 9699 9798
9699 9599 9698 9799
9700 9600 9701 9800
9701 9601 9700 9702 9801
9702 9701 9703 9802
9703 9603 9702 9704 9803
9704 9604 9703 9705 9804
9705 9605 9704 9706 9805
9706 9606 9705 9707 9806
9707 9607 9706 9708 9807
9708 9608 9707 9709 9808
9709 9609 9708 9710 9809
9710 9610 9709 9711 9810
9711 9611 9710 9712 9811
9712 9612 9711 9713 9812
9713 9613 9712 9714 9813
9714 9614 9713 9715 9814
9715 9714 9716 9815
9716 9616 9715 9816
9717 9617 9718 9817
9718 9618 9717 9719 9818
9719 9619 9718 9819
9720 9620 9721 9820
9721 9621 9720 9722 9821
9722 9622 9721 9723 9822
9723 9722 9724 9823
9724 9624 9723 9725 9824
9725 9625 9724 9726 9825
9726 9626 9725 9727 9826
9727 9627 9726 9728
9728 9628 9727 9729 9828
9729 9629 9728 9730 9829
9730 9630 9729 9731 9830
9731 9631 9730 9732 9831
9732 9632 9731 9733 9832
9733 9633 9732 9734 9833
9734 9634 9733 9735 9834
9735 9635 9734 9736 9835
9736 9636 9735 9737
9737 9637 9736 9738 9837
9738 9638 9737 9739
9739 9639 9738 9740 9839
9740 9640 9739 9741
9741 9641 9740 9841
9742 9743 9842
9743 9643 9742 9744 9843
9744 9644 9743 9745 9844
9745 9645 9744 9746 9845
9746 9646 9745 9747 9846
9747 9647 9746 9748 9847
9748 9648 9747 9749 9848
9749 9649 9748 9750 9849
9750 9650 9749 9751 9850
9751 9651 9750 9752 9851
9752 9652 9751 9753 9852
9753 9653 9752 9754 9853
9754 9654 9753 9755 9854
9755 9655 9754 9756 9855
9756 9656 9755 9757 9856
9757 9657 9756 9758 9857
9758 9658 9757 9759 9858
9759 9659 9758 9760 9859
9760 9660 9759 9761 9860
9761 9661 9760 9762 9861
9762 9662 9761 9763 9862
9763 9663 9762 9764 9863
9764 9664 9763 9864
9765 9665 9766 9865
9766 9666 9765 9767 9866
9767 9667 9766 9768 9867
9768 9668 9767 9769 9868
9769 9768 9770 9869
9770 9670 9769 9771 9870
9771 9671 9770 9772 9871
9772 9771 9773 9872
9773 9673 9772 9774 9873
9774 9773 9775 9874
9775 9675 9774 9776 9875
9776 9676 9775 9876
9777 9677 9778 9877
9778 9678 9777 9779
9779 9679 9778 9780
9780 9680 9779 9880
9781 9681 9782 9881
9782 9682 9781 9783
9783 9683 9782 9784
9784 9684 9783 9785 9884
9785 9685 9784 9786 9885
9786 9686 9785 9787
9787 9687 9786 9788
9788 9688 9787 9789 9888
9789 9689 9788 9790 9889
9790 9789 9791
9791 9691 9790 9792 9891
9792 9791 9793 9892
9793 9693 9792 9794
9794 9694 9793 9795 9894
9795 9695 9794 9895
9796 9696 9797 9896
9797 9697 9796 9798 9897
9798 9698 9797 9799 9898
9799 9699 9798 9899
9800 9700 9801 9900
9801 9701 9800 9802 9901
9802 9702 9801 9803 9902
9803 9703 9802 9804 9903
9804 9704 9803 9805 9904
9805 9705 9804 9806 9905
9806 9706 9805 9807 9906
9807 9707 9806 9808 9907
9808 9708 9807 9809 9908
9809 9709 9808 9810 9909
9810 9710 9809 9811 9910
9811 9711 9810 9812 9911
9812 9712 9811 9813 9912
9813 9713 9812 9814 9913
9814 9714 9813 9815 9914
9815 9715 9814 9816 9915
9816 9716 9815 9817 9916
9817 9717 9816 9917
9818 9718 9819 9918
9819 9719 9818 9820 9919
9820 9720 9819 9821 9920
9821 9721 9820 9822 9921
9822 9722 9821 9823 9922
9823 9723 9822 9824 9923
9824 9724 9823 9825 9924
9825 9725 9824 9826
9826 9726 9825 9827 9926
9827 9826 9828 9927
9828 9728 9827 9829
9829 9729 9828 9830 9929
9830 9730 9829 9831
9831 9731 9830 9832
9832 9732 9831 9833 9932
9833 9733 9832 9834 9933
9834 9734 9833 9835 9934
9835 9735 9834 9836 9935
9836 9835 9837 9936
9837 9737 9836 9838 9937
9838 9837
9839 9739 9840 9939
9840 9839 9841 9940
9841 9741 9840 9941
9842 9742 9843 9942
9843 9743 9842 9844 9943
9844 9744 9843 9845 9944
9845 9745 9844 9846 9945
9846 9746 9845 9847 9946
9847 9747 9846 9848 9947
9848 9748 9847 9849 9948
9849 9749 9848 9850 9949
9850 9750 9849 9950
9851 9751 9852 9951
9852 9752 9851 9853 9952
9853 9753 9852 9854 9953
9854 9754 9853 9855 9954
9855 9755 9854 9856 9955
9856 9756 9855 9956
9857 9757 9858 9957
9858 9758 9857 9859 9958
9859 9759 9858 9860 9959
9860 9760 9859
9861 9761 9862 9961
9862 9762 9861 9863 9962
9863 9763 9862 9864 9963
9864 9764 9863 9865 9964
9865 9765 9864 9866 9965
9866 9766 9865 9867 9966
9867 9767 9866 9868 9967
9868 9768 9867 9869 9968
9869 9769 9868 9870 9969
9870 9770 9869 9871 9970
9871 9771 9870 9872
9872 9772 9871 9873 9972
9873 9773 9872 9874 9973
9874 9774 9873 9875 9974
9875 9775 9874 9975
9876 9776 9877 9976
9877 9777 9876 9878 9977
9878 9877 9978
9879 9880 9979
9880 9780 9879 9881 9980
9881 9781 9880 9882 9981
9882 9881 9883 9982
9883 9882 9884 9983
9884 9784 9883 9885 9984
9885 9785 9884 9886 9985
9886 9885 9887 9986
9887 9886 9888
9888 9788 9887 9889 9988
9889 9789 9888 9890 9989
9890 9889 9891 9990
9891 9791 9890 9892 9991
9892 9792 9891 9893
9893 9892 9894 9993
9894 9794 9893 9895 9994
9895 9795 9894 9896 9995
9896 9796 9895 9897 9996
9897 9797 9896 9898 9997
9898 9798 9897 9899
9899 9799 9898 9999
9900 9800 9901
9901 9801 9900 9902
9902 9802 9901 9903
9903 9803 9902 9904
9904 9804 9903 9905
9905 9805 9904 9906
9906 9806 9905 9907
9907 9807 9906 9908
9908 9808 9907
9909 9809
9910 9810 9911
9911 9811 9910 9912
9912 9812 9911
9913 9813 9914
9914 9814 9913 9915
9915 9815 9914 9916
9916 9816 9915 9917
9917 9817 9916 9918
9918 9818 9917 9919
9919 9819 9918 9920
9920 9820 9919 9921
9921 9821 9920 9922
9922 9822 9921 9923
9923 9823 9922 9924
9924 9824 9923 9925
9925 9924 9926
9926 9826 9925 9927
9927 9827 9926 9928
9928 9927 9929
9929 9829 9928 9930
9930 9929 9931
9931 9930 9932
9932 9832 9931
9933 9833 9934
9934 9834 9933 9935
9935 9835 9934 9936
9936 9836 9935 9937
9937 9837 9936
9938 9939
9939 9839 9938 9940
9940 9840 9939 9941
9941 9841 9940
9942 9842 9943
9943 9843 9942 9944
9944 9844 9943
9945 9845 9946
9946 9846 9945
9947 9847
9948 9848 9949
9949 9849 9948 9950
9950 9850 9949 9951
9951 9851 9950 9952
9952 9852 9951 9953
9953 9853 9952 9954
9954 9854 9953 9955
9955 9855 9954 9956
9956 9856 9955 9957
9957 9857 9956 9958
9958 9858 9957 9959
9959 9859 9958 9960
9960 9959 9961
9961 9861 9960 9962
9962 9862 9961 9963
9963 9863 9962
9964 9864 9965
9965 9865 9964 9966
9966 9866 9965 9967
9967 9867 9966 9968
9968 9868 9967 9969
9969 9869 9968 9970
9970 9870 9969 9971
9971 9970 9972
9972 9872 9971 9973
9973 9873 9972 9974
9974 9874 9973 9975
9975 9875 9974 9976
9976 9876 9975 9977
9977 9877 9976 9978
9978 9878 9977 9979
9979 9879 9978 9980
9980 9880 9979 9981
9981 9881 9980 9982
9982 9882 9981 9983
9983 9883 9982
9984 9884 9985
9985 9885 9984 9986
9986 9886 9985 9987
9987 9986 9988
9988 9888 9987 9989
9989 9889 9988 9990
9990 9890 9989 9991
9991 9891 9990 9992
9992 9991 9993
9993 9893 9992 9994
9994 9894 9993 9995
9995 9895 9994
9996 9896 9997
9997 9897 9996 9998
9998 9997 9999
9999 9899 9998
