90
0 (0, 0)
1 (0, 1)
2 (0, 2)
3 (0, 3)
4 (0, 4)
5 (0, 5)
6 (0, 6)
7 (0, 7)
8 (0, 8)
9 (0, 9)
10 (0, 10)
11 (0, 11)
12 (0, 12)
13 (0, 13)
14 (0, 14)
15 (0, 15)
16 (0, 16)
17 (0, 17)
18 (0, 18)
19 (0, 19)
20 (0, 20)
21 (0, 21)
22 (0, 22)
23 (0, 23)
24 (0, 24)
25 (0, 25)
26 (0, 26)
27 (0, 27)
28 (0, 28)
29 (0, 29)
30 (0, 30)
31 (0, 31)
32 (0, 32)
33 (0, 33)
34 (0, 34)
35 (0, 35)
36 (0, 36)
37 (0, 37)
38 (0, 38)
39 (0, 39)
40 (0, 40)
41 (0, 41)
42 (0, 42)
43 (0, 43)
44 (0, 44)
45 (0, 45)
46 (0, 46)
47 (0, 47)
48 (0, 48)
49 (0, 49)
50 (0, 50)
51 (0, 51)
52 (0, 52)
53 (0, 53)
54 (0, 54)
55 (0, 55)
56 (0, 56)
57 (0, 57)
58 (0, 58)
59 (0, 59)
60 (0, 60)
61 (0, 61)
62 (0, 62)
63 (0, 63)
64 (0, 64)
65 (0, 65)
66 (0, 66)
67 (0, 67)
68 (0, 68)
69 (0, 69)
70 (0, 70)
71 (0, 71)
72 (0, 72)
73 (0, 73)
74 (0, 74)
75 (0, 75)
76 (0, 76)
77 (0, 77)
78 (0, 78)
79 (0, 79)
80 (0, 80)
81 (0, 81)
82 (0, 82)
83 (0, 83)
84 (0, 84)
85 (0, 85)
86 (0, 86)
87 (0, 87)
88 (0, 88)
89 (0, 89)
90 (1, 0)
91 (1, 1)
92 (1, 2)
93 (1, 3)
94 (1, 4)
95 (1, 5)
96 (1, 6)
97 (1, 7)
98 (1, 8)
99 (1, 9)
100 (1, 10)
101 (1, 11)
102 (1, 12)
103 (1, 13)
104 (1, 14)
105 (1, 15)
106 (1, 16)
107 (1, 17)
108 (1, 18)
109 (1, 19)
110 (1, 20)
111 (1, 21)
112 (1, 22)
113 (1, 23)
114 (1, 24)
115 (1, 25)
116 (1, 26)
117 (1, 27)
118 (1, 28)
119 (1, 29)
120 (1, 30)
121 (1, 31)
122 (1, 32)
123 (1, 33)
124 (1, 34)
125 (1, 35)
126 (1, 36)
127 (1, 37)
128 (1, 38)
129 (1, 39)
130 (1, 40)
131 (1, 41)
132 (1, 42)
133 (1, 43)
134 (1, 44)
135 (1, 45)
136 (1, 46)
137 (1, 47)
138 (1, 48)
139 (1, 49)
140 (1, 50)
141 (1, 51)
142 (1, 52)
143 (1, 53)
144 (1, 54)
145 (1, 55)
146 (1, 56)
147 (1, 57)
148 (1, 58)
149 (1, 59)
150 (1, 60)
151 (1, 61)
152 (1, 62)
153 (1, 63)
154 (1, 64)
155 (1, 65)
156 (1, 66)
157 (1, 67)
158 (1, 68)
159 (1, 69)
160 (1, 70)
161 (1, 71)
162 (1, 72)
163 (1, 73)
164 (1, 74)
165 (1, 75)
166 (1, 76)
167 (1, 77)
168 (1, 78)
169 (1, 79)
170 (1, 80)
171 (1, 81)
172 (1, 82)
173 (1, 83)
174 (1, 84)
175 (1, 85)
176 (1, 86)
177 (1, 87)
178 (1, 88)
179 (1, 89)
180 (2, 0)
181 (2, 1)
182 (2, 2)
183 (2, 3)
184 (2, 4)
185 (2, 5)
186 (2, 6)
187 (2, 7)
188 (2, 8)
189 (2, 9)
190 (2, 10)
191 (2, 11)
192 (2, 12)
193 (2, 13)
194 (2, 14)
195 (2, 15)
196 (2, 16)
197 (2, 17)
198 (2, 18)
199 (2, 19)
200 (2, 20)
201 (2, 21)
202 (2, 22)
203 (2, 23)
204 (2, 24)
205 (2, 25)
206 (2, 26)
207 (2, 27)
208 (2, 28)
209 (2, 29)
210 (2, 30)
211 (2, 31)
212 (2, 32)
213 (2, 33)
214 (2, 34)
215 (2, 35)
216 (2, 36)
217 (2, 37)
218 (2, 38)
219 (2, 39)
220 (2, 40)
221 (2, 41)
222 (2, 42)
223 (2, 43)
224 (2, 44)
225 (2, 45)
226 (2, 46)
227 (2, 47)
228 (2, 48)
229 (2, 49)
230 (2, 50)
231 (2, 51)
232 (2, 52)
233 (2, 53)
234 (2, 54)
235 (2, 55)
236 (2, 56)
237 (2, 57)
238 (2, 58)
239 (2, 59)
240 (2, 60)
241 (2, 61)
242 (2, 62)
243 (2, 63)
244 (2, 64)
245 (2, 65)
246 (2, 66)
247 (2, 67)
248 (2, 68)
249 (2, 69)
250 (2, 70)
251 (2, 71)
252 (2, 72)
253 (2, 73)
254 (2, 74)
255 (2, 75)
256 (2, 76)
257 (2, 77)
258 (2, 78)
259 (2, 79)
260 (2, 80)
261 (2, 81)
262 (2, 82)
263 (2, 83)
264 (2, 84)
265 (2, 85)
266 (2, 86)
267 (2, 87)
268 (2, 88)
269 (2, 89)
270 (3, 0)
271 (3, 1)
272 (3, 2)
273 (3, 3)
274 (3, 4)
275 (3, 5)
276 (3, 6)
277 (3, 7)
278 (3, 8)
279 (3, 9)
280 (3, 10)
281 (3, 11)
282 (3, 12)
283 (3, 13)
284 (3, 14)
285 (3, 15)
286 (3, 16)
287 (3, 17)
288 (3, 18)
289 (3, 19)
290 (3, 20)
291 (3, 21)
292 (3, 22)
293 (3, 23)
294 (3, 24)
295 (3, 25)
296 (3, 26)
297 (3, 27)
298 (3, 28)
299 (3, 29)
300 (3, 30)
301 (3, 31)
302 (3, 32)
303 (3, 33)
304 (3, 34)
305 (3, 35)
306 (3, 36)
307 (3, 37)
308 (3, 38)
309 (3, 39)
310 (3, 40)
311 (3, 41)
312 (3, 42)
313 (3, 43)
314 (3, 44)
315 (3, 45)
316 (3, 46)
317 (3, 47)
318 (3, 48)
319 (3, 49)
320 (3, 50)
321 (3, 51)
322 (3, 52)
323 (3, 53)
324 (3, 54)
325 (3, 55)
326 (3, 56)
327 (3, 57)
328 (3, 58)
329 (3, 59)
330 (3, 60)
331 (3, 61)
332 (3, 62)
333 (3, 63)
334 (3, 64)
335 (3, 65)
336 (3, 66)
337 (3, 67)
338 (3, 68)
339 (3, 69)
340 (3, 70)
341 (3, 71)
342 (3, 72)
343 (3, 73)
344 (3, 74)
345 (3, 75)
346 (3, 76)
347 (3, 77)
348 (3, 78)
349 (3, 79)
350 (3, 80)
351 (3, 81)
352 (3, 82)
353 (3, 83)
354 (3, 84)
355 (3, 85)
356 (3, 86)
357 (3, 87)
358 (3, 88)
359 (3, 89)
360 (4, 0)
361 (4, 1)
362 (4, 2)
363 (4, 3)
364 (4, 4)
365 (4, 5)
366 (4, 6)
367 (4, 7)
368 (4, 8)
369 (4, 9)
370 (4, 10)
371 (4, 11)
372 (4, 12)
373 (4, 13)
374 (4, 14)
375 (4, 15)
376 (4, 16)
377 (4, 17)
378 (4, 18)
379 (4, 19)
380 (4, 20)
381 (4, 21)
382 (4, 22)
383 (4, 23)
384 (4, 24)
385 (4, 25)
386 (4, 26)
387 (4, 27)
388 (4, 28)
389 (4, 29)
390 (4, 30)
391 (4, 31)
392 (4, 32)
393 (4, 33)
394 (4, 34)
395 (4, 35)
396 (4, 36)
397 (4, 37)
398 (4, 38)
399 (4, 39)
400 (4, 40)
401 (4, 41)
402 (4, 42)
403 (4, 43)
404 (4, 44)
405 (4, 45)
406 (4, 46)
407 (4, 47)
408 (4, 48)
409 (4, 49)
410 (4, 50)
411 (4, 51)
412 (4, 52)
413 (4, 53)
414 (4, 54)
415 (4, 55)
416 (4, 56)
417 (4, 57)
418 (4, 58)
419 (4, 59)
420 (4, 60)
421 (4, 61)
422 (4, 62)
423 (4, 63)
424 (4, 64)
425 (4, 65)
426 (4, 66)
427 (4, 67)
428 (4, 68)
429 (4, 69)
430 (4, 70)
431 (4, 71)
432 (4, 72)
433 (4, 73)
434 (4, 74)
435 (4, 75)
436 (4, 76)
437 (4, 77)
438 (4, 78)
439 (4, 79)
440 (4, 80)
441 (4, 81)
442 (4, 82)
443 (4, 83)
444 (4, 84)
445 (4, 85)
446 (4, 86)
447 (4, 87)
448 (4, 88)
449 (4, 89)
450 (5, 0)
451 (5, 1)
452 (5, 2)
453 (5, 3)
454 (5, 4)
455 (5, 5)
456 (5, 6)
457 (5, 7)
458 (5, 8)
459 (5, 9)
460 (5, 10)
461 (5, 11)
462 (5, 12)
463 (5, 13)
464 (5, 14)
465 (5, 15)
466 (5, 16)
467 (5, 17)
468 (5, 18)
469 (5, 19)
470 (5, 20)
471 (5, 21)
472 (5, 22)
473 (5, 23)
474 (5, 24)
475 (5, 25)
476 (5, 26)
477 (5, 27)
478 (5, 28)
479 (5, 29)
480 (5, 30)
481 (5, 31)
482 (5, 32)
483 (5, 33)
484 (5, 34)
485 (5, 35)
486 (5, 36)
487 (5, 37)
488 (5, 38)
489 (5, 39)
490 (5, 40)
491 (5, 41)
492 (5, 42)
493 (5, 43)
494 (5, 44)
495 (5, 45)
496 (5, 46)
497 (5, 47)
498 (5, 48)
499 (5, 49)
500 (5, 50)
501 (5, 51)
502 (5, 52)
503 (5, 53)
504 (5, 54)
505 (5, 55)
506 (5, 56)
507 (5, 57)
508 (5, 58)
509 (5, 59)
510 (5, 60)
511 (5, 61)
512 (5, 62)
513 (5, 63)
514 (5, 64)
515 (5, 65)
516 (5, 66)
517 (5, 67)
518 (5, 68)
519 (5, 69)
520 (5, 70)
521 (5, 71)
522 (5, 72)
523 (5, 73)
524 (5, 74)
525 (5, 75)
526 (5, 76)
527 (5, 77)
528 (5, 78)
529 (5, 79)
530 (5, 80)
531 (5, 81)
532 (5, 82)
533 (5, 83)
534 (5, 84)
535 (5, 85)
536 (5, 86)
537 (5, 87)
538 (5, 88)
539 (5, 89)
540 (6, 0)
541 (6, 1)
542 (6, 2)
543 (6, 3)
544 (6, 4)
545 (6, 5)
546 (6, 6)
547 (6, 7)
548 (6, 8)
549 (6, 9)
550 (6, 10)
551 (6, 11)
552 (6, 12)
553 (6, 13)
554 (6, 14)
555 (6, 15)
556 (6, 16)
557 (6, 17)
558 (6, 18)
559 (6, 19)
560 (6, 20)
561 (6, 21)
562 (6, 22)
563 (6, 23)
564 (6, 24)
565 (6, 25)
566 (6, 26)
567 (6, 27)
568 (6, 28)
569 (6, 29)
570 (6, 30)
571 (6, 31)
572 (6, 32)
573 (6, 33)
574 (6, 34)
575 (6, 35)
576 (6, 36)
577 (6, 37)
578 (6, 38)
579 (6, 39)
580 (6, 40)
581 (6, 41)
582 (6, 42)
583 (6, 43)
584 (6, 44)
585 (6, 45)
586 (6, 46)
587 (6, 47)
588 (6, 48)
589 (6, 49)
590 (6, 50)
591 (6, 51)
592 (6, 52)
593 (6, 53)
594 (6, 54)
595 (6, 55)
596 (6, 56)
597 (6, 57)
598 (6, 58)
599 (6, 59)
600 (6, 60)
601 (6, 61)
602 (6, 62)
603 (6, 63)
604 (6, 64)
605 (6, 65)
606 (6, 66)
607 (6, 67)
608 (6, 68)
609 (6, 69)
610 (6, 70)
611 (6, 71)
612 (6, 72)
613 (6, 73)
614 (6, 74)
615 (6, 75)
616 (6, 76)
617 (6, 77)
618 (6, 78)
619 (6, 79)
620 (6, 80)
621 (6, 81)
622 (6, 82)
623 (6, 83)
624 (6, 84)
625 (6, 85)
626 (6, 86)
627 (6, 87)
628 (6, 88)
629 (6, 89)
630 (7, 0)
631 (7, 1)
632 (7, 2)
633 (7, 3)
634 (7, 4)
635 (7, 5)
636 (7, 6)
637 (7, 7)
638 (7, 8)
639 (7, 9)
640 (7, 10)
641 (7, 11)
642 (7, 12)
643 (7, 13)
644 (7, 14)
645 (7, 15)
646 (7, 16)
647 (7, 17)
648 (7, 18)
649 (7, 19)
650 (7, 20)
651 (7, 21)
652 (7, 22)
653 (7, 23)
654 (7, 24)
655 (7, 25)
656 (7, 26)
657 (7, 27)
658 (7, 28)
659 (7, 29)
660 (7, 30)
661 (7, 31)
662 (7, 32)
663 (7, 33)
664 (7, 34)
665 (7, 35)
666 (7, 36)
667 (7, 37)
668 (7, 38)
669 (7, 39)
670 (7, 40)
671 (7, 41)
672 (7, 42)
673 (7, 43)
674 (7, 44)
675 (7, 45)
676 (7, 46)
677 (7, 47)
678 (7, 48)
679 (7, 49)
680 (7, 50)
681 (7, 51)
682 (7, 52)
683 (7, 53)
684 (7, 54)
685 (7, 55)
686 (7, 56)
687 (7, 57)
688 (7, 58)
689 (7, 59)
690 (7, 60)
691 (7, 61)
692 (7, 62)
693 (7, 63)
694 (7, 64)
695 (7, 65)
696 (7, 66)
697 (7, 67)
698 (7, 68)
699 (7, 69)
700 (7, 70)
701 (7, 71)
702 (7, 72)
703 (7, 73)
704 (7, 74)
705 (7, 75)
706 (7, 76)
707 (7, 77)
708 (7, 78)
709 (7, 79)
710 (7, 80)
711 (7, 81)
712 (7, 82)
713 (7, 83)
714 (7, 84)
715 (7, 85)
716 (7, 86)
717 (7, 87)
718 (7, 88)
719 (7, 89)
720 (8, 0)
721 (8, 1)
722 (8, 2)
723 (8, 3)
724 (8, 4)
725 (8, 5)
726 (8, 6)
727 (8, 7)
728 (8, 8)
729 (8, 9)
730 (8, 10)
731 (8, 11)
732 (8, 12)
733 (8, 13)
734 (8, 14)
735 (8, 15)
736 (8, 16)
737 (8, 17)
738 (8, 18)
739 (8, 19)
740 (8, 20)
741 (8, 21)
742 (8, 22)
743 (8, 23)
744 (8, 24)
745 (8, 25)
746 (8, 26)
747 (8, 27)
748 (8, 28)
749 (8, 29)
750 (8, 30)
751 (8, 31)
752 (8, 32)
753 (8, 33)
754 (8, 34)
755 (8, 35)
756 (8, 36)
757 (8, 37)
758 (8, 38)
759 (8, 39)
760 (8, 40)
761 (8, 41)
762 (8, 42)
763 (8, 43)
764 (8, 44)
765 (8, 45)
766 (8, 46)
767 (8, 47)
768 (8, 48)
769 (8, 49)
770 (8, 50)
771 (8, 51)
772 (8, 52)
773 (8, 53)
774 (8, 54)
775 (8, 55)
776 (8, 56)
777 (8, 57)
778 (8, 58)
779 (8, 59)
780 (8, 60)
781 (8, 61)
782 (8, 62)
783 (8, 63)
784 (8, 64)
785 (8, 65)
786 (8, 66)
787 (8, 67)
788 (8, 68)
789 (8, 69)
790 (8, 70)
791 (8, 71)
792 (8, 72)
793 (8, 73)
794 (8, 74)
795 (8, 75)
796 (8, 76)
797 (8, 77)
798 (8, 78)
799 (8, 79)
800 (8, 80)
801 (8, 81)
802 (8, 82)
803 (8, 83)
804 (8, 84)
805 (8, 85)
806 (8, 86)
807 (8, 87)
808 (8, 88)
809 (8, 89)
810 (9, 0)
811 (9, 1)
812 (9, 2)
813 (9, 3)
814 (9, 4)
815 (9, 5)
816 (9, 6)
817 (9, 7)
818 (9, 8)
819 (9, 9)
820 (9, 10)
821 (9, 11)
822 (9, 12)
823 (9, 13)
824 (9, 14)
825 (9, 15)
826 (9, 16)
827 (9, 17)
828 (9, 18)
829 (9, 19)
830 (9, 20)
831 (9, 21)
832 (9, 22)
833 (9, 23)
834 (9, 24)
835 (9, 25)
836 (9, 26)
837 (9, 27)
838 (9, 28)
839 (9, 29)
840 (9, 30)
841 (9, 31)
842 (9, 32)
843 (9, 33)
844 (9, 34)
845 (9, 35)
846 (9, 36)
847 (9, 37)
848 (9, 38)
849 (9, 39)
850 (9, 40)
851 (9, 41)
852 (9, 42)
853 (9, 43)
854 (9, 44)
855 (9, 45)
856 (9, 46)
857 (9, 47)
858 (9, 48)
859 (9, 49)
860 (9, 50)
861 (9, 51)
862 (9, 52)
863 (9, 53)
864 (9, 54)
865 (9, 55)
866 (9, 56)
867 (9, 57)
868 (9, 58)
869 (9, 59)
870 (9, 60)
871 (9, 61)
872 (9, 62)
873 (9, 63)
874 (9, 64)
875 (9, 65)
876 (9, 66)
877 (9, 67)
878 (9, 68)
879 (9, 69)
880 (9, 70)
881 (9, 71)
882 (9, 72)
883 (9, 73)
884 (9, 74)
885 (9, 75)
886 (9, 76)
887 (9, 77)
888 (9, 78)
889 (9, 79)
890 (9, 80)
891 (9, 81)
892 (9, 82)
893 (9, 83)
894 (9, 84)
895 (9, 85)
896 (9, 86)
897 (9, 87)
898 (9, 88)
899 (9, 89)
900 (10, 0)
901 (10, 1)
902 (10, 2)
903 (10, 3)
904 (10, 4)
905 (10, 5)
906 (10, 6)
907 (10, 7)
908 (10, 8)
909 (10, 9)
910 (10, 10)
911 (10, 11)
912 (10, 12)
913 (10, 13)
914 (10, 14)
915 (10, 15)
916 (10, 16)
917 (10, 17)
918 (10, 18)
919 (10, 19)
920 (10, 20)
921 (10, 21)
922 (10, 22)
923 (10, 23)
924 (10, 24)
925 (10, 25)
926 (10, 26)
927 (10, 27)
928 (10, 28)
929 (10, 29)
930 (10, 30)
931 (10, 31)
932 (10, 32)
933 (10, 33)
934 (10, 34)
935 (10, 35)
936 (10, 36)
937 (10, 37)
938 (10, 38)
939 (10, 39)
940 (10, 40)
941 (10, 41)
942 (10, 42)
943 (10, 43)
944 (10, 44)
945 (10, 45)
946 (10, 46)
947 (10, 47)
948 (10, 48)
949 (10, 49)
950 (10, 50)
951 (10, 51)
952 (10, 52)
953 (10, 53)
954 (10, 54)
955 (10, 55)
956 (10, 56)
957 (10, 57)
958 (10, 58)
959 (10, 59)
960 (10, 60)
961 (10, 61)
962 (10, 62)
963 (10, 63)
964 (10, 64)
965 (10, 65)
966 (10, 66)
967 (10, 67)
968 (10, 68)
969 (10, 69)
970 (10, 70)
971 (10, 71)
972 (10, 72)
973 (10, 73)
974 (10, 74)
975 (10, 75)
976 (10, 76)
977 (10, 77)
978 (10, 78)
979 (10, 79)
980 (10, 80)
981 (10, 81)
982 (10, 82)
983 (10, 83)
984 (10, 84)
985 (10, 85)
986 (10, 86)
987 (10, 87)
988 (10, 88)
989 (10, 89)
990 (11, 0)
991 (11, 1)
992 (11, 2)
993 (11, 3)
994 (11, 4)
995 (11, 5)
996 (11, 6)
997 (11, 7)
998 (11, 8)
999 (11, 9)
1000 (11, 10)
1001 (11, 11)
1002 (11, 12)
1003 (11, 13)
1004 (11, 14)
1005 (11, 15)
1006 (11, 16)
1007 (11, 17)
1008 (11, 18)
1009 (11, 19)
1010 (11, 20)
1011 (11, 21)
1012 (11, 22)
1013 (11, 23)
1014 (11, 24)
1015 (11, 25)
1016 (11, 26)
1017 (11, 27)
1018 (11, 28)
1019 (11, 29)
1020 (11, 30)
1021 (11, 31)
1022 (11, 32)
1023 (11, 33)
1024 (11, 34)
1025 (11, 35)
1026 (11, 36)
1027 (11, 37)
1028 (11, 38)
1029 (11, 39)
1030 (11, 40)
1031 (11, 41)
1032 (11, 42)
1033 (11, 43)
1034 (11, 44)
1035 (11, 45)
1036 (11, 46)
1037 (11, 47)
1038 (11, 48)
1039 (11, 49)
1040 (11, 50)
1041 (11, 51)
1042 (11, 52)
1043 (11, 53)
1044 (11, 54)
1045 (11, 55)
1046 (11, 56)
1047 (11, 57)
1048 (11, 58)
1049 (11, 59)
1050 (11, 60)
1051 (11, 61)
1052 (11, 62)
1053 (11, 63)
1054 (11, 64)
1055 (11, 65)
1056 (11, 66)
1057 (11, 67)
1058 (11, 68)
1059 (11, 69)
1060 (11, 70)
1061 (11, 71)
1062 (11, 72)
1063 (11, 73)
1064 (11, 74)
1065 (11, 75)
1066 (11, 76)
1067 (11, 77)
1068 (11, 78)
1069 (11, 79)
1070 (11, 80)
1071 (11, 81)
1072 (11, 82)
1073 (11, 83)
1074 (11, 84)
1075 (11, 85)
1076 (11, 86)
1077 (11, 87)
1078 (11, 88)
1079 (11, 89)
1080 (12, 0)
1081 (12, 1)
1082 (12, 2)
1083 (12, 3)
1084 (12, 4)
1085 (12, 5)
1086 (12, 6)
1087 (12, 7)
1088 (12, 8)
1089 (12, 9)
1090 (12, 10)
1091 (12, 11)
1092 (12, 12)
1093 (12, 13)
1094 (12, 14)
1095 (12, 15)
1096 (12, 16)
1097 (12, 17)
1098 (12, 18)
1099 (12, 19)
1100 (12, 20)
1101 (12, 21)
1102 (12, 22)
1103 (12, 23)
1104 (12, 24)
1105 (12, 25)
1106 (12, 26)
1107 (12, 27)
1108 (12, 28)
1109 (12, 29)
1110 (12, 30)
1111 (12, 31)
1112 (12, 32)
1113 (12, 33)
1114 (12, 34)
1115 (12, 35)
1116 (12, 36)
1117 (12, 37)
1118 (12, 38)
1119 (12, 39)
1120 (12, 40)
1121 (12, 41)
1122 (12, 42)
1123 (12, 43)
1124 (12, 44)
1125 (12, 45)
1126 (12, 46)
1127 (12, 47)
1128 (12, 48)
1129 (12, 49)
1130 (12, 50)
1131 (12, 51)
1132 (12, 52)
1133 (12, 53)
1134 (12, 54)
1135 (12, 55)
1136 (12, 56)
1137 (12, 57)
1138 (12, 58)
1139 (12, 59)
1140 (12, 60)
1141 (12, 61)
1142 (12, 62)
1143 (12, 63)
1144 (12, 64)
1145 (12, 65)
1146 (12, 66)
1147 (12, 67)
1148 (12, 68)
1149 (12, 69)
1150 (12, 70)
1151 (12, 71)
1152 (12, 72)
1153 (12, 73)
1154 (12, 74)
1155 (12, 75)
1156 (12, 76)
1157 (12, 77)
1158 (12, 78)
1159 (12, 79)
1160 (12, 80)
1161 (12, 81)
1162 (12, 82)
1163 (12, 83)
1164 (12, 84)
1165 (12, 85)
1166 (12, 86)
1167 (12, 87)
1168 (12, 88)
1169 (12, 89)
1170 (13, 0)
1171 (13, 1)
1172 (13, 2)
1173 (13, 3)
1174 (13, 4)
1175 (13, 5)
1176 (13, 6)
1177 (13, 7)
1178 (13, 8)
1179 (13, 9)
1180 (13, 10)
1181 (13, 11)
1182 (13, 12)
1183 (13, 13)
1184 (13, 14)
1185 (13, 15)
1186 (13, 16)
1187 (13, 17)
1188 (13, 18)
1189 (13, 19)
1190 (13, 20)
1191 (13, 21)
1192 (13, 22)
1193 (13, 23)
1194 (13, 24)
1195 (13, 25)
1196 (13, 26)
1197 (13, 27)
1198 (13, 28)
1199 (13, 29)
1200 (13, 30)
1201 (13, 31)
1202 (13, 32)
1203 (13, 33)
1204 (13, 34)
1205 (13, 35)
1206 (13, 36)
1207 (13, 37)
1208 (13, 38)
1209 (13, 39)
1210 (13, 40)
1211 (13, 41)
1212 (13, 42)
1213 (13, 43)
1214 (13, 44)
1215 (13, 45)
1216 (13, 46)
1217 (13, 47)
1218 (13, 48)
1219 (13, 49)
1220 (13, 50)
1221 (13, 51)
1222 (13, 52)
1223 (13, 53)
1224 (13, 54)
1225 (13, 55)
1226 (13, 56)
1227 (13, 57)
1228 (13, 58)
1229 (13, 59)
1230 (13, 60)
1231 (13, 61)
1232 (13, 62)
1233 (13, 63)
1234 (13, 64)
1235 (13, 65)
1236 (13, 66)
1237 (13, 67)
1238 (13, 68)
1239 (13, 69)
1240 (13, 70)
1241 (13, 71)
1242 (13, 72)
1243 (13, 73)
1244 (13, 74)
1245 (13, 75)
1246 (13, 76)
1247 (13, 77)
1248 (13, 78)
1249 (13, 79)
1250 (13, 80)
1251 (13, 81)
1252 (13, 82)
1253 (13, 83)
1254 (13, 84)
1255 (13, 85)
1256 (13, 86)
1257 (13, 87)
1258 (13, 88)
1259 (13, 89)
1260 (14, 0)
1261 (14, 1)
1262 (14, 2)
1263 (14, 3)
1264 (14, 4)
1265 (14, 5)
1266 (14, 6)
1267 (14, 7)
1268 (14, 8)
1269 (14, 9)
1270 (14, 10)
1271 (14, 11)
1272 (14, 12)
1273 (14, 13)
1274 (14, 14)
1275 (14, 15)
1276 (14, 16)
1277 (14, 17)
1278 (14, 18)
1279 (14, 19)
1280 (14, 20)
1281 (14, 21)
1282 (14, 22)
1283 (14, 23)
1284 (14, 24)
1285 (14, 25)
1286 (14, 26)
1287 (14, 27)
1288 (14, 28)
1289 (14, 29)
1290 (14, 30)
1291 (14, 31)
1292 (14, 32)
1293 (14, 33)
1294 (14, 34)
1295 (14, 35)
1296 (14, 36)
1297 (14, 37)
1298 (14, 38)
1299 (14, 39)
1300 (14, 40)
1301 (14, 41)
1302 (14, 42)
1303 (14, 43)
1304 (14, 44)
1305 (14, 45)
1306 (14, 46)
1307 (14, 47)
1308 (14, 48)
1309 (14, 49)
1310 (14, 50)
1311 (14, 51)
1312 (14, 52)
1313 (14, 53)
1314 (14, 54)
1315 (14, 55)
1316 (14, 56)
1317 (14, 57)
1318 (14, 58)
1319 (14, 59)
1320 (14, 60)
1321 (14, 61)
1322 (14, 62)
1323 (14, 63)
1324 (14, 64)
1325 (14, 65)
1326 (14, 66)
1327 (14, 67)
1328 (14, 68)
1329 (14, 69)
1330 (14, 70)
1331 (14, 71)
1332 (14, 72)
1333 (14, 73)
1334 (14, 74)
1335 (14, 75)
1336 (14, 76)
1337 (14, 77)
1338 (14, 78)
1339 (14, 79)
1340 (14, 80)
1341 (14, 81)
1342 (14, 82)
1343 (14, 83)
1344 (14, 84)
1345 (14, 85)
1346 (14, 86)
1347 (14, 87)
1348 (14, 88)
1349 (14, 89)
1350 (15, 0)
1351 (15, 1)
1352 (15, 2)
1353 (15, 3)
1354 (15, 4)
1355 (15, 5)
1356 (15, 6)
1357 (15, 7)
1358 (15, 8)
1359 (15, 9)
1360 (15, 10)
1361 (15, 11)
1362 (15, 12)
1363 (15, 13)
1364 (15, 14)
1365 (15, 15)
1366 (15, 16)
1367 (15, 17)
1368 (15, 18)
1369 (15, 19)
1370 (15, 20)
1371 (15, 21)
1372 (15, 22)
1373 (15, 23)
1374 (15, 24)
1375 (15, 25)
1376 (15, 26)
1377 (15, 27)
1378 (15, 28)
1379 (15, 29)
1380 (15, 30)
1381 (15, 31)
1382 (15, 32)
1383 (15, 33)
1384 (15, 34)
1385 (15, 35)
1386 (15, 36)
1387 (15, 37)
1388 (15, 38)
1389 (15, 39)
1390 (15, 40)
1391 (15, 41)
1392 (15, 42)
1393 (15, 43)
1394 (15, 44)
1395 (15, 45)
1396 (15, 46)
1397 (15, 47)
1398 (15, 48)
1399 (15, 49)
1400 (15, 50)
1401 (15, 51)
1402 (15, 52)
1403 (15, 53)
1404 (15, 54)
1405 (15, 55)
1406 (15, 56)
1407 (15, 57)
1408 (15, 58)
1409 (15, 59)
1410 (15, 60)
1411 (15, 61)
1412 (15, 62)
1413 (15, 63)
1414 (15, 64)
1415 (15, 65)
1416 (15, 66)
1417 (15, 67)
1418 (15, 68)
1419 (15, 69)
1420 (15, 70)
1421 (15, 71)
1422 (15, 72)
1423 (15, 73)
1424 (15, 74)
1425 (15, 75)
1426 (15, 76)
1427 (15, 77)
1428 (15, 78)
1429 (15, 79)
1430 (15, 80)
1431 (15, 81)
1432 (15, 82)
1433 (15, 83)
1434 (15, 84)
1435 (15, 85)
1436 (15, 86)
1437 (15, 87)
1438 (15, 88)
1439 (15, 89)
1440 (16, 0)
1441 (16, 1)
1442 (16, 2)
1443 (16, 3)
1444 (16, 4)
1445 (16, 5)
1446 (16, 6)
1447 (16, 7)
1448 (16, 8)
1449 (16, 9)
1450 (16, 10)
1451 (16, 11)
1452 (16, 12)
1453 (16, 13)
1454 (16, 14)
1455 (16, 15)
1456 (16, 16)
1457 (16, 17)
1458 (16, 18)
1459 (16, 19)
1460 (16, 20)
1461 (16, 21)
1462 (16, 22)
1463 (16, 23)
1464 (16, 24)
1465 (16, 25)
1466 (16, 26)
1467 (16, 27)
1468 (16, 28)
1469 (16, 29)
1470 (16, 30)
1471 (16, 31)
1472 (16, 32)
1473 (16, 33)
1474 (16, 34)
1475 (16, 35)
1476 (16, 36)
1477 (16, 37)
1478 (16, 38)
1479 (16, 39)
1480 (16, 40)
1481 (16, 41)
1482 (16, 42)
1483 (16, 43)
1484 (16, 44)
1485 (16, 45)
1486 (16, 46)
1487 (16, 47)
1488 (16, 48)
1489 (16, 49)
1490 (16, 50)
1491 (16, 51)
1492 (16, 52)
1493 (16, 53)
1494 (16, 54)
1495 (16, 55)
1496 (16, 56)
1497 (16, 57)
1498 (16, 58)
1499 (16, 59)
1500 (16, 60)
1501 (16, 61)
1502 (16, 62)
1503 (16, 63)
1504 (16, 64)
1505 (16, 65)
1506 (16, 66)
1507 (16, 67)
1508 (16, 68)
1509 (16, 69)
1510 (16, 70)
1511 (16, 71)
1512 (16, 72)
1513 (16, 73)
1514 (16, 74)
1515 (16, 75)
1516 (16, 76)
1517 (16, 77)
1518 (16, 78)
1519 (16, 79)
1520 (16, 80)
1521 (16, 81)
1522 (16, 82)
1523 (16, 83)
1524 (16, 84)
1525 (16, 85)
1526 (16, 86)
1527 (16, 87)
1528 (16, 88)
1529 (16, 89)
1530 (17, 0)
1531 (17, 1)
1532 (17, 2)
1533 (17, 3)
1534 (17, 4)
1535 (17, 5)
1536 (17, 6)
1537 (17, 7)
1538 (17, 8)
1539 (17, 9)
1540 (17, 10)
1541 (17, 11)
1542 (17, 12)
1543 (17, 13)
1544 (17, 14)
1545 (17, 15)
1546 (17, 16)
1547 (17, 17)
1548 (17, 18)
1549 (17, 19)
1550 (17, 20)
1551 (17, 21)
1552 (17, 22)
1553 (17, 23)
1554 (17, 24)
1555 (17, 25)
1556 (17, 26)
1557 (17, 27)
1558 (17, 28)
1559 (17, 29)
1560 (17, 30)
1561 (17, 31)
1562 (17, 32)
1563 (17, 33)
1564 (17, 34)
1565 (17, 35)
1566 (17, 36)
1567 (17, 37)
1568 (17, 38)
1569 (17, 39)
1570 (17, 40)
1571 (17, 41)
1572 (17, 42)
1573 (17, 43)
1574 (17, 44)
1575 (17, 45)
1576 (17, 46)
1577 (17, 47)
1578 (17, 48)
1579 (17, 49)
1580 (17, 50)
1581 (17, 51)
1582 (17, 52)
1583 (17, 53)
1584 (17, 54)
1585 (17, 55)
1586 (17, 56)
1587 (17, 57)
1588 (17, 58)
1589 (17, 59)
1590 (17, 60)
1591 (17, 61)
1592 (17, 62)
1593 (17, 63)
1594 (17, 64)
1595 (17, 65)
1596 (17, 66)
1597 (17, 67)
1598 (17, 68)
1599 (17, 69)
1600 (17, 70)
1601 (17, 71)
1602 (17, 72)
1603 (17, 73)
1604 (17, 74)
1605 (17, 75)
1606 (17, 76)
1607 (17, 77)
1608 (17, 78)
1609 (17, 79)
1610 (17, 80)
1611 (17, 81)
1612 (17, 82)
1613 (17, 83)
1614 (17, 84)
1615 (17, 85)
1616 (17, 86)
1617 (17, 87)
1618 (17, 88)
1619 (17, 89)
1620 (18, 0)
1621 (18, 1)
1622 (18, 2)
1623 (18, 3)
1624 (18, 4)
1625 (18, 5)
1626 (18, 6)
1627 (18, 7)
1628 (18, 8)
1629 (18, 9)
1630 (18, 10)
1631 (18, 11)
1632 (18, 12)
1633 (18, 13)
1634 (18, 14)
1635 (18, 15)
1636 (18, 16)
1637 (18, 17)
1638 (18, 18)
1639 (18, 19)
1640 (18, 20)
1641 (18, 21)
1642 (18, 22)
1643 (18, 23)
1644 (18, 24)
1645 (18, 25)
1646 (18, 26)
1647 (18, 27)
1648 (18, 28)
1649 (18, 29)
1650 (18, 30)
1651 (18, 31)
1652 (18, 32)
1653 (18, 33)
1654 (18, 34)
1655 (18, 35)
1656 (18, 36)
1657 (18, 37)
1658 (18, 38)
1659 (18, 39)
1660 (18, 40)
1661 (18, 41)
1662 (18, 42)
1663 (18, 43)
1664 (18, 44)
1665 (18, 45)
1666 (18, 46)
1667 (18, 47)
1668 (18, 48)
1669 (18, 49)
1670 (18, 50)
1671 (18, 51)
1672 (18, 52)
1673 (18, 53)
1674 (18, 54)
1675 (18, 55)
1676 (18, 56)
1677 (18, 57)
1678 (18, 58)
1679 (18, 59)
1680 (18, 60)
1681 (18, 61)
1682 (18, 62)
1683 (18, 63)
1684 (18, 64)
1685 (18, 65)
1686 (18, 66)
1687 (18, 67)
1688 (18, 68)
1689 (18, 69)
1690 (18, 70)
1691 (18, 71)
1692 (18, 72)
1693 (18, 73)
1694 (18, 74)
1695 (18, 75)
1696 (18, 76)
1697 (18, 77)
1698 (18, 78)
1699 (18, 79)
1700 (18, 80)
1701 (18, 81)
1702 (18, 82)
1703 (18, 83)
1704 (18, 84)
1705 (18, 85)
1706 (18, 86)
1707 (18, 87)
1708 (18, 88)
1709 (18, 89)
1710 (19, 0)
1711 (19, 1)
1712 (19, 2)
1713 (19, 3)
1714 (19, 4)
1715 (19, 5)
1716 (19, 6)
1717 (19, 7)
1718 (19, 8)
1719 (19, 9)
1720 (19, 10)
1721 (19, 11)
1722 (19, 12)
1723 (19, 13)
1724 (19, 14)
1725 (19, 15)
1726 (19, 16)
1727 (19, 17)
1728 (19, 18)
1729 (19, 19)
1730 (19, 20)
1731 (19, 21)
1732 (19, 22)
1733 (19, 23)
1734 (19, 24)
1735 (19, 25)
1736 (19, 26)
1737 (19, 27)
1738 (19, 28)
1739 (19, 29)
1740 (19, 30)
1741 (19, 31)
1742 (19, 32)
1743 (19, 33)
1744 (19, 34)
1745 (19, 35)
1746 (19, 36)
1747 (19, 37)
1748 (19, 38)
1749 (19, 39)
1750 (19, 40)
1751 (19, 41)
1752 (19, 42)
1753 (19, 43)
1754 (19, 44)
1755 (19, 45)
1756 (19, 46)
1757 (19, 47)
1758 (19, 48)
1759 (19, 49)
1760 (19, 50)
1761 (19, 51)
1762 (19, 52)
1763 (19, 53)
1764 (19, 54)
1765 (19, 55)
1766 (19, 56)
1767 (19, 57)
1768 (19, 58)
1769 (19, 59)
1770 (19, 60)
1771 (19, 61)
1772 (19, 62)
1773 (19, 63)
1774 (19, 64)
1775 (19, 65)
1776 (19, 66)
1777 (19, 67)
1778 (19, 68)
1779 (19, 69)
1780 (19, 70)
1781 (19, 71)
1782 (19, 72)
1783 (19, 73)
1784 (19, 74)
1785 (19, 75)
1786 (19, 76)
1787 (19, 77)
1788 (19, 78)
1789 (19, 79)
1790 (19, 80)
1791 (19, 81)
1792 (19, 82)
1793 (19, 83)
1794 (19, 84)
1795 (19, 85)
1796 (19, 86)
1797 (19, 87)
1798 (19, 88)
1799 (19, 89)
1800 (20, 0)
1801 (20, 1)
1802 (20, 2)
1803 (20, 3)
1804 (20, 4)
1805 (20, 5)
1806 (20, 6)
1807 (20, 7)
1808 (20, 8)
1809 (20, 9)
1810 (20, 10)
1811 (20, 11)
1812 (20, 12)
1813 (20, 13)
1814 (20, 14)
1815 (20, 15)
1816 (20, 16)
1817 (20, 17)
1818 (20, 18)
1819 (20, 19)
1820 (20, 20)
1821 (20, 21)
1822 (20, 22)
1823 (20, 23)
1824 (20, 24)
1825 (20, 25)
1826 (20, 26)
1827 (20, 27)
1828 (20, 28)
1829 (20, 29)
1830 (20, 30)
1831 (20, 31)
1832 (20, 32)
1833 (20, 33)
1834 (20, 34)
1835 (20, 35)
1836 (20, 36)
1837 (20, 37)
1838 (20, 38)
1839 (20, 39)
1840 (20, 40)
1841 (20, 41)
1842 (20, 42)
1843 (20, 43)
1844 (20, 44)
1845 (20, 45)
1846 (20, 46)
1847 (20, 47)
1848 (20, 48)
1849 (20, 49)
1850 (20, 50)
1851 (20, 51)
1852 (20, 52)
1853 (20, 53)
1854 (20, 54)
1855 (20, 55)
1856 (20, 56)
1857 (20, 57)
1858 (20, 58)
1859 (20, 59)
1860 (20, 60)
1861 (20, 61)
1862 (20, 62)
1863 (20, 63)
1864 (20, 64)
1865 (20, 65)
1866 (20, 66)
1867 (20, 67)
1868 (20, 68)
1869 (20, 69)
1870 (20, 70)
1871 (20, 71)
1872 (20, 72)
1873 (20, 73)
1874 (20, 74)
1875 (20, 75)
1876 (20, 76)
1877 (20, 77)
1878 (20, 78)
1879 (20, 79)
1880 (20, 80)
1881 (20, 81)
1882 (20, 82)
1883 (20, 83)
1884 (20, 84)
1885 (20, 85)
1886 (20, 86)
1887 (20, 87)
1888 (20, 88)
1889 (20, 89)
1890 (21, 0)
1891 (21, 1)
1892 (21, 2)
1893 (21, 3)
1894 (21, 4)
1895 (21, 5)
1896 (21, 6)
1897 (21, 7)
1898 (21, 8)
1899 (21, 9)
1900 (21, 10)
1901 (21, 11)
1902 (21, 12)
1903 (21, 13)
1904 (21, 14)
1905 (21, 15)
1906 (21, 16)
1907 (21, 17)
1908 (21, 18)
1909 (21, 19)
1910 (21, 20)
1911 (21, 21)
1912 (21, 22)
1913 (21, 23)
1914 (21, 24)
1915 (21, 25)
1916 (21, 26)
1917 (21, 27)
1918 (21, 28)
1919 (21, 29)
1920 (21, 30)
1921 (21, 31)
1922 (21, 32)
1923 (21, 33)
1924 (21, 34)
1925 (21, 35)
1926 (21, 36)
1927 (21, 37)
1928 (21, 38)
1929 (21, 39)
1930 (21, 40)
1931 (21, 41)
1932 (21, 42)
1933 (21, 43)
1934 (21, 44)
1935 (21, 45)
1936 (21, 46)
1937 (21, 47)
1938 (21, 48)
1939 (21, 49)
1940 (21, 50)
1941 (21, 51)
1942 (21, 52)
1943 (21, 53)
1944 (21, 54)
1945 (21, 55)
1946 (21, 56)
1947 (21, 57)
1948 (21, 58)
1949 (21, 59)
1950 (21, 60)
1951 (21, 61)
1952 (21, 62)
1953 (21, 63)
1954 (21, 64)
1955 (21, 65)
1956 (21, 66)
1957 (21, 67)
1958 (21, 68)
1959 (21, 69)
1960 (21, 70)
1961 (21, 71)
1962 (21, 72)
1963 (21, 73)
1964 (21, 74)
1965 (21, 75)
1966 (21, 76)
1967 (21, 77)
1968 (21, 78)
1969 (21, 79)
1970 (21, 80)
1971 (21, 81)
1972 (21, 82)
1973 (21, 83)
1974 (21, 84)
1975 (21, 85)
1976 (21, 86)
1977 (21, 87)
1978 (21, 88)
1979 (21, 89)
1980 (22, 0)
1981 (22, 1)
1982 (22, 2)
1983 (22, 3)
1984 (22, 4)
1985 (22, 5)
1986 (22, 6)
1987 (22, 7)
1988 (22, 8)
1989 (22, 9)
1990 (22, 10)
1991 (22, 11)
1992 (22, 12)
1993 (22, 13)
1994 (22, 14)
1995 (22, 15)
1996 (22, 16)
1997 (22, 17)
1998 (22, 18)
1999 (22, 19)
2000 (22, 20)
2001 (22, 21)
2002 (22, 22)
2003 (22, 23)
2004 (22, 24)
2005 (22, 25)
2006 (22, 26)
2007 (22, 27)
2008 (22, 28)
2009 (22, 29)
2010 (22, 30)
2011 (22, 31)
2012 (22, 32)
2013 (22, 33)
2014 (22, 34)
2015 (22, 35)
2016 (22, 36)
2017 (22, 37)
2018 (22, 38)
2019 (22, 39)
2020 (22, 40)
2021 (22, 41)
2022 (22, 42)
2023 (22, 43)
2024 (22, 44)
2025 (22, 45)
2026 (22, 46)
2027 (22, 47)
2028 (22, 48)
2029 (22, 49)
2030 (22, 50)
2031 (22, 51)
2032 (22, 52)
2033 (22, 53)
2034 (22, 54)
2035 (22, 55)
2036 (22, 56)
2037 (22, 57)
2038 (22, 58)
2039 (22, 59)
2040 (22, 60)
2041 (22, 61)
2042 (22, 62)
2043 (22, 63)
2044 (22, 64)
2045 (22, 65)
2046 (22, 66)
2047 (22, 67)
2048 (22, 68)
2049 (22, 69)
2050 (22, 70)
2051 (22, 71)
2052 (22, 72)
2053 (22, 73)
2054 (22, 74)
2055 (22, 75)
2056 (22, 76)
2057 (22, 77)
2058 (22, 78)
2059 (22, 79)
2060 (22, 80)
2061 (22, 81)
2062 (22, 82)
2063 (22, 83)
2064 (22, 84)
2065 (22, 85)
2066 (22, 86)
2067 (22, 87)
2068 (22, 88)
2069 (22, 89)
2070 (23, 0)
2071 (23, 1)
2072 (23, 2)
2073 (23, 3)
2074 (23, 4)
2075 (23, 5)
2076 (23, 6)
2077 (23, 7)
2078 (23, 8)
2079 (23, 9)
2080 (23, 10)
2081 (23, 11)
2082 (23, 12)
2083 (23, 13)
2084 (23, 14)
2085 (23, 15)
2086 (23, 16)
2087 (23, 17)
2088 (23, 18)
2089 (23, 19)
2090 (23, 20)
2091 (23, 21)
2092 (23, 22)
2093 (23, 23)
2094 (23, 24)
2095 (23, 25)
2096 (23, 26)
2097 (23, 27)
2098 (23, 28)
2099 (23, 29)
2100 (23, 30)
2101 (23, 31)
2102 (23, 32)
2103 (23, 33)
2104 (23, 34)
2105 (23, 35)
2106 (23, 36)
2107 (23, 37)
2108 (23, 38)
2109 (23, 39)
2110 (23, 40)
2111 (23, 41)
2112 (23, 42)
2113 (23, 43)
2114 (23, 44)
2115 (23, 45)
2116 (23, 46)
2117 (23, 47)
2118 (23, 48)
2119 (23, 49)
2120 (23, 50)
2121 (23, 51)
2122 (23, 52)
2123 (23, 53)
2124 (23, 54)
2125 (23, 55)
2126 (23, 56)
2127 (23, 57)
2128 (23, 58)
2129 (23, 59)
2130 (23, 60)
2131 (23, 61)
2132 (23, 62)
2133 (23, 63)
2134 (23, 64)
2135 (23, 65)
2136 (23, 66)
2137 (23, 67)
2138 (23, 68)
2139 (23, 69)
2140 (23, 70)
2141 (23, 71)
2142 (23, 72)
2143 (23, 73)
2144 (23, 74)
2145 (23, 75)
2146 (23, 76)
2147 (23, 77)
2148 (23, 78)
2149 (23, 79)
2150 (23, 80)
2151 (23, 81)
2152 (23, 82)
2153 (23, 83)
2154 (23, 84)
2155 (23, 85)
2156 (23, 86)
2157 (23, 87)
2158 (23, 88)
2159 (23, 89)
2160 (24, 0)
2161 (24, 1)
2162 (24, 2)
2163 (24, 3)
2164 (24, 4)
2165 (24, 5)
2166 (24, 6)
2167 (24, 7)
2168 (24, 8)
2169 (24, 9)
2170 (24, 10)
2171 (24, 11)
2172 (24, 12)
2173 (24, 13)
2174 (24, 14)
2175 (24, 15)
2176 (24, 16)
2177 (24, 17)
2178 (24, 18)
2179 (24, 19)
2180 (24, 20)
2181 (24, 21)
2182 (24, 22)
2183 (24, 23)
2184 (24, 24)
2185 (24, 25)
2186 (24, 26)
2187 (24, 27)
2188 (24, 28)
2189 (24, 29)
2190 (24, 30)
2191 (24, 31)
2192 (24, 32)
2193 (24, 33)
2194 (24, 34)
2195 (24, 35)
2196 (24, 36)
2197 (24, 37)
2198 (24, 38)
2199 (24, 39)
2200 (24, 40)
2201 (24, 41)
2202 (24, 42)
2203 (24, 43)
2204 (24, 44)
2205 (24, 45)
2206 (24, 46)
2207 (24, 47)
2208 (24, 48)
2209 (24, 49)
2210 (24, 50)
2211 (24, 51)
2212 (24, 52)
2213 (24, 53)
2214 (24, 54)
2215 (24, 55)
2216 (24, 56)
2217 (24, 57)
2218 (24, 58)
2219 (24, 59)
2220 (24, 60)
2221 (24, 61)
2222 (24, 62)
2223 (24, 63)
2224 (24, 64)
2225 (24, 65)
2226 (24, 66)
2227 (24, 67)
2228 (24, 68)
2229 (24, 69)
2230 (24, 70)
2231 (24, 71)
2232 (24, 72)
2233 (24, 73)
2234 (24, 74)
2235 (24, 75)
2236 (24, 76)
2237 (24, 77)
2238 (24, 78)
2239 (24, 79)
2240 (24, 80)
2241 (24, 81)
2242 (24, 82)
2243 (24, 83)
2244 (24, 84)
2245 (24, 85)
2246 (24, 86)
2247 (24, 87)
2248 (24, 88)
2249 (24, 89)
2250 (25, 0)
2251 (25, 1)
2252 (25, 2)
2253 (25, 3)
2254 (25, 4)
2255 (25, 5)
2256 (25, 6)
2257 (25, 7)
2258 (25, 8)
2259 (25, 9)
2260 (25, 10)
2261 (25, 11)
2262 (25, 12)
2263 (25, 13)
2264 (25, 14)
2265 (25, 15)
2266 (25, 16)
2267 (25, 17)
2268 (25, 18)
2269 (25, 19)
2270 (25, 20)
2271 (25, 21)
2272 (25, 22)
2273 (25, 23)
2274 (25, 24)
2275 (25, 25)
2276 (25, 26)
2277 (25, 27)
2278 (25, 28)
2279 (25, 29)
2280 (25, 30)
2281 (25, 31)
2282 (25, 32)
2283 (25, 33)
2284 (25, 34)
2285 (25, 35)
2286 (25, 36)
2287 (25, 37)
2288 (25, 38)
2289 (25, 39)
2290 (25, 40)
2291 (25, 41)
2292 (25, 42)
2293 (25, 43)
2294 (25, 44)
2295 (25, 45)
2296 (25, 46)
2297 (25, 47)
2298 (25, 48)
2299 (25, 49)
2300 (25, 50)
2301 (25, 51)
2302 (25, 52)
2303 (25, 53)
2304 (25, 54)
2305 (25, 55)
2306 (25, 56)
2307 (25, 57)
2308 (25, 58)
2309 (25, 59)
2310 (25, 60)
2311 (25, 61)
2312 (25, 62)
2313 (25, 63)
2314 (25, 64)
2315 (25, 65)
2316 (25, 66)
2317 (25, 67)
2318 (25, 68)
2319 (25, 69)
2320 (25, 70)
2321 (25, 71)
2322 (25, 72)
2323 (25, 73)
2324 (25, 74)
2325 (25, 75)
2326 (25, 76)
2327 (25, 77)
2328 (25, 78)
2329 (25, 79)
2330 (25, 80)
2331 (25, 81)
2332 (25, 82)
2333 (25, 83)
2334 (25, 84)
2335 (25, 85)
2336 (25, 86)
2337 (25, 87)
2338 (25, 88)
2339 (25, 89)
2340 (26, 0)
2341 (26, 1)
2342 (26, 2)
2343 (26, 3)
2344 (26, 4)
2345 (26, 5)
2346 (26, 6)
2347 (26, 7)
2348 (26, 8)
2349 (26, 9)
2350 (26, 10)
2351 (26, 11)
2352 (26, 12)
2353 (26, 13)
2354 (26, 14)
2355 (26, 15)
2356 (26, 16)
2357 (26, 17)
2358 (26, 18)
2359 (26, 19)
2360 (26, 20)
2361 (26, 21)
2362 (26, 22)
2363 (26, 23)
2364 (26, 24)
2365 (26, 25)
2366 (26, 26)
2367 (26, 27)
2368 (26, 28)
2369 (26, 29)
2370 (26, 30)
2371 (26, 31)
2372 (26, 32)
2373 (26, 33)
2374 (26, 34)
2375 (26, 35)
2376 (26, 36)
2377 (26, 37)
2378 (26, 38)
2379 (26, 39)
2380 (26, 40)
2381 (26, 41)
2382 (26, 42)
2383 (26, 43)
2384 (26, 44)
2385 (26, 45)
2386 (26, 46)
2387 (26, 47)
2388 (26, 48)
2389 (26, 49)
2390 (26, 50)
2391 (26, 51)
2392 (26, 52)
2393 (26, 53)
2394 (26, 54)
2395 (26, 55)
2396 (26, 56)
2397 (26, 57)
2398 (26, 58)
2399 (26, 59)
2400 (26, 60)
2401 (26, 61)
2402 (26, 62)
2403 (26, 63)
2404 (26, 64)
2405 (26, 65)
2406 (26, 66)
2407 (26, 67)
2408 (26, 68)
2409 (26, 69)
2410 (26, 70)
2411 (26, 71)
2412 (26, 72)
2413 (26, 73)
2414 (26, 74)
2415 (26, 75)
2416 (26, 76)
2417 (26, 77)
2418 (26, 78)
2419 (26, 79)
2420 (26, 80)
2421 (26, 81)
2422 (26, 82)
2423 (26, 83)
2424 (26, 84)
2425 (26, 85)
2426 (26, 86)
2427 (26, 87)
2428 (26, 88)
2429 (26, 89)
2430 (27, 0)
2431 (27, 1)
2432 (27, 2)
2433 (27, 3)
2434 (27, 4)
2435 (27, 5)
2436 (27, 6)
2437 (27, 7)
2438 (27, 8)
2439 (27, 9)
2440 (27, 10)
2441 (27, 11)
2442 (27, 12)
2443 (27, 13)
2444 (27, 14)
2445 (27, 15)
2446 (27, 16)
2447 (27, 17)
2448 (27, 18)
2449 (27, 19)
2450 (27, 20)
2451 (27, 21)
2452 (27, 22)
2453 (27, 23)
2454 (27, 24)
2455 (27, 25)
2456 (27, 26)
2457 (27, 27)
2458 (27, 28)
2459 (27, 29)
2460 (27, 30)
2461 (27, 31)
2462 (27, 32)
2463 (27, 33)
2464 (27, 34)
2465 (27, 35)
2466 (27, 36)
2467 (27, 37)
2468 (27, 38)
2469 (27, 39)
2470 (27, 40)
2471 (27, 41)
2472 (27, 42)
2473 (27, 43)
2474 (27, 44)
2475 (27, 45)
2476 (27, 46)
2477 (27, 47)
2478 (27, 48)
2479 (27, 49)
2480 (27, 50)
2481 (27, 51)
2482 (27, 52)
2483 (27, 53)
2484 (27, 54)
2485 (27, 55)
2486 (27, 56)
2487 (27, 57)
2488 (27, 58)
2489 (27, 59)
2490 (27, 60)
2491 (27, 61)
2492 (27, 62)
2493 (27, 63)
2494 (27, 64)
2495 (27, 65)
2496 (27, 66)
2497 (27, 67)
2498 (27, 68)
2499 (27, 69)
2500 (27, 70)
2501 (27, 71)
2502 (27, 72)
2503 (27, 73)
2504 (27, 74)
2505 (27, 75)
2506 (27, 76)
2507 (27, 77)
2508 (27, 78)
2509 (27, 79)
2510 (27, 80)
2511 (27, 81)
2512 (27, 82)
2513 (27, 83)
2514 (27, 84)
2515 (27, 85)
2516 (27, 86)
2517 (27, 87)
2518 (27, 88)
2519 (27, 89)
2520 (28, 0)
2521 (28, 1)
2522 (28, 2)
2523 (28, 3)
2524 (28, 4)
2525 (28, 5)
2526 (28, 6)
2527 (28, 7)
2528 (28, 8)
2529 (28, 9)
2530 (28, 10)
2531 (28, 11)
2532 (28, 12)
2533 (28, 13)
2534 (28, 14)
2535 (28, 15)
2536 (28, 16)
2537 (28, 17)
2538 (28, 18)
2539 (28, 19)
2540 (28, 20)
2541 (28, 21)
2542 (28, 22)
2543 (28, 23)
2544 (28, 24)
2545 (28, 25)
2546 (28, 26)
2547 (28, 27)
2548 (28, 28)
2549 (28, 29)
2550 (28, 30)
2551 (28, 31)
2552 (28, 32)
2553 (28, 33)
2554 (28, 34)
2555 (28, 35)
2556 (28, 36)
2557 (28, 37)
2558 (28, 38)
2559 (28, 39)
2560 (28, 40)
2561 (28, 41)
2562 (28, 42)
2563 (28, 43)
2564 (28, 44)
2565 (28, 45)
2566 (28, 46)
2567 (28, 47)
2568 (28, 48)
2569 (28, 49)
2570 (28, 50)
2571 (28, 51)
2572 (28, 52)
2573 (28, 53)
2574 (28, 54)
2575 (28, 55)
2576 (28, 56)
2577 (28, 57)
2578 (28, 58)
2579 (28, 59)
2580 (28, 60)
2581 (28, 61)
2582 (28, 62)
2583 (28, 63)
2584 (28, 64)
2585 (28, 65)
2586 (28, 66)
2587 (28, 67)
2588 (28, 68)
2589 (28, 69)
2590 (28, 70)
2591 (28, 71)
2592 (28, 72)
2593 (28, 73)
2594 (28, 74)
2595 (28, 75)
2596 (28, 76)
2597 (28, 77)
2598 (28, 78)
2599 (28, 79)
2600 (28, 80)
2601 (28, 81)
2602 (28, 82)
2603 (28, 83)
2604 (28, 84)
2605 (28, 85)
2606 (28, 86)
2607 (28, 87)
2608 (28, 88)
2609 (28, 89)
2610 (29, 0)
2611 (29, 1)
2612 (29, 2)
2613 (29, 3)
2614 (29, 4)
2615 (29, 5)
2616 (29, 6)
2617 (29, 7)
2618 (29, 8)
2619 (29, 9)
2620 (29, 10)
2621 (29, 11)
2622 (29, 12)
2623 (29, 13)
2624 (29, 14)
2625 (29, 15)
2626 (29, 16)
2627 (29, 17)
2628 (29, 18)
2629 (29, 19)
2630 (29, 20)
2631 (29, 21)
2632 (29, 22)
2633 (29, 23)
2634 (29, 24)
2635 (29, 25)
2636 (29, 26)
2637 (29, 27)
2638 (29, 28)
2639 (29, 29)
2640 (29, 30)
2641 (29, 31)
2642 (29, 32)
2643 (29, 33)
2644 (29, 34)
2645 (29, 35)
2646 (29, 36)
2647 (29, 37)
2648 (29, 38)
2649 (29, 39)
2650 (29, 40)
2651 (29, 41)
2652 (29, 42)
2653 (29, 43)
2654 (29, 44)
2655 (29, 45)
2656 (29, 46)
2657 (29, 47)
2658 (29, 48)
2659 (29, 49)
2660 (29, 50)
2661 (29, 51)
2662 (29, 52)
2663 (29, 53)
2664 (29, 54)
2665 (29, 55)
2666 (29, 56)
2667 (29, 57)
2668 (29, 58)
2669 (29, 59)
2670 (29, 60)
2671 (29, 61)
2672 (29, 62)
2673 (29, 63)
2674 (29, 64)
2675 (29, 65)
2676 (29, 66)
2677 (29, 67)
2678 (29, 68)
2679 (29, 69)
2680 (29, 70)
2681 (29, 71)
2682 (29, 72)
2683 (29, 73)
2684 (29, 74)
2685 (29, 75)
2686 (29, 76)
2687 (29, 77)
2688 (29, 78)
2689 (29, 79)
2690 (29, 80)
2691 (29, 81)
2692 (29, 82)
2693 (29, 83)
2694 (29, 84)
2695 (29, 85)
2696 (29, 86)
2697 (29, 87)
2698 (29, 88)
2699 (29, 89)
2700 (30, 0)
2701 (30, 1)
2702 (30, 2)
2703 (30, 3)
2704 (30, 4)
2705 (30, 5)
2706 (30, 6)
2707 (30, 7)
2708 (30, 8)
2709 (30, 9)
2710 (30, 10)
2711 (30, 11)
2712 (30, 12)
2713 (30, 13)
2714 (30, 14)
2715 (30, 15)
2716 (30, 16)
2717 (30, 17)
2718 (30, 18)
2719 (30, 19)
2720 (30, 20)
2721 (30, 21)
2722 (30, 22)
2723 (30, 23)
2724 (30, 24)
2725 (30, 25)
2726 (30, 26)
2727 (30, 27)
2728 (30, 28)
2729 (30, 29)
2730 (30, 30)
2731 (30, 31)
2732 (30, 32)
2733 (30, 33)
2734 (30, 34)
2735 (30, 35)
2736 (30, 36)
2737 (30, 37)
2738 (30, 38)
2739 (30, 39)
2740 (30, 40)
2741 (30, 41)
2742 (30, 42)
2743 (30, 43)
2744 (30, 44)
2745 (30, 45)
2746 (30, 46)
2747 (30, 47)
2748 (30, 48)
2749 (30, 49)
2750 (30, 50)
2751 (30, 51)
2752 (30, 52)
2753 (30, 53)
2754 (30, 54)
2755 (30, 55)
2756 (30, 56)
2757 (30, 57)
2758 (30, 58)
2759 (30, 59)
2760 (30, 60)
2761 (30, 61)
2762 (30, 62)
2763 (30, 63)
2764 (30, 64)
2765 (30, 65)
2766 (30, 66)
2767 (30, 67)
2768 (30, 68)
2769 (30, 69)
2770 (30, 70)
2771 (30, 71)
2772 (30, 72)
2773 (30, 73)
2774 (30, 74)
2775 (30, 75)
2776 (30, 76)
2777 (30, 77)
2778 (30, 78)
2779 (30, 79)
2780 (30, 80)
2781 (30, 81)
2782 (30, 82)
2783 (30, 83)
2784 (30, 84)
2785 (30, 85)
2786 (30, 86)
2787 (30, 87)
2788 (30, 88)
2789 (30, 89)
2790 (31, 0)
2791 (31, 1)
2792 (31, 2)
2793 (31, 3)
2794 (31, 4)
2795 (31, 5)
2796 (31, 6)
2797 (31, 7)
2798 (31, 8)
2799 (31, 9)
2800 (31, 10)
2801 (31, 11)
2802 (31, 12)
2803 (31, 13)
2804 (31, 14)
2805 (31, 15)
2806 (31, 16)
2807 (31, 17)
2808 (31, 18)
2809 (31, 19)
2810 (31, 20)
2811 (31, 21)
2812 (31, 22)
2813 (31, 23)
2814 (31, 24)
2815 (31, 25)
2816 (31, 26)
2817 (31, 27)
2818 (31, 28)
2819 (31, 29)
2820 (31, 30)
2821 (31, 31)
2822 (31, 32)
2823 (31, 33)
2824 (31, 34)
2825 (31, 35)
2826 (31, 36)
2827 (31, 37)
2828 (31, 38)
2829 (31, 39)
2830 (31, 40)
2831 (31, 41)
2832 (31, 42)
2833 (31, 43)
2834 (31, 44)
2835 (31, 45)
2836 (31, 46)
2837 (31, 47)
2838 (31, 48)
2839 (31, 49)
2840 (31, 50)
2841 (31, 51)
2842 (31, 52)
2843 (31, 53)
2844 (31, 54)
2845 (31, 55)
2846 (31, 56)
2847 (31, 57)
2848 (31, 58)
2849 (31, 59)
2850 (31, 60)
2851 (31, 61)
2852 (31, 62)
2853 (31, 63)
2854 (31, 64)
2855 (31, 65)
2856 (31, 66)
2857 (31, 67)
2858 (31, 68)
2859 (31, 69)
2860 (31, 70)
2861 (31, 71)
2862 (31, 72)
2863 (31, 73)
2864 (31, 74)
2865 (31, 75)
2866 (31, 76)
2867 (31, 77)
2868 (31, 78)
2869 (31, 79)
2870 (31, 80)
2871 (31, 81)
2872 (31, 82)
2873 (31, 83)
2874 (31, 84)
2875 (31, 85)
2876 (31, 86)
2877 (31, 87)
2878 (31, 88)
2879 (31, 89)
2880 (32, 0)
2881 (32, 1)
2882 (32, 2)
2883 (32, 3)
2884 (32, 4)
2885 (32, 5)
2886 (32, 6)
2887 (32, 7)
2888 (32, 8)
2889 (32, 9)
2890 (32, 10)
2891 (32, 11)
2892 (32, 12)
2893 (32, 13)
2894 (32, 14)
2895 (32, 15)
2896 (32, 16)
2897 (32, 17)
2898 (32, 18)
2899 (32, 19)
2900 (32, 20)
2901 (32, 21)
2902 (32, 22)
2903 (32, 23)
2904 (32, 24)
2905 (32, 25)
2906 (32, 26)
2907 (32, 27)
2908 (32, 28)
2909 (32, 29)
2910 (32, 30)
2911 (32, 31)
2912 (32, 32)
2913 (32, 33)
2914 (32, 34)
2915 (32, 35)
2916 (32, 36)
2917 (32, 37)
2918 (32, 38)
2919 (32, 39)
2920 (32, 40)
2921 (32, 41)
2922 (32, 42)
2923 (32, 43)
2924 (32, 44)
2925 (32, 45)
2926 (32, 46)
2927 (32, 47)
2928 (32, 48)
2929 (32, 49)
2930 (32, 50)
2931 (32, 51)
2932 (32, 52)
2933 (32, 53)
2934 (32, 54)
2935 (32, 55)
2936 (32, 56)
2937 (32, 57)
2938 (32, 58)
2939 (32, 59)
2940 (32, 60)
2941 (32, 61)
2942 (32, 62)
2943 (32, 63)
2944 (32, 64)
2945 (32, 65)
2946 (32, 66)
2947 (32, 67)
2948 (32, 68)
2949 (32, 69)
2950 (32, 70)
2951 (32, 71)
2952 (32, 72)
2953 (32, 73)
2954 (32, 74)
2955 (32, 75)
2956 (32, 76)
2957 (32, 77)
2958 (32, 78)
2959 (32, 79)
2960 (32, 80)
2961 (32, 81)
2962 (32, 82)
2963 (32, 83)
2964 (32, 84)
2965 (32, 85)
2966 (32, 86)
2967 (32, 87)
2968 (32, 88)
2969 (32, 89)
2970 (33, 0)
2971 (33, 1)
2972 (33, 2)
2973 (33, 3)
2974 (33, 4)
2975 (33, 5)
2976 (33, 6)
2977 (33, 7)
2978 (33, 8)
2979 (33, 9)
2980 (33, 10)
2981 (33, 11)
2982 (33, 12)
2983 (33, 13)
2984 (33, 14)
2985 (33, 15)
2986 (33, 16)
2987 (33, 17)
2988 (33, 18)
2989 (33, 19)
2990 (33, 20)
2991 (33, 21)
2992 (33, 22)
2993 (33, 23)
2994 (33, 24)
2995 (33, 25)
2996 (33, 26)
2997 (33, 27)
2998 (33, 28)
2999 (33, 29)
3000 (33, 30)
3001 (33, 31)
3002 (33, 32)
3003 (33, 33)
3004 (33, 34)
3005 (33, 35)
3006 (33, 36)
3007 (33, 37)
3008 (33, 38)
3009 (33, 39)
3010 (33, 40)
3011 (33, 41)
3012 (33, 42)
3013 (33, 43)
3014 (33, 44)
3015 (33, 45)
3016 (33, 46)
3017 (33, 47)
3018 (33, 48)
3019 (33, 49)
3020 (33, 50)
3021 (33, 51)
3022 (33, 52)
3023 (33, 53)
3024 (33, 54)
3025 (33, 55)
3026 (33, 56)
3027 (33, 57)
3028 (33, 58)
3029 (33, 59)
3030 (33, 60)
3031 (33, 61)
3032 (33, 62)
3033 (33, 63)
3034 (33, 64)
3035 (33, 65)
3036 (33, 66)
3037 (33, 67)
3038 (33, 68)
3039 (33, 69)
3040 (33, 70)
3041 (33, 71)
3042 (33, 72)
3043 (33, 73)
3044 (33, 74)
3045 (33, 75)
3046 (33, 76)
3047 (33, 77)
3048 (33, 78)
3049 (33, 79)
3050 (33, 80)
3051 (33, 81)
3052 (33, 82)
3053 (33, 83)
3054 (33, 84)
3055 (33, 85)
3056 (33, 86)
3057 (33, 87)
3058 (33, 88)
3059 (33, 89)
3060 (34, 0)
3061 (34, 1)
3062 (34, 2)
3063 (34, 3)
3064 (34, 4)
3065 (34, 5)
3066 (34, 6)
3067 (34, 7)
3068 (34, 8)
3069 (34, 9)
3070 (34, 10)
3071 (34, 11)
3072 (34, 12)
3073 (34, 13)
3074 (34, 14)
3075 (34, 15)
3076 (34, 16)
3077 (34, 17)
3078 (34, 18)
3079 (34, 19)
3080 (34, 20)
3081 (34, 21)
3082 (34, 22)
3083 (34, 23)
3084 (34, 24)
3085 (34, 25)
3086 (34, 26)
3087 (34, 27)
3088 (34, 28)
3089 (34, 29)
3090 (34, 30)
3091 (34, 31)
3092 (34, 32)
3093 (34, 33)
3094 (34, 34)
3095 (34, 35)
3096 (34, 36)
3097 (34, 37)
3098 (34, 38)
3099 (34, 39)
3100 (34, 40)
3101 (34, 41)
3102 (34, 42)
3103 (34, 43)
3104 (34, 44)
3105 (34, 45)
3106 (34, 46)
3107 (34, 47)
3108 (34, 48)
3109 (34, 49)
3110 (34, 50)
3111 (34, 51)
3112 (34, 52)
3113 (34, 53)
3114 (34, 54)
3115 (34, 55)
3116 (34, 56)
3117 (34, 57)
3118 (34, 58)
3119 (34, 59)
3120 (34, 60)
3121 (34, 61)
3122 (34, 62)
3123 (34, 63)
3124 (34, 64)
3125 (34, 65)
3126 (34, 66)
3127 (34, 67)
3128 (34, 68)
3129 (34, 69)
3130 (34, 70)
3131 (34, 71)
3132 (34, 72)
3133 (34, 73)
3134 (34, 74)
3135 (34, 75)
3136 (34, 76)
3137 (34, 77)
3138 (34, 78)
3139 (34, 79)
3140 (34, 80)
3141 (34, 81)
3142 (34, 82)
3143 (34, 83)
3144 (34, 84)
3145 (34, 85)
3146 (34, 86)
3147 (34, 87)
3148 (34, 88)
3149 (34, 89)
3150 (35, 0)
3151 (35, 1)
3152 (35, 2)
3153 (35, 3)
3154 (35, 4)
3155 (35, 5)
3156 (35, 6)
3157 (35, 7)
3158 (35, 8)
3159 (35, 9)
3160 (35, 10)
3161 (35, 11)
3162 (35, 12)
3163 (35, 13)
3164 (35, 14)
3165 (35, 15)
3166 (35, 16)
3167 (35, 17)
3168 (35, 18)
3169 (35, 19)
3170 (35, 20)
3171 (35, 21)
3172 (35, 22)
3173 (35, 23)
3174 (35, 24)
3175 (35, 25)
3176 (35, 26)
3177 (35, 27)
3178 (35, 28)
3179 (35, 29)
3180 (35, 30)
3181 (35, 31)
3182 (35, 32)
3183 (35, 33)
3184 (35, 34)
3185 (35, 35)
3186 (35, 36)
3187 (35, 37)
3188 (35, 38)
3189 (35, 39)
3190 (35, 40)
3191 (35, 41)
3192 (35, 42)
3193 (35, 43)
3194 (35, 44)
3195 (35, 45)
3196 (35, 46)
3197 (35, 47)
3198 (35, 48)
3199 (35, 49)
3200 (35, 50)
3201 (35, 51)
3202 (35, 52)
3203 (35, 53)
3204 (35, 54)
3205 (35, 55)
3206 (35, 56)
3207 (35, 57)
3208 (35, 58)
3209 (35, 59)
3210 (35, 60)
3211 (35, 61)
3212 (35, 62)
3213 (35, 63)
3214 (35, 64)
3215 (35, 65)
3216 (35, 66)
3217 (35, 67)
3218 (35, 68)
3219 (35, 69)
3220 (35, 70)
3221 (35, 71)
3222 (35, 72)
3223 (35, 73)
3224 (35, 74)
3225 (35, 75)
3226 (35, 76)
3227 (35, 77)
3228 (35, 78)
3229 (35, 79)
3230 (35, 80)
3231 (35, 81)
3232 (35, 82)
3233 (35, 83)
3234 (35, 84)
3235 (35, 85)
3236 (35, 86)
3237 (35, 87)
3238 (35, 88)
3239 (35, 89)
3240 (36, 0)
3241 (36, 1)
3242 (36, 2)
3243 (36, 3)
3244 (36, 4)
3245 (36, 5)
3246 (36, 6)
3247 (36, 7)
3248 (36, 8)
3249 (36, 9)
3250 (36, 10)
3251 (36, 11)
3252 (36, 12)
3253 (36, 13)
3254 (36, 14)
3255 (36, 15)
3256 (36, 16)
3257 (36, 17)
3258 (36, 18)
3259 (36, 19)
3260 (36, 20)
3261 (36, 21)
3262 (36, 22)
3263 (36, 23)
3264 (36, 24)
3265 (36, 25)
3266 (36, 26)
3267 (36, 27)
3268 (36, 28)
3269 (36, 29)
3270 (36, 30)
3271 (36, 31)
3272 (36, 32)
3273 (36, 33)
3274 (36, 34)
3275 (36, 35)
3276 (36, 36)
3277 (36, 37)
3278 (36, 38)
3279 (36, 39)
3280 (36, 40)
3281 (36, 41)
3282 (36, 42)
3283 (36, 43)
3284 (36, 44)
3285 (36, 45)
3286 (36, 46)
3287 (36, 47)
3288 (36, 48)
3289 (36, 49)
3290 (36, 50)
3291 (36, 51)
3292 (36, 52)
3293 (36, 53)
3294 (36, 54)
3295 (36, 55)
3296 (36, 56)
3297 (36, 57)
3298 (36, 58)
3299 (36, 59)
3300 (36, 60)
3301 (36, 61)
3302 (36, 62)
3303 (36, 63)
3304 (36, 64)
3305 (36, 65)
3306 (36, 66)
3307 (36, 67)
3308 (36, 68)
3309 (36, 69)
3310 (36, 70)
3311 (36, 71)
3312 (36, 72)
3313 (36, 73)
3314 (36, 74)
3315 (36, 75)
3316 (36, 76)
3317 (36, 77)
3318 (36, 78)
3319 (36, 79)
3320 (36, 80)
3321 (36, 81)
3322 (36, 82)
3323 (36, 83)
3324 (36, 84)
3325 (36, 85)
3326 (36, 86)
3327 (36, 87)
3328 (36, 88)
3329 (36, 89)
3330 (37, 0)
3331 (37, 1)
3332 (37, 2)
3333 (37, 3)
3334 (37, 4)
3335 (37, 5)
3336 (37, 6)
3337 (37, 7)
3338 (37, 8)
3339 (37, 9)
3340 (37, 10)
3341 (37, 11)
3342 (37, 12)
3343 (37, 13)
3344 (37, 14)
3345 (37, 15)
3346 (37, 16)
3347 (37, 17)
3348 (37, 18)
3349 (37, 19)
3350 (37, 20)
3351 (37, 21)
3352 (37, 22)
3353 (37, 23)
3354 (37, 24)
3355 (37, 25)
3356 (37, 26)
3357 (37, 27)
3358 (37, 28)
3359 (37, 29)
3360 (37, 30)
3361 (37, 31)
3362 (37, 32)
3363 (37, 33)
3364 (37, 34)
3365 (37, 35)
3366 (37, 36)
3367 (37, 37)
3368 (37, 38)
3369 (37, 39)
3370 (37, 40)
3371 (37, 41)
3372 (37, 42)
3373 (37, 43)
3374 (37, 44)
3375 (37, 45)
3376 (37, 46)
3377 (37, 47)
3378 (37, 48)
3379 (37, 49)
3380 (37, 50)
3381 (37, 51)
3382 (37, 52)
3383 (37, 53)
3384 (37, 54)
3385 (37, 55)
3386 (37, 56)
3387 (37, 57)
3388 (37, 58)
3389 (37, 59)
3390 (37, 60)
3391 (37, 61)
3392 (37, 62)
3393 (37, 63)
3394 (37, 64)
3395 (37, 65)
3396 (37, 66)
3397 (37, 67)
3398 (37, 68)
3399 (37, 69)
3400 (37, 70)
3401 (37, 71)
3402 (37, 72)
3403 (37, 73)
3404 (37, 74)
3405 (37, 75)
3406 (37, 76)
3407 (37, 77)
3408 (37, 78)
3409 (37, 79)
3410 (37, 80)
3411 (37, 81)
3412 (37, 82)
3413 (37, 83)
3414 (37, 84)
3415 (37, 85)
3416 (37, 86)
3417 (37, 87)
3418 (37, 88)
3419 (37, 89)
3420 (38, 0)
3421 (38, 1)
3422 (38, 2)
3423 (38, 3)
3424 (38, 4)
3425 (38, 5)
3426 (38, 6)
3427 (38, 7)
3428 (38, 8)
3429 (38, 9)
3430 (38, 10)
3431 (38, 11)
3432 (38, 12)
3433 (38, 13)
3434 (38, 14)
3435 (38, 15)
3436 (38, 16)
3437 (38, 17)
3438 (38, 18)
3439 (38, 19)
3440 (38, 20)
3441 (38, 21)
3442 (38, 22)
3443 (38, 23)
3444 (38, 24)
3445 (38, 25)
3446 (38, 26)
3447 (38, 27)
3448 (38, 28)
3449 (38, 29)
3450 (38, 30)
3451 (38, 31)
3452 (38, 32)
3453 (38, 33)
3454 (38, 34)
3455 (38, 35)
3456 (38, 36)
3457 (38, 37)
3458 (38, 38)
3459 (38, 39)
3460 (38, 40)
3461 (38, 41)
3462 (38, 42)
3463 (38, 43)
3464 (38, 44)
3465 (38, 45)
3466 (38, 46)
3467 (38, 47)
3468 (38, 48)
3469 (38, 49)
3470 (38, 50)
3471 (38, 51)
3472 (38, 52)
3473 (38, 53)
3474 (38, 54)
3475 (38, 55)
3476 (38, 56)
3477 (38, 57)
3478 (38, 58)
3479 (38, 59)
3480 (38, 60)
3481 (38, 61)
3482 (38, 62)
3483 (38, 63)
3484 (38, 64)
3485 (38, 65)
3486 (38, 66)
3487 (38, 67)
3488 (38, 68)
3489 (38, 69)
3490 (38, 70)
3491 (38, 71)
3492 (38, 72)
3493 (38, 73)
3494 (38, 74)
3495 (38, 75)
3496 (38, 76)
3497 (38, 77)
3498 (38, 78)
3499 (38, 79)
3500 (38, 80)
3501 (38, 81)
3502 (38, 82)
3503 (38, 83)
3504 (38, 84)
3505 (38, 85)
3506 (38, 86)
3507 (38, 87)
3508 (38, 88)
3509 (38, 89)
3510 (39, 0)
3511 (39, 1)
3512 (39, 2)
3513 (39, 3)
3514 (39, 4)
3515 (39, 5)
3516 (39, 6)
3517 (39, 7)
3518 (39, 8)
3519 (39, 9)
3520 (39, 10)
3521 (39, 11)
3522 (39, 12)
3523 (39, 13)
3524 (39, 14)
3525 (39, 15)
3526 (39, 16)
3527 (39, 17)
3528 (39, 18)
3529 (39, 19)
3530 (39, 20)
3531 (39, 21)
3532 (39, 22)
3533 (39, 23)
3534 (39, 24)
3535 (39, 25)
3536 (39, 26)
3537 (39, 27)
3538 (39, 28)
3539 (39, 29)
3540 (39, 30)
3541 (39, 31)
3542 (39, 32)
3543 (39, 33)
3544 (39, 34)
3545 (39, 35)
3546 (39, 36)
3547 (39, 37)
3548 (39, 38)
3549 (39, 39)
3550 (39, 40)
3551 (39, 41)
3552 (39, 42)
3553 (39, 43)
3554 (39, 44)
3555 (39, 45)
3556 (39, 46)
3557 (39, 47)
3558 (39, 48)
3559 (39, 49)
3560 (39, 50)
3561 (39, 51)
3562 (39, 52)
3563 (39, 53)
3564 (39, 54)
3565 (39, 55)
3566 (39, 56)
3567 (39, 57)
3568 (39, 58)
3569 (39, 59)
3570 (39, 60)
3571 (39, 61)
3572 (39, 62)
3573 (39, 63)
3574 (39, 64)
3575 (39, 65)
3576 (39, 66)
3577 (39, 67)
3578 (39, 68)
3579 (39, 69)
3580 (39, 70)
3581 (39, 71)
3582 (39, 72)
3583 (39, 73)
3584 (39, 74)
3585 (39, 75)
3586 (39, 76)
3587 (39, 77)
3588 (39, 78)
3589 (39, 79)
3590 (39, 80)
3591 (39, 81)
3592 (39, 82)
3593 (39, 83)
3594 (39, 84)
3595 (39, 85)
3596 (39, 86)
3597 (39, 87)
3598 (39, 88)
3599 (39, 89)
3600 (40, 0)
3601 (40, 1)
3602 (40, 2)
3603 (40, 3)
3604 (40, 4)
3605 (40, 5)
3606 (40, 6)
3607 (40, 7)
3608 (40, 8)
3609 (40, 9)
3610 (40, 10)
3611 (40, 11)
3612 (40, 12)
3613 (40, 13)
3614 (40, 14)
3615 (40, 15)
3616 (40, 16)
3617 (40, 17)
3618 (40, 18)
3619 (40, 19)
3620 (40, 20)
3621 (40, 21)
3622 (40, 22)
3623 (40, 23)
3624 (40, 24)
3625 (40, 25)
3626 (40, 26)
3627 (40, 27)
3628 (40, 28)
3629 (40, 29)
3630 (40, 30)
3631 (40, 31)
3632 (40, 32)
3633 (40, 33)
3634 (40, 34)
3635 (40, 35)
3636 (40, 36)
3637 (40, 37)
3638 (40, 38)
3639 (40, 39)
3640 (40, 40)
3641 (40, 41)
3642 (40, 42)
3643 (40, 43)
3644 (40, 44)
3645 (40, 45)
3646 (40, 46)
3647 (40, 47)
3648 (40, 48)
3649 (40, 49)
3650 (40, 50)
3651 (40, 51)
3652 (40, 52)
3653 (40, 53)
3654 (40, 54)
3655 (40, 55)
3656 (40, 56)
3657 (40, 57)
3658 (40, 58)
3659 (40, 59)
3660 (40, 60)
3661 (40, 61)
3662 (40, 62)
3663 (40, 63)
3664 (40, 64)
3665 (40, 65)
3666 (40, 66)
3667 (40, 67)
3668 (40, 68)
3669 (40, 69)
3670 (40, 70)
3671 (40, 71)
3672 (40, 72)
3673 (40, 73)
3674 (40, 74)
3675 (40, 75)
3676 (40, 76)
3677 (40, 77)
3678 (40, 78)
3679 (40, 79)
3680 (40, 80)
3681 (40, 81)
3682 (40, 82)
3683 (40, 83)
3684 (40, 84)
3685 (40, 85)
3686 (40, 86)
3687 (40, 87)
3688 (40, 88)
3689 (40, 89)
3690 (41, 0)
3691 (41, 1)
3692 (41, 2)
3693 (41, 3)
3694 (41, 4)
3695 (41, 5)
3696 (41, 6)
3697 (41, 7)
3698 (41, 8)
3699 (41, 9)
3700 (41, 10)
3701 (41, 11)
3702 (41, 12)
3703 (41, 13)
3704 (41, 14)
3705 (41, 15)
3706 (41, 16)
3707 (41, 17)
3708 (41, 18)
3709 (41, 19)
3710 (41, 20)
3711 (41, 21)
3712 (41, 22)
3713 (41, 23)
3714 (41, 24)
3715 (41, 25)
3716 (41, 26)
3717 (41, 27)
3718 (41, 28)
3719 (41, 29)
3720 (41, 30)
3721 (41, 31)
3722 (41, 32)
3723 (41, 33)
3724 (41, 34)
3725 (41, 35)
3726 (41, 36)
3727 (41, 37)
3728 (41, 38)
3729 (41, 39)
3730 (41, 40)
3731 (41, 41)
3732 (41, 42)
3733 (41, 43)
3734 (41, 44)
3735 (41, 45)
3736 (41, 46)
3737 (41, 47)
3738 (41, 48)
3739 (41, 49)
3740 (41, 50)
3741 (41, 51)
3742 (41, 52)
3743 (41, 53)
3744 (41, 54)
3745 (41, 55)
3746 (41, 56)
3747 (41, 57)
3748 (41, 58)
3749 (41, 59)
3750 (41, 60)
3751 (41, 61)
3752 (41, 62)
3753 (41, 63)
3754 (41, 64)
3755 (41, 65)
3756 (41, 66)
3757 (41, 67)
3758 (41, 68)
3759 (41, 69)
3760 (41, 70)
3761 (41, 71)
3762 (41, 72)
3763 (41, 73)
3764 (41, 74)
3765 (41, 75)
3766 (41, 76)
3767 (41, 77)
3768 (41, 78)
3769 (41, 79)
3770 (41, 80)
3771 (41, 81)
3772 (41, 82)
3773 (41, 83)
3774 (41, 84)
3775 (41, 85)
3776 (41, 86)
3777 (41, 87)
3778 (41, 88)
3779 (41, 89)
3780 (42, 0)
3781 (42, 1)
3782 (42, 2)
3783 (42, 3)
3784 (42, 4)
3785 (42, 5)
3786 (42, 6)
3787 (42, 7)
3788 (42, 8)
3789 (42, 9)
3790 (42, 10)
3791 (42, 11)
3792 (42, 12)
3793 (42, 13)
3794 (42, 14)
3795 (42, 15)
3796 (42, 16)
3797 (42, 17)
3798 (42, 18)
3799 (42, 19)
3800 (42, 20)
3801 (42, 21)
3802 (42, 22)
3803 (42, 23)
3804 (42, 24)
3805 (42, 25)
3806 (42, 26)
3807 (42, 27)
3808 (42, 28)
3809 (42, 29)
3810 (42, 30)
3811 (42, 31)
3812 (42, 32)
3813 (42, 33)
3814 (42, 34)
3815 (42, 35)
3816 (42, 36)
3817 (42, 37)
3818 (42, 38)
3819 (42, 39)
3820 (42, 40)
3821 (42, 41)
3822 (42, 42)
3823 (42, 43)
3824 (42, 44)
3825 (42, 45)
3826 (42, 46)
3827 (42, 47)
3828 (42, 48)
3829 (42, 49)
3830 (42, 50)
3831 (42, 51)
3832 (42, 52)
3833 (42, 53)
3834 (42, 54)
3835 (42, 55)
3836 (42, 56)
3837 (42, 57)
3838 (42, 58)
3839 (42, 59)
3840 (42, 60)
3841 (42, 61)
3842 (42, 62)
3843 (42, 63)
3844 (42, 64)
3845 (42, 65)
3846 (42, 66)
3847 (42, 67)
3848 (42, 68)
3849 (42, 69)
3850 (42, 70)
3851 (42, 71)
3852 (42, 72)
3853 (42, 73)
3854 (42, 74)
3855 (42, 75)
3856 (42, 76)
3857 (42, 77)
3858 (42, 78)
3859 (42, 79)
3860 (42, 80)
3861 (42, 81)
3862 (42, 82)
3863 (42, 83)
3864 (42, 84)
3865 (42, 85)
3866 (42, 86)
3867 (42, 87)
3868 (42, 88)
3869 (42, 89)
3870 (43, 0)
3871 (43, 1)
3872 (43, 2)
3873 (43, 3)
3874 (43, 4)
3875 (43, 5)
3876 (43, 6)
3877 (43, 7)
3878 (43, 8)
3879 (43, 9)
3880 (43, 10)
3881 (43, 11)
3882 (43, 12)
3883 (43, 13)
3884 (43, 14)
3885 (43, 15)
3886 (43, 16)
3887 (43, 17)
3888 (43, 18)
3889 (43, 19)
3890 (43, 20)
3891 (43, 21)
3892 (43, 22)
3893 (43, 23)
3894 (43, 24)
3895 (43, 25)
3896 (43, 26)
3897 (43, 27)
3898 (43, 28)
3899 (43, 29)
3900 (43, 30)
3901 (43, 31)
3902 (43, 32)
3903 (43, 33)
3904 (43, 34)
3905 (43, 35)
3906 (43, 36)
3907 (43, 37)
3908 (43, 38)
3909 (43, 39)
3910 (43, 40)
3911 (43, 41)
3912 (43, 42)
3913 (43, 43)
3914 (43, 44)
3915 (43, 45)
3916 (43, 46)
3917 (43, 47)
3918 (43, 48)
3919 (43, 49)
3920 (43, 50)
3921 (43, 51)
3922 (43, 52)
3923 (43, 53)
3924 (43, 54)
3925 (43, 55)
3926 (43, 56)
3927 (43, 57)
3928 (43, 58)
3929 (43, 59)
3930 (43, 60)
3931 (43, 61)
3932 (43, 62)
3933 (43, 63)
3934 (43, 64)
3935 (43, 65)
3936 (43, 66)
3937 (43, 67)
3938 (43, 68)
3939 (43, 69)
3940 (43, 70)
3941 (43, 71)
3942 (43, 72)
3943 (43, 73)
3944 (43, 74)
3945 (43, 75)
3946 (43, 76)
3947 (43, 77)
3948 (43, 78)
3949 (43, 79)
3950 (43, 80)
3951 (43, 81)
3952 (43, 82)
3953 (43, 83)
3954 (43, 84)
3955 (43, 85)
3956 (43, 86)
3957 (43, 87)
3958 (43, 88)
3959 (43, 89)
3960 (44, 0)
3961 (44, 1)
3962 (44, 2)
3963 (44, 3)
3964 (44, 4)
3965 (44, 5)
3966 (44, 6)
3967 (44, 7)
3968 (44, 8)
3969 (44, 9)
3970 (44, 10)
3971 (44, 11)
3972 (44, 12)
3973 (44, 13)
3974 (44, 14)
3975 (44, 15)
3976 (44, 16)
3977 (44, 17)
3978 (44, 18)
3979 (44, 19)
3980 (44, 20)
3981 (44, 21)
3982 (44, 22)
3983 (44, 23)
3984 (44, 24)
3985 (44, 25)
3986 (44, 26)
3987 (44, 27)
3988 (44, 28)
3989 (44, 29)
3990 (44, 30)
3991 (44, 31)
3992 (44, 32)
3993 (44, 33)
3994 (44, 34)
3995 (44, 35)
3996 (44, 36)
3997 (44, 37)
3998 (44, 38)
3999 (44, 39)
4000 (44, 40)
4001 (44, 41)
4002 (44, 42)
4003 (44, 43)
4004 (44, 44)
4005 (44, 45)
4006 (44, 46)
4007 (44, 47)
4008 (44, 48)
4009 (44, 49)
4010 (44, 50)
4011 (44, 51)
4012 (44, 52)
4013 (44, 53)
4014 (44, 54)
4015 (44, 55)
4016 (44, 56)
4017 (44, 57)
4018 (44, 58)
4019 (44, 59)
4020 (44, 60)
4021 (44, 61)
4022 (44, 62)
4023 (44, 63)
4024 (44, 64)
4025 (44, 65)
4026 (44, 66)
4027 (44, 67)
4028 (44, 68)
4029 (44, 69)
4030 (44, 70)
4031 (44, 71)
4032 (44, 72)
4033 (44, 73)
4034 (44, 74)
4035 (44, 75)
4036 (44, 76)
4037 (44, 77)
4038 (44, 78)
4039 (44, 79)
4040 (44, 80)
4041 (44, 81)
4042 (44, 82)
4043 (44, 83)
4044 (44, 84)
4045 (44, 85)
4046 (44, 86)
4047 (44, 87)
4048 (44, 88)
4049 (44, 89)
4050 (45, 0)
4051 (45, 1)
4052 (45, 2)
4053 (45, 3)
4054 (45, 4)
4055 (45, 5)
4056 (45, 6)
4057 (45, 7)
4058 (45, 8)
4059 (45, 9)
4060 (45, 10)
4061 (45, 11)
4062 (45, 12)
4063 (45, 13)
4064 (45, 14)
4065 (45, 15)
4066 (45, 16)
4067 (45, 17)
4068 (45, 18)
4069 (45, 19)
4070 (45, 20)
4071 (45, 21)
4072 (45, 22)
4073 (45, 23)
4074 (45, 24)
4075 (45, 25)
4076 (45, 26)
4077 (45, 27)
4078 (45, 28)
4079 (45, 29)
4080 (45, 30)
4081 (45, 31)
4082 (45, 32)
4083 (45, 33)
4084 (45, 34)
4085 (45, 35)
4086 (45, 36)
4087 (45, 37)
4088 (45, 38)
4089 (45, 39)
4090 (45, 40)
4091 (45, 41)
4092 (45, 42)
4093 (45, 43)
4094 (45, 44)
4095 (45, 45)
4096 (45, 46)
4097 (45, 47)
4098 (45, 48)
4099 (45, 49)
4100 (45, 50)
4101 (45, 51)
4102 (45, 52)
4103 (45, 53)
4104 (45, 54)
4105 (45, 55)
4106 (45, 56)
4107 (45, 57)
4108 (45, 58)
4109 (45, 59)
4110 (45, 60)
4111 (45, 61)
4112 (45, 62)
4113 (45, 63)
4114 (45, 64)
4115 (45, 65)
4116 (45, 66)
4117 (45, 67)
4118 (45, 68)
4119 (45, 69)
4120 (45, 70)
4121 (45, 71)
4122 (45, 72)
4123 (45, 73)
4124 (45, 74)
4125 (45, 75)
4126 (45, 76)
4127 (45, 77)
4128 (45, 78)
4129 (45, 79)
4130 (45, 80)
4131 (45, 81)
4132 (45, 82)
4133 (45, 83)
4134 (45, 84)
4135 (45, 85)
4136 (45, 86)
4137 (45, 87)
4138 (45, 88)
4139 (45, 89)
4140 (46, 0)
4141 (46, 1)
4142 (46, 2)
4143 (46, 3)
4144 (46, 4)
4145 (46, 5)
4146 (46, 6)
4147 (46, 7)
4148 (46, 8)
4149 (46, 9)
4150 (46, 10)
4151 (46, 11)
4152 (46, 12)
4153 (46, 13)
4154 (46, 14)
4155 (46, 15)
4156 (46, 16)
4157 (46, 17)
4158 (46, 18)
4159 (46, 19)
4160 (46, 20)
4161 (46, 21)
4162 (46, 22)
4163 (46, 23)
4164 (46, 24)
4165 (46, 25)
4166 (46, 26)
4167 (46, 27)
4168 (46, 28)
4169 (46, 29)
4170 (46, 30)
4171 (46, 31)
4172 (46, 32)
4173 (46, 33)
4174 (46, 34)
4175 (46, 35)
4176 (46, 36)
4177 (46, 37)
4178 (46, 38)
4179 (46, 39)
4180 (46, 40)
4181 (46, 41)
4182 (46, 42)
4183 (46, 43)
4184 (46, 44)
4185 (46, 45)
4186 (46, 46)
4187 (46, 47)
4188 (46, 48)
4189 (46, 49)
4190 (46, 50)
4191 (46, 51)
4192 (46, 52)
4193 (46, 53)
4194 (46, 54)
4195 (46, 55)
4196 (46, 56)
4197 (46, 57)
4198 (46, 58)
4199 (46, 59)
4200 (46, 60)
4201 (46, 61)
4202 (46, 62)
4203 (46, 63)
4204 (46, 64)
4205 (46, 65)
4206 (46, 66)
4207 (46, 67)
4208 (46, 68)
4209 (46, 69)
4210 (46, 70)
4211 (46, 71)
4212 (46, 72)
4213 (46, 73)
4214 (46, 74)
4215 (46, 75)
4216 (46, 76)
4217 (46, 77)
4218 (46, 78)
4219 (46, 79)
4220 (46, 80)
4221 (46, 81)
4222 (46, 82)
4223 (46, 83)
4224 (46, 84)
4225 (46, 85)
4226 (46, 86)
4227 (46, 87)
4228 (46, 88)
4229 (46, 89)
4230 (47, 0)
4231 (47, 1)
4232 (47, 2)
4233 (47, 3)
4234 (47, 4)
4235 (47, 5)
4236 (47, 6)
4237 (47, 7)
4238 (47, 8)
4239 (47, 9)
4240 (47, 10)
4241 (47, 11)
4242 (47, 12)
4243 (47, 13)
4244 (47, 14)
4245 (47, 15)
4246 (47, 16)
4247 (47, 17)
4248 (47, 18)
4249 (47, 19)
4250 (47, 20)
4251 (47, 21)
4252 (47, 22)
4253 (47, 23)
4254 (47, 24)
4255 (47, 25)
4256 (47, 26)
4257 (47, 27)
4258 (47, 28)
4259 (47, 29)
4260 (47, 30)
4261 (47, 31)
4262 (47, 32)
4263 (47, 33)
4264 (47, 34)
4265 (47, 35)
4266 (47, 36)
4267 (47, 37)
4268 (47, 38)
4269 (47, 39)
4270 (47, 40)
4271 (47, 41)
4272 (47, 42)
4273 (47, 43)
4274 (47, 44)
4275 (47, 45)
4276 (47, 46)
4277 (47, 47)
4278 (47, 48)
4279 (47, 49)
4280 (47, 50)
4281 (47, 51)
4282 (47, 52)
4283 (47, 53)
4284 (47, 54)
4285 (47, 55)
4286 (47, 56)
4287 (47, 57)
4288 (47, 58)
4289 (47, 59)
4290 (47, 60)
4291 (47, 61)
4292 (47, 62)
4293 (47, 63)
4294 (47, 64)
4295 (47, 65)
4296 (47, 66)
4297 (47, 67)
4298 (47, 68)
4299 (47, 69)
4300 (47, 70)
4301 (47, 71)
4302 (47, 72)
4303 (47, 73)
4304 (47, 74)
4305 (47, 75)
4306 (47, 76)
4307 (47, 77)
4308 (47, 78)
4309 (47, 79)
4310 (47, 80)
4311 (47, 81)
4312 (47, 82)
4313 (47, 83)
4314 (47, 84)
4315 (47, 85)
4316 (47, 86)
4317 (47, 87)
4318 (47, 88)
4319 (47, 89)
4320 (48, 0)
4321 (48, 1)
4322 (48, 2)
4323 (48, 3)
4324 (48, 4)
4325 (48, 5)
4326 (48, 6)
4327 (48, 7)
4328 (48, 8)
4329 (48, 9)
4330 (48, 10)
4331 (48, 11)
4332 (48, 12)
4333 (48, 13)
4334 (48, 14)
4335 (48, 15)
4336 (48, 16)
4337 (48, 17)
4338 (48, 18)
4339 (48, 19)
4340 (48, 20)
4341 (48, 21)
4342 (48, 22)
4343 (48, 23)
4344 (48, 24)
4345 (48, 25)
4346 (48, 26)
4347 (48, 27)
4348 (48, 28)
4349 (48, 29)
4350 (48, 30)
4351 (48, 31)
4352 (48, 32)
4353 (48, 33)
4354 (48, 34)
4355 (48, 35)
4356 (48, 36)
4357 (48, 37)
4358 (48, 38)
4359 (48, 39)
4360 (48, 40)
4361 (48, 41)
4362 (48, 42)
4363 (48, 43)
4364 (48, 44)
4365 (48, 45)
4366 (48, 46)
4367 (48, 47)
4368 (48, 48)
4369 (48, 49)
4370 (48, 50)
4371 (48, 51)
4372 (48, 52)
4373 (48, 53)
4374 (48, 54)
4375 (48, 55)
4376 (48, 56)
4377 (48, 57)
4378 (48, 58)
4379 (48, 59)
4380 (48, 60)
4381 (48, 61)
4382 (48, 62)
4383 (48, 63)
4384 (48, 64)
4385 (48, 65)
4386 (48, 66)
4387 (48, 67)
4388 (48, 68)
4389 (48, 69)
4390 (48, 70)
4391 (48, 71)
4392 (48, 72)
4393 (48, 73)
4394 (48, 74)
4395 (48, 75)
4396 (48, 76)
4397 (48, 77)
4398 (48, 78)
4399 (48, 79)
4400 (48, 80)
4401 (48, 81)
4402 (48, 82)
4403 (48, 83)
4404 (48, 84)
4405 (48, 85)
4406 (48, 86)
4407 (48, 87)
4408 (48, 88)
4409 (48, 89)
4410 (49, 0)
4411 (49, 1)
4412 (49, 2)
4413 (49, 3)
4414 (49, 4)
4415 (49, 5)
4416 (49, 6)
4417 (49, 7)
4418 (49, 8)
4419 (49, 9)
4420 (49, 10)
4421 (49, 11)
4422 (49, 12)
4423 (49, 13)
4424 (49, 14)
4425 (49, 15)
4426 (49, 16)
4427 (49, 17)
4428 (49, 18)
4429 (49, 19)
4430 (49, 20)
4431 (49, 21)
4432 (49, 22)
4433 (49, 23)
4434 (49, 24)
4435 (49, 25)
4436 (49, 26)
4437 (49, 27)
4438 (49, 28)
4439 (49, 29)
4440 (49, 30)
4441 (49, 31)
4442 (49, 32)
4443 (49, 33)
4444 (49, 34)
4445 (49, 35)
4446 (49, 36)
4447 (49, 37)
4448 (49, 38)
4449 (49, 39)
4450 (49, 40)
4451 (49, 41)
4452 (49, 42)
4453 (49, 43)
4454 (49, 44)
4455 (49, 45)
4456 (49, 46)
4457 (49, 47)
4458 (49, 48)
4459 (49, 49)
4460 (49, 50)
4461 (49, 51)
4462 (49, 52)
4463 (49, 53)
4464 (49, 54)
4465 (49, 55)
4466 (49, 56)
4467 (49, 57)
4468 (49, 58)
4469 (49, 59)
4470 (49, 60)
4471 (49, 61)
4472 (49, 62)
4473 (49, 63)
4474 (49, 64)
4475 (49, 65)
4476 (49, 66)
4477 (49, 67)
4478 (49, 68)
4479 (49, 69)
4480 (49, 70)
4481 (49, 71)
4482 (49, 72)
4483 (49, 73)
4484 (49, 74)
4485 (49, 75)
4486 (49, 76)
4487 (49, 77)
4488 (49, 78)
4489 (49, 79)
4490 (49, 80)
4491 (49, 81)
4492 (49, 82)
4493 (49, 83)
4494 (49, 84)
4495 (49, 85)
4496 (49, 86)
4497 (49, 87)
4498 (49, 88)
4499 (49, 89)
4500 (50, 0)
4501 (50, 1)
4502 (50, 2)
4503 (50, 3)
4504 (50, 4)
4505 (50, 5)
4506 (50, 6)
4507 (50, 7)
4508 (50, 8)
4509 (50, 9)
4510 (50, 10)
4511 (50, 11)
4512 (50, 12)
4513 (50, 13)
4514 (50, 14)
4515 (50, 15)
4516 (50, 16)
4517 (50, 17)
4518 (50, 18)
4519 (50, 19)
4520 (50, 20)
4521 (50, 21)
4522 (50, 22)
4523 (50, 23)
4524 (50, 24)
4525 (50, 25)
4526 (50, 26)
4527 (50, 27)
4528 (50, 28)
4529 (50, 29)
4530 (50, 30)
4531 (50, 31)
4532 (50, 32)
4533 (50, 33)
4534 (50, 34)
4535 (50, 35)
4536 (50, 36)
4537 (50, 37)
4538 (50, 38)
4539 (50, 39)
4540 (50, 40)
4541 (50, 41)
4542 (50, 42)
4543 (50, 43)
4544 (50, 44)
4545 (50, 45)
4546 (50, 46)
4547 (50, 47)
4548 (50, 48)
4549 (50, 49)
4550 (50, 50)
4551 (50, 51)
4552 (50, 52)
4553 (50, 53)
4554 (50, 54)
4555 (50, 55)
4556 (50, 56)
4557 (50, 57)
4558 (50, 58)
4559 (50, 59)
4560 (50, 60)
4561 (50, 61)
4562 (50, 62)
4563 (50, 63)
4564 (50, 64)
4565 (50, 65)
4566 (50, 66)
4567 (50, 67)
4568 (50, 68)
4569 (50, 69)
4570 (50, 70)
4571 (50, 71)
4572 (50, 72)
4573 (50, 73)
4574 (50, 74)
4575 (50, 75)
4576 (50, 76)
4577 (50, 77)
4578 (50, 78)
4579 (50, 79)
4580 (50, 80)
4581 (50, 81)
4582 (50, 82)
4583 (50, 83)
4584 (50, 84)
4585 (50, 85)
4586 (50, 86)
4587 (50, 87)
4588 (50, 88)
4589 (50, 89)
4590 (51, 0)
4591 (51, 1)
4592 (51, 2)
4593 (51, 3)
4594 (51, 4)
4595 (51, 5)
4596 (51, 6)
4597 (51, 7)
4598 (51, 8)
4599 (51, 9)
4600 (51, 10)
4601 (51, 11)
4602 (51, 12)
4603 (51, 13)
4604 (51, 14)
4605 (51, 15)
4606 (51, 16)
4607 (51, 17)
4608 (51, 18)
4609 (51, 19)
4610 (51, 20)
4611 (51, 21)
4612 (51, 22)
4613 (51, 23)
4614 (51, 24)
4615 (51, 25)
4616 (51, 26)
4617 (51, 27)
4618 (51, 28)
4619 (51, 29)
4620 (51, 30)
4621 (51, 31)
4622 (51, 32)
4623 (51, 33)
4624 (51, 34)
4625 (51, 35)
4626 (51, 36)
4627 (51, 37)
4628 (51, 38)
4629 (51, 39)
4630 (51, 40)
4631 (51, 41)
4632 (51, 42)
4633 (51, 43)
4634 (51, 44)
4635 (51, 45)
4636 (51, 46)
4637 (51, 47)
4638 (51, 48)
4639 (51, 49)
4640 (51, 50)
4641 (51, 51)
4642 (51, 52)
4643 (51, 53)
4644 (51, 54)
4645 (51, 55)
4646 (51, 56)
4647 (51, 57)
4648 (51, 58)
4649 (51, 59)
4650 (51, 60)
4651 (51, 61)
4652 (51, 62)
4653 (51, 63)
4654 (51, 64)
4655 (51, 65)
4656 (51, 66)
4657 (51, 67)
4658 (51, 68)
4659 (51, 69)
4660 (51, 70)
4661 (51, 71)
4662 (51, 72)
4663 (51, 73)
4664 (51, 74)
4665 (51, 75)
4666 (51, 76)
4667 (51, 77)
4668 (51, 78)
4669 (51, 79)
4670 (51, 80)
4671 (51, 81)
4672 (51, 82)
4673 (51, 83)
4674 (51, 84)
4675 (51, 85)
4676 (51, 86)
4677 (51, 87)
4678 (51, 88)
4679 (51, 89)
4680 (52, 0)
4681 (52, 1)
4682 (52, 2)
4683 (52, 3)
4684 (52, 4)
4685 (52, 5)
4686 (52, 6)
4687 (52, 7)
4688 (52, 8)
4689 (52, 9)
4690 (52, 10)
4691 (52, 11)
4692 (52, 12)
4693 (52, 13)
4694 (52, 14)
4695 (52, 15)
4696 (52, 16)
4697 (52, 17)
4698 (52, 18)
4699 (52, 19)
4700 (52, 20)
4701 (52, 21)
4702 (52, 22)
4703 (52, 23)
4704 (52, 24)
4705 (52, 25)
4706 (52, 26)
4707 (52, 27)
4708 (52, 28)
4709 (52, 29)
4710 (52, 30)
4711 (52, 31)
4712 (52, 32)
4713 (52, 33)
4714 (52, 34)
4715 (52, 35)
4716 (52, 36)
4717 (52, 37)
4718 (52, 38)
4719 (52, 39)
4720 (52, 40)
4721 (52, 41)
4722 (52, 42)
4723 (52, 43)
4724 (52, 44)
4725 (52, 45)
4726 (52, 46)
4727 (52, 47)
4728 (52, 48)
4729 (52, 49)
4730 (52, 50)
4731 (52, 51)
4732 (52, 52)
4733 (52, 53)
4734 (52, 54)
4735 (52, 55)
4736 (52, 56)
4737 (52, 57)
4738 (52, 58)
4739 (52, 59)
4740 (52, 60)
4741 (52, 61)
4742 (52, 62)
4743 (52, 63)
4744 (52, 64)
4745 (52, 65)
4746 (52, 66)
4747 (52, 67)
4748 (52, 68)
4749 (52, 69)
4750 (52, 70)
4751 (52, 71)
4752 (52, 72)
4753 (52, 73)
4754 (52, 74)
4755 (52, 75)
4756 (52, 76)
4757 (52, 77)
4758 (52, 78)
4759 (52, 79)
4760 (52, 80)
4761 (52, 81)
4762 (52, 82)
4763 (52, 83)
4764 (52, 84)
4765 (52, 85)
4766 (52, 86)
4767 (52, 87)
4768 (52, 88)
4769 (52, 89)
4770 (53, 0)
4771 (53, 1)
4772 (53, 2)
4773 (53, 3)
4774 (53, 4)
4775 (53, 5)
4776 (53, 6)
4777 (53, 7)
4778 (53, 8)
4779 (53, 9)
4780 (53, 10)
4781 (53, 11)
4782 (53, 12)
4783 (53, 13)
4784 (53, 14)
4785 (53, 15)
4786 (53, 16)
4787 (53, 17)
4788 (53, 18)
4789 (53, 19)
4790 (53, 20)
4791 (53, 21)
4792 (53, 22)
4793 (53, 23)
4794 (53, 24)
4795 (53, 25)
4796 (53, 26)
4797 (53, 27)
4798 (53, 28)
4799 (53, 29)
4800 (53, 30)
4801 (53, 31)
4802 (53, 32)
4803 (53, 33)
4804 (53, 34)
4805 (53, 35)
4806 (53, 36)
4807 (53, 37)
4808 (53, 38)
4809 (53, 39)
4810 (53, 40)
4811 (53, 41)
4812 (53, 42)
4813 (53, 43)
4814 (53, 44)
4815 (53, 45)
4816 (53, 46)
4817 (53, 47)
4818 (53, 48)
4819 (53, 49)
4820 (53, 50)
4821 (53, 51)
4822 (53, 52)
4823 (53, 53)
4824 (53, 54)
4825 (53, 55)
4826 (53, 56)
4827 (53, 57)
4828 (53, 58)
4829 (53, 59)
4830 (53, 60)
4831 (53, 61)
4832 (53, 62)
4833 (53, 63)
4834 (53, 64)
4835 (53, 65)
4836 (53, 66)
4837 (53, 67)
4838 (53, 68)
4839 (53, 69)
4840 (53, 70)
4841 (53, 71)
4842 (53, 72)
4843 (53, 73)
4844 (53, 74)
4845 (53, 75)
4846 (53, 76)
4847 (53, 77)
4848 (53, 78)
4849 (53, 79)
4850 (53, 80)
4851 (53, 81)
4852 (53, 82)
4853 (53, 83)
4854 (53, 84)
4855 (53, 85)
4856 (53, 86)
4857 (53, 87)
4858 (53, 88)
4859 (53, 89)
4860 (54, 0)
4861 (54, 1)
4862 (54, 2)
4863 (54, 3)
4864 (54, 4)
4865 (54, 5)
4866 (54, 6)
4867 (54, 7)
4868 (54, 8)
4869 (54, 9)
4870 (54, 10)
4871 (54, 11)
4872 (54, 12)
4873 (54, 13)
4874 (54, 14)
4875 (54, 15)
4876 (54, 16)
4877 (54, 17)
4878 (54, 18)
4879 (54, 19)
4880 (54, 20)
4881 (54, 21)
4882 (54, 22)
4883 (54, 23)
4884 (54, 24)
4885 (54, 25)
4886 (54, 26)
4887 (54, 27)
4888 (54, 28)
4889 (54, 29)
4890 (54, 30)
4891 (54, 31)
4892 (54, 32)
4893 (54, 33)
4894 (54, 34)
4895 (54, 35)
4896 (54, 36)
4897 (54, 37)
4898 (54, 38)
4899 (54, 39)
4900 (54, 40)
4901 (54, 41)
4902 (54, 42)
4903 (54, 43)
4904 (54, 44)
4905 (54, 45)
4906 (54, 46)
4907 (54, 47)
4908 (54, 48)
4909 (54, 49)
4910 (54, 50)
4911 (54, 51)
4912 (54, 52)
4913 (54, 53)
4914 (54, 54)
4915 (54, 55)
4916 (54, 56)
4917 (54, 57)
4918 (54, 58)
4919 (54, 59)
4920 (54, 60)
4921 (54, 61)
4922 (54, 62)
4923 (54, 63)
4924 (54, 64)
4925 (54, 65)
4926 (54, 66)
4927 (54, 67)
4928 (54, 68)
4929 (54, 69)
4930 (54, 70)
4931 (54, 71)
4932 (54, 72)
4933 (54, 73)
4934 (54, 74)
4935 (54, 75)
4936 (54, 76)
4937 (54, 77)
4938 (54, 78)
4939 (54, 79)
4940 (54, 80)
4941 (54, 81)
4942 (54, 82)
4943 (54, 83)
4944 (54, 84)
4945 (54, 85)
4946 (54, 86)
4947 (54, 87)
4948 (54, 88)
4949 (54, 89)
4950 (55, 0)
4951 (55, 1)
4952 (55, 2)
4953 (55, 3)
4954 (55, 4)
4955 (55, 5)
4956 (55, 6)
4957 (55, 7)
4958 (55, 8)
4959 (55, 9)
4960 (55, 10)
4961 (55, 11)
4962 (55, 12)
4963 (55, 13)
4964 (55, 14)
4965 (55, 15)
4966 (55, 16)
4967 (55, 17)
4968 (55, 18)
4969 (55, 19)
4970 (55, 20)
4971 (55, 21)
4972 (55, 22)
4973 (55, 23)
4974 (55, 24)
4975 (55, 25)
4976 (55, 26)
4977 (55, 27)
4978 (55, 28)
4979 (55, 29)
4980 (55, 30)
4981 (55, 31)
4982 (55, 32)
4983 (55, 33)
4984 (55, 34)
4985 (55, 35)
4986 (55, 36)
4987 (55, 37)
4988 (55, 38)
4989 (55, 39)
4990 (55, 40)
4991 (55, 41)
4992 (55, 42)
4993 (55, 43)
4994 (55, 44)
4995 (55, 45)
4996 (55, 46)
4997 (55, 47)
4998 (55, 48)
4999 (55, 49)
5000 (55, 50)
5001 (55, 51)
5002 (55, 52)
5003 (55, 53)
5004 (55, 54)
5005 (55, 55)
5006 (55, 56)
5007 (55, 57)
5008 (55, 58)
5009 (55, 59)
5010 (55, 60)
5011 (55, 61)
5012 (55, 62)
5013 (55, 63)
5014 (55, 64)
5015 (55, 65)
5016 (55, 66)
5017 (55, 67)
5018 (55, 68)
5019 (55, 69)
5020 (55, 70)
5021 (55, 71)
5022 (55, 72)
5023 (55, 73)
5024 (55, 74)
5025 (55, 75)
5026 (55, 76)
5027 (55, 77)
5028 (55, 78)
5029 (55, 79)
5030 (55, 80)
5031 (55, 81)
5032 (55, 82)
5033 (55, 83)
5034 (55, 84)
5035 (55, 85)
5036 (55, 86)
5037 (55, 87)
5038 (55, 88)
5039 (55, 89)
5040 (56, 0)
5041 (56, 1)
5042 (56, 2)
5043 (56, 3)
5044 (56, 4)
5045 (56, 5)
5046 (56, 6)
5047 (56, 7)
5048 (56, 8)
5049 (56, 9)
5050 (56, 10)
5051 (56, 11)
5052 (56, 12)
5053 (56, 13)
5054 (56, 14)
5055 (56, 15)
5056 (56, 16)
5057 (56, 17)
5058 (56, 18)
5059 (56, 19)
5060 (56, 20)
5061 (56, 21)
5062 (56, 22)
5063 (56, 23)
5064 (56, 24)
5065 (56, 25)
5066 (56, 26)
5067 (56, 27)
5068 (56, 28)
5069 (56, 29)
5070 (56, 30)
5071 (56, 31)
5072 (56, 32)
5073 (56, 33)
5074 (56, 34)
5075 (56, 35)
5076 (56, 36)
5077 (56, 37)
5078 (56, 38)
5079 (56, 39)
5080 (56, 40)
5081 (56, 41)
5082 (56, 42)
5083 (56, 43)
5084 (56, 44)
5085 (56, 45)
5086 (56, 46)
5087 (56, 47)
5088 (56, 48)
5089 (56, 49)
5090 (56, 50)
5091 (56, 51)
5092 (56, 52)
5093 (56, 53)
5094 (56, 54)
5095 (56, 55)
5096 (56, 56)
5097 (56, 57)
5098 (56, 58)
5099 (56, 59)
5100 (56, 60)
5101 (56, 61)
5102 (56, 62)
5103 (56, 63)
5104 (56, 64)
5105 (56, 65)
5106 (56, 66)
5107 (56, 67)
5108 (56, 68)
5109 (56, 69)
5110 (56, 70)
5111 (56, 71)
5112 (56, 72)
5113 (56, 73)
5114 (56, 74)
5115 (56, 75)
5116 (56, 76)
5117 (56, 77)
5118 (56, 78)
5119 (56, 79)
5120 (56, 80)
5121 (56, 81)
5122 (56, 82)
5123 (56, 83)
5124 (56, 84)
5125 (56, 85)
5126 (56, 86)
5127 (56, 87)
5128 (56, 88)
5129 (56, 89)
5130 (57, 0)
5131 (57, 1)
5132 (57, 2)
5133 (57, 3)
5134 (57, 4)
5135 (57, 5)
5136 (57, 6)
5137 (57, 7)
5138 (57, 8)
5139 (57, 9)
5140 (57, 10)
5141 (57, 11)
5142 (57, 12)
5143 (57, 13)
5144 (57, 14)
5145 (57, 15)
5146 (57, 16)
5147 (57, 17)
5148 (57, 18)
5149 (57, 19)
5150 (57, 20)
5151 (57, 21)
5152 (57, 22)
5153 (57, 23)
5154 (57, 24)
5155 (57, 25)
5156 (57, 26)
5157 (57, 27)
5158 (57, 28)
5159 (57, 29)
5160 (57, 30)
5161 (57, 31)
5162 (57, 32)
5163 (57, 33)
5164 (57, 34)
5165 (57, 35)
5166 (57, 36)
5167 (57, 37)
5168 (57, 38)
5169 (57, 39)
5170 (57, 40)
5171 (57, 41)
5172 (57, 42)
5173 (57, 43)
5174 (57, 44)
5175 (57, 45)
5176 (57, 46)
5177 (57, 47)
5178 (57, 48)
5179 (57, 49)
5180 (57, 50)
5181 (57, 51)
5182 (57, 52)
5183 (57, 53)
5184 (57, 54)
5185 (57, 55)
5186 (57, 56)
5187 (57, 57)
5188 (57, 58)
5189 (57, 59)
5190 (57, 60)
5191 (57, 61)
5192 (57, 62)
5193 (57, 63)
5194 (57, 64)
5195 (57, 65)
5196 (57, 66)
5197 (57, 67)
5198 (57, 68)
5199 (57, 69)
5200 (57, 70)
5201 (57, 71)
5202 (57, 72)
5203 (57, 73)
5204 (57, 74)
5205 (57, 75)
5206 (57, 76)
5207 (57, 77)
5208 (57, 78)
5209 (57, 79)
5210 (57, 80)
5211 (57, 81)
5212 (57, 82)
5213 (57, 83)
5214 (57, 84)
5215 (57, 85)
5216 (57, 86)
5217 (57, 87)
5218 (57, 88)
5219 (57, 89)
5220 (58, 0)
5221 (58, 1)
5222 (58, 2)
5223 (58, 3)
5224 (58, 4)
5225 (58, 5)
5226 (58, 6)
5227 (58, 7)
5228 (58, 8)
5229 (58, 9)
5230 (58, 10)
5231 (58, 11)
5232 (58, 12)
5233 (58, 13)
5234 (58, 14)
5235 (58, 15)
5236 (58, 16)
5237 (58, 17)
5238 (58, 18)
5239 (58, 19)
5240 (58, 20)
5241 (58, 21)
5242 (58, 22)
5243 (58, 23)
5244 (58, 24)
5245 (58, 25)
5246 (58, 26)
5247 (58, 27)
5248 (58, 28)
5249 (58, 29)
5250 (58, 30)
5251 (58, 31)
5252 (58, 32)
5253 (58, 33)
5254 (58, 34)
5255 (58, 35)
5256 (58, 36)
5257 (58, 37)
5258 (58, 38)
5259 (58, 39)
5260 (58, 40)
5261 (58, 41)
5262 (58, 42)
5263 (58, 43)
5264 (58, 44)
5265 (58, 45)
5266 (58, 46)
5267 (58, 47)
5268 (58, 48)
5269 (58, 49)
5270 (58, 50)
5271 (58, 51)
5272 (58, 52)
5273 (58, 53)
5274 (58, 54)
5275 (58, 55)
5276 (58, 56)
5277 (58, 57)
5278 (58, 58)
5279 (58, 59)
5280 (58, 60)
5281 (58, 61)
5282 (58, 62)
5283 (58, 63)
5284 (58, 64)
5285 (58, 65)
5286 (58, 66)
5287 (58, 67)
5288 (58, 68)
5289 (58, 69)
5290 (58, 70)
5291 (58, 71)
5292 (58, 72)
5293 (58, 73)
5294 (58, 74)
5295 (58, 75)
5296 (58, 76)
5297 (58, 77)
5298 (58, 78)
5299 (58, 79)
5300 (58, 80)
5301 (58, 81)
5302 (58, 82)
5303 (58, 83)
5304 (58, 84)
5305 (58, 85)
5306 (58, 86)
5307 (58, 87)
5308 (58, 88)
5309 (58, 89)
5310 (59, 0)
5311 (59, 1)
5312 (59, 2)
5313 (59, 3)
5314 (59, 4)
5315 (59, 5)
5316 (59, 6)
5317 (59, 7)
5318 (59, 8)
5319 (59, 9)
5320 (59, 10)
5321 (59, 11)
5322 (59, 12)
5323 (59, 13)
5324 (59, 14)
5325 (59, 15)
5326 (59, 16)
5327 (59, 17)
5328 (59, 18)
5329 (59, 19)
5330 (59, 20)
5331 (59, 21)
5332 (59, 22)
5333 (59, 23)
5334 (59, 24)
5335 (59, 25)
5336 (59, 26)
5337 (59, 27)
5338 (59, 28)
5339 (59, 29)
5340 (59, 30)
5341 (59, 31)
5342 (59, 32)
5343 (59, 33)
5344 (59, 34)
5345 (59, 35)
5346 (59, 36)
5347 (59, 37)
5348 (59, 38)
5349 (59, 39)
5350 (59, 40)
5351 (59, 41)
5352 (59, 42)
5353 (59, 43)
5354 (59, 44)
5355 (59, 45)
5356 (59, 46)
5357 (59, 47)
5358 (59, 48)
5359 (59, 49)
5360 (59, 50)
5361 (59, 51)
5362 (59, 52)
5363 (59, 53)
5364 (59, 54)
5365 (59, 55)
5366 (59, 56)
5367 (59, 57)
5368 (59, 58)
5369 (59, 59)
5370 (59, 60)
5371 (59, 61)
5372 (59, 62)
5373 (59, 63)
5374 (59, 64)
5375 (59, 65)
5376 (59, 66)
5377 (59, 67)
5378 (59, 68)
5379 (59, 69)
5380 (59, 70)
5381 (59, 71)
5382 (59, 72)
5383 (59, 73)
5384 (59, 74)
5385 (59, 75)
5386 (59, 76)
5387 (59, 77)
5388 (59, 78)
5389 (59, 79)
5390 (59, 80)
5391 (59, 81)
5392 (59, 82)
5393 (59, 83)
5394 (59, 84)
5395 (59, 85)
5396 (59, 86)
5397 (59, 87)
5398 (59, 88)
5399 (59, 89)
5400 (60, 0)
5401 (60, 1)
5402 (60, 2)
5403 (60, 3)
5404 (60, 4)
5405 (60, 5)
5406 (60, 6)
5407 (60, 7)
5408 (60, 8)
5409 (60, 9)
5410 (60, 10)
5411 (60, 11)
5412 (60, 12)
5413 (60, 13)
5414 (60, 14)
5415 (60, 15)
5416 (60, 16)
5417 (60, 17)
5418 (60, 18)
5419 (60, 19)
5420 (60, 20)
5421 (60, 21)
5422 (60, 22)
5423 (60, 23)
5424 (60, 24)
5425 (60, 25)
5426 (60, 26)
5427 (60, 27)
5428 (60, 28)
5429 (60, 29)
5430 (60, 30)
5431 (60, 31)
5432 (60, 32)
5433 (60, 33)
5434 (60, 34)
5435 (60, 35)
5436 (60, 36)
5437 (60, 37)
5438 (60, 38)
5439 (60, 39)
5440 (60, 40)
5441 (60, 41)
5442 (60, 42)
5443 (60, 43)
5444 (60, 44)
5445 (60, 45)
5446 (60, 46)
5447 (60, 47)
5448 (60, 48)
5449 (60, 49)
5450 (60, 50)
5451 (60, 51)
5452 (60, 52)
5453 (60, 53)
5454 (60, 54)
5455 (60, 55)
5456 (60, 56)
5457 (60, 57)
5458 (60, 58)
5459 (60, 59)
5460 (60, 60)
5461 (60, 61)
5462 (60, 62)
5463 (60, 63)
5464 (60, 64)
5465 (60, 65)
5466 (60, 66)
5467 (60, 67)
5468 (60, 68)
5469 (60, 69)
5470 (60, 70)
5471 (60, 71)
5472 (60, 72)
5473 (60, 73)
5474 (60, 74)
5475 (60, 75)
5476 (60, 76)
5477 (60, 77)
5478 (60, 78)
5479 (60, 79)
5480 (60, 80)
5481 (60, 81)
5482 (60, 82)
5483 (60, 83)
5484 (60, 84)
5485 (60, 85)
5486 (60, 86)
5487 (60, 87)
5488 (60, 88)
5489 (60, 89)
5490 (61, 0)
5491 (61, 1)
5492 (61, 2)
5493 (61, 3)
5494 (61, 4)
5495 (61, 5)
5496 (61, 6)
5497 (61, 7)
5498 (61, 8)
5499 (61, 9)
5500 (61, 10)
5501 (61, 11)
5502 (61, 12)
5503 (61, 13)
5504 (61, 14)
5505 (61, 15)
5506 (61, 16)
5507 (61, 17)
5508 (61, 18)
5509 (61, 19)
5510 (61, 20)
5511 (61, 21)
5512 (61, 22)
5513 (61, 23)
5514 (61, 24)
5515 (61, 25)
5516 (61, 26)
5517 (61, 27)
5518 (61, 28)
5519 (61, 29)
5520 (61, 30)
5521 (61, 31)
5522 (61, 32)
5523 (61, 33)
5524 (61, 34)
5525 (61, 35)
5526 (61, 36)
5527 (61, 37)
5528 (61, 38)
5529 (61, 39)
5530 (61, 40)
5531 (61, 41)
5532 (61, 42)
5533 (61, 43)
5534 (61, 44)
5535 (61, 45)
5536 (61, 46)
5537 (61, 47)
5538 (61, 48)
5539 (61, 49)
5540 (61, 50)
5541 (61, 51)
5542 (61, 52)
5543 (61, 53)
5544 (61, 54)
5545 (61, 55)
5546 (61, 56)
5547 (61, 57)
5548 (61, 58)
5549 (61, 59)
5550 (61, 60)
5551 (61, 61)
5552 (61, 62)
5553 (61, 63)
5554 (61, 64)
5555 (61, 65)
5556 (61, 66)
5557 (61, 67)
5558 (61, 68)
5559 (61, 69)
5560 (61, 70)
5561 (61, 71)
5562 (61, 72)
5563 (61, 73)
5564 (61, 74)
5565 (61, 75)
5566 (61, 76)
5567 (61, 77)
5568 (61, 78)
5569 (61, 79)
5570 (61, 80)
5571 (61, 81)
5572 (61, 82)
5573 (61, 83)
5574 (61, 84)
5575 (61, 85)
5576 (61, 86)
5577 (61, 87)
5578 (61, 88)
5579 (61, 89)
5580 (62, 0)
5581 (62, 1)
5582 (62, 2)
5583 (62, 3)
5584 (62, 4)
5585 (62, 5)
5586 (62, 6)
5587 (62, 7)
5588 (62, 8)
5589 (62, 9)
5590 (62, 10)
5591 (62, 11)
5592 (62, 12)
5593 (62, 13)
5594 (62, 14)
5595 (62, 15)
5596 (62, 16)
5597 (62, 17)
5598 (62, 18)
5599 (62, 19)
5600 (62, 20)
5601 (62, 21)
5602 (62, 22)
5603 (62, 23)
5604 (62, 24)
5605 (62, 25)
5606 (62, 26)
5607 (62, 27)
5608 (62, 28)
5609 (62, 29)
5610 (62, 30)
5611 (62, 31)
5612 (62, 32)
5613 (62, 33)
5614 (62, 34)
5615 (62, 35)
5616 (62, 36)
5617 (62, 37)
5618 (62, 38)
5619 (62, 39)
5620 (62, 40)
5621 (62, 41)
5622 (62, 42)
5623 (62, 43)
5624 (62, 44)
5625 (62, 45)
5626 (62, 46)
5627 (62, 47)
5628 (62, 48)
5629 (62, 49)
5630 (62, 50)
5631 (62, 51)
5632 (62, 52)
5633 (62, 53)
5634 (62, 54)
5635 (62, 55)
5636 (62, 56)
5637 (62, 57)
5638 (62, 58)
5639 (62, 59)
5640 (62, 60)
5641 (62, 61)
5642 (62, 62)
5643 (62, 63)
5644 (62, 64)
5645 (62, 65)
5646 (62, 66)
5647 (62, 67)
5648 (62, 68)
5649 (62, 69)
5650 (62, 70)
5651 (62, 71)
5652 (62, 72)
5653 (62, 73)
5654 (62, 74)
5655 (62, 75)
5656 (62, 76)
5657 (62, 77)
5658 (62, 78)
5659 (62, 79)
5660 (62, 80)
5661 (62, 81)
5662 (62, 82)
5663 (62, 83)
5664 (62, 84)
5665 (62, 85)
5666 (62, 86)
5667 (62, 87)
5668 (62, 88)
5669 (62, 89)
5670 (63, 0)
5671 (63, 1)
5672 (63, 2)
5673 (63, 3)
5674 (63, 4)
5675 (63, 5)
5676 (63, 6)
5677 (63, 7)
5678 (63, 8)
5679 (63, 9)
5680 (63, 10)
5681 (63, 11)
5682 (63, 12)
5683 (63, 13)
5684 (63, 14)
5685 (63, 15)
5686 (63, 16)
5687 (63, 17)
5688 (63, 18)
5689 (63, 19)
5690 (63, 20)
5691 (63, 21)
5692 (63, 22)
5693 (63, 23)
5694 (63, 24)
5695 (63, 25)
5696 (63, 26)
5697 (63, 27)
5698 (63, 28)
5699 (63, 29)
5700 (63, 30)
5701 (63, 31)
5702 (63, 32)
5703 (63, 33)
5704 (63, 34)
5705 (63, 35)
5706 (63, 36)
5707 (63, 37)
5708 (63, 38)
5709 (63, 39)
5710 (63, 40)
5711 (63, 41)
5712 (63, 42)
5713 (63, 43)
5714 (63, 44)
5715 (63, 45)
5716 (63, 46)
5717 (63, 47)
5718 (63, 48)
5719 (63, 49)
5720 (63, 50)
5721 (63, 51)
5722 (63, 52)
5723 (63, 53)
5724 (63, 54)
5725 (63, 55)
5726 (63, 56)
5727 (63, 57)
5728 (63, 58)
5729 (63, 59)
5730 (63, 60)
5731 (63, 61)
5732 (63, 62)
5733 (63, 63)
5734 (63, 64)
5735 (63, 65)
5736 (63, 66)
5737 (63, 67)
5738 (63, 68)
5739 (63, 69)
5740 (63, 70)
5741 (63, 71)
5742 (63, 72)
5743 (63, 73)
5744 (63, 74)
5745 (63, 75)
5746 (63, 76)
5747 (63, 77)
5748 (63, 78)
5749 (63, 79)
5750 (63, 80)
5751 (63, 81)
5752 (63, 82)
5753 (63, 83)
5754 (63, 84)
5755 (63, 85)
5756 (63, 86)
5757 (63, 87)
5758 (63, 88)
5759 (63, 89)
5760 (64, 0)
5761 (64, 1)
5762 (64, 2)
5763 (64, 3)
5764 (64, 4)
5765 (64, 5)
5766 (64, 6)
5767 (64, 7)
5768 (64, 8)
5769 (64, 9)
5770 (64, 10)
5771 (64, 11)
5772 (64, 12)
5773 (64, 13)
5774 (64, 14)
5775 (64, 15)
5776 (64, 16)
5777 (64, 17)
5778 (64, 18)
5779 (64, 19)
5780 (64, 20)
5781 (64, 21)
5782 (64, 22)
5783 (64, 23)
5784 (64, 24)
5785 (64, 25)
5786 (64, 26)
5787 (64, 27)
5788 (64, 28)
5789 (64, 29)
5790 (64, 30)
5791 (64, 31)
5792 (64, 32)
5793 (64, 33)
5794 (64, 34)
5795 (64, 35)
5796 (64, 36)
5797 (64, 37)
5798 (64, 38)
5799 (64, 39)
5800 (64, 40)
5801 (64, 41)
5802 (64, 42)
5803 (64, 43)
5804 (64, 44)
5805 (64, 45)
5806 (64, 46)
5807 (64, 47)
5808 (64, 48)
5809 (64, 49)
5810 (64, 50)
5811 (64, 51)
5812 (64, 52)
5813 (64, 53)
5814 (64, 54)
5815 (64, 55)
5816 (64, 56)
5817 (64, 57)
5818 (64, 58)
5819 (64, 59)
5820 (64, 60)
5821 (64, 61)
5822 (64, 62)
5823 (64, 63)
5824 (64, 64)
5825 (64, 65)
5826 (64, 66)
5827 (64, 67)
5828 (64, 68)
5829 (64, 69)
5830 (64, 70)
5831 (64, 71)
5832 (64, 72)
5833 (64, 73)
5834 (64, 74)
5835 (64, 75)
5836 (64, 76)
5837 (64, 77)
5838 (64, 78)
5839 (64, 79)
5840 (64, 80)
5841 (64, 81)
5842 (64, 82)
5843 (64, 83)
5844 (64, 84)
5845 (64, 85)
5846 (64, 86)
5847 (64, 87)
5848 (64, 88)
5849 (64, 89)
5850 (65, 0)
5851 (65, 1)
5852 (65, 2)
5853 (65, 3)
5854 (65, 4)
5855 (65, 5)
5856 (65, 6)
5857 (65, 7)
5858 (65, 8)
5859 (65, 9)
5860 (65, 10)
5861 (65, 11)
5862 (65, 12)
5863 (65, 13)
5864 (65, 14)
5865 (65, 15)
5866 (65, 16)
5867 (65, 17)
5868 (65, 18)
5869 (65, 19)
5870 (65, 20)
5871 (65, 21)
5872 (65, 22)
5873 (65, 23)
5874 (65, 24)
5875 (65, 25)
5876 (65, 26)
5877 (65, 27)
5878 (65, 28)
5879 (65, 29)
5880 (65, 30)
5881 (65, 31)
5882 (65, 32)
5883 (65, 33)
5884 (65, 34)
5885 (65, 35)
5886 (65, 36)
5887 (65, 37)
5888 (65, 38)
5889 (65, 39)
5890 (65, 40)
5891 (65, 41)
5892 (65, 42)
5893 (65, 43)
5894 (65, 44)
5895 (65, 45)
5896 (65, 46)
5897 (65, 47)
5898 (65, 48)
5899 (65, 49)
5900 (65, 50)
5901 (65, 51)
5902 (65, 52)
5903 (65, 53)
5904 (65, 54)
5905 (65, 55)
5906 (65, 56)
5907 (65, 57)
5908 (65, 58)
5909 (65, 59)
5910 (65, 60)
5911 (65, 61)
5912 (65, 62)
5913 (65, 63)
5914 (65, 64)
5915 (65, 65)
5916 (65, 66)
5917 (65, 67)
5918 (65, 68)
5919 (65, 69)
5920 (65, 70)
5921 (65, 71)
5922 (65, 72)
5923 (65, 73)
5924 (65, 74)
5925 (65, 75)
5926 (65, 76)
5927 (65, 77)
5928 (65, 78)
5929 (65, 79)
5930 (65, 80)
5931 (65, 81)
5932 (65, 82)
5933 (65, 83)
5934 (65, 84)
5935 (65, 85)
5936 (65, 86)
5937 (65, 87)
5938 (65, 88)
5939 (65, 89)
5940 (66, 0)
5941 (66, 1)
5942 (66, 2)
5943 (66, 3)
5944 (66, 4)
5945 (66, 5)
5946 (66, 6)
5947 (66, 7)
5948 (66, 8)
5949 (66, 9)
5950 (66, 10)
5951 (66, 11)
5952 (66, 12)
5953 (66, 13)
5954 (66, 14)
5955 (66, 15)
5956 (66, 16)
5957 (66, 17)
5958 (66, 18)
5959 (66, 19)
5960 (66, 20)
5961 (66, 21)
5962 (66, 22)
5963 (66, 23)
5964 (66, 24)
5965 (66, 25)
5966 (66, 26)
5967 (66, 27)
5968 (66, 28)
5969 (66, 29)
5970 (66, 30)
5971 (66, 31)
5972 (66, 32)
5973 (66, 33)
5974 (66, 34)
5975 (66, 35)
5976 (66, 36)
5977 (66, 37)
5978 (66, 38)
5979 (66, 39)
5980 (66, 40)
5981 (66, 41)
5982 (66, 42)
5983 (66, 43)
5984 (66, 44)
5985 (66, 45)
5986 (66, 46)
5987 (66, 47)
5988 (66, 48)
5989 (66, 49)
5990 (66, 50)
5991 (66, 51)
5992 (66, 52)
5993 (66, 53)
5994 (66, 54)
5995 (66, 55)
5996 (66, 56)
5997 (66, 57)
5998 (66, 58)
5999 (66, 59)
6000 (66, 60)
6001 (66, 61)
6002 (66, 62)
6003 (66, 63)
6004 (66, 64)
6005 (66, 65)
6006 (66, 66)
6007 (66, 67)
6008 (66, 68)
6009 (66, 69)
6010 (66, 70)
6011 (66, 71)
6012 (66, 72)
6013 (66, 73)
6014 (66, 74)
6015 (66, 75)
6016 (66, 76)
6017 (66, 77)
6018 (66, 78)
6019 (66, 79)
6020 (66, 80)
6021 (66, 81)
6022 (66, 82)
6023 (66, 83)
6024 (66, 84)
6025 (66, 85)
6026 (66, 86)
6027 (66, 87)
6028 (66, 88)
6029 (66, 89)
6030 (67, 0)
6031 (67, 1)
6032 (67, 2)
6033 (67, 3)
6034 (67, 4)
6035 (67, 5)
6036 (67, 6)
6037 (67, 7)
6038 (67, 8)
6039 (67, 9)
6040 (67, 10)
6041 (67, 11)
6042 (67, 12)
6043 (67, 13)
6044 (67, 14)
6045 (67, 15)
6046 (67, 16)
6047 (67, 17)
6048 (67, 18)
6049 (67, 19)
6050 (67, 20)
6051 (67, 21)
6052 (67, 22)
6053 (67, 23)
6054 (67, 24)
6055 (67, 25)
6056 (67, 26)
6057 (67, 27)
6058 (67, 28)
6059 (67, 29)
6060 (67, 30)
6061 (67, 31)
6062 (67, 32)
6063 (67, 33)
6064 (67, 34)
6065 (67, 35)
6066 (67, 36)
6067 (67, 37)
6068 (67, 38)
6069 (67, 39)
6070 (67, 40)
6071 (67, 41)
6072 (67, 42)
6073 (67, 43)
6074 (67, 44)
6075 (67, 45)
6076 (67, 46)
6077 (67, 47)
6078 (67, 48)
6079 (67, 49)
6080 (67, 50)
6081 (67, 51)
6082 (67, 52)
6083 (67, 53)
6084 (67, 54)
6085 (67, 55)
6086 (67, 56)
6087 (67, 57)
6088 (67, 58)
6089 (67, 59)
6090 (67, 60)
6091 (67, 61)
6092 (67, 62)
6093 (67, 63)
6094 (67, 64)
6095 (67, 65)
6096 (67, 66)
6097 (67, 67)
6098 (67, 68)
6099 (67, 69)
6100 (67, 70)
6101 (67, 71)
6102 (67, 72)
6103 (67, 73)
6104 (67, 74)
6105 (67, 75)
6106 (67, 76)
6107 (67, 77)
6108 (67, 78)
6109 (67, 79)
6110 (67, 80)
6111 (67, 81)
6112 (67, 82)
6113 (67, 83)
6114 (67, 84)
6115 (67, 85)
6116 (67, 86)
6117 (67, 87)
6118 (67, 88)
6119 (67, 89)
6120 (68, 0)
6121 (68, 1)
6122 (68, 2)
6123 (68, 3)
6124 (68, 4)
6125 (68, 5)
6126 (68, 6)
6127 (68, 7)
6128 (68, 8)
6129 (68, 9)
6130 (68, 10)
6131 (68, 11)
6132 (68, 12)
6133 (68, 13)
6134 (68, 14)
6135 (68, 15)
6136 (68, 16)
6137 (68, 17)
6138 (68, 18)
6139 (68, 19)
6140 (68, 20)
6141 (68, 21)
6142 (68, 22)
6143 (68, 23)
6144 (68, 24)
6145 (68, 25)
6146 (68, 26)
6147 (68, 27)
6148 (68, 28)
6149 (68, 29)
6150 (68, 30)
6151 (68, 31)
6152 (68, 32)
6153 (68, 33)
6154 (68, 34)
6155 (68, 35)
6156 (68, 36)
6157 (68, 37)
6158 (68, 38)
6159 (68, 39)
6160 (68, 40)
6161 (68, 41)
6162 (68, 42)
6163 (68, 43)
6164 (68, 44)
6165 (68, 45)
6166 (68, 46)
6167 (68, 47)
6168 (68, 48)
6169 (68, 49)
6170 (68, 50)
6171 (68, 51)
6172 (68, 52)
6173 (68, 53)
6174 (68, 54)
6175 (68, 55)
6176 (68, 56)
6177 (68, 57)
6178 (68, 58)
6179 (68, 59)
6180 (68, 60)
6181 (68, 61)
6182 (68, 62)
6183 (68, 63)
6184 (68, 64)
6185 (68, 65)
6186 (68, 66)
6187 (68, 67)
6188 (68, 68)
6189 (68, 69)
6190 (68, 70)
6191 (68, 71)
6192 (68, 72)
6193 (68, 73)
6194 (68, 74)
6195 (68, 75)
6196 (68, 76)
6197 (68, 77)
6198 (68, 78)
6199 (68, 79)
6200 (68, 80)
6201 (68, 81)
6202 (68, 82)
6203 (68, 83)
6204 (68, 84)
6205 (68, 85)
6206 (68, 86)
6207 (68, 87)
6208 (68, 88)
6209 (68, 89)
6210 (69, 0)
6211 (69, 1)
6212 (69, 2)
6213 (69, 3)
6214 (69, 4)
6215 (69, 5)
6216 (69, 6)
6217 (69, 7)
6218 (69, 8)
6219 (69, 9)
6220 (69, 10)
6221 (69, 11)
6222 (69, 12)
6223 (69, 13)
6224 (69, 14)
6225 (69, 15)
6226 (69, 16)
6227 (69, 17)
6228 (69, 18)
6229 (69, 19)
6230 (69, 20)
6231 (69, 21)
6232 (69, 22)
6233 (69, 23)
6234 (69, 24)
6235 (69, 25)
6236 (69, 26)
6237 (69, 27)
6238 (69, 28)
6239 (69, 29)
6240 (69, 30)
6241 (69, 31)
6242 (69, 32)
6243 (69, 33)
6244 (69, 34)
6245 (69, 35)
6246 (69, 36)
6247 (69, 37)
6248 (69, 38)
6249 (69, 39)
6250 (69, 40)
6251 (69, 41)
6252 (69, 42)
6253 (69, 43)
6254 (69, 44)
6255 (69, 45)
6256 (69, 46)
6257 (69, 47)
6258 (69, 48)
6259 (69, 49)
6260 (69, 50)
6261 (69, 51)
6262 (69, 52)
6263 (69, 53)
6264 (69, 54)
6265 (69, 55)
6266 (69, 56)
6267 (69, 57)
6268 (69, 58)
6269 (69, 59)
6270 (69, 60)
6271 (69, 61)
6272 (69, 62)
6273 (69, 63)
6274 (69, 64)
6275 (69, 65)
6276 (69, 66)
6277 (69, 67)
6278 (69, 68)
6279 (69, 69)
6280 (69, 70)
6281 (69, 71)
6282 (69, 72)
6283 (69, 73)
6284 (69, 74)
6285 (69, 75)
6286 (69, 76)
6287 (69, 77)
6288 (69, 78)
6289 (69, 79)
6290 (69, 80)
6291 (69, 81)
6292 (69, 82)
6293 (69, 83)
6294 (69, 84)
6295 (69, 85)
6296 (69, 86)
6297 (69, 87)
6298 (69, 88)
6299 (69, 89)
6300 (70, 0)
6301 (70, 1)
6302 (70, 2)
6303 (70, 3)
6304 (70, 4)
6305 (70, 5)
6306 (70, 6)
6307 (70, 7)
6308 (70, 8)
6309 (70, 9)
6310 (70, 10)
6311 (70, 11)
6312 (70, 12)
6313 (70, 13)
6314 (70, 14)
6315 (70, 15)
6316 (70, 16)
6317 (70, 17)
6318 (70, 18)
6319 (70, 19)
6320 (70, 20)
6321 (70, 21)
6322 (70, 22)
6323 (70, 23)
6324 (70, 24)
6325 (70, 25)
6326 (70, 26)
6327 (70, 27)
6328 (70, 28)
6329 (70, 29)
6330 (70, 30)
6331 (70, 31)
6332 (70, 32)
6333 (70, 33)
6334 (70, 34)
6335 (70, 35)
6336 (70, 36)
6337 (70, 37)
6338 (70, 38)
6339 (70, 39)
6340 (70, 40)
6341 (70, 41)
6342 (70, 42)
6343 (70, 43)
6344 (70, 44)
6345 (70, 45)
6346 (70, 46)
6347 (70, 47)
6348 (70, 48)
6349 (70, 49)
6350 (70, 50)
6351 (70, 51)
6352 (70, 52)
6353 (70, 53)
6354 (70, 54)
6355 (70, 55)
6356 (70, 56)
6357 (70, 57)
6358 (70, 58)
6359 (70, 59)
6360 (70, 60)
6361 (70, 61)
6362 (70, 62)
6363 (70, 63)
6364 (70, 64)
6365 (70, 65)
6366 (70, 66)
6367 (70, 67)
6368 (70, 68)
6369 (70, 69)
6370 (70, 70)
6371 (70, 71)
6372 (70, 72)
6373 (70, 73)
6374 (70, 74)
6375 (70, 75)
6376 (70, 76)
6377 (70, 77)
6378 (70, 78)
6379 (70, 79)
6380 (70, 80)
6381 (70, 81)
6382 (70, 82)
6383 (70, 83)
6384 (70, 84)
6385 (70, 85)
6386 (70, 86)
6387 (70, 87)
6388 (70, 88)
6389 (70, 89)
6390 (71, 0)
6391 (71, 1)
6392 (71, 2)
6393 (71, 3)
6394 (71, 4)
6395 (71, 5)
6396 (71, 6)
6397 (71, 7)
6398 (71, 8)
6399 (71, 9)
6400 (71, 10)
6401 (71, 11)
6402 (71, 12)
6403 (71, 13)
6404 (71, 14)
6405 (71, 15)
6406 (71, 16)
6407 (71, 17)
6408 (71, 18)
6409 (71, 19)
6410 (71, 20)
6411 (71, 21)
6412 (71, 22)
6413 (71, 23)
6414 (71, 24)
6415 (71, 25)
6416 (71, 26)
6417 (71, 27)
6418 (71, 28)
6419 (71, 29)
6420 (71, 30)
6421 (71, 31)
6422 (71, 32)
6423 (71, 33)
6424 (71, 34)
6425 (71, 35)
6426 (71, 36)
6427 (71, 37)
6428 (71, 38)
6429 (71, 39)
6430 (71, 40)
6431 (71, 41)
6432 (71, 42)
6433 (71, 43)
6434 (71, 44)
6435 (71, 45)
6436 (71, 46)
6437 (71, 47)
6438 (71, 48)
6439 (71, 49)
6440 (71, 50)
6441 (71, 51)
6442 (71, 52)
6443 (71, 53)
6444 (71, 54)
6445 (71, 55)
6446 (71, 56)
6447 (71, 57)
6448 (71, 58)
6449 (71, 59)
6450 (71, 60)
6451 (71, 61)
6452 (71, 62)
6453 (71, 63)
6454 (71, 64)
6455 (71, 65)
6456 (71, 66)
6457 (71, 67)
6458 (71, 68)
6459 (71, 69)
6460 (71, 70)
6461 (71, 71)
6462 (71, 72)
6463 (71, 73)
6464 (71, 74)
6465 (71, 75)
6466 (71, 76)
6467 (71, 77)
6468 (71, 78)
6469 (71, 79)
6470 (71, 80)
6471 (71, 81)
6472 (71, 82)
6473 (71, 83)
6474 (71, 84)
6475 (71, 85)
6476 (71, 86)
6477 (71, 87)
6478 (71, 88)
6479 (71, 89)
6480 (72, 0)
6481 (72, 1)
6482 (72, 2)
6483 (72, 3)
6484 (72, 4)
6485 (72, 5)
6486 (72, 6)
6487 (72, 7)
6488 (72, 8)
6489 (72, 9)
6490 (72, 10)
6491 (72, 11)
6492 (72, 12)
6493 (72, 13)
6494 (72, 14)
6495 (72, 15)
6496 (72, 16)
6497 (72, 17)
6498 (72, 18)
6499 (72, 19)
6500 (72, 20)
6501 (72, 21)
6502 (72, 22)
6503 (72, 23)
6504 (72, 24)
6505 (72, 25)
6506 (72, 26)
6507 (72, 27)
6508 (72, 28)
6509 (72, 29)
6510 (72, 30)
6511 (72, 31)
6512 (72, 32)
6513 (72, 33)
6514 (72, 34)
6515 (72, 35)
6516 (72, 36)
6517 (72, 37)
6518 (72, 38)
6519 (72, 39)
6520 (72, 40)
6521 (72, 41)
6522 (72, 42)
6523 (72, 43)
6524 (72, 44)
6525 (72, 45)
6526 (72, 46)
6527 (72, 47)
6528 (72, 48)
6529 (72, 49)
6530 (72, 50)
6531 (72, 51)
6532 (72, 52)
6533 (72, 53)
6534 (72, 54)
6535 (72, 55)
6536 (72, 56)
6537 (72, 57)
6538 (72, 58)
6539 (72, 59)
6540 (72, 60)
6541 (72, 61)
6542 (72, 62)
6543 (72, 63)
6544 (72, 64)
6545 (72, 65)
6546 (72, 66)
6547 (72, 67)
6548 (72, 68)
6549 (72, 69)
6550 (72, 70)
6551 (72, 71)
6552 (72, 72)
6553 (72, 73)
6554 (72, 74)
6555 (72, 75)
6556 (72, 76)
6557 (72, 77)
6558 (72, 78)
6559 (72, 79)
6560 (72, 80)
6561 (72, 81)
6562 (72, 82)
6563 (72, 83)
6564 (72, 84)
6565 (72, 85)
6566 (72, 86)
6567 (72, 87)
6568 (72, 88)
6569 (72, 89)
6570 (73, 0)
6571 (73, 1)
6572 (73, 2)
6573 (73, 3)
6574 (73, 4)
6575 (73, 5)
6576 (73, 6)
6577 (73, 7)
6578 (73, 8)
6579 (73, 9)
6580 (73, 10)
6581 (73, 11)
6582 (73, 12)
6583 (73, 13)
6584 (73, 14)
6585 (73, 15)
6586 (73, 16)
6587 (73, 17)
6588 (73, 18)
6589 (73, 19)
6590 (73, 20)
6591 (73, 21)
6592 (73, 22)
6593 (73, 23)
6594 (73, 24)
6595 (73, 25)
6596 (73, 26)
6597 (73, 27)
6598 (73, 28)
6599 (73, 29)
6600 (73, 30)
6601 (73, 31)
6602 (73, 32)
6603 (73, 33)
6604 (73, 34)
6605 (73, 35)
6606 (73, 36)
6607 (73, 37)
6608 (73, 38)
6609 (73, 39)
6610 (73, 40)
6611 (73, 41)
6612 (73, 42)
6613 (73, 43)
6614 (73, 44)
6615 (73, 45)
6616 (73, 46)
6617 (73, 47)
6618 (73, 48)
6619 (73, 49)
6620 (73, 50)
6621 (73, 51)
6622 (73, 52)
6623 (73, 53)
6624 (73, 54)
6625 (73, 55)
6626 (73, 56)
6627 (73, 57)
6628 (73, 58)
6629 (73, 59)
6630 (73, 60)
6631 (73, 61)
6632 (73, 62)
6633 (73, 63)
6634 (73, 64)
6635 (73, 65)
6636 (73, 66)
6637 (73, 67)
6638 (73, 68)
6639 (73, 69)
6640 (73, 70)
6641 (73, 71)
6642 (73, 72)
6643 (73, 73)
6644 (73, 74)
6645 (73, 75)
6646 (73, 76)
6647 (73, 77)
6648 (73, 78)
6649 (73, 79)
6650 (73, 80)
6651 (73, 81)
6652 (73, 82)
6653 (73, 83)
6654 (73, 84)
6655 (73, 85)
6656 (73, 86)
6657 (73, 87)
6658 (73, 88)
6659 (73, 89)
6660 (74, 0)
6661 (74, 1)
6662 (74, 2)
6663 (74, 3)
6664 (74, 4)
6665 (74, 5)
6666 (74, 6)
6667 (74, 7)
6668 (74, 8)
6669 (74, 9)
6670 (74, 10)
6671 (74, 11)
6672 (74, 12)
6673 (74, 13)
6674 (74, 14)
6675 (74, 15)
6676 (74, 16)
6677 (74, 17)
6678 (74, 18)
6679 (74, 19)
6680 (74, 20)
6681 (74, 21)
6682 (74, 22)
6683 (74, 23)
6684 (74, 24)
6685 (74, 25)
6686 (74, 26)
6687 (74, 27)
6688 (74, 28)
6689 (74, 29)
6690 (74, 30)
6691 (74, 31)
6692 (74, 32)
6693 (74, 33)
6694 (74, 34)
6695 (74, 35)
6696 (74, 36)
6697 (74, 37)
6698 (74, 38)
6699 (74, 39)
6700 (74, 40)
6701 (74, 41)
6702 (74, 42)
6703 (74, 43)
6704 (74, 44)
6705 (74, 45)
6706 (74, 46)
6707 (74, 47)
6708 (74, 48)
6709 (74, 49)
6710 (74, 50)
6711 (74, 51)
6712 (74, 52)
6713 (74, 53)
6714 (74, 54)
6715 (74, 55)
6716 (74, 56)
6717 (74, 57)
6718 (74, 58)
6719 (74, 59)
6720 (74, 60)
6721 (74, 61)
6722 (74, 62)
6723 (74, 63)
6724 (74, 64)
6725 (74, 65)
6726 (74, 66)
6727 (74, 67)
6728 (74, 68)
6729 (74, 69)
6730 (74, 70)
6731 (74, 71)
6732 (74, 72)
6733 (74, 73)
6734 (74, 74)
6735 (74, 75)
6736 (74, 76)
6737 (74, 77)
6738 (74, 78)
6739 (74, 79)
6740 (74, 80)
6741 (74, 81)
6742 (74, 82)
6743 (74, 83)
6744 (74, 84)
6745 (74, 85)
6746 (74, 86)
6747 (74, 87)
6748 (74, 88)
6749 (74, 89)
6750 (75, 0)
6751 (75, 1)
6752 (75, 2)
6753 (75, 3)
6754 (75, 4)
6755 (75, 5)
6756 (75, 6)
6757 (75, 7)
6758 (75, 8)
6759 (75, 9)
6760 (75, 10)
6761 (75, 11)
6762 (75, 12)
6763 (75, 13)
6764 (75, 14)
6765 (75, 15)
6766 (75, 16)
6767 (75, 17)
6768 (75, 18)
6769 (75, 19)
6770 (75, 20)
6771 (75, 21)
6772 (75, 22)
6773 (75, 23)
6774 (75, 24)
6775 (75, 25)
6776 (75, 26)
6777 (75, 27)
6778 (75, 28)
6779 (75, 29)
6780 (75, 30)
6781 (75, 31)
6782 (75, 32)
6783 (75, 33)
6784 (75, 34)
6785 (75, 35)
6786 (75, 36)
6787 (75, 37)
6788 (75, 38)
6789 (75, 39)
6790 (75, 40)
6791 (75, 41)
6792 (75, 42)
6793 (75, 43)
6794 (75, 44)
6795 (75, 45)
6796 (75, 46)
6797 (75, 47)
6798 (75, 48)
6799 (75, 49)
6800 (75, 50)
6801 (75, 51)
6802 (75, 52)
6803 (75, 53)
6804 (75, 54)
6805 (75, 55)
6806 (75, 56)
6807 (75, 57)
6808 (75, 58)
6809 (75, 59)
6810 (75, 60)
6811 (75, 61)
6812 (75, 62)
6813 (75, 63)
6814 (75, 64)
6815 (75, 65)
6816 (75, 66)
6817 (75, 67)
6818 (75, 68)
6819 (75, 69)
6820 (75, 70)
6821 (75, 71)
6822 (75, 72)
6823 (75, 73)
6824 (75, 74)
6825 (75, 75)
6826 (75, 76)
6827 (75, 77)
6828 (75, 78)
6829 (75, 79)
6830 (75, 80)
6831 (75, 81)
6832 (75, 82)
6833 (75, 83)
6834 (75, 84)
6835 (75, 85)
6836 (75, 86)
6837 (75, 87)
6838 (75, 88)
6839 (75, 89)
6840 (76, 0)
6841 (76, 1)
6842 (76, 2)
6843 (76, 3)
6844 (76, 4)
6845 (76, 5)
6846 (76, 6)
6847 (76, 7)
6848 (76, 8)
6849 (76, 9)
6850 (76, 10)
6851 (76, 11)
6852 (76, 12)
6853 (76, 13)
6854 (76, 14)
6855 (76, 15)
6856 (76, 16)
6857 (76, 17)
6858 (76, 18)
6859 (76, 19)
6860 (76, 20)
6861 (76, 21)
6862 (76, 22)
6863 (76, 23)
6864 (76, 24)
6865 (76, 25)
6866 (76, 26)
6867 (76, 27)
6868 (76, 28)
6869 (76, 29)
6870 (76, 30)
6871 (76, 31)
6872 (76, 32)
6873 (76, 33)
6874 (76, 34)
6875 (76, 35)
6876 (76, 36)
6877 (76, 37)
6878 (76, 38)
6879 (76, 39)
6880 (76, 40)
6881 (76, 41)
6882 (76, 42)
6883 (76, 43)
6884 (76, 44)
6885 (76, 45)
6886 (76, 46)
6887 (76, 47)
6888 (76, 48)
6889 (76, 49)
6890 (76, 50)
6891 (76, 51)
6892 (76, 52)
6893 (76, 53)
6894 (76, 54)
6895 (76, 55)
6896 (76, 56)
6897 (76, 57)
6898 (76, 58)
6899 (76, 59)
6900 (76, 60)
6901 (76, 61)
6902 (76, 62)
6903 (76, 63)
6904 (76, 64)
6905 (76, 65)
6906 (76, 66)
6907 (76, 67)
6908 (76, 68)
6909 (76, 69)
6910 (76, 70)
6911 (76, 71)
6912 (76, 72)
6913 (76, 73)
6914 (76, 74)
6915 (76, 75)
6916 (76, 76)
6917 (76, 77)
6918 (76, 78)
6919 (76, 79)
6920 (76, 80)
6921 (76, 81)
6922 (76, 82)
6923 (76, 83)
6924 (76, 84)
6925 (76, 85)
6926 (76, 86)
6927 (76, 87)
6928 (76, 88)
6929 (76, 89)
6930 (77, 0)
6931 (77, 1)
6932 (77, 2)
6933 (77, 3)
6934 (77, 4)
6935 (77, 5)
6936 (77, 6)
6937 (77, 7)
6938 (77, 8)
6939 (77, 9)
6940 (77, 10)
6941 (77, 11)
6942 (77, 12)
6943 (77, 13)
6944 (77, 14)
6945 (77, 15)
6946 (77, 16)
6947 (77, 17)
6948 (77, 18)
6949 (77, 19)
6950 (77, 20)
6951 (77, 21)
6952 (77, 22)
6953 (77, 23)
6954 (77, 24)
6955 (77, 25)
6956 (77, 26)
6957 (77, 27)
6958 (77, 28)
6959 (77, 29)
6960 (77, 30)
6961 (77, 31)
6962 (77, 32)
6963 (77, 33)
6964 (77, 34)
6965 (77, 35)
6966 (77, 36)
6967 (77, 37)
6968 (77, 38)
6969 (77, 39)
6970 (77, 40)
6971 (77, 41)
6972 (77, 42)
6973 (77, 43)
6974 (77, 44)
6975 (77, 45)
6976 (77, 46)
6977 (77, 47)
6978 (77, 48)
6979 (77, 49)
6980 (77, 50)
6981 (77, 51)
6982 (77, 52)
6983 (77, 53)
6984 (77, 54)
6985 (77, 55)
6986 (77, 56)
6987 (77, 57)
6988 (77, 58)
6989 (77, 59)
6990 (77, 60)
6991 (77, 61)
6992 (77, 62)
6993 (77, 63)
6994 (77, 64)
6995 (77, 65)
6996 (77, 66)
6997 (77, 67)
6998 (77, 68)
6999 (77, 69)
7000 (77, 70)
7001 (77, 71)
7002 (77, 72)
7003 (77, 73)
7004 (77, 74)
7005 (77, 75)
7006 (77, 76)
7007 (77, 77)
7008 (77, 78)
7009 (77, 79)
7010 (77, 80)
7011 (77, 81)
7012 (77, 82)
7013 (77, 83)
7014 (77, 84)
7015 (77, 85)
7016 (77, 86)
7017 (77, 87)
7018 (77, 88)
7019 (77, 89)
7020 (78, 0)
7021 (78, 1)
7022 (78, 2)
7023 (78, 3)
7024 (78, 4)
7025 (78, 5)
7026 (78, 6)
7027 (78, 7)
7028 (78, 8)
7029 (78, 9)
7030 (78, 10)
7031 (78, 11)
7032 (78, 12)
7033 (78, 13)
7034 (78, 14)
7035 (78, 15)
7036 (78, 16)
7037 (78, 17)
7038 (78, 18)
7039 (78, 19)
7040 (78, 20)
7041 (78, 21)
7042 (78, 22)
7043 (78, 23)
7044 (78, 24)
7045 (78, 25)
7046 (78, 26)
7047 (78, 27)
7048 (78, 28)
7049 (78, 29)
7050 (78, 30)
7051 (78, 31)
7052 (78, 32)
7053 (78, 33)
7054 (78, 34)
7055 (78, 35)
7056 (78, 36)
7057 (78, 37)
7058 (78, 38)
7059 (78, 39)
7060 (78, 40)
7061 (78, 41)
7062 (78, 42)
7063 (78, 43)
7064 (78, 44)
7065 (78, 45)
7066 (78, 46)
7067 (78, 47)
7068 (78, 48)
7069 (78, 49)
7070 (78, 50)
7071 (78, 51)
7072 (78, 52)
7073 (78, 53)
7074 (78, 54)
7075 (78, 55)
7076 (78, 56)
7077 (78, 57)
7078 (78, 58)
7079 (78, 59)
7080 (78, 60)
7081 (78, 61)
7082 (78, 62)
7083 (78, 63)
7084 (78, 64)
7085 (78, 65)
7086 (78, 66)
7087 (78, 67)
7088 (78, 68)
7089 (78, 69)
7090 (78, 70)
7091 (78, 71)
7092 (78, 72)
7093 (78, 73)
7094 (78, 74)
7095 (78, 75)
7096 (78, 76)
7097 (78, 77)
7098 (78, 78)
7099 (78, 79)
7100 (78, 80)
7101 (78, 81)
7102 (78, 82)
7103 (78, 83)
7104 (78, 84)
7105 (78, 85)
7106 (78, 86)
7107 (78, 87)
7108 (78, 88)
7109 (78, 89)
7110 (79, 0)
7111 (79, 1)
7112 (79, 2)
7113 (79, 3)
7114 (79, 4)
7115 (79, 5)
7116 (79, 6)
7117 (79, 7)
7118 (79, 8)
7119 (79, 9)
7120 (79, 10)
7121 (79, 11)
7122 (79, 12)
7123 (79, 13)
7124 (79, 14)
7125 (79, 15)
7126 (79, 16)
7127 (79, 17)
7128 (79, 18)
7129 (79, 19)
7130 (79, 20)
7131 (79, 21)
7132 (79, 22)
7133 (79, 23)
7134 (79, 24)
7135 (79, 25)
7136 (79, 26)
7137 (79, 27)
7138 (79, 28)
7139 (79, 29)
7140 (79, 30)
7141 (79, 31)
7142 (79, 32)
7143 (79, 33)
7144 (79, 34)
7145 (79, 35)
7146 (79, 36)
7147 (79, 37)
7148 (79, 38)
7149 (79, 39)
7150 (79, 40)
7151 (79, 41)
7152 (79, 42)
7153 (79, 43)
7154 (79, 44)
7155 (79, 45)
7156 (79, 46)
7157 (79, 47)
7158 (79, 48)
7159 (79, 49)
7160 (79, 50)
7161 (79, 51)
7162 (79, 52)
7163 (79, 53)
7164 (79, 54)
7165 (79, 55)
7166 (79, 56)
7167 (79, 57)
7168 (79, 58)
7169 (79, 59)
7170 (79, 60)
7171 (79, 61)
7172 (79, 62)
7173 (79, 63)
7174 (79, 64)
7175 (79, 65)
7176 (79, 66)
7177 (79, 67)
7178 (79, 68)
7179 (79, 69)
7180 (79, 70)
7181 (79, 71)
7182 (79, 72)
7183 (79, 73)
7184 (79, 74)
7185 (79, 75)
7186 (79, 76)
7187 (79, 77)
7188 (79, 78)
7189 (79, 79)
7190 (79, 80)
7191 (79, 81)
7192 (79, 82)
7193 (79, 83)
7194 (79, 84)
7195 (79, 85)
7196 (79, 86)
7197 (79, 87)
7198 (79, 88)
7199 (79, 89)
7200 (80, 0)
7201 (80, 1)
7202 (80, 2)
7203 (80, 3)
7204 (80, 4)
7205 (80, 5)
7206 (80, 6)
7207 (80, 7)
7208 (80, 8)
7209 (80, 9)
7210 (80, 10)
7211 (80, 11)
7212 (80, 12)
7213 (80, 13)
7214 (80, 14)
7215 (80, 15)
7216 (80, 16)
7217 (80, 17)
7218 (80, 18)
7219 (80, 19)
7220 (80, 20)
7221 (80, 21)
7222 (80, 22)
7223 (80, 23)
7224 (80, 24)
7225 (80, 25)
7226 (80, 26)
7227 (80, 27)
7228 (80, 28)
7229 (80, 29)
7230 (80, 30)
7231 (80, 31)
7232 (80, 32)
7233 (80, 33)
7234 (80, 34)
7235 (80, 35)
7236 (80, 36)
7237 (80, 37)
7238 (80, 38)
7239 (80, 39)
7240 (80, 40)
7241 (80, 41)
7242 (80, 42)
7243 (80, 43)
7244 (80, 44)
7245 (80, 45)
7246 (80, 46)
7247 (80, 47)
7248 (80, 48)
7249 (80, 49)
7250 (80, 50)
7251 (80, 51)
7252 (80, 52)
7253 (80, 53)
7254 (80, 54)
7255 (80, 55)
7256 (80, 56)
7257 (80, 57)
7258 (80, 58)
7259 (80, 59)
7260 (80, 60)
7261 (80, 61)
7262 (80, 62)
7263 (80, 63)
7264 (80, 64)
7265 (80, 65)
7266 (80, 66)
7267 (80, 67)
7268 (80, 68)
7269 (80, 69)
7270 (80, 70)
7271 (80, 71)
7272 (80, 72)
7273 (80, 73)
7274 (80, 74)
7275 (80, 75)
7276 (80, 76)
7277 (80, 77)
7278 (80, 78)
7279 (80, 79)
7280 (80, 80)
7281 (80, 81)
7282 (80, 82)
7283 (80, 83)
7284 (80, 84)
7285 (80, 85)
7286 (80, 86)
7287 (80, 87)
7288 (80, 88)
7289 (80, 89)
7290 (81, 0)
7291 (81, 1)
7292 (81, 2)
7293 (81, 3)
7294 (81, 4)
7295 (81, 5)
7296 (81, 6)
7297 (81, 7)
7298 (81, 8)
7299 (81, 9)
7300 (81, 10)
7301 (81, 11)
7302 (81, 12)
7303 (81, 13)
7304 (81, 14)
7305 (81, 15)
7306 (81, 16)
7307 (81, 17)
7308 (81, 18)
7309 (81, 19)
7310 (81, 20)
7311 (81, 21)
7312 (81, 22)
7313 (81, 23)
7314 (81, 24)
7315 (81, 25)
7316 (81, 26)
7317 (81, 27)
7318 (81, 28)
7319 (81, 29)
7320 (81, 30)
7321 (81, 31)
7322 (81, 32)
7323 (81, 33)
7324 (81, 34)
7325 (81, 35)
7326 (81, 36)
7327 (81, 37)
7328 (81, 38)
7329 (81, 39)
7330 (81, 40)
7331 (81, 41)
7332 (81, 42)
7333 (81, 43)
7334 (81, 44)
7335 (81, 45)
7336 (81, 46)
7337 (81, 47)
7338 (81, 48)
7339 (81, 49)
7340 (81, 50)
7341 (81, 51)
7342 (81, 52)
7343 (81, 53)
7344 (81, 54)
7345 (81, 55)
7346 (81, 56)
7347 (81, 57)
7348 (81, 58)
7349 (81, 59)
7350 (81, 60)
7351 (81, 61)
7352 (81, 62)
7353 (81, 63)
7354 (81, 64)
7355 (81, 65)
7356 (81, 66)
7357 (81, 67)
7358 (81, 68)
7359 (81, 69)
7360 (81, 70)
7361 (81, 71)
7362 (81, 72)
7363 (81, 73)
7364 (81, 74)
7365 (81, 75)
7366 (81, 76)
7367 (81, 77)
7368 (81, 78)
7369 (81, 79)
7370 (81, 80)
7371 (81, 81)
7372 (81, 82)
7373 (81, 83)
7374 (81, 84)
7375 (81, 85)
7376 (81, 86)
7377 (81, 87)
7378 (81, 88)
7379 (81, 89)
7380 (82, 0)
7381 (82, 1)
7382 (82, 2)
7383 (82, 3)
7384 (82, 4)
7385 (82, 5)
7386 (82, 6)
7387 (82, 7)
7388 (82, 8)
7389 (82, 9)
7390 (82, 10)
7391 (82, 11)
7392 (82, 12)
7393 (82, 13)
7394 (82, 14)
7395 (82, 15)
7396 (82, 16)
7397 (82, 17)
7398 (82, 18)
7399 (82, 19)
7400 (82, 20)
7401 (82, 21)
7402 (82, 22)
7403 (82, 23)
7404 (82, 24)
7405 (82, 25)
7406 (82, 26)
7407 (82, 27)
7408 (82, 28)
7409 (82, 29)
7410 (82, 30)
7411 (82, 31)
7412 (82, 32)
7413 (82, 33)
7414 (82, 34)
7415 (82, 35)
7416 (82, 36)
7417 (82, 37)
7418 (82, 38)
7419 (82, 39)
7420 (82, 40)
7421 (82, 41)
7422 (82, 42)
7423 (82, 43)
7424 (82, 44)
7425 (82, 45)
7426 (82, 46)
7427 (82, 47)
7428 (82, 48)
7429 (82, 49)
7430 (82, 50)
7431 (82, 51)
7432 (82, 52)
7433 (82, 53)
7434 (82, 54)
7435 (82, 55)
7436 (82, 56)
7437 (82, 57)
7438 (82, 58)
7439 (82, 59)
7440 (82, 60)
7441 (82, 61)
7442 (82, 62)
7443 (82, 63)
7444 (82, 64)
7445 (82, 65)
7446 (82, 66)
7447 (82, 67)
7448 (82, 68)
7449 (82, 69)
7450 (82, 70)
7451 (82, 71)
7452 (82, 72)
7453 (82, 73)
7454 (82, 74)
7455 (82, 75)
7456 (82, 76)
7457 (82, 77)
7458 (82, 78)
7459 (82, 79)
7460 (82, 80)
7461 (82, 81)
7462 (82, 82)
7463 (82, 83)
7464 (82, 84)
7465 (82, 85)
7466 (82, 86)
7467 (82, 87)
7468 (82, 88)
7469 (82, 89)
7470 (83, 0)
7471 (83, 1)
7472 (83, 2)
7473 (83, 3)
7474 (83, 4)
7475 (83, 5)
7476 (83, 6)
7477 (83, 7)
7478 (83, 8)
7479 (83, 9)
7480 (83, 10)
7481 (83, 11)
7482 (83, 12)
7483 (83, 13)
7484 (83, 14)
7485 (83, 15)
7486 (83, 16)
7487 (83, 17)
7488 (83, 18)
7489 (83, 19)
7490 (83, 20)
7491 (83, 21)
7492 (83, 22)
7493 (83, 23)
7494 (83, 24)
7495 (83, 25)
7496 (83, 26)
7497 (83, 27)
7498 (83, 28)
7499 (83, 29)
7500 (83, 30)
7501 (83, 31)
7502 (83, 32)
7503 (83, 33)
7504 (83, 34)
7505 (83, 35)
7506 (83, 36)
7507 (83, 37)
7508 (83, 38)
7509 (83, 39)
7510 (83, 40)
7511 (83, 41)
7512 (83, 42)
7513 (83, 43)
7514 (83, 44)
7515 (83, 45)
7516 (83, 46)
7517 (83, 47)
7518 (83, 48)
7519 (83, 49)
7520 (83, 50)
7521 (83, 51)
7522 (83, 52)
7523 (83, 53)
7524 (83, 54)
7525 (83, 55)
7526 (83, 56)
7527 (83, 57)
7528 (83, 58)
7529 (83, 59)
7530 (83, 60)
7531 (83, 61)
7532 (83, 62)
7533 (83, 63)
7534 (83, 64)
7535 (83, 65)
7536 (83, 66)
7537 (83, 67)
7538 (83, 68)
7539 (83, 69)
7540 (83, 70)
7541 (83, 71)
7542 (83, 72)
7543 (83, 73)
7544 (83, 74)
7545 (83, 75)
7546 (83, 76)
7547 (83, 77)
7548 (83, 78)
7549 (83, 79)
7550 (83, 80)
7551 (83, 81)
7552 (83, 82)
7553 (83, 83)
7554 (83, 84)
7555 (83, 85)
7556 (83, 86)
7557 (83, 87)
7558 (83, 88)
7559 (83, 89)
7560 (84, 0)
7561 (84, 1)
7562 (84, 2)
7563 (84, 3)
7564 (84, 4)
7565 (84, 5)
7566 (84, 6)
7567 (84, 7)
7568 (84, 8)
7569 (84, 9)
7570 (84, 10)
7571 (84, 11)
7572 (84, 12)
7573 (84, 13)
7574 (84, 14)
7575 (84, 15)
7576 (84, 16)
7577 (84, 17)
7578 (84, 18)
7579 (84, 19)
7580 (84, 20)
7581 (84, 21)
7582 (84, 22)
7583 (84, 23)
7584 (84, 24)
7585 (84, 25)
7586 (84, 26)
7587 (84, 27)
7588 (84, 28)
7589 (84, 29)
7590 (84, 30)
7591 (84, 31)
7592 (84, 32)
7593 (84, 33)
7594 (84, 34)
7595 (84, 35)
7596 (84, 36)
7597 (84, 37)
7598 (84, 38)
7599 (84, 39)
7600 (84, 40)
7601 (84, 41)
7602 (84, 42)
7603 (84, 43)
7604 (84, 44)
7605 (84, 45)
7606 (84, 46)
7607 (84, 47)
7608 (84, 48)
7609 (84, 49)
7610 (84, 50)
7611 (84, 51)
7612 (84, 52)
7613 (84, 53)
7614 (84, 54)
7615 (84, 55)
7616 (84, 56)
7617 (84, 57)
7618 (84, 58)
7619 (84, 59)
7620 (84, 60)
7621 (84, 61)
7622 (84, 62)
7623 (84, 63)
7624 (84, 64)
7625 (84, 65)
7626 (84, 66)
7627 (84, 67)
7628 (84, 68)
7629 (84, 69)
7630 (84, 70)
7631 (84, 71)
7632 (84, 72)
7633 (84, 73)
7634 (84, 74)
7635 (84, 75)
7636 (84, 76)
7637 (84, 77)
7638 (84, 78)
7639 (84, 79)
7640 (84, 80)
7641 (84, 81)
7642 (84, 82)
7643 (84, 83)
7644 (84, 84)
7645 (84, 85)
7646 (84, 86)
7647 (84, 87)
7648 (84, 88)
7649 (84, 89)
7650 (85, 0)
7651 (85, 1)
7652 (85, 2)
7653 (85, 3)
7654 (85, 4)
7655 (85, 5)
7656 (85, 6)
7657 (85, 7)
7658 (85, 8)
7659 (85, 9)
7660 (85, 10)
7661 (85, 11)
7662 (85, 12)
7663 (85, 13)
7664 (85, 14)
7665 (85, 15)
7666 (85, 16)
7667 (85, 17)
7668 (85, 18)
7669 (85, 19)
7670 (85, 20)
7671 (85, 21)
7672 (85, 22)
7673 (85, 23)
7674 (85, 24)
7675 (85, 25)
7676 (85, 26)
7677 (85, 27)
7678 (85, 28)
7679 (85, 29)
7680 (85, 30)
7681 (85, 31)
7682 (85, 32)
7683 (85, 33)
7684 (85, 34)
7685 (85, 35)
7686 (85, 36)
7687 (85, 37)
7688 (85, 38)
7689 (85, 39)
7690 (85, 40)
7691 (85, 41)
7692 (85, 42)
7693 (85, 43)
7694 (85, 44)
7695 (85, 45)
7696 (85, 46)
7697 (85, 47)
7698 (85, 48)
7699 (85, 49)
7700 (85, 50)
7701 (85, 51)
7702 (85, 52)
7703 (85, 53)
7704 (85, 54)
7705 (85, 55)
7706 (85, 56)
7707 (85, 57)
7708 (85, 58)
7709 (85, 59)
7710 (85, 60)
7711 (85, 61)
7712 (85, 62)
7713 (85, 63)
7714 (85, 64)
7715 (85, 65)
7716 (85, 66)
7717 (85, 67)
7718 (85, 68)
7719 (85, 69)
7720 (85, 70)
7721 (85, 71)
7722 (85, 72)
7723 (85, 73)
7724 (85, 74)
7725 (85, 75)
7726 (85, 76)
7727 (85, 77)
7728 (85, 78)
7729 (85, 79)
7730 (85, 80)
7731 (85, 81)
7732 (85, 82)
7733 (85, 83)
7734 (85, 84)
7735 (85, 85)
7736 (85, 86)
7737 (85, 87)
7738 (85, 88)
7739 (85, 89)
7740 (86, 0)
7741 (86, 1)
7742 (86, 2)
7743 (86, 3)
7744 (86, 4)
7745 (86, 5)
7746 (86, 6)
7747 (86, 7)
7748 (86, 8)
7749 (86, 9)
7750 (86, 10)
7751 (86, 11)
7752 (86, 12)
7753 (86, 13)
7754 (86, 14)
7755 (86, 15)
7756 (86, 16)
7757 (86, 17)
7758 (86, 18)
7759 (86, 19)
7760 (86, 20)
7761 (86, 21)
7762 (86, 22)
7763 (86, 23)
7764 (86, 24)
7765 (86, 25)
7766 (86, 26)
7767 (86, 27)
7768 (86, 28)
7769 (86, 29)
7770 (86, 30)
7771 (86, 31)
7772 (86, 32)
7773 (86, 33)
7774 (86, 34)
7775 (86, 35)
7776 (86, 36)
7777 (86, 37)
7778 (86, 38)
7779 (86, 39)
7780 (86, 40)
7781 (86, 41)
7782 (86, 42)
7783 (86, 43)
7784 (86, 44)
7785 (86, 45)
7786 (86, 46)
7787 (86, 47)
7788 (86, 48)
7789 (86, 49)
7790 (86, 50)
7791 (86, 51)
7792 (86, 52)
7793 (86, 53)
7794 (86, 54)
7795 (86, 55)
7796 (86, 56)
7797 (86, 57)
7798 (86, 58)
7799 (86, 59)
7800 (86, 60)
7801 (86, 61)
7802 (86, 62)
7803 (86, 63)
7804 (86, 64)
7805 (86, 65)
7806 (86, 66)
7807 (86, 67)
7808 (86, 68)
7809 (86, 69)
7810 (86, 70)
7811 (86, 71)
7812 (86, 72)
7813 (86, 73)
7814 (86, 74)
7815 (86, 75)
7816 (86, 76)
7817 (86, 77)
7818 (86, 78)
7819 (86, 79)
7820 (86, 80)
7821 (86, 81)
7822 (86, 82)
7823 (86, 83)
7824 (86, 84)
7825 (86, 85)
7826 (86, 86)
7827 (86, 87)
7828 (86, 88)
7829 (86, 89)
7830 (87, 0)
7831 (87, 1)
7832 (87, 2)
7833 (87, 3)
7834 (87, 4)
7835 (87, 5)
7836 (87, 6)
7837 (87, 7)
7838 (87, 8)
7839 (87, 9)
7840 (87, 10)
7841 (87, 11)
7842 (87, 12)
7843 (87, 13)
7844 (87, 14)
7845 (87, 15)
7846 (87, 16)
7847 (87, 17)
7848 (87, 18)
7849 (87, 19)
7850 (87, 20)
7851 (87, 21)
7852 (87, 22)
7853 (87, 23)
7854 (87, 24)
7855 (87, 25)
7856 (87, 26)
7857 (87, 27)
7858 (87, 28)
7859 (87, 29)
7860 (87, 30)
7861 (87, 31)
7862 (87, 32)
7863 (87, 33)
7864 (87, 34)
7865 (87, 35)
7866 (87, 36)
7867 (87, 37)
7868 (87, 38)
7869 (87, 39)
7870 (87, 40)
7871 (87, 41)
7872 (87, 42)
7873 (87, 43)
7874 (87, 44)
7875 (87, 45)
7876 (87, 46)
7877 (87, 47)
7878 (87, 48)
7879 (87, 49)
7880 (87, 50)
7881 (87, 51)
7882 (87, 52)
7883 (87, 53)
7884 (87, 54)
7885 (87, 55)
7886 (87, 56)
7887 (87, 57)
7888 (87, 58)
7889 (87, 59)
7890 (87, 60)
7891 (87, 61)
7892 (87, 62)
7893 (87, 63)
7894 (87, 64)
7895 (87, 65)
7896 (87, 66)
7897 (87, 67)
7898 (87, 68)
7899 (87, 69)
7900 (87, 70)
7901 (87, 71)
7902 (87, 72)
7903 (87, 73)
7904 (87, 74)
7905 (87, 75)
7906 (87, 76)
7907 (87, 77)
7908 (87, 78)
7909 (87, 79)
7910 (87, 80)
7911 (87, 81)
7912 (87, 82)
7913 (87, 83)
7914 (87, 84)
7915 (87, 85)
7916 (87, 86)
7917 (87, 87)
7918 (87, 88)
7919 (87, 89)
7920 (88, 0)
7921 (88, 1)
7922 (88, 2)
7923 (88, 3)
7924 (88, 4)
7925 (88, 5)
7926 (88, 6)
7927 (88, 7)
7928 (88, 8)
7929 (88, 9)
7930 (88, 10)
7931 (88, 11)
7932 (88, 12)
7933 (88, 13)
7934 (88, 14)
7935 (88, 15)
7936 (88, 16)
7937 (88, 17)
7938 (88, 18)
7939 (88, 19)
7940 (88, 20)
7941 (88, 21)
7942 (88, 22)
7943 (88, 23)
7944 (88, 24)
7945 (88, 25)
7946 (88, 26)
7947 (88, 27)
7948 (88, 28)
7949 (88, 29)
7950 (88, 30)
7951 (88, 31)
7952 (88, 32)
7953 (88, 33)
7954 (88, 34)
7955 (88, 35)
7956 (88, 36)
7957 (88, 37)
7958 (88, 38)
7959 (88, 39)
7960 (88, 40)
7961 (88, 41)
7962 (88, 42)
7963 (88, 43)
7964 (88, 44)
7965 (88, 45)
7966 (88, 46)
7967 (88, 47)
7968 (88, 48)
7969 (88, 49)
7970 (88, 50)
7971 (88, 51)
7972 (88, 52)
7973 (88, 53)
7974 (88, 54)
7975 (88, 55)
7976 (88, 56)
7977 (88, 57)
7978 (88, 58)
7979 (88, 59)
7980 (88, 60)
7981 (88, 61)
7982 (88, 62)
7983 (88, 63)
7984 (88, 64)
7985 (88, 65)
7986 (88, 66)
7987 (88, 67)
7988 (88, 68)
7989 (88, 69)
7990 (88, 70)
7991 (88, 71)
7992 (88, 72)
7993 (88, 73)
7994 (88, 74)
7995 (88, 75)
7996 (88, 76)
7997 (88, 77)
7998 (88, 78)
7999 (88, 79)
8000 (88, 80)
8001 (88, 81)
8002 (88, 82)
8003 (88, 83)
8004 (88, 84)
8005 (88, 85)
8006 (88, 86)
8007 (88, 87)
8008 (88, 88)
8009 (88, 89)
8010 (89, 0)
8011 (89, 1)
8012 (89, 2)
8013 (89, 3)
8014 (89, 4)
8015 (89, 5)
8016 (89, 6)
8017 (89, 7)
8018 (89, 8)
8019 (89, 9)
8020 (89, 10)
8021 (89, 11)
8022 (89, 12)
8023 (89, 13)
8024 (89, 14)
8025 (89, 15)
8026 (89, 16)
8027 (89, 17)
8028 (89, 18)
8029 (89, 19)
8030 (89, 20)
8031 (89, 21)
8032 (89, 22)
8033 (89, 23)
8034 (89, 24)
8035 (89, 25)
8036 (89, 26)
8037 (89, 27)
8038 (89, 28)
8039 (89, 29)
8040 (89, 30)
8041 (89, 31)
8042 (89, 32)
8043 (89, 33)
8044 (89, 34)
8045 (89, 35)
8046 (89, 36)
8047 (89, 37)
8048 (89, 38)
8049 (89, 39)
8050 (89, 40)
8051 (89, 41)
8052 (89, 42)
8053 (89, 43)
8054 (89, 44)
8055 (89, 45)
8056 (89, 46)
8057 (89, 47)
8058 (89, 48)
8059 (89, 49)
8060 (89, 50)
8061 (89, 51)
8062 (89, 52)
8063 (89, 53)
8064 (89, 54)
8065 (89, 55)
8066 (89, 56)
8067 (89, 57)
8068 (89, 58)
8069 (89, 59)
8070 (89, 60)
8071 (89, 61)
8072 (89, 62)
8073 (89, 63)
8074 (89, 64)
8075 (89, 65)
8076 (89, 66)
8077 (89, 67)
8078 (89, 68)
8079 (89, 69)
8080 (89, 70)
8081 (89, 71)
8082 (89, 72)
8083 (89, 73)
8084 (89, 74)
8085 (89, 75)
8086 (89, 76)
8087 (89, 77)
8088 (89, 78)
8089 (89, 79)
8090 (89, 80)
8091 (89, 81)
8092 (89, 82)
8093 (89, 83)
8094 (89, 84)
8095 (89, 85)
8096 (89, 86)
8097 (89, 87)
8098 (89, 88)
8099 (89, 89)
0 1 90
1 0 2 91
2 1 3 92
3 2 4 93
4 3 5 94
5 4 6 95
6 5 7 96
7 6 8 97
8 7
9 10 99
10 9 100
11 101
12 13 102
13 12 14 103
14 13 15 104
15 14 16 105
16 15 17 106
17 16 18 107
18 17 108
19 20 109
20 19 21 110
21 20 22 111
22 21 112
23 24 113
24 23 114
25 26 115
26 25 116
27 28 117
28 27 29
29 28 30 119
30 29 31 120
31 30 32 121
32 31 33 122
33 32 34 123
34 33 35
35 34 36 125
36 35 37 126
37 36 38 127
38 37 39 128
39 38 40
40 39 41 130
41 40 42
42 41 43 132
43 42 44 133
44 43 45 134
45 44 46 135
46 45 136
47 48 137
48 47 49 138
49 48 139
50 51 140
51 50 52 141
52 51 53 142
53 52 54 143
54 53 55 144
55 54 56 145
56 55 57 146
57 56 58 147
58 57 59 148
59 58 60 149
60 59 61 150
61 60 62 151
62 61 63 152
63 62 153
64 65 154
65 64 66 155
66 65 67
67 66 157
68 69 158
69 68 70 159
70 69 71 160
71 70 72 161
72 71 73
73 72 74 163
74 73 75 164
75 74 76
76 75 77 166
77 76 78 167
78 77 79 168
79 78 80 169
80 79 81 170
81 80 82 171
82 81 172
83 84 173
84 83 85 174
85 84 86 175
86 85 87 176
87 86 88
88 87 89 178
89 88 179
90 0 180
91 1 92 181
92 2 91 93 182
93 3 92 94 183
94 4 93 95
95 5 94 96
96 6 95 97 186
97 7 96 98 187
98 97 99
99 9 98
100 10 101
101 11 100 102 191
102 12 101 103 192
103 13 102 104 193
104 14 103 105 194
105 15 104 106
106 16 105 107 196
107 17 106 108 197
108 18 107 109 198
109 19 108 110 199
110 20 109 200
111 21 112 201
112 22 111 113 202
113 23 112 114
114 24 113 115 204
115 25 114 116 205
116 26 115 117 206
117 27 116 118 207
118 117 119 208
119 29 118 209
120 30 121 210
121 31 120 122 211
122 32 121 123
123 33 122 213
124 125 214
125 35 124 126 215
126 36 125 127 216
127 37 126 128 217
128 38 127 129 218
129 128 130 219
130 40 129 131 220
131 130 132 221
132 42 131 222
133 43 134 223
134 44 133 224
135 45 136 225
136 46 135 137 226
137 47 136 138 227
138 48 137 139
139 49 138 229
140 50 141
141 51 140 142 231
142 52 141 143
143 53 142 144 233
144 54 143 234
145 55 146 235
146 56 145 147 236
147 57 146 148 237
148 58 147 149 238
149 59 148 150 239
150 60 149 151 240
151 61 150 152 241
152 62 151 153
153 63 152 154 243
154 64 153 155 244
155 65 154 156 245
156 155 246
157 67 158 247
158 68 157 159
159 69 158 160 249
160 70 159 161 250
161 71 160 162 251
162 161 163 252
163 73 162 164 253
164 74 163 254
165 255
166 76 167 256
167 77 166 168 257
168 78 167 169 258
169 79 168 170 259
170 80 169 171 260
171 81 170 172 261
172 82 171 173 262
173 83 172 174 263
174 84 173 175
175 85 174 176 265
176 86 175 177 266
177 176 178 267
178 88 177 179 268
179 89 178 269
180 90
181 91 182 271
182 92 181 183 272
183 93 182 184 273
184 183 185 274
185 184 275
186 96 187
187 97 186 277
188 189 278
189 188 190 279
190 189 191 280
191 101 190 192 281
192 102 191 193 282
193 103 192 283
194 104 195 284
195 194 196 285
196 106 195 197
197 107 196 198 287
198 108 197
199 109 200 289
200 110 199 201
201 111 200 202 291
202 112 201 203 292
203 202 204 293
204 114 203 294
205 115 206 295
206 116 205 207 296
207 117 206 297
208 118 209 298
209 119 208 210 299
210 120 209 211 300
211 121 210 212 301
212 211 213 302
213 123 212 214 303
214 124 213 215 304
215 125 214 216 305
216 126 215 217 306
217 127 216 218 307
218 128 217 219 308
219 129 218 220
220 130 219 221
221 131 220 222
222 132 221 223 312
223 133 222 224 313
224 134 223 225 314
225 135 224 226 315
226 136 225 227 316
227 137 226 228 317
228 227 229 318
229 139 228 230 319
230 229 231 320
231 141 230 232 321
232 231 233 322
233 143 232 234 323
234 144 233 235 324
235 145 234 236 325
236 146 235 237 326
237 147 236 238 327
238 148 237 239 328
239 149 238 240 329
240 150 239 241 330
241 151 240 242 331
242 241 243 332
243 153 242 333
244 154 245 334
245 155 244 335
246 156 247 336
247 157 246
248 249
249 159 248 250 339
250 160 249 251 340
251 161 250 252 341
252 162 251 253 342
253 163 252 254
254 164 253 255 344
255 165 254 256 345
256 166 255 257 346
257 167 256 258 347
258 168 257 259 348
259 169 258 260
260 170 259 261 350
261 171 260 262 351
262 172 261 263 352
263 173 262 264 353
264 263 265 354
265 175 264 266 355
266 176 265 267 356
267 177 266 268 357
268 178 267 269 358
269 179 268 359
270 271 360
271 181 270 272 361
272 182 271 273 362
273 183 272 274 363
274 184 273 275
275 185 274 276 365
276 275 277 366
277 187 276 367
278 188 279 368
279 189 278 280 369
280 190 279 370
281 191 282 371
282 192 281 283 372
283 193 282 284
284 194 283 285 374
285 195 284 286 375
286 285 287 376
287 197 286 288 377
288 287 289 378
289 199 288 290 379
290 289 291 380
291 201 290 381
292 202 293 382
293 203 292 294 383
294 204 293 295 384
295 205 294 296 385
296 206 295 297 386
297 207 296 298 387
298 208 297 299 388
299 209 298 300
300 210 299 301 390
301 211 300 302 391
302 212 301 303 392
303 213 302 304
304 214 303 305 394
305 215 304 395
306 216 307 396
307 217 306 308 397
308 218 307 309 398
309 308 310 399
310 309 311 400
311 310 312 401
312 222 311 313 402
313 223 312 403
314 224 404
315 225 316 405
316 226 315 317 406
317 227 316 318 407
318 228 317 319 408
319 229 318 320
320 230 319 321 410
321 231 320 322 411
322 232 321 323
323 233 322 324 413
324 234 323 325
325 235 324 326 415
326 236 325 327 416
327 237 326 328 417
328 238 327 329 418
329 239 328 419
330 240 331 420
331 241 330 332 421
332 242 331 333 422
333 243 332 423
334 244 335 424
335 245 334 336 425
336 246 335 337
337 336 338 427
338 337 339
339 249 338 340 429
340 250 339 341 430
341 251 340 342 431
342 252 341 343 432
343 342 344 433
344 254 343 345
345 255 344 346 435
346 256 345 347 436
347 257 346 348 437
348 258 347 349 438
349 348 350 439
350 260 349 351 440
351 261 350 352 441
352 262 351 353 442
353 263 352 354 443
354 264 353 355 444
355 265 354 356 445
356 266 355 357 446
357 267 356 358 447
358 268 357 359
359 269 358 449
360 270 450
361 271 362
362 272 361 363
363 273 362 364 453
364 363 365 454
365 275 364 366 455
366 276 365 367 456
367 277 366 368
368 278 367 369 458
369 279 368 459
370 280 371 460
371 281 370 372 461
372 282 371 373
373 372 374 463
374 284 373 375 464
375 285 374 376 465
376 286 375 377 466
377 287 376 378 467
378 288 377 379 468
379 289 378 380 469
380 290 379 381 470
381 291 380 382 471
382 292 381 383 472
383 293 382 384 473
384 294 383 385 474
385 295 384 386 475
386 296 385 387 476
387 297 386 388 477
388 298 387 389 478
389 388 390 479
390 300 389 391 480
391 301 390 392 481
392 302 391 393 482
393 392 394 483
394 304 393 395 484
395 305 394 396 485
396 306 395 397 486
397 307 396
398 308 488
399 309 400 489
400 310 399 401 490
401 311 400 402 491
402 312 401 403 492
403 313 402 404 493
404 314 403 405 494
405 315 404 406 495
406 316 405 407 496
407 317 406 408
408 318 407 409 498
409 408 410 499
410 320 409 411 500
411 321 410 412 501
412 411 413 502
413 323 412 503
414 415 504
415 325 414 416
416 326 415 417 506
417 327 416 418 507
418 328 417 419 508
419 329 418 420 509
420 330 419 421 510
421 331 420 422
422 332 421 423 512
423 333 422 424 513
424 334 423 425 514
425 335 424 426 515
426 425 516
427 337 428 517
428 427 518
429 339 430 519
430 340 429 431 520
431 341 430 432
432 342 431 433 522
433 343 432 434 523
434 433 435 524
435 345 434 436 525
436 346 435 437 526
437 347 436 438 527
438 348 437 439 528
439 349 438 440 529
440 350 439 441 530
441 351 440 442 531
442 352 441 443 532
443 353 442 444 533
444 354 443 445 534
445 355 444 446 535
446 356 445 447 536
447 357 446 448 537
448 447 538
449 359 539
450 360 451 540
451 450 452 541
452 451 453 542
453 363 452 454 543
454 364 453 455 544
455 365 454 456 545
456 366 455 457 546
457 456 458 547
458 368 457 548
459 369 549
460 370 461 550
461 371 460 462 551
462 461 463 552
463 373 462 464 553
464 374 463 465 554
465 375 464 466 555
466 376 465 467 556
467 377 466 468 557
468 378 467 469 558
469 379 468 470 559
470 380 469 471 560
471 381 470 472 561
472 382 471 473
473 383 472 474 563
474 384 473 475 564
475 385 474 476 565
476 386 475 477 566
477 387 476 567
478 388 479 568
479 389 478 480 569
480 390 479 481 570
481 391 480 482 571
482 392 481 483
483 393 482 484 573
484 394 483 485 574
485 395 484 486 575
486 396 485 487 576
487 486 488 577
488 398 487 489 578
489 399 488 490 579
490 400 489 491 580
491 401 490 492 581
492 402 491 582
493 403 494 583
494 404 493 495 584
495 405 494 585
496 406 497 586
497 496 498 587
498 408 497 499 588
499 409 498 500 589
500 410 499 501 590
501 411 500 502 591
502 412 501 503
503 413 502 504 593
504 414 503 505 594
505 504 506 595
506 416 505 507 596
507 417 506 508 597
508 418 507 509 598
509 419 508 510 599
510 420 509 511 600
511 510 512 601
512 422 511 513 602
513 423 512 514 603
514 424 513 515 604
515 425 514 516 605
516 426 515 517
517 427 516 518 607
518 428 517 519 608
519 429 518 520 609
520 430 519 521 610
521 520 522 611
522 432 521 523 612
523 433 522 524 613
524 434 523 525
525 435 524 526 615
526 436 525 527 616
527 437 526 528
528 438 527 529 618
529 439 528 530 619
530 440 529 531 620
531 441 530 532 621
532 442 531 533
533 443 532 534 623
534 444 533 535 624
535 445 534 536 625
536 446 535 537 626
537 447 536 538 627
538 448 537 539 628
539 449 538 629
540 450 541 630
541 451 540 542 631
542 452 541 543 632
543 453 542 544 633
544 454 543 545 634
545 455 544 546 635
546 456 545 547 636
547 457 546 548 637
548 458 547 549 638
549 459 548 550 639
550 460 549 551 640
551 461 550 552 641
552 462 551 553
553 463 552 554 643
554 464 553 555 644
555 465 554 556 645
556 466 555 646
557 467 558 647
558 468 557 559 648
559 469 558 560 649
560 470 559 561 650
561 471 560 562 651
562 561 563 652
563 473 562 564
564 474 563 565 654
565 475 564 566
566 476 565 567 656
567 477 566 568 657
568 478 567 569 658
569 479 568 570
570 480 569 660
571 481 572 661
572 571 573 662
573 483 572 663
574 484 575 664
575 485 574 576 665
576 486 575 577 666
577 487 576 578 667
578 488 577 579 668
579 489 578 580 669
580 490 579 581 670
581 491 580 582 671
582 492 581 583 672
583 493 582 584 673
584 494 583 674
585 495 586 675
586 496 585 587 676
587 497 586 588 677
588 498 587 589 678
589 499 588 590 679
590 500 589 680
591 501 681
592 593 682
593 503 592 594 683
594 504 593 595 684
595 505 594 596 685
596 506 595 597
597 507 596 598 687
598 508 597 599 688
599 509 598 600 689
600 510 599 601 690
601 511 600 602 691
602 512 601 603
603 513 602 604 693
604 514 603 605 694
605 515 604 695
606 607 696
607 517 606 608 697
608 518 607 609 698
609 519 608 610 699
610 520 609 611 700
611 521 610 612 701
612 522 611 613 702
613 523 612 614 703
614 613 615 704
615 525 614 616 705
616 526 615 617 706
617 616 618 707
618 528 617 619 708
619 529 618 620 709
620 530 619 621 710
621 531 620 622 711
622 621 712
623 533 624 713
624 534 623 625 714
625 535 624 626 715
626 536 625 627 716
627 537 626 628 717
628 538 627 629 718
629 539 628 719
630 540 631
631 541 630 721
632 542 633 722
633 543 632 634 723
634 544 633 635 724
635 545 634 725
636 546 637 726
637 547 636 638 727
638 548 637 639 728
639 549 638 640 729
640 550 639 641 730
641 551 640 642 731
642 641 643 732
643 553 642 733
644 554 645
645 555 644 646 735
646 556 645 647 736
647 557 646 648 737
648 558 647 649 738
649 559 648 650 739
650 560 649 651 740
651 561 650 652 741
652 562 651 653 742
653 652 654 743
654 564 653 655 744
655 654 656 745
656 566 655 657 746
657 567 656 658 747
658 568 657 659 748
659 658 660 749
660 570 659 750
661 571 662 751
662 572 661 663 752
663 573 662 664 753
664 574 663 754
665 575 666 755
666 576 665 667 756
667 577 666 668 757
668 578 667 669 758
669 579 668 670 759
670 580 669 671 760
671 581 670 672 761
672 582 671 673 762
673 583 672 763
674 584 675 764
675 585 674 676 765
676 586 675 677 766
677 587 676 678
678 588 677 679 768
679 589 678 769
680 590 681 770
681 591 680 682 771
682 592 681 683 772
683 593 682 684 773
684 594 683 774
685 595 686 775
686 685 687 776
687 597 686 777
688 598 689 778
689 599 688 690 779
690 600 689 691 780
691 601 690 692 781
692 691 693 782
693 603 692 694 783
694 604 693 695 784
695 605 694 696 785
696 606 695 697 786
697 607 696 698 787
698 608 697 699 788
699 609 698 700 789
700 610 699 701 790
701 611 700 702 791
702 612 701 703 792
703 613 702 704 793
704 614 703 705 794
705 615 704 706 795
706 616 705 707 796
707 617 706 708 797
708 618 707 709
709 619 708 710 799
710 620 709 711 800
711 621 710 712 801
712 622 711 713 802
713 623 712 803
714 624 715 804
715 625 714 716 805
716 626 715 717 806
717 627 716 718 807
718 628 717 719 808
719 629 718 809
720 721 810
721 631 720 722 811
722 632 721 723 812
723 633 722 724
724 634 723 725 814
725 635 724 726 815
726 636 725 727 816
727 637 726 728 817
728 638 727 729 818
729 639 728 819
730 640 731 820
731 641 730 732 821
732 642 731 733 822
733 643 732 734 823
734 733 735 824
735 645 734 736 825
736 646 735 737 826
737 647 736 827
738 648 739 828
739 649 738 740 829
740 650 739 741 830
741 651 740 831
742 652 743 832
743 653 742 744 833
744 654 743 745 834
745 655 744 746 835
746 656 745 836
747 657 837
748 658 838
749 659 750 839
750 660 749 751 840
751 661 750 752 841
752 662 751 753 842
753 663 752 754 843
754 664 753 755 844
755 665 754 756 845
756 666 755 757 846
757 667 756 758 847
758 668 757 848
759 669 849
760 670 761 850
761 671 760 762 851
762 672 761 763 852
763 673 762 764 853
764 674 763 765 854
765 675 764 766 855
766 676 765 767 856
767 766 768 857
768 678 767 858
769 679 770 859
770 680 769 771
771 681 770 772 861
772 682 771 773 862
773 683 772 774 863
774 684 773 775 864
775 685 774 776 865
776 686 775 777 866
777 687 776 778 867
778 688 777 779 868
779 689 778 780 869
780 690 779 781 870
781 691 780 782 871
782 692 781 783 872
783 693 782 784 873
784 694 783 785 874
785 695 784 786
786 696 785 787 876
787 697 786 788
788 698 787 789
789 699 788 790 879
790 700 789 791 880
791 701 790 792 881
792 702 791 793 882
793 703 792 794 883
794 704 793 795 884
795 705 794 796 885
796 706 795 797 886
797 707 796 798
798 797 799 888
799 709 798 800 889
800 710 799 801 890
801 711 800 802 891
802 712 801 892
803 713 804 893
804 714 803 805 894
805 715 804 806 895
806 716 805
807 717 808 897
808 718 807 898
809 719 899
810 720 811
811 721 810 812
812 722 811 813 902
813 812 814 903
814 724 813 904
815 725 816 905
816 726 815 817 906
817 727 816 818 907
818 728 817 819
819 729 818 820 909
820 730 819 821 910
821 731 820 822 911
822 732 821 823 912
823 733 822 824 913
824 734 823 825 914
825 735 824 826 915
826 736 825 827 916
827 737 826 828 917
828 738 827 829 918
829 739 828 830 919
830 740 829 831 920
831 741 830 832 921
832 742 831 833 922
833 743 832 834 923
834 744 833 835 924
835 745 834 836 925
836 746 835 837 926
837 747 836 838 927
838 748 837 839 928
839 749 838 840 929
840 750 839 841 930
841 751 840 842 931
842 752 841 843 932
843 753 842 844 933
844 754 843 845 934
845 755 844 846 935
846 756 845 847 936
847 757 846 848 937
848 758 847 849 938
849 759 848 850 939
850 760 849 851 940
851 761 850 852 941
852 762 851 853 942
853 763 852 854 943
854 764 853 855 944
855 765 854 945
856 766 857
857 767 856 858 947
858 768 857 859 948
859 769 858 860 949
860 859 861 950
861 771 860 951
862 772 863 952
863 773 862 953
864 774 865 954
865 775 864 866 955
866 776 865 867 956
867 777 866 868 957
868 778 867 869 958
869 779 868 959
870 780 871
871 781 870 872 961
872 782 871 962
873 783 874 963
874 784 873 875
875 874 876 965
876 786 875 877 966
877 876 878 967
878 877 879 968
879 789 878 880 969
880 790 879 881 970
881 791 880 882 971
882 792 881 883 972
883 793 882 884 973
884 794 883 885 974
885 795 884 886
886 796 885 887 976
887 886 888 977
888 798 887 889 978
889 799 888 890
890 800 889 891
891 801 890 892 981
892 802 891 893
893 803 892 894 983
894 804 893 895 984
895 805 894 896 985
896 895 897 986
897 807 896 898 987
898 808 897 899 988
899 809 898 989
900 990
901 902 991
902 812 901 903 992
903 813 902 904 993
904 814 903 905 994
905 815 904 906 995
906 816 905 907 996
907 817 906 997
908 909 998
909 819 908 910
910 820 909 911 1000
911 821 910 912 1001
912 822 911 913 1002
913 823 912 914
914 824 913 915 1004
915 825 914 916 1005
916 826 915 917 1006
917 827 916 918 1007
918 828 917 919
919 829 918 1009
920 830 921 1010
921 831 920 1011
922 832 923 1012
923 833 922 924 1013
924 834 923 925 1014
925 835 924 926
926 836 925 927 1016
927 837 926 928 1017
928 838 927 929 1018
929 839 928 930 1019
930 840 929 931 1020
931 841 930 932 1021
932 842 931 1022
933 843 934 1023
934 844 933 935 1024
935 845 934 936 1025
936 846 935 1026
937 847 938 1027
938 848 937 939 1028
939 849 938 940 1029
940 850 939 941 1030
941 851 940 942 1031
942 852 941 943 1032
943 853 942 944 1033
944 854 943 945 1034
945 855 944 946 1035
946 945 947 1036
947 857 946 948 1037
948 858 947 949 1038
949 859 948 950 1039
950 860 949 951 1040
951 861 950 952 1041
952 862 951 953 1042
953 863 952 954 1043
954 864 953 955 1044
955 865 954 956 1045
956 866 955 957 1046
957 867 956 958 1047
958 868 957 959 1048
959 869 958 960 1049
960 959 1050
961 871 962 1051
962 872 961 963 1052
963 873 962 964 1053
964 963 965 1054
965 875 964 966 1055
966 876 965 967 1056
967 877 966 968 1057
968 878 967 969
969 879 968 970 1059
970 880 969 971 1060
971 881 970 972 1061
972 882 971 973 1062
973 883 972 974 1063
974 884 973 975 1064
975 974 1065
976 886 1066
977 887 978 1067
978 888 977 979 1068
979 978 980 1069
980 979 981 1070
981 891 980 982 1071
982 981 983 1072
983 893 982 984 1073
984 894 983 985 1074
985 895 984 986 1075
986 896 985 987 1076
987 897 986 988 1077
988 898 987 989 1078
989 899 988 1079
990 900 991 1080
991 901 990 992 1081
992 902 991 993 1082
993 903 992 994
994 904 993 995 1084
995 905 994 996 1085
996 906 995 1086
997 907 998
998 908 997 999 1088
999 998 1000 1089
1000 910 999 1001 1090
1001 911 1000 1002 1091
1002 912 1001 1003
1003 1002 1004 1093
1004 914 1003 1005 1094
1005 915 1004 1006 1095
1006 916 1005 1007 1096
1007 917 1006 1008 1097
1008 1007 1009 1098
1009 919 1008 1010 1099
1010 920 1009 1011 1100
1011 921 1010 1012 1101
1012 922 1011
1013 923 1014 1103
1014 924 1013 1015 1104
1015 1014 1016 1105
1016 926 1015 1106
1017 927 1018
1018 928 1017 1019 1108
1019 929 1018 1020 1109
1020 930 1019 1021 1110
1021 931 1020 1022 1111
1022 932 1021 1023 1112
1023 933 1022 1024 1113
1024 934 1023 1025 1114
1025 935 1024 1026 1115
1026 936 1025 1027 1116
1027 937 1026 1028 1117
1028 938 1027 1029 1118
1029 939 1028 1030
1030 940 1029 1031 1120
1031 941 1030 1032 1121
1032 942 1031 1033 1122
1033 943 1032 1034
1034 944 1033 1035 1124
1035 945 1034 1036 1125
1036 946 1035 1037 1126
1037 947 1036 1038 1127
1038 948 1037 1039 1128
1039 949 1038 1040 1129
1040 950 1039 1041 1130
1041 951 1040 1042 1131
1042 952 1041 1043 1132
1043 953 1042 1133
1044 954 1045 1134
1045 955 1044 1046 1135
1046 956 1045 1047 1136
1047 957 1046 1048 1137
1048 958 1047 1049 1138
1049 959 1048 1139
1050 960 1051 1140
1051 961 1050 1052 1141
1052 962 1051 1053 1142
1053 963 1052 1054 1143
1054 964 1053 1055 1144
1055 965 1054 1056 1145
1056 966 1055 1057 1146
1057 967 1056 1058 1147
1058 1057 1059 1148
1059 969 1058 1060 1149
1060 970 1059
1061 971 1062 1151
1062 972 1061 1063 1152
1063 973 1062 1064 1153
1064 974 1063 1065 1154
1065 975 1064 1066 1155
1066 976 1065 1067 1156
1067 977 1066 1068 1157
1068 978 1067 1069 1158
1069 979 1068 1070 1159
1070 980 1069 1071 1160
1071 981 1070 1072 1161
1072 982 1071 1073 1162
1073 983 1072 1074 1163
1074 984 1073 1075 1164
1075 985 1074 1076 1165
1076 986 1075 1077 1166
1077 987 1076 1078 1167
1078 988 1077 1079 1168
1079 989 1078 1169
1080 990 1081 1170
1081 991 1080 1082 1171
1082 992 1081 1172
1083 1084 1173
1084 994 1083 1085 1174
1085 995 1084 1086 1175
1086 996 1085 1087 1176
1087 1086 1088 1177
1088 998 1087 1089 1178
1089 999 1088 1090 1179
1090 1000 1089 1091 1180
1091 1001 1090 1092 1181
1092 1091 1093
1093 1003 1092 1094 1183
1094 1004 1093 1095 1184
1095 1005 1094 1096 1185
1096 1006 1095 1186
1097 1007 1098 1187
1098 1008 1097 1099 1188
1099 1009 1098 1100 1189
1100 1010 1099 1190
1101 1011 1102 1191
1102 1101 1103 1192
1103 1013 1102 1104 1193
1104 1014 1103 1105 1194
1105 1015 1104 1106 1195
1106 1016 1105 1107 1196
1107 1106 1197
1108 1018 1109 1198
1109 1019 1108 1110 1199
1110 1020 1109 1111
1111 1021 1110 1112 1201
1112 1022 1111 1113 1202
1113 1023 1112 1114 1203
1114 1024 1113 1115
1115 1025 1114 1116 1205
1116 1026 1115 1117
1117 1027 1116 1118 1207
1118 1028 1117 1119 1208
1119 1118 1120 1209
1120 1030 1119 1121 1210
1121 1031 1120 1122 1211
1122 1032 1121 1123 1212
1123 1122 1124 1213
1124 1034 1123 1125 1214
1125 1035 1124 1126 1215
1126 1036 1125 1127
1127 1037 1126 1128 1217
1128 1038 1127 1129
1129 1039 1128 1130 1219
1130 1040 1129 1131 1220
1131 1041 1130 1132
1132 1042 1131 1133 1222
1133 1043 1132 1134 1223
1134 1044 1133 1135 1224
1135 1045 1134 1136
1136 1046 1135 1137 1226
1137 1047 1136 1138 1227
1138 1048 1137 1139 1228
1139 1049 1138 1140 1229
1140 1050 1139 1141
1141 1051 1140 1142 1231
1142 1052 1141 1143 1232
1143 1053 1142 1144 1233
1144 1054 1143 1145 1234
1145 1055 1144 1146 1235
1146 1056 1145 1147
1147 1057 1146 1148 1237
1148 1058 1147 1149 1238
1149 1059 1148 1150 1239
1150 1149 1240
1151 1061 1241
1152 1062 1153 1242
1153 1063 1152 1243
1154 1064 1155 1244
1155 1065 1154 1156 1245
1156 1066 1155 1157 1246
1157 1067 1156 1158 1247
1158 1068 1157 1159 1248
1159 1069 1158 1160 1249
1160 1070 1159 1161
1161 1071 1160 1162 1251
1162 1072 1161 1252
1163 1073 1164 1253
1164 1074 1163 1254
1165 1075
1166 1076 1167 1256
1167 1077 1166 1168 1257
1168 1078 1167 1169 1258
1169 1079 1168
1170 1080 1260
1171 1081 1172 1261
1172 1082 1171 1173 1262
1173 1083 1172 1174 1263
1174 1084 1173 1175 1264
1175 1085 1174 1176 1265
1176 1086 1175 1177 1266
1177 1087 1176 1267
1178 1088 1179 1268
1179 1089 1178 1180 1269
1180 1090 1179 1181 1270
1181 1091 1180 1182 1271
1182 1181 1183 1272
1183 1093 1182 1184 1273
1184 1094 1183 1185 1274
1185 1095 1184 1275
1186 1096 1187 1276
1187 1097 1186 1188 1277
1188 1098 1187 1189 1278
1189 1099 1188 1279
1190 1100 1191 1280
1191 1101 1190 1192
1192 1102 1191 1282
1193 1103 1194 1283
1194 1104 1193 1195 1284
1195 1105 1194 1196 1285
1196 1106 1195 1197 1286
1197 1107 1196 1287
1198 1108 1199
1199 1109 1198 1200 1289
1200 1199 1201 1290
1201 1111 1200 1202 1291
1202 1112 1201 1203 1292
1203 1113 1202 1204 1293
1204 1203 1205 1294
1205 1115 1204 1206 1295
1206 1205 1207 1296
1207 1117 1206 1208 1297
1208 1118 1207 1209 1298
1209 1119 1208 1210 1299
1210 1120 1209 1211 1300
1211 1121 1210 1212 1301
1212 1122 1211 1213 1302
1213 1123 1212 1214 1303
1214 1124 1213 1215 1304
1215 1125 1214 1216 1305
1216 1215 1217 1306
1217 1127 1216 1218 1307
1218 1217 1219 1308
1219 1129 1218 1220 1309
1220 1130 1219 1221 1310
1221 1220 1222 1311
1222 1132 1221 1223 1312
1223 1133 1222 1224 1313
1224 1134 1223 1225 1314
1225 1224 1226 1315
1226 1136 1225 1227 1316
1227 1137 1226 1228 1317
1228 1138 1227 1229 1318
1229 1139 1228 1230 1319
1230 1229 1320
1231 1141 1232 1321
1232 1142 1231 1322
1233 1143 1234 1323
1234 1144 1233 1235 1324
1235 1145 1234 1236
1236 1235 1237 1326
1237 1147 1236 1238 1327
1238 1148 1237 1328
1239 1149 1240 1329
1240 1150 1239 1241 1330
1241 1151 1240 1242 1331
1242 1152 1241 1243 1332
1243 1153 1242 1244 1333
1244 1154 1243 1245 1334
1245 1155 1244 1246 1335
1246 1156 1245 1247 1336
1247 1157 1246 1248 1337
1248 1158 1247 1249 1338
1249 1159 1248 1250 1339
1250 1249 1251 1340
1251 1161 1250 1252 1341
1252 1162 1251 1253 1342
1253 1163 1252 1254
1254 1164 1253 1255 1344
1255 1254 1256 1345
1256 1166 1255 1257 1346
1257 1167 1256 1258 1347
1258 1168 1257 1259 1348
1259 1258 1349
1260 1170 1261
1261 1171 1260 1262 1351
1262 1172 1261 1263 1352
1263 1173 1262 1264 1353
1264 1174 1263 1354
1265 1175 1266 1355
1266 1176 1265 1356
1267 1177 1268 1357
1268 1178 1267 1269 1358
1269 1179 1268 1359
1270 1180 1271 1360
1271 1181 1270 1272 1361
1272 1182 1271 1273 1362
1273 1183 1272 1274 1363
1274 1184 1273 1275 1364
1275 1185 1274 1276 1365
1276 1186 1275 1277 1366
1277 1187 1276 1278 1367
1278 1188 1277 1279 1368
1279 1189 1278 1280 1369
1280 1190 1279 1281
1281 1280 1371
1282 1192 1283 1372
1283 1193 1282 1284 1373
1284 1194 1283 1285 1374
1285 1195 1284 1286
1286 1196 1285 1376
1287 1197 1288 1377
1288 1287 1289 1378
1289 1199 1288 1379
1290 1200 1291 1380
1291 1201 1290 1292 1381
1292 1202 1291 1293 1382
1293 1203 1292 1294
1294 1204 1293 1295 1384
1295 1205 1294 1296 1385
1296 1206 1295 1297 1386
1297 1207 1296 1298 1387
1298 1208 1297 1299 1388
1299 1209 1298 1300 1389
1300 1210 1299 1301 1390
1301 1211 1300 1302
1302 1212 1301 1303 1392
1303 1213 1302 1304 1393
1304 1214 1303 1394
1305 1215 1306 1395
1306 1216 1305 1307 1396
1307 1217 1306 1397
1308 1218 1309
1309 1219 1308 1310 1399
1310 1220 1309 1311 1400
1311 1221 1310 1312 1401
1312 1222 1311 1402
1313 1223 1403
1314 1224 1315 1404
1315 1225 1314 1316 1405
1316 1226 1315 1317 1406
1317 1227 1316 1318 1407
1318 1228 1317 1319 1408
1319 1229 1318 1320 1409
1320 1230 1319 1410
1321 1231 1322 1411
1322 1232 1321 1323
1323 1233 1322 1324 1413
1324 1234 1323 1325 1414
1325 1324 1326 1415
1326 1236 1325 1327 1416
1327 1237 1326 1328
1328 1238 1327 1329 1418
1329 1239 1328 1330 1419
1330 1240 1329 1331 1420
1331 1241 1330 1332 1421
1332 1242 1331 1333 1422
1333 1243 1332 1334 1423
1334 1244 1333 1335 1424
1335 1245 1334 1336 1425
1336 1246 1335 1337 1426
1337 1247 1336 1338 1427
1338 1248 1337 1339 1428
1339 1249 1338 1340 1429
1340 1250 1339 1341 1430
1341 1251 1340 1342 1431
1342 1252 1341 1343 1432
1343 1342 1344 1433
1344 1254 1343 1345 1434
1345 1255 1344 1346 1435
1346 1256 1345 1347 1436
1347 1257 1346 1348 1437
1348 1258 1347 1349 1438
1349 1259 1348
1350 1351 1440
1351 1261 1350 1352 1441
1352 1262 1351 1353 1442
1353 1263 1352 1354 1443
1354 1264 1353 1355 1444
1355 1265 1354 1356 1445
1356 1266 1355 1357 1446
1357 1267 1356 1358 1447
1358 1268 1357 1359
1359 1269 1358 1360 1449
1360 1270 1359 1361 1450
1361 1271 1360
1362 1272 1363 1452
1363 1273 1362 1364 1453
1364 1274 1363 1365 1454
1365 1275 1364 1366 1455
1366 1276 1365 1367 1456
1367 1277 1366 1457
1368 1278 1369 1458
1369 1279 1368 1459
1370 1371 1460
1371 1281 1370 1461
1372 1282 1373 1462
1373 1283 1372 1374 1463
1374 1284 1373 1464
1375 1376 1465
1376 1286 1375 1377 1466
1377 1287 1376 1378 1467
1378 1288 1377 1379 1468
1379 1289 1378 1380 1469
1380 1290 1379 1381
1381 1291 1380 1382 1471
1382 1292 1381 1383 1472
1383 1382 1384 1473
1384 1294 1383 1385
1385 1295 1384 1475
1386 1296 1387 1476
1387 1297 1386 1388 1477
1388 1298 1387 1389 1478
1389 1299 1388 1390 1479
1390 1300 1389 1391 1480
1391 1390 1392 1481
1392 1302 1391 1393 1482
1393 1303 1392 1394 1483
1394 1304 1393 1484
1395 1305 1396 1485
1396 1306 1395 1397 1486
1397 1307 1396 1487
1398 1399 1488
1399 1309 1398 1400 1489
1400 1310 1399 1401
1401 1311 1400 1402 1491
1402 1312 1401 1403 1492
1403 1313 1402 1404 1493
1404 1314 1403 1405 1494
1405 1315 1404 1406 1495
1406 1316 1405 1407 1496
1407 1317 1406 1408 1497
1408 1318 1407 1409 1498
1409 1319 1408 1499
1410 1320 1411 1500
1411 1321 1410 1412 1501
1412 1411 1413 1502
1413 1323 1412 1414 1503
1414 1324 1413 1415 1504
1415 1325 1414 1416 1505
1416 1326 1415 1417 1506
1417 1416 1418 1507
1418 1328 1417 1419 1508
1419 1329 1418 1420 1509
1420 1330 1419 1421
1421 1331 1420 1422
1422 1332 1421 1423 1512
1423 1333 1422 1424 1513
1424 1334 1423 1514
1425 1335 1426 1515
1426 1336 1425 1427 1516
1427 1337 1426 1428 1517
1428 1338 1427 1429 1518
1429 1339 1428 1430 1519
1430 1340 1429 1431 1520
1431 1341 1430 1432 1521
1432 1342 1431 1433 1522
1433 1343 1432 1434 1523
1434 1344 1433 1435 1524
1435 1345 1434 1436 1525
1436 1346 1435 1526
1437 1347 1438 1527
1438 1348 1437 1439 1528
1439 1438 1529
1440 1350 1441 1530
1441 1351 1440 1442 1531
1442 1352 1441 1443 1532
1443 1353 1442 1444 1533
1444 1354 1443 1445 1534
1445 1355 1444 1446 1535
1446 1356 1445 1447 1536
1447 1357 1446 1448 1537
1448 1447 1449
1449 1359 1448 1450 1539
1450 1360 1449 1451 1540
1451 1450 1452 1541
1452 1362 1451 1453
1453 1363 1452 1543
1454 1364 1455 1544
1455 1365 1454 1456 1545
1456 1366 1455 1457 1546
1457 1367 1456 1458 1547
1458 1368 1457 1459 1548
1459 1369 1458 1460 1549
1460 1370 1459 1461 1550
1461 1371 1460 1462 1551
1462 1372 1461 1463 1552
1463 1373 1462 1464 1553
1464 1374 1463 1465 1554
1465 1375 1464 1466 1555
1466 1376 1465 1467 1556
1467 1377 1466 1468
1468 1378 1467 1469 1558
1469 1379 1468 1470 1559
1470 1469 1560
1471 1381 1472 1561
1472 1382 1471 1473 1562
1473 1383 1472 1563
1474 1475 1564
1475 1385 1474 1476 1565
1476 1386 1475 1477 1566
1477 1387 1476 1478 1567
1478 1388 1477 1479 1568
1479 1389 1478 1480 1569
1480 1390 1479 1481
1481 1391 1480 1482 1571
1482 1392 1481 1483 1572
1483 1393 1482 1484 1573
1484 1394 1483 1485 1574
1485 1395 1484 1486 1575
1486 1396 1485 1487 1576
1487 1397 1486 1488 1577
1488 1398 1487 1489 1578
1489 1399 1488 1490 1579
1490 1489 1491 1580
1491 1401 1490 1492 1581
1492 1402 1491 1493 1582
1493 1403 1492 1583
1494 1404 1495 1584
1495 1405 1494 1585
1496 1406 1497 1586
1497 1407 1496 1498 1587
1498 1408 1497 1588
1499 1409 1500 1589
1500 1410 1499 1501 1590
1501 1411 1500 1502 1591
1502 1412 1501 1503 1592
1503 1413 1502
1504 1414 1505 1594
1505 1415 1504 1506 1595
1506 1416 1505 1507 1596
1507 1417 1506 1508 1597
1508 1418 1507 1509
1509 1419 1508 1510 1599
1510 1509 1511 1600
1511 1510 1512 1601
1512 1422 1511 1513 1602
1513 1423 1512 1514 1603
1514 1424 1513 1515
1515 1425 1514 1516 1605
1516 1426 1515 1517 1606
1517 1427 1516 1518
1518 1428 1517 1519 1608
1519 1429 1518 1520 1609
1520 1430 1519 1521
1521 1431 1520 1522
1522 1432 1521 1523 1612
1523 1433 1522 1613
1524 1434 1525
1525 1435 1524 1526 1615
1526 1436 1525 1527 1616
1527 1437 1526 1617
1528 1438 1529 1618
1529 1439 1528 1619
1530 1440 1531 1620
1531 1441 1530 1532 1621
1532 1442 1531 1533
1533 1443 1532 1534 1623
1534 1444 1533 1535 1624
1535 1445 1534 1536 1625
1536 1446 1535 1537 1626
1537 1447 1536
1538 1539 1628
1539 1449 1538 1540
1540 1450 1539 1541
1541 1451 1540 1542 1631
1542 1541 1543
1543 1453 1542 1544 1633
1544 1454 1543 1545 1634
1545 1455 1544 1635
1546 1456 1547 1636
1547 1457 1546 1548 1637
1548 1458 1547 1549 1638
1549 1459 1548 1550 1639
1550 1460 1549 1551 1640
1551 1461 1550 1552 1641
1552 1462 1551 1553 1642
1553 1463 1552 1554 1643
1554 1464 1553 1555 1644
1555 1465 1554 1556 1645
1556 1466 1555 1557 1646
1557 1556 1558
1558 1468 1557 1559 1648
1559 1469 1558 1560 1649
1560 1470 1559 1561
1561 1471 1560 1562 1651
1562 1472 1561 1563 1652
1563 1473 1562 1564 1653
1564 1474 1563 1565 1654
1565 1475 1564 1566
1566 1476 1565 1567 1656
1567 1477 1566 1568 1657
1568 1478 1567 1569 1658
1569 1479 1568 1570 1659
1570 1569 1571 1660
1571 1481 1570 1572 1661
1572 1482 1571 1573
1573 1483 1572 1663
1574 1484 1575 1664
1575 1485 1574 1576 1665
1576 1486 1575 1577
1577 1487 1576 1578 1667
1578 1488 1577 1579 1668
1579 1489 1578 1669
1580 1490 1581 1670
1581 1491 1580 1582 1671
1582 1492 1581 1583 1672
1583 1493 1582 1584 1673
1584 1494 1583 1585 1674
1585 1495 1584 1586
1586 1496 1585 1587 1676
1587 1497 1586 1588 1677
1588 1498 1587 1589 1678
1589 1499 1588 1590 1679
1590 1500 1589 1591 1680
1591 1501 1590 1592 1681
1592 1502 1591 1593 1682
1593 1592 1594 1683
1594 1504 1593 1595 1684
1595 1505 1594 1596 1685
1596 1506 1595 1597 1686
1597 1507 1596 1598 1687
1598 1597 1599 1688
1599 1509 1598 1600 1689
1600 1510 1599 1601 1690
1601 1511 1600 1691
1602 1512 1603 1692
1603 1513 1602 1604 1693
1604 1603 1605 1694
1605 1515 1604 1606
1606 1516 1605 1607 1696
1607 1606 1608 1697
1608 1518 1607 1609 1698
1609 1519 1608 1610 1699
1610 1609 1611 1700
1611 1610 1612 1701
1612 1522 1611 1613 1702
1613 1523 1612 1614 1703
1614 1613 1615 1704
1615 1525 1614 1616 1705
1616 1526 1615 1617 1706
1617 1527 1616 1618 1707
1618 1528 1617 1619 1708
1619 1529 1618 1709
1620 1530 1621 1710
1621 1531 1620 1622 1711
1622 1621 1623 1712
1623 1533 1622 1624
1624 1534 1623 1625 1714
1625 1535 1624 1626 1715
1626 1536 1625 1716
1627 1628 1717
1628 1538 1627 1629 1718
1629 1628 1630 1719
1630 1629 1631 1720
1631 1541 1630 1632 1721
1632 1631
1633 1543 1634 1723
1634 1544 1633 1635 1724
1635 1545 1634 1636
1636 1546 1635 1637 1726
1637 1547 1636 1638 1727
1638 1548 1637 1639 1728
1639 1549 1638 1640 1729
1640 1550 1639 1641 1730
1641 1551 1640 1642 1731
1642 1552 1641 1643 1732
1643 1553 1642 1644 1733
1644 1554 1643 1645 1734
1645 1555 1644 1646 1735
1646 1556 1645 1647 1736
1647 1646 1648 1737
1648 1558 1647 1649 1738
1649 1559 1648 1650 1739
1650 1649 1651 1740
1651 1561 1650 1652
1652 1562 1651 1653 1742
1653 1563 1652 1654 1743
1654 1564 1653
1655 1656
1656 1566 1655 1657 1746
1657 1567 1656 1658 1747
1658 1568 1657 1659 1748
1659 1569 1658 1749
1660 1570 1661
1661 1571 1660 1662 1751
1662 1661 1663 1752
1663 1573 1662 1664 1753
1664 1574 1663 1665 1754
1665 1575 1664 1666 1755
1666 1665 1756
1667 1577 1668 1757
1668 1578 1667 1669 1758
1669 1579 1668 1670 1759
1670 1580 1669 1671 1760
1671 1581 1670 1672
1672 1582 1671 1673 1762
1673 1583 1672 1674 1763
1674 1584 1673 1675 1764
1675 1674 1676 1765
1676 1586 1675 1677 1766
1677 1587 1676 1678 1767
1678 1588 1677 1679 1768
1679 1589 1678 1769
1680 1590 1681 1770
1681 1591 1680 1771
1682 1592 1683 1772
1683 1593 1682 1684 1773
1684 1594 1683 1685 1774
1685 1595 1684 1686 1775
1686 1596 1685 1687 1776
1687 1597 1686 1688 1777
1688 1598 1687 1778
1689 1599 1690 1779
1690 1600 1689 1691 1780
1691 1601 1690 1692
1692 1602 1691 1693 1782
1693 1603 1692 1694
1694 1604 1693 1695 1784
1695 1694 1785
1696 1606 1697 1786
1697 1607 1696 1698 1787
1698 1608 1697 1699 1788
1699 1609 1698 1700 1789
1700 1610 1699 1701 1790
1701 1611 1700 1702 1791
1702 1612 1701 1703 1792
1703 1613 1702 1704 1793
1704 1614 1703 1705
1705 1615 1704 1706 1795
1706 1616 1705 1707
1707 1617 1706 1708 1797
1708 1618 1707 1798
1709 1619 1799
1710 1620 1711 1800
1711 1621 1710 1712 1801
1712 1622 1711 1713 1802
1713 1712 1714 1803
1714 1624 1713 1715 1804
1715 1625 1714 1716 1805
1716 1626 1715 1717 1806
1717 1627 1716 1718 1807
1718 1628 1717 1719 1808
1719 1629 1718 1720 1809
1720 1630 1719 1721 1810
1721 1631 1720 1722
1722 1721 1723 1812
1723 1633 1722 1724
1724 1634 1723 1725 1814
1725 1724 1726 1815
1726 1636 1725 1727 1816
1727 1637 1726 1728 1817
1728 1638 1727 1729 1818
1729 1639 1728 1730
1730 1640 1729 1731 1820
1731 1641 1730 1732 1821
1732 1642 1731 1733 1822
1733 1643 1732 1734 1823
1734 1644 1733 1735 1824
1735 1645 1734 1736 1825
1736 1646 1735 1737
1737 1647 1736 1738 1827
1738 1648 1737 1739 1828
1739 1649 1738 1740 1829
1740 1650 1739 1741 1830
1741 1740 1742 1831
1742 1652 1741 1743 1832
1743 1653 1742 1744 1833
1744 1743 1834
1745 1746 1835
1746 1656 1745 1747 1836
1747 1657 1746 1837
1748 1658 1749 1838
1749 1659 1748 1750 1839
1750 1749 1751 1840
1751 1661 1750 1752 1841
1752 1662 1751 1753 1842
1753 1663 1752 1754 1843
1754 1664 1753 1755 1844
1755 1665 1754 1756
1756 1666 1755 1757 1846
1757 1667 1756 1758 1847
1758 1668 1757 1759 1848
1759 1669 1758 1849
1760 1670 1761 1850
1761 1760 1762 1851
1762 1672 1761 1763 1852
1763 1673 1762 1764 1853
1764 1674 1763 1765 1854
1765 1675 1764 1766
1766 1676 1765 1767 1856
1767 1677 1766 1768
1768 1678 1767 1769 1858
1769 1679 1768 1770 1859
1770 1680 1769 1771 1860
1771 1681 1770 1772 1861
1772 1682 1771 1862
1773 1683 1774
1774 1684 1773 1775 1864
1775 1685 1774 1776 1865
1776 1686 1775 1777 1866
1777 1687 1776 1778 1867
1778 1688 1777 1779 1868
1779 1689 1778 1780
1780 1690 1779 1781 1870
1781 1780 1782 1871
1782 1692 1781 1783 1872
1783 1782 1784 1873
1784 1694 1783 1785 1874
1785 1695 1784 1786 1875
1786 1696 1785 1787 1876
1787 1697 1786 1788 1877
1788 1698 1787 1789 1878
1789 1699 1788 1790 1879
1790 1700 1789 1791 1880
1791 1701 1790 1792 1881
1792 1702 1791 1793 1882
1793 1703 1792 1794 1883
1794 1793 1795 1884
1795 1705 1794 1796 1885
1796 1795 1797 1886
1797 1707 1796 1798 1887
1798 1708 1797 1799 1888
1799 1709 1798 1889
1800 1710 1801 1890
1801 1711 1800 1802 1891
1802 1712 1801 1803 1892
1803 1713 1802 1804 1893
1804 1714 1803 1805 1894
1805 1715 1804 1806 1895
1806 1716 1805 1807 1896
1807 1717 1806 1808 1897
1808 1718 1807 1809 1898
1809 1719 1808 1810 1899
1810 1720 1809 1900
1811 1812 1901
1812 1722 1811 1813
1813 1812 1903
1814 1724 1815 1904
1815 1725 1814 1905
1816 1726 1817 1906
1817 1727 1816 1818 1907
1818 1728 1817 1819 1908
1819 1818 1820 1909
1820 1730 1819 1821 1910
1821 1731 1820 1822 1911
1822 1732 1821 1823 1912
1823 1733 1822 1824 1913
1824 1734 1823 1825 1914
1825 1735 1824 1826 1915
1826 1825 1827
1827 1737 1826 1828 1917
1828 1738 1827 1918
1829 1739 1830 1919
1830 1740 1829 1831 1920
1831 1741 1830 1832 1921
1832 1742 1831 1833 1922
1833 1743 1832
1834 1744 1835
1835 1745 1834 1836 1925
1836 1746 1835 1837 1926
1837 1747 1836 1927
1838 1748 1839 1928
1839 1749 1838 1840 1929
1840 1750 1839 1930
1841 1751 1842 1931
1842 1752 1841 1843
1843 1753 1842 1844 1933
1844 1754 1843 1934
1845 1846 1935
1846 1756 1845 1847
1847 1757 1846 1848 1937
1848 1758 1847 1849 1938
1849 1759 1848 1850 1939
1850 1760 1849 1851 1940
1851 1761 1850 1852 1941
1852 1762 1851 1853 1942
1853 1763 1852 1854 1943
1854 1764 1853 1855 1944
1855 1854 1856
1856 1766 1855 1857 1946
1857 1856 1858
1858 1768 1857 1948
1859 1769 1860 1949
1860 1770 1859 1861 1950
1861 1771 1860 1862 1951
1862 1772 1861 1863 1952
1863 1862 1864 1953
1864 1774 1863 1865 1954
1865 1775 1864 1866 1955
1866 1776 1865 1867 1956
1867 1777 1866 1868 1957
1868 1778 1867 1869 1958
1869 1868 1870 1959
1870 1780 1869 1871 1960
1871 1781 1870 1872 1961
1872 1782 1871 1873 1962
1873 1783 1872 1874 1963
1874 1784 1873 1875 1964
1875 1785 1874 1876
1876 1786 1875 1877 1966
1877 1787 1876 1878 1967
1878 1788 1877 1879 1968
1879 1789 1878 1880 1969
1880 1790 1879 1881 1970
1881 1791 1880 1882 1971
1882 1792 1881 1883
1883 1793 1882 1884
1884 1794 1883 1974
1885 1795 1886 1975
1886 1796 1885 1887 1976
1887 1797 1886 1888 1977
1888 1798 1887 1889 1978
1889 1799 1888 1979
1890 1800 1891 1980
1891 1801 1890
1892 1802 1893 1982
1893 1803 1892 1894 1983
1894 1804 1893 1895 1984
1895 1805 1894 1896
1896 1806 1895 1986
1897 1807 1898 1987
1898 1808 1897 1899 1988
1899 1809 1898 1900 1989
1900 1810 1899 1901 1990
1901 1811 1900 1902 1991
1902 1901 1903 1992
1903 1813 1902 1904 1993
1904 1814 1903 1905 1994
1905 1815 1904 1906 1995
1906 1816 1905 1907 1996
1907 1817 1906 1997
1908 1818 1909 1998
1909 1819 1908 1910 1999
1910 1820 1909 1911 2000
1911 1821 1910 1912 2001
1912 1822 1911 2002
1913 1823 1914 2003
1914 1824 1913 1915 2004
1915 1825 1914 2005
1916 1917 2006
1917 1827 1916 1918 2007
1918 1828 1917 1919 2008
1919 1829 1918 1920 2009
1920 1830 1919 1921 2010
1921 1831 1920 1922 2011
1922 1832 1921 1923 2012
1923 1922 1924 2013
1924 1923 1925 2014
1925 1835 1924 1926 2015
1926 1836 1925 2016
1927 1837 1928 2017
1928 1838 1927 1929 2018
1929 1839 1928 1930 2019
1930 1840 1929 1931 2020
1931 1841 1930 1932 2021
1932 1931 1933 2022
1933 1843 1932 1934 2023
1934 1844 1933 1935 2024
1935 1845 1934 2025
1936 1937 2026
1937 1847 1936 1938 2027
1938 1848 1937 1939 2028
1939 1849 1938 1940 2029
1940 1850 1939 1941 2030
1941 1851 1940 2031
1942 1852 1943 2032
1943 1853 1942 1944
1944 1854 1943 1945 2034
1945 1944 2035
1946 1856 1947 2036
1947 1946 1948 2037
1948 1858 1947 1949 2038
1949 1859 1948 1950 2039
1950 1860 1949 1951 2040
1951 1861 1950 1952 2041
1952 1862 1951 1953 2042
1953 1863 1952 1954 2043
1954 1864 1953 1955 2044
1955 1865 1954 1956 2045
1956 1866 1955 1957 2046
1957 1867 1956 1958 2047
1958 1868 1957 2048
1959 1869 1960 2049
1960 1870 1959 1961 2050
1961 1871 1960 1962 2051
1962 1872 1961 1963
1963 1873 1962 1964 2053
1964 1874 1963 2054
1965 1966 2055
1966 1876 1965 1967 2056
1967 1877 1966 1968 2057
1968 1878 1967 1969 2058
1969 1879 1968 1970 2059
1970 1880 1969 1971 2060
1971 1881 1970 1972 2061
1972 1971 1973 2062
1973 1972 1974 2063
1974 1884 1973 1975 2064
1975 1885 1974 1976 2065
1976 1886 1975 1977 2066
1977 1887 1976 1978 2067
1978 1888 1977 1979
1979 1889 1978 2069
1980 1890 1981 2070
1981 1980 1982 2071
1982 1892 1981 1983 2072
1983 1893 1982 2073
1984 1894 1985 2074
1985 1984 1986 2075
1986 1896 1985 1987 2076
1987 1897 1986 2077
1988 1898 2078
1989 1899 1990 2079
1990 1900 1989 1991 2080
1991 1901 1990 2081
1992 1902 2082
1993 1903 1994 2083
1994 1904 1993 1995 2084
1995 1905 1994 1996 2085
1996 1906 1995 1997 2086
1997 1907 1996 1998 2087
1998 1908 1997 1999 2088
1999 1909 1998 2000 2089
2000 1910 1999 2001 2090
2001 1911 2000 2002 2091
2002 1912 2001 2092
2003 1913 2004 2093
2004 1914 2003 2005 2094
2005 1915 2004 2006 2095
2006 1916 2005 2007 2096
2007 1917 2006 2097
2008 1918 2009 2098
2009 1919 2008 2010 2099
2010 1920 2009 2011 2100
2011 1921 2010 2012 2101
2012 1922 2011 2013 2102
2013 1923 2012 2103
2014 1924 2015 2104
2015 1925 2014 2016 2105
2016 1926 2015 2017 2106
2017 1927 2016 2018
2018 1928 2017 2019 2108
2019 1929 2018 2020 2109
2020 1930 2019 2110
2021 1931 2022 2111
2022 1932 2021 2023 2112
2023 1933 2022 2024
2024 1934 2023 2025 2114
2025 1935 2024 2026 2115
2026 1936 2025 2027 2116
2027 1937 2026 2028 2117
2028 1938 2027 2029 2118
2029 1939 2028 2030 2119
2030 1940 2029 2031 2120
2031 1941 2030 2032 2121
2032 1942 2031 2033 2122
2033 2032 2034 2123
2034 1944 2033 2035 2124
2035 1945 2034 2036 2125
2036 1946 2035 2037 2126
2037 1947 2036 2038 2127
2038 1948 2037 2039
2039 1949 2038 2129
2040 1950 2130
2041 1951 2042 2131
2042 1952 2041 2043 2132
2043 1953 2042 2044 2133
2044 1954 2043 2134
2045 1955 2046 2135
2046 1956 2045 2136
2047 1957 2048
2048 1958 2047 2049 2138
2049 1959 2048 2050 2139
2050 1960 2049 2051 2140
2051 1961 2050 2052 2141
2052 2051 2053 2142
2053 1963 2052 2054 2143
2054 1964 2053 2055 2144
2055 1965 2054 2056 2145
2056 1966 2055 2057 2146
2057 1967 2056 2058 2147
2058 1968 2057 2059 2148
2059 1969 2058 2060
2060 1970 2059 2061
2061 1971 2060 2062 2151
2062 1972 2061 2063 2152
2063 1973 2062 2064
2064 1974 2063 2065 2154
2065 1975 2064 2155
2066 1976 2067 2156
2067 1977 2066 2068 2157
2068 2067 2069 2158
2069 1979 2068 2159
2070 1980 2071 2160
2071 1981 2070 2072
2072 1982 2071 2162
2073 1983 2074 2163
2074 1984 2073 2075 2164
2075 1985 2074 2076
2076 1986 2075 2166
2077 1987 2078 2167
2078 1988 2077 2079 2168
2079 1989 2078 2080 2169
2080 1990 2079 2081 2170
2081 1991 2080 2171
2082 1992 2083 2172
2083 1993 2082 2084 2173
2084 1994 2083 2085
2085 1995 2084 2086 2175
2086 1996 2085 2087
2087 1997 2086 2088 2177
2088 1998 2087 2178
2089 1999 2090 2179
2090 2000 2089 2091 2180
2091 2001 2090 2092 2181
2092 2002 2091 2093 2182
2093 2003 2092 2094 2183
2094 2004 2093 2095 2184
2095 2005 2094 2185
2096 2006 2097 2186
2097 2007 2096 2098
2098 2008 2097 2099 2188
2099 2009 2098 2100 2189
2100 2010 2099 2101 2190
2101 2011 2100 2102 2191
2102 2012 2101 2103 2192
2103 2013 2102 2104 2193
2104 2014 2103 2105 2194
2105 2015 2104 2106 2195
2106 2016 2105 2107 2196
2107 2106 2108 2197
2108 2018 2107 2109 2198
2109 2019 2108 2110 2199
2110 2020 2109 2111
2111 2021 2110 2112 2201
2112 2022 2111 2113
2113 2112 2114 2203
2114 2024 2113 2115 2204
2115 2025 2114 2116 2205
2116 2026 2115 2117 2206
2117 2027 2116 2207
2118 2028 2119 2208
2119 2029 2118 2120 2209
2120 2030 2119 2121 2210
2121 2031 2120 2122 2211
2122 2032 2121 2123 2212
2123 2033 2122 2124 2213
2124 2034 2123 2125
2125 2035 2124 2126 2215
2126 2036 2125 2127 2216
2127 2037 2126 2217
2128 2129 2218
2129 2039 2128 2130 2219
2130 2040 2129 2131 2220
2131 2041 2130 2221
2132 2042 2133 2222
2133 2043 2132 2223
2134 2044 2135 2224
2135 2045 2134 2136 2225
2136 2046 2135 2137 2226
2137 2136 2138 2227
2138 2048 2137 2228
2139 2049 2140 2229
2140 2050 2139 2141 2230
2141 2051 2140 2142
2142 2052 2141 2232
2143 2053 2144 2233
2144 2054 2143 2145 2234
2145 2055 2144 2146
2146 2056 2145 2147 2236
2147 2057 2146 2237
2148 2058 2238
2149 2150 2239
2150 2149 2151 2240
2151 2061 2150 2152 2241
2152 2062 2151 2153 2242
2153 2152 2154 2243
2154 2064 2153 2155 2244
2155 2065 2154 2156 2245
2156 2066 2155 2157 2246
2157 2067 2156 2158 2247
2158 2068 2157 2159 2248
2159 2069 2158 2249
2160 2070 2161 2250
2161 2160 2162 2251
2162 2072 2161 2163 2252
2163 2073 2162 2253
2164 2074 2165 2254
2165 2164 2166 2255
2166 2076 2165 2167 2256
2167 2077 2166 2168 2257
2168 2078 2167
2169 2079 2170 2259
2170 2080 2169 2171
2171 2081 2170 2172 2261
2172 2082 2171 2173 2262
2173 2083 2172 2174 2263
2174 2173 2175 2264
2175 2085 2174 2176 2265
2176 2175 2177 2266
2177 2087 2176 2178 2267
2178 2088 2177 2179 2268
2179 2089 2178 2180 2269
2180 2090 2179 2181 2270
2181 2091 2180 2182 2271
2182 2092 2181 2183 2272
2183 2093 2182 2184 2273
2184 2094 2183 2185 2274
2185 2095 2184 2186 2275
2186 2096 2185 2187
2187 2186 2188 2277
2188 2098 2187 2189 2278
2189 2099 2188 2279
2190 2100 2191 2280
2191 2101 2190 2192 2281
2192 2102 2191 2193 2282
2193 2103 2192 2194 2283
2194 2104 2193 2195 2284
2195 2105 2194 2196 2285
2196 2106 2195 2197
2197 2107 2196 2198 2287
2198 2108 2197 2199 2288
2199 2109 2198 2200 2289
2200 2199 2201 2290
2201 2111 2200 2202 2291
2202 2201 2203 2292
2203 2113 2202 2204 2293
2204 2114 2203 2205
2205 2115 2204 2206 2295
2206 2116 2205 2207 2296
2207 2117 2206 2208 2297
2208 2118 2207 2209 2298
2209 2119 2208 2299
2210 2120 2300
2211 2121 2212 2301
2212 2122 2211 2213 2302
2213 2123 2212 2303
2214 2215
2215 2125 2214 2216 2305
2216 2126 2215 2217 2306
2217 2127 2216 2218 2307
2218 2128 2217 2219 2308
2219 2129 2218 2309
2220 2130 2221 2310
2221 2131 2220 2222 2311
2222 2132 2221 2223 2312
2223 2133 2222 2224 2313
2224 2134 2223 2225 2314
2225 2135 2224 2226 2315
2226 2136 2225 2227
2227 2137 2226 2228 2317
2228 2138 2227 2229 2318
2229 2139 2228 2319
2230 2140 2231 2320
2231 2230 2232 2321
2232 2142 2231 2233 2322
2233 2143 2232 2234 2323
2234 2144 2233 2235 2324
2235 2234 2236 2325
2236 2146 2235 2237 2326
2237 2147 2236 2238 2327
2238 2148 2237 2239 2328
2239 2149 2238 2240 2329
2240 2150 2239 2241 2330
2241 2151 2240 2242 2331
2242 2152 2241 2243 2332
2243 2153 2242 2244 2333
2244 2154 2243 2245 2334
2245 2155 2244 2246 2335
2246 2156 2245 2247 2336
2247 2157 2246 2248 2337
2248 2158 2247 2249 2338
2249 2159 2248 2339
2250 2160 2251 2340
2251 2161 2250 2252 2341
2252 2162 2251 2253 2342
2253 2163 2252 2254 2343
2254 2164 2253 2255 2344
2255 2165 2254 2256 2345
2256 2166 2255 2257 2346
2257 2167 2256 2258 2347
2258 2257 2259 2348
2259 2169 2258 2260 2349
2260 2259 2261 2350
2261 2171 2260 2262 2351
2262 2172 2261 2263 2352
2263 2173 2262 2264 2353
2264 2174 2263 2265 2354
2265 2175 2264 2266
2266 2176 2265 2267 2356
2267 2177 2266 2268 2357
2268 2178 2267 2269 2358
2269 2179 2268 2270 2359
2270 2180 2269 2271 2360
2271 2181 2270 2272 2361
2272 2182 2271 2273 2362
2273 2183 2272 2363
2274 2184 2275 2364
2275 2185 2274 2276 2365
2276 2275 2277 2366
2277 2187 2276
2278 2188 2279 2368
2279 2189 2278 2280
2280 2190 2279 2281 2370
2281 2191 2280 2282 2371
2282 2192 2281 2283 2372
2283 2193 2282 2284 2373
2284 2194 2283 2285 2374
2285 2195 2284 2286 2375
2286 2285 2287 2376
2287 2197 2286 2377
2288 2198 2289 2378
2289 2199 2288 2290 2379
2290 2200 2289 2291 2380
2291 2201 2290 2292 2381
2292 2202 2291 2293 2382
2293 2203 2292 2294
2294 2293 2295
2295 2205 2294 2385
2296 2206 2297 2386
2297 2207 2296 2298 2387
2298 2208 2297 2299 2388
2299 2209 2298 2300 2389
2300 2210 2299 2301 2390
2301 2211 2300 2302 2391
2302 2212 2301 2303 2392
2303 2213 2302 2304 2393
2304 2303 2305 2394
2305 2215 2304 2306 2395
2306 2216 2305 2307 2396
2307 2217 2306 2397
2308 2218 2309 2398
2309 2219 2308 2310 2399
2310 2220 2309 2311
2311 2221 2310 2312 2401
2312 2222 2311 2313 2402
2313 2223 2312 2314 2403
2314 2224 2313 2315 2404
2315 2225 2314 2316 2405
2316 2315 2317 2406
2317 2227 2316 2318 2407
2318 2228 2317 2408
2319 2229 2409
2320 2230 2321 2410
2321 2231 2320 2322 2411
2322 2232 2321 2323 2412
2323 2233 2322 2413
2324 2234 2325 2414
2325 2235 2324 2326
2326 2236 2325 2327
2327 2237 2326 2328 2417
2328 2238 2327 2329 2418
2329 2239 2328 2330 2419
2330 2240 2329 2331 2420
2331 2241 2330 2332 2421
2332 2242 2331 2333 2422
2333 2243 2332 2423
2334 2244 2424
2335 2245 2336 2425
2336 2246 2335 2337 2426
2337 2247 2336 2338
2338 2248 2337 2339 2428
2339 2249 2338 2429
2340 2250 2341 2430
2341 2251 2340 2342 2431
2342 2252 2341 2343 2432
2343 2253 2342 2344 2433
2344 2254 2343 2345 2434
2345 2255 2344 2346 2435
2346 2256 2345 2347 2436
2347 2257 2346 2437
2348 2258 2349 2438
2349 2259 2348 2350 2439
2350 2260 2349 2351 2440
2351 2261 2350 2352 2441
2352 2262 2351 2353 2442
2353 2263 2352 2354 2443
2354 2264 2353 2355 2444
2355 2354 2356 2445
2356 2266 2355 2357 2446
2357 2267 2356 2447
2358 2268 2359 2448
2359 2269 2358 2360 2449
2360 2270 2359 2450
2361 2271 2362 2451
2362 2272 2361 2363
2363 2273 2362 2364 2453
2364 2274 2363 2365 2454
2365 2275 2364 2366 2455
2366 2276 2365 2367 2456
2367 2366 2368 2457
2368 2278 2367 2369 2458
2369 2368 2370 2459
2370 2280 2369 2371 2460
2371 2281 2370 2372 2461
2372 2282 2371 2373 2462
2373 2283 2372 2374 2463
2374 2284 2373 2375 2464
2375 2285 2374 2376 2465
2376 2286 2375 2377
2377 2287 2376 2378 2467
2378 2288 2377 2379 2468
2379 2289 2378 2380 2469
2380 2290 2379 2381 2470
2381 2291 2380 2382 2471
2382 2292 2381 2383 2472
2383 2382 2384 2473
2384 2383 2474
2385 2295 2386 2475
2386 2296 2385 2387 2476
2387 2297 2386 2388 2477
2388 2298 2387 2389 2478
2389 2299 2388 2479
2390 2300 2391 2480
2391 2301 2390 2392 2481
2392 2302 2391 2482
2393 2303 2483
2394 2304 2395 2484
2395 2305 2394 2396 2485
2396 2306 2395 2397 2486
2397 2307 2396 2398 2487
2398 2308 2397 2399 2488
2399 2309 2398 2400 2489
2400 2399 2490
2401 2311 2402 2491
2402 2312 2401
2403 2313 2493
2404 2314 2405
2405 2315 2404 2406 2495
2406 2316 2405 2496
2407 2317 2408 2497
2408 2318 2407 2409 2498
2409 2319 2408 2410 2499
2410 2320 2409 2411 2500
2411 2321 2410 2412 2501
2412 2322 2411 2413 2502
2413 2323 2412 2414 2503
2414 2324 2413 2415 2504
2415 2414 2416 2505
2416 2415 2417 2506
2417 2327 2416 2418 2507
2418 2328 2417 2508
2419 2329 2420 2509
2420 2330 2419 2421 2510
2421 2331 2420 2422 2511
2422 2332 2421 2423 2512
2423 2333 2422 2424 2513
2424 2334 2423 2425 2514
2425 2335 2424 2426
2426 2336 2425 2427 2516
2427 2426 2428 2517
2428 2338 2427 2429 2518
2429 2339 2428 2519
2430 2340 2431 2520
2431 2341 2430 2432 2521
2432 2342 2431 2433 2522
2433 2343 2432 2434 2523
2434 2344 2433 2435 2524
2435 2345 2434 2436 2525
2436 2346 2435 2437
2437 2347 2436 2438 2527
2438 2348 2437 2439 2528
2439 2349 2438 2440 2529
2440 2350 2439 2441 2530
2441 2351 2440 2442 2531
2442 2352 2441 2443 2532
2443 2353 2442 2444 2533
2444 2354 2443 2445 2534
2445 2355 2444 2535
2446 2356 2536
2447 2357 2448 2537
2448 2358 2447 2449 2538
2449 2359 2448 2450 2539
2450 2360 2449 2451 2540
2451 2361 2450 2452 2541
2452 2451 2453 2542
2453 2363 2452 2543
2454 2364 2455 2544
2455 2365 2454 2456
2456 2366 2455 2457 2546
2457 2367 2456 2458 2547
2458 2368 2457 2459 2548
2459 2369 2458 2460 2549
2460 2370 2459 2461 2550
2461 2371 2460 2462 2551
2462 2372 2461 2463 2552
2463 2373 2462 2553
2464 2374 2465 2554
2465 2375 2464 2466 2555
2466 2465 2467
2467 2377 2466 2557
2468 2378 2469 2558
2469 2379 2468 2470 2559
2470 2380 2469 2471 2560
2471 2381 2470 2472 2561
2472 2382 2471
2473 2383 2474 2563
2474 2384 2473 2475 2564
2475 2385 2474 2476 2565
2476 2386 2475 2477
2477 2387 2476 2478 2567
2478 2388 2477 2568
2479 2389 2480 2569
2480 2390 2479 2481 2570
2481 2391 2480 2482 2571
2482 2392 2481 2483 2572
2483 2393 2482 2484 2573
2484 2394 2483 2485 2574
2485 2395 2484 2486
2486 2396 2485 2487 2576
2487 2397 2486 2488 2577
2488 2398 2487 2489 2578
2489 2399 2488 2490 2579
2490 2400 2489 2580
2491 2401 2492 2581
2492 2491 2582
2493 2403 2494 2583
2494 2493 2495 2584
2495 2405 2494 2496 2585
2496 2406 2495 2497 2586
2497 2407 2496 2587
2498 2408 2499 2588
2499 2409 2498 2500
2500 2410 2499 2501 2590
2501 2411 2500 2502 2591
2502 2412 2501 2592
2503 2413 2504
2504 2414 2503 2505 2594
2505 2415 2504 2506 2595
2506 2416 2505 2507 2596
2507 2417 2506 2508 2597
2508 2418 2507 2509 2598
2509 2419 2508 2510 2599
2510 2420 2509 2511 2600
2511 2421 2510 2512
2512 2422 2511 2513 2602
2513 2423 2512 2514 2603
2514 2424 2513 2515 2604
2515 2514 2605
2516 2426 2517 2606
2517 2427 2516 2518 2607
2518 2428 2517 2519 2608
2519 2429 2518 2609
2520 2430 2521 2610
2521 2431 2520 2522
2522 2432 2521 2523 2612
2523 2433 2522 2524 2613
2524 2434 2523 2525 2614
2525 2435 2524 2526 2615
2526 2525 2527 2616
2527 2437 2526 2528 2617
2528 2438 2527 2529 2618
2529 2439 2528 2530 2619
2530 2440 2529 2531 2620
2531 2441 2530 2621
2532 2442 2533 2622
2533 2443 2532 2534 2623
2534 2444 2533 2535 2624
2535 2445 2534 2536 2625
2536 2446 2535 2537 2626
2537 2447 2536 2538
2538 2448 2537 2539
2539 2449 2538 2629
2540 2450 2541 2630
2541 2451 2540 2542
2542 2452 2541 2543 2632
2543 2453 2542 2544 2633
2544 2454 2543 2545 2634
2545 2544 2546 2635
2546 2456 2545 2547 2636
2547 2457 2546 2548 2637
2548 2458 2547 2549
2549 2459 2548 2550
2550 2460 2549 2551 2640
2551 2461 2550 2552 2641
2552 2462 2551 2553 2642
2553 2463 2552 2554 2643
2554 2464 2553 2555 2644
2555 2465 2554 2645
2556 2557 2646
2557 2467 2556 2558 2647
2558 2468 2557 2559
2559 2469 2558 2649
2560 2470 2561 2650
2561 2471 2560 2562 2651
2562 2561 2563 2652
2563 2473 2562 2653
2564 2474 2565 2654
2565 2475 2564 2566 2655
2566 2565 2567
2567 2477 2566 2568 2657
2568 2478 2567 2569 2658
2569 2479 2568 2570
2570 2480 2569 2571 2660
2571 2481 2570 2572 2661
2572 2482 2571 2662
2573 2483 2574 2663
2574 2484 2573 2575 2664
2575 2574 2576 2665
2576 2486 2575 2577 2666
2577 2487 2576 2578 2667
2578 2488 2577 2579 2668
2579 2489 2578 2580 2669
2580 2490 2579 2581 2670
2581 2491 2580 2582 2671
2582 2492 2581 2583 2672
2583 2493 2582 2584 2673
2584 2494 2583 2674
2585 2495 2586 2675
2586 2496 2585 2587 2676
2587 2497 2586 2588 2677
2588 2498 2587 2589 2678
2589 2588
2590 2500 2591 2680
2591 2501 2590 2681
2592 2502 2593 2682
2593 2592 2683
2594 2504 2595 2684
2595 2505 2594 2596 2685
2596 2506 2595 2597 2686
2597 2507 2596 2598 2687
2598 2508 2597 2599 2688
2599 2509 2598 2689
2600 2510 2690
2601 2602 2691
2602 2512 2601 2603 2692
2603 2513 2602 2693
2604 2514 2605 2694
2605 2515 2604 2606 2695
2606 2516 2605 2607 2696
2607 2517 2606 2608 2697
2608 2518 2607 2609 2698
2609 2519 2608
2610 2520 2611 2700
2611 2610 2612 2701
2612 2522 2611 2613
2613 2523 2612 2614 2703
2614 2524 2613 2615 2704
2615 2525 2614 2616 2705
2616 2526 2615 2617 2706
2617 2527 2616 2618 2707
2618 2528 2617 2708
2619 2529 2620 2709
2620 2530 2619 2621 2710
2621 2531 2620 2622 2711
2622 2532 2621 2712
2623 2533 2713
2624 2534 2625 2714
2625 2535 2624 2715
2626 2536 2627 2716
2627 2626 2628 2717
2628 2627 2629 2718
2629 2539 2628 2630 2719
2630 2540 2629 2631 2720
2631 2630 2632 2721
2632 2542 2631 2633 2722
2633 2543 2632 2634 2723
2634 2544 2633 2724
2635 2545 2725
2636 2546 2637 2726
2637 2547 2636 2638 2727
2638 2637 2639 2728
2639 2638 2640 2729
2640 2550 2639 2641 2730
2641 2551 2640 2642 2731
2642 2552 2641 2643 2732
2643 2553 2642 2644 2733
2644 2554 2643 2645 2734
2645 2555 2644 2646 2735
2646 2556 2645 2647 2736
2647 2557 2646 2737
2648 2649 2738
2649 2559 2648 2650 2739
2650 2560 2649 2651 2740
2651 2561 2650 2652 2741
2652 2562 2651 2653 2742
2653 2563 2652 2654 2743
2654 2564 2653 2655 2744
2655 2565 2654 2656 2745
2656 2655 2657 2746
2657 2567 2656 2658 2747
2658 2568 2657 2659 2748
2659 2658 2660 2749
2660 2570 2659 2661
2661 2571 2660 2662 2751
2662 2572 2661 2663 2752
2663 2573 2662 2664 2753
2664 2574 2663 2665 2754
2665 2575 2664 2666 2755
2666 2576 2665 2756
2667 2577 2668 2757
2668 2578 2667 2669 2758
2669 2579 2668 2670 2759
2670 2580 2669 2671 2760
2671 2581 2670 2672 2761
2672 2582 2671 2673 2762
2673 2583 2672 2674 2763
2674 2584 2673 2675 2764
2675 2585 2674 2676 2765
2676 2586 2675 2677
2677 2587 2676 2678 2767
2678 2588 2677 2679 2768
2679 2678 2680 2769
2680 2590 2679 2681 2770
2681 2591 2680 2682 2771
2682 2592 2681 2683 2772
2683 2593 2682 2684 2773
2684 2594 2683 2774
2685 2595 2686 2775
2686 2596 2685 2687 2776
2687 2597 2686 2688 2777
2688 2598 2687 2689 2778
2689 2599 2688 2690 2779
2690 2600 2689 2691 2780
2691 2601 2690 2692 2781
2692 2602 2691 2693 2782
2693 2603 2692 2694 2783
2694 2604 2693 2695 2784
2695 2605 2694 2696 2785
2696 2606 2695 2697 2786
2697 2607 2696 2698 2787
2698 2608 2697 2788
2699 2789
2700 2610 2701
2701 2611 2700 2702 2791
2702 2701 2703 2792
2703 2613 2702 2704 2793
2704 2614 2703 2794
2705 2615 2795
2706 2616 2707 2796
2707 2617 2706 2797
2708 2618 2709 2798
2709 2619 2708 2710 2799
2710 2620 2709 2711 2800
2711 2621 2710 2712 2801
2712 2622 2711 2713 2802
2713 2623 2712 2714 2803
2714 2624 2713 2715 2804
2715 2625 2714 2716 2805
2716 2626 2715 2717 2806
2717 2627 2716 2718 2807
2718 2628 2717 2719 2808
2719 2629 2718 2720
2720 2630 2719 2721 2810
2721 2631 2720 2722 2811
2722 2632 2721 2723
2723 2633 2722 2724 2813
2724 2634 2723 2725
2725 2635 2724 2726 2815
2726 2636 2725 2727
2727 2637 2726 2728 2817
2728 2638 2727 2729
2729 2639 2728 2730 2819
2730 2640 2729 2731 2820
2731 2641 2730 2732 2821
2732 2642 2731 2733 2822
2733 2643 2732 2734 2823
2734 2644 2733 2735 2824
2735 2645 2734 2736 2825
2736 2646 2735 2737 2826
2737 2647 2736 2738
2738 2648 2737 2739 2828
2739 2649 2738 2740 2829
2740 2650 2739 2741
2741 2651 2740 2831
2742 2652 2743 2832
2743 2653 2742 2744 2833
2744 2654 2743 2834
2745 2655 2746 2835
2746 2656 2745 2747 2836
2747 2657 2746 2748 2837
2748 2658 2747 2749 2838
2749 2659 2748 2750 2839
2750 2749 2751 2840
2751 2661 2750 2752 2841
2752 2662 2751 2753
2753 2663 2752 2754 2843
2754 2664 2753 2755 2844
2755 2665 2754 2756 2845
2756 2666 2755 2757 2846
2757 2667 2756 2758 2847
2758 2668 2757 2759 2848
2759 2669 2758 2760 2849
2760 2670 2759 2761 2850
2761 2671 2760 2762 2851
2762 2672 2761 2763 2852
2763 2673 2762 2853
2764 2674 2765 2854
2765 2675 2764 2766 2855
2766 2765 2767 2856
2767 2677 2766 2768 2857
2768 2678 2767 2769 2858
2769 2679 2768 2770 2859
2770 2680 2769 2771 2860
2771 2681 2770 2772 2861
2772 2682 2771 2773 2862
2773 2683 2772 2774 2863
2774 2684 2773 2775 2864
2775 2685 2774 2776 2865
2776 2686 2775 2777 2866
2777 2687 2776 2778 2867
2778 2688 2777 2779 2868
2779 2689 2778 2780 2869
2780 2690 2779 2781 2870
2781 2691 2780 2782 2871
2782 2692 2781 2783 2872
2783 2693 2782 2784 2873
2784 2694 2783 2785 2874
2785 2695 2784 2786 2875
2786 2696 2785 2787 2876
2787 2697 2786 2788 2877
2788 2698 2787 2789 2878
2789 2699 2788 2879
2790 2880
2791 2701 2792 2881
2792 2702 2791 2793
2793 2703 2792 2794 2883
2794 2704 2793 2795 2884
2795 2705 2794 2796 2885
2796 2706 2795 2797 2886
2797 2707 2796 2798 2887
2798 2708 2797 2799 2888
2799 2709 2798 2800 2889
2800 2710 2799 2801 2890
2801 2711 2800 2802 2891
2802 2712 2801 2803 2892
2803 2713 2802 2804 2893
2804 2714 2803 2805 2894
2805 2715 2804 2806 2895
2806 2716 2805 2807 2896
2807 2717 2806 2808 2897
2808 2718 2807 2809 2898
2809 2808 2810 2899
2810 2720 2809 2811 2900
2811 2721 2810 2812
2812 2811 2813 2902
2813 2723 2812 2814 2903
2814 2813 2904
2815 2725 2816 2905
2816 2815 2817 2906
2817 2727 2816 2907
2818 2819 2908
2819 2729 2818 2820
2820 2730 2819 2821
2821 2731 2820 2822 2911
2822 2732 2821 2912
2823 2733 2824
2824 2734 2823 2914
2825 2735 2826
2826 2736 2825 2827 2916
2827 2826 2917
2828 2738 2829 2918
2829 2739 2828 2830 2919
2830 2829 2831 2920
2831 2741 2830 2832 2921
2832 2742 2831 2833 2922
2833 2743 2832 2834 2923
2834 2744 2833 2835
2835 2745 2834 2836 2925
2836 2746 2835 2837 2926
2837 2747 2836 2838
2838 2748 2837 2839 2928
2839 2749 2838 2840
2840 2750 2839 2930
2841 2751 2842 2931
2842 2841 2843 2932
2843 2753 2842 2844
2844 2754 2843 2845 2934
2845 2755 2844 2846 2935
2846 2756 2845 2847 2936
2847 2757 2846 2848 2937
2848 2758 2847 2849 2938
2849 2759 2848 2850 2939
2850 2760 2849 2851
2851 2761 2850 2941
2852 2762 2853 2942
2853 2763 2852 2854 2943
2854 2764 2853 2855 2944
2855 2765 2854 2856 2945
2856 2766 2855 2946
2857 2767 2858 2947
2858 2768 2857 2859
2859 2769 2858 2860 2949
2860 2770 2859 2861 2950
2861 2771 2860 2862 2951
2862 2772 2861 2863 2952
2863 2773 2862 2864 2953
2864 2774 2863 2954
2865 2775 2866
2866 2776 2865 2867 2956
2867 2777 2866 2868 2957
2868 2778 2867 2869 2958
2869 2779 2868
2870 2780 2871 2960
2871 2781 2870 2872 2961
2872 2782 2871 2873 2962
2873 2783 2872 2874 2963
2874 2784 2873 2875 2964
2875 2785 2874 2876 2965
2876 2786 2875 2877 2966
2877 2787 2876 2878 2967
2878 2788 2877 2879 2968
2879 2789 2878 2969
2880 2790 2881 2970
2881 2791 2880 2882 2971
2882 2881 2883 2972
2883 2793 2882 2884
2884 2794 2883 2885 2974
2885 2795 2884 2886 2975
2886 2796 2885 2887 2976
2887 2797 2886 2888 2977
2888 2798 2887 2889 2978
2889 2799 2888 2890 2979
2890 2800 2889 2891 2980
2891 2801 2890 2892 2981
2892 2802 2891 2893 2982
2893 2803 2892 2894 2983
2894 2804 2893 2895 2984
2895 2805 2894 2896 2985
2896 2806 2895 2897 2986
2897 2807 2896 2898 2987
2898 2808 2897 2899
2899 2809 2898 2900 2989
2900 2810 2899 2901 2990
2901 2900 2902 2991
2902 2812 2901 2903 2992
2903 2813 2902 2904 2993
2904 2814 2903 2905 2994
2905 2815 2904 2906 2995
2906 2816 2905 2907 2996
2907 2817 2906 2908 2997
2908 2818 2907 2909 2998
2909 2908 2910 2999
2910 2909 2911 3000
2911 2821 2910 2912
2912 2822 2911 3002
2913 2914 3003
2914 2824 2913 2915 3004
2915 2914 2916 3005
2916 2826 2915 2917 3006
2917 2827 2916 2918 3007
2918 2828 2917 2919 3008
2919 2829 2918 2920 3009
2920 2830 2919 2921 3010
2921 2831 2920 2922 3011
2922 2832 2921 2923 3012
2923 2833 2922 2924 3013
2924 2923 2925 3014
2925 2835 2924 2926 3015
2926 2836 2925 2927 3016
2927 2926 2928 3017
2928 2838 2927 3018
2929 2930 3019
2930 2840 2929 2931 3020
2931 2841 2930 2932 3021
2932 2842 2931 2933 3022
2933 2932 2934 3023
2934 2844 2933 2935 3024
2935 2845 2934 2936 3025
2936 2846 2935 2937 3026
2937 2847 2936 2938 3027
2938 2848 2937 2939 3028
2939 2849 2938 2940 3029
2940 2939 2941 3030
2941 2851 2940 2942 3031
2942 2852 2941 2943 3032
2943 2853 2942 2944 3033
2944 2854 2943 3034
2945 2855 2946 3035
2946 2856 2945 2947 3036
2947 2857 2946 2948 3037
2948 2947 2949 3038
2949 2859 2948 3039
2950 2860 2951 3040
2951 2861 2950 2952 3041
2952 2862 2951 2953 3042
2953 2863 2952 2954 3043
2954 2864 2953 2955 3044
2955 2954 2956 3045
2956 2866 2955 2957 3046
2957 2867 2956 2958 3047
2958 2868 2957 2959 3048
2959 2958 2960 3049
2960 2870 2959 2961 3050
2961 2871 2960 2962 3051
2962 2872 2961 2963 3052
2963 2873 2962 2964 3053
2964 2874 2963 2965 3054
2965 2875 2964 2966 3055
2966 2876 2965 2967 3056
2967 2877 2966 2968 3057
2968 2878 2967 2969 3058
2969 2879 2968 3059
2970 2880 2971
2971 2881 2970 2972 3061
2972 2882 2971 2973 3062
2973 2972 2974 3063
2974 2884 2973 2975 3064
2975 2885 2974 2976 3065
2976 2886 2975 2977 3066
2977 2887 2976 3067
2978 2888 2979 3068
2979 2889 2978 2980 3069
2980 2890 2979 2981 3070
2981 2891 2980 2982 3071
2982 2892 2981 2983 3072
2983 2893 2982 2984 3073
2984 2894 2983 3074
2985 2895 2986 3075
2986 2896 2985 2987 3076
2987 2897 2986 2988 3077
2988 2987 2989 3078
2989 2899 2988 2990 3079
2990 2900 2989 2991 3080
2991 2901 2990 2992 3081
2992 2902 2991 2993 3082
2993 2903 2992 2994 3083
2994 2904 2993 2995 3084
2995 2905 2994 2996 3085
2996 2906 2995 2997 3086
2997 2907 2996 2998 3087
2998 2908 2997 2999 3088
2999 2909 2998 3000 3089
3000 2910 2999 3001
3001 3000 3002 3091
3002 2912 3001 3003
3003 2913 3002 3004 3093
3004 2914 3003 3005 3094
3005 2915 3004 3006 3095
3006 2916 3005 3007 3096
3007 2917 3006 3097
3008 2918 3009 3098
3009 2919 3008 3099
3010 2920 3011 3100
3011 2921 3010 3012 3101
3012 2922 3011 3013 3102
3013 2923 3012 3014 3103
3014 2924 3013 3015 3104
3015 2925 3014 3016 3105
3016 2926 3015 3017 3106
3017 2927 3016 3018 3107
3018 2928 3017 3019 3108
3019 2929 3018 3020 3109
3020 2930 3019 3021 3110
3021 2931 3020 3022 3111
3022 2932 3021 3023 3112
3023 2933 3022 3024 3113
3024 2934 3023 3025 3114
3025 2935 3024 3026
3026 2936 3025 3027 3116
3027 2937 3026 3028 3117
3028 2938 3027 3029 3118
3029 2939 3028 3030 3119
3030 2940 3029 3031 3120
3031 2941 3030 3032 3121
3032 2942 3031 3033 3122
3033 2943 3032 3034 3123
3034 2944 3033 3035 3124
3035 2945 3034 3036 3125
3036 2946 3035
3037 2947 3038
3038 2948 3037 3039 3128
3039 2949 3038 3040 3129
3040 2950 3039 3041 3130
3041 2951 3040 3042 3131
3042 2952 3041 3132
3043 2953 3044 3133
3044 2954 3043 3045 3134
3045 2955 3044 3046 3135
3046 2956 3045 3047 3136
3047 2957 3046 3048 3137
3048 2958 3047 3138
3049 2959 3050 3139
3050 2960 3049 3051 3140
3051 2961 3050 3052 3141
3052 2962 3051 3053
3053 2963 3052 3143
3054 2964 3055 3144
3055 2965 3054 3056
3056 2966 3055 3057 3146
3057 2967 3056 3058
3058 2968 3057 3059 3148
3059 2969 3058 3149
3060 3061
3061 2971 3060 3062 3151
3062 2972 3061 3063 3152
3063 2973 3062 3153
3064 2974
3065 2975 3066 3155
3066 2976 3065 3067 3156
3067 2977 3066 3068 3157
3068 2978 3067 3069 3158
3069 2979 3068 3159
3070 2980 3071 3160
3071 2981 3070 3072 3161
3072 2982 3071 3073
3073 2983 3072 3074 3163
3074 2984 3073 3075 3164
3075 2985 3074 3076 3165
3076 2986 3075 3077 3166
3077 2987 3076 3078
3078 2988 3077
3079 2989 3080
3080 2990 3079 3081 3170
3081 2991 3080 3082 3171
3082 2992 3081 3172
3083 2993 3084 3173
3084 2994 3083 3085 3174
3085 2995 3084 3086 3175
3086 2996 3085 3087 3176
3087 2997 3086 3088 3177
3088 2998 3087 3089 3178
3089 2999 3088 3090 3179
3090 3089 3091
3091 3001 3090 3092 3181
3092 3091 3093 3182
3093 3003 3092 3094 3183
3094 3004 3093 3095 3184
3095 3005 3094 3096 3185
3096 3006 3095 3097 3186
3097 3007 3096 3098 3187
3098 3008 3097 3099 3188
3099 3009 3098 3100 3189
3100 3010 3099 3101 3190
3101 3011 3100 3102 3191
3102 3012 3101 3103 3192
3103 3013 3102 3104 3193
3104 3014 3103 3105 3194
3105 3015 3104 3106 3195
3106 3016 3105 3107 3196
3107 3017 3106 3108 3197
3108 3018 3107 3198
3109 3019 3110 3199
3110 3020 3109 3111 3200
3111 3021 3110 3112 3201
3112 3022 3111 3113 3202
3113 3023 3112 3114 3203
3114 3024 3113 3115 3204
3115 3114 3116 3205
3116 3026 3115 3117 3206
3117 3027 3116 3118 3207
3118 3028 3117 3119 3208
3119 3029 3118 3120 3209
3120 3030 3119 3121 3210
3121 3031 3120 3122 3211
3122 3032 3121 3123 3212
3123 3033 3122 3124 3213
3124 3034 3123 3125 3214
3125 3035 3124 3126 3215
3126 3125 3127 3216
3127 3126 3128 3217
3128 3038 3127 3129 3218
3129 3039 3128 3219
3130 3040 3131 3220
3131 3041 3130 3132
3132 3042 3131 3133 3222
3133 3043 3132 3134 3223
3134 3044 3133 3135 3224
3135 3045 3134 3136 3225
3136 3046 3135 3137 3226
3137 3047 3136 3138 3227
3138 3048 3137 3139 3228
3139 3049 3138 3140 3229
3140 3050 3139 3141 3230
3141 3051 3140 3142 3231
3142 3141 3143 3232
3143 3053 3142 3144 3233
3144 3054 3143 3145 3234
3145 3144 3235
3146 3056 3147 3236
3147 3146 3148 3237
3148 3058 3147 3149 3238
3149 3059 3148 3239
3150 3151 3240
3151 3061 3150 3152 3241
3152 3062 3151 3153 3242
3153 3063 3152 3154 3243
3154 3153 3155 3244
3155 3065 3154 3156 3245
3156 3066 3155 3157 3246
3157 3067 3156 3158 3247
3158 3068 3157 3159 3248
3159 3069 3158 3160 3249
3160 3070 3159 3161 3250
3161 3071 3160 3162 3251
3162 3161 3163 3252
3163 3073 3162 3164 3253
3164 3074 3163 3165
3165 3075 3164 3166
3166 3076 3165 3167 3256
3167 3166 3168 3257
3168 3167 3169 3258
3169 3168 3170 3259
3170 3080 3169 3171
3171 3081 3170 3172
3172 3082 3171 3173 3262
3173 3083 3172 3174 3263
3174 3084 3173 3175 3264
3175 3085 3174 3176 3265
3176 3086 3175 3177 3266
3177 3087 3176 3267
3178 3088 3179
3179 3089 3178 3180 3269
3180 3179 3181 3270
3181 3091 3180 3182 3271
3182 3092 3181 3183 3272
3183 3093 3182 3184 3273
3184 3094 3183 3185 3274
3185 3095 3184 3186 3275
3186 3096 3185 3187 3276
3187 3097 3186 3188 3277
3188 3098 3187 3189 3278
3189 3099 3188 3190 3279
3190 3100 3189 3191
3191 3101 3190 3192 3281
3192 3102 3191 3193 3282
3193 3103 3192 3194 3283
3194 3104 3193 3284
3195 3105 3196 3285
3196 3106 3195 3197 3286
3197 3107 3196 3287
3198 3108 3199 3288
3199 3109 3198 3200 3289
3200 3110 3199 3201 3290
3201 3111 3200 3202 3291
3202 3112 3201 3203 3292
3203 3113 3202 3204 3293
3204 3114 3203 3205 3294
3205 3115 3204 3206 3295
3206 3116 3205 3296
3207 3117 3208 3297
3208 3118 3207 3209 3298
3209 3119 3208 3210 3299
3210 3120 3209 3211
3211 3121 3210 3212 3301
3212 3122 3211 3213 3302
3213 3123 3212 3214 3303
3214 3124 3213 3215
3215 3125 3214 3216 3305
3216 3126 3215 3217 3306
3217 3127 3216 3218 3307
3218 3128 3217 3219 3308
3219 3129 3218 3220 3309
3220 3130 3219 3221 3310
3221 3220 3222 3311
3222 3132 3221 3223 3312
3223 3133 3222 3224 3313
3224 3134 3223 3225 3314
3225 3135 3224 3226 3315
3226 3136 3225 3227 3316
3227 3137 3226 3228 3317
3228 3138 3227 3229 3318
3229 3139 3228 3230 3319
3230 3140 3229 3231
3231 3141 3230 3232 3321
3232 3142 3231 3233 3322
3233 3143 3232 3234 3323
3234 3144 3233 3235 3324
3235 3145 3234 3236 3325
3236 3146 3235 3237
3237 3147 3236 3238 3327
3238 3148 3237 3239 3328
3239 3149 3238 3329
3240 3150 3330
3241 3151 3242 3331
3242 3152 3241 3243 3332
3243 3153 3242 3244 3333
3244 3154 3243 3245 3334
3245 3155 3244 3246 3335
3246 3156 3245 3247 3336
3247 3157 3246 3248 3337
3248 3158 3247 3249 3338
3249 3159 3248 3250
3250 3160 3249 3251 3340
3251 3161 3250 3341
3252 3162 3253 3342
3253 3163 3252 3254 3343
3254 3253 3255
3255 3254 3256 3345
3256 3166 3255 3257 3346
3257 3167 3256 3258 3347
3258 3168 3257 3348
3259 3169 3260 3349
3260 3259 3261 3350
3261 3260 3262 3351
3262 3172 3261 3263 3352
3263 3173 3262 3264 3353
3264 3174 3263 3354
3265 3175 3266 3355
3266 3176 3265 3267 3356
3267 3177 3266 3268 3357
3268 3267 3269 3358
3269 3179 3268 3270
3270 3180 3269 3271 3360
3271 3181 3270 3272 3361
3272 3182 3271 3273 3362
3273 3183 3272 3274 3363
3274 3184 3273 3364
3275 3185 3276 3365
3276 3186 3275 3277 3366
3277 3187 3276 3278 3367
3278 3188 3277 3279 3368
3279 3189 3278 3280 3369
3280 3279 3281 3370
3281 3191 3280 3282 3371
3282 3192 3281 3283 3372
3283 3193 3282 3284 3373
3284 3194 3283 3285 3374
3285 3195 3284 3286
3286 3196 3285 3287 3376
3287 3197 3286 3288 3377
3288 3198 3287 3289 3378
3289 3199 3288 3290 3379
3290 3200 3289 3291 3380
3291 3201 3290 3292 3381
3292 3202 3291 3293 3382
3293 3203 3292 3294 3383
3294 3204 3293 3384
3295 3205 3296 3385
3296 3206 3295 3297 3386
3297 3207 3296 3298 3387
3298 3208 3297 3299 3388
3299 3209 3298 3300 3389
3300 3299 3301 3390
3301 3211 3300 3302
3302 3212 3301 3303 3392
3303 3213 3302 3304 3393
3304 3303 3305 3394
3305 3215 3304 3306 3395
3306 3216 3305 3307 3396
3307 3217 3306 3308 3397
3308 3218 3307 3398
3309 3219 3310 3399
3310 3220 3309 3311 3400
3311 3221 3310 3312 3401
3312 3222 3311 3402
3313 3223 3314 3403
3314 3224 3313 3315 3404
3315 3225 3314 3316 3405
3316 3226 3315 3317 3406
3317 3227 3316 3318 3407
3318 3228 3317 3319 3408
3319 3229 3318 3320 3409
3320 3319 3321
3321 3231 3320 3322 3411
3322 3232 3321 3323 3412
3323 3233 3322 3324 3413
3324 3234 3323 3325 3414
3325 3235 3324 3415
3326 3327 3416
3327 3237 3326 3328 3417
3328 3238 3327 3329 3418
3329 3239 3328 3419
3330 3240 3331 3420
3331 3241 3330 3332 3421
3332 3242 3331 3333 3422
3333 3243 3332 3334 3423
3334 3244 3333 3335 3424
3335 3245 3334 3336 3425
3336 3246 3335 3337 3426
3337 3247 3336 3338 3427
3338 3248 3337 3339 3428
3339 3338 3340 3429
3340 3250 3339 3341 3430
3341 3251 3340 3342 3431
3342 3252 3341
3343 3253 3344
3344 3343 3345 3434
3345 3255 3344 3346 3435
3346 3256 3345 3436
3347 3257 3348 3437
3348 3258 3347 3349 3438
3349 3259 3348 3350 3439
3350 3260 3349 3351 3440
3351 3261 3350 3352 3441
3352 3262 3351 3353 3442
3353 3263 3352 3354 3443
3354 3264 3353 3355
3355 3265 3354 3356 3445
3356 3266 3355 3357 3446
3357 3267 3356 3358 3447
3358 3268 3357 3359 3448
3359 3358 3360 3449
3360 3270 3359 3361 3450
3361 3271 3360 3362 3451
3362 3272 3361 3363 3452
3363 3273 3362 3364 3453
3364 3274 3363 3365 3454
3365 3275 3364 3366 3455
3366 3276 3365 3367 3456
3367 3277 3366 3368 3457
3368 3278 3367 3369 3458
3369 3279 3368 3370 3459
3370 3280 3369 3371
3371 3281 3370 3372 3461
3372 3282 3371 3373 3462
3373 3283 3372 3374 3463
3374 3284 3373 3375 3464
3375 3374 3465
3376 3286 3377 3466
3377 3287 3376 3467
3378 3288 3379 3468
3379 3289 3378 3380 3469
3380 3290 3379 3381 3470
3381 3291 3380 3471
3382 3292 3383 3472
3383 3293 3382 3384 3473
3384 3294 3383 3385 3474
3385 3295 3384 3386 3475
3386 3296 3385 3387 3476
3387 3297 3386 3388 3477
3388 3298 3387 3389 3478
3389 3299 3388 3390 3479
3390 3300 3389 3391 3480
3391 3390 3392 3481
3392 3302 3391 3393 3482
3393 3303 3392 3394 3483
3394 3304 3393 3395 3484
3395 3305 3394 3396 3485
3396 3306 3395 3397 3486
3397 3307 3396 3487
3398 3308 3399 3488
3399 3309 3398 3400 3489
3400 3310 3399 3401 3490
3401 3311 3400 3402 3491
3402 3312 3401 3492
3403 3313 3404 3493
3404 3314 3403 3405 3494
3405 3315 3404 3406 3495
3406 3316 3405 3407 3496
3407 3317 3406 3408 3497
3408 3318 3407 3409 3498
3409 3319 3408 3410 3499
3410 3409 3411
3411 3321 3410 3412 3501
3412 3322 3411 3413 3502
3413 3323 3412 3414 3503
3414 3324 3413 3415 3504
3415 3325 3414 3416 3505
3416 3326 3415 3417 3506
3417 3327 3416 3418 3507
3418 3328 3417 3419 3508
3419 3329 3418
3420 3330 3421 3510
3421 3331 3420 3422 3511
3422 3332 3421 3423
3423 3333 3422 3424 3513
3424 3334 3423 3425 3514
3425 3335 3424 3426 3515
3426 3336 3425 3427 3516
3427 3337 3426 3428 3517
3428 3338 3427 3429
3429 3339 3428 3430 3519
3430 3340 3429 3431 3520
3431 3341 3430 3432 3521
3432 3431 3433 3522
3433 3432 3523
3434 3344 3435 3524
3435 3345 3434 3436 3525
3436 3346 3435 3526
3437 3347 3438 3527
3438 3348 3437 3528
3439 3349 3440 3529
3440 3350 3439 3441
3441 3351 3440 3442 3531
3442 3352 3441 3443 3532
3443 3353 3442 3444 3533
3444 3443 3445 3534
3445 3355 3444 3446 3535
3446 3356 3445 3447 3536
3447 3357 3446 3448 3537
3448 3358 3447 3449 3538
3449 3359 3448 3450 3539
3450 3360 3449 3451 3540
3451 3361 3450 3452 3541
3452 3362 3451 3453 3542
3453 3363 3452 3454 3543
3454 3364 3453 3455 3544
3455 3365 3454 3456 3545
3456 3366 3455 3546
3457 3367 3458 3547
3458 3368 3457 3459 3548
3459 3369 3458 3460 3549
3460 3459 3461 3550
3461 3371 3460 3462
3462 3372 3461 3552
3463 3373 3464 3553
3464 3374 3463 3554
3465 3375 3466 3555
3466 3376 3465 3467 3556
3467 3377 3466 3468 3557
3468 3378 3467 3469 3558
3469 3379 3468 3470 3559
3470 3380 3469 3471 3560
3471 3381 3470 3472 3561
3472 3382 3471 3473 3562
3473 3383 3472 3474 3563
3474 3384 3473 3475 3564
3475 3385 3474 3476
3476 3386 3475 3477 3566
3477 3387 3476 3478 3567
3478 3388 3477 3479 3568
3479 3389 3478 3480 3569
3480 3390 3479 3481 3570
3481 3391 3480 3482 3571
3482 3392 3481 3483 3572
3483 3393 3482 3484 3573
3484 3394 3483 3485 3574
3485 3395 3484 3486
3486 3396 3485 3487
3487 3397 3486 3488 3577
3488 3398 3487 3489 3578
3489 3399 3488 3490 3579
3490 3400 3489 3491 3580
3491 3401 3490 3492 3581
3492 3402 3491 3493 3582
3493 3403 3492 3494 3583
3494 3404 3493 3495 3584
3495 3405 3494 3496 3585
3496 3406 3495 3497 3586
3497 3407 3496 3498 3587
3498 3408 3497 3499 3588
3499 3409 3498 3500 3589
3500 3499 3501
3501 3411 3500 3502
3502 3412 3501 3503
3503 3413 3502 3504 3593
3504 3414 3503 3505 3594
3505 3415 3504 3506
3506 3416 3505 3507 3596
3507 3417 3506 3508 3597
3508 3418 3507 3509 3598
3509 3508 3599
3510 3420 3600
3511 3421 3512 3601
3512 3511 3513 3602
3513 3423 3512 3514 3603
3514 3424 3513 3515 3604
3515 3425 3514 3516 3605
3516 3426 3515 3517 3606
3517 3427 3516 3518 3607
3518 3517 3519 3608
3519 3429 3518 3520
3520 3430 3519 3521 3610
3521 3431 3520 3611
3522 3432 3523
3523 3433 3522 3613
3524 3434 3525 3614
3525 3435 3524 3526 3615
3526 3436 3525 3527 3616
3527 3437 3526 3528 3617
3528 3438 3527 3529
3529 3439 3528 3530 3619
3530 3529 3531 3620
3531 3441 3530 3532 3621
3532 3442 3531 3622
3533 3443 3534 3623
3534 3444 3533 3535 3624
3535 3445 3534 3536 3625
3536 3446 3535 3537 3626
3537 3447 3536 3538
3538 3448 3537 3539 3628
3539 3449 3538 3540 3629
3540 3450 3539 3630
3541 3451 3542 3631
3542 3452 3541 3543 3632
3543 3453 3542 3544 3633
3544 3454 3543 3634
3545 3455 3546 3635
3546 3456 3545 3547 3636
3547 3457 3546 3548 3637
3548 3458 3547 3549 3638
3549 3459 3548 3550 3639
3550 3460 3549 3551 3640
3551 3550 3552 3641
3552 3462 3551 3553 3642
3553 3463 3552 3554 3643
3554 3464 3553 3555 3644
3555 3465 3554 3556
3556 3466 3555 3557 3646
3557 3467 3556 3558 3647
3558 3468 3557 3559 3648
3559 3469 3558 3560 3649
3560 3470 3559 3561 3650
3561 3471 3560 3562 3651
3562 3472 3561 3563 3652
3563 3473 3562 3564 3653
3564 3474 3563 3654
3565 3566 3655
3566 3476 3565 3656
3567 3477 3568 3657
3568 3478 3567 3658
3569 3479 3570 3659
3570 3480 3569 3660
3571 3481 3572 3661
3572 3482 3571 3573 3662
3573 3483 3572 3574 3663
3574 3484 3573 3575 3664
3575 3574 3576 3665
3576 3575 3577 3666
3577 3487 3576 3578 3667
3578 3488 3577 3579 3668
3579 3489 3578 3580 3669
3580 3490 3579 3581 3670
3581 3491 3580 3582 3671
3582 3492 3581 3583 3672
3583 3493 3582 3584 3673
3584 3494 3583 3585 3674
3585 3495 3584 3586 3675
3586 3496 3585 3587 3676
3587 3497 3586 3588 3677
3588 3498 3587 3589 3678
3589 3499 3588 3590 3679
3590 3589 3591
3591 3590 3592 3681
3592 3591 3593 3682
3593 3503 3592 3594 3683
3594 3504 3593 3595 3684
3595 3594 3685
3596 3506 3686
3597 3507 3598 3687
3598 3508 3597 3599 3688
3599 3509 3598 3689
3600 3510 3601 3690
3601 3511 3600 3602 3691
3602 3512 3601 3603
3603 3513 3602 3693
3604 3514 3605 3694
3605 3515 3604 3606 3695
3606 3516 3605 3607 3696
3607 3517 3606 3608 3697
3608 3518 3607 3609 3698
3609 3608 3610 3699
3610 3520 3609 3611 3700
3611 3521 3610 3612 3701
3612 3611 3613 3702
3613 3523 3612 3614 3703
3614 3524 3613 3615 3704
3615 3525 3614 3616 3705
3616 3526 3615 3617 3706
3617 3527 3616 3618 3707
3618 3617 3619 3708
3619 3529 3618 3620 3709
3620 3530 3619 3621 3710
3621 3531 3620 3622 3711
3622 3532 3621 3623 3712
3623 3533 3622 3624 3713
3624 3534 3623 3714
3625 3535 3626 3715
3626 3536 3625
3627 3628 3717
3628 3538 3627 3629 3718
3629 3539 3628 3630 3719
3630 3540 3629 3631 3720
3631 3541 3630 3632 3721
3632 3542 3631 3633 3722
3633 3543 3632 3634
3634 3544 3633 3635 3724
3635 3545 3634 3636 3725
3636 3546 3635 3637 3726
3637 3547 3636 3638 3727
3638 3548 3637 3639 3728
3639 3549 3638 3640 3729
3640 3550 3639 3641 3730
3641 3551 3640 3642 3731
3642 3552 3641 3643 3732
3643 3553 3642 3644 3733
3644 3554 3643 3645 3734
3645 3644 3646 3735
3646 3556 3645 3647 3736
3647 3557 3646 3648
3648 3558 3647 3738
3649 3559 3650 3739
3650 3560 3649 3651 3740
3651 3561 3650 3652 3741
3652 3562 3651 3653 3742
3653 3563 3652 3654
3654 3564 3653 3655 3744
3655 3565 3654 3656 3745
3656 3566 3655 3657 3746
3657 3567 3656 3658 3747
3658 3568 3657 3659 3748
3659 3569 3658 3660 3749
3660 3570 3659 3750
3661 3571 3662 3751
3662 3572 3661 3663 3752
3663 3573 3662 3664 3753
3664 3574 3663 3665
3665 3575 3664 3666 3755
3666 3576 3665 3756
3667 3577 3668 3757
3668 3578 3667 3669 3758
3669 3579 3668 3670 3759
3670 3580 3669 3760
3671 3581 3672 3761
3672 3582 3671 3673 3762
3673 3583 3672 3763
3674 3584 3675 3764
3675 3585 3674 3676
3676 3586 3675 3677 3766
3677 3587 3676 3678 3767
3678 3588 3677 3679 3768
3679 3589 3678 3680 3769
3680 3679 3681 3770
3681 3591 3680 3682 3771
3682 3592 3681 3683 3772
3683 3593 3682 3684 3773
3684 3594 3683 3685 3774
3685 3595 3684 3686 3775
3686 3596 3685 3687 3776
3687 3597 3686 3688 3777
3688 3598 3687 3689 3778
3689 3599 3688 3779
3690 3600 3691 3780
3691 3601 3690 3692 3781
3692 3691 3693 3782
3693 3603 3692 3694 3783
3694 3604 3693 3695 3784
3695 3605 3694 3696 3785
3696 3606 3695 3697 3786
3697 3607 3696 3698 3787
3698 3608 3697 3699 3788
3699 3609 3698 3700 3789
3700 3610 3699 3701 3790
3701 3611 3700 3791
3702 3612 3703 3792
3703 3613 3702 3704 3793
3704 3614 3703 3705 3794
3705 3615 3704 3706 3795
3706 3616 3705 3707 3796
3707 3617 3706 3708 3797
3708 3618 3707 3709 3798
3709 3619 3708 3710 3799
3710 3620 3709 3711 3800
3711 3621 3710 3712 3801
3712 3622 3711 3713 3802
3713 3623 3712 3714 3803
3714 3624 3713 3715 3804
3715 3625 3714 3716
3716 3715 3806
3717 3627 3718 3807
3718 3628 3717 3719 3808
3719 3629 3718 3720 3809
3720 3630 3719 3721 3810
3721 3631 3720 3722 3811
3722 3632 3721 3723 3812
3723 3722 3724 3813
3724 3634 3723 3725 3814
3725 3635 3724 3726 3815
3726 3636 3725 3727 3816
3727 3637 3726 3728 3817
3728 3638 3727 3729
3729 3639 3728 3730 3819
3730 3640 3729 3731 3820
3731 3641 3730 3732
3732 3642 3731 3733
3733 3643 3732 3734 3823
3734 3644 3733 3735 3824
3735 3645 3734 3736 3825
3736 3646 3735 3737 3826
3737 3736 3738 3827
3738 3648 3737 3828
3739 3649 3740 3829
3740 3650 3739 3741 3830
3741 3651 3740 3831
3742 3652 3743 3832
3743 3742 3744 3833
3744 3654 3743 3745 3834
3745 3655 3744 3746 3835
3746 3656 3745 3747 3836
3747 3657 3746 3748 3837
3748 3658 3747 3749
3749 3659 3748 3750 3839
3750 3660 3749 3751 3840
3751 3661 3750 3752 3841
3752 3662 3751 3753 3842
3753 3663 3752 3754 3843
3754 3753 3755 3844
3755 3665 3754 3756 3845
3756 3666 3755 3757 3846
3757 3667 3756 3758 3847
3758 3668 3757 3759 3848
3759 3669 3758 3760
3760 3670 3759 3761 3850
3761 3671 3760 3762 3851
3762 3672 3761 3763 3852
3763 3673 3762 3764 3853
3764 3674 3763 3765 3854
3765 3764 3766 3855
3766 3676 3765 3767 3856
3767 3677 3766 3768 3857
3768 3678 3767 3769 3858
3769 3679 3768 3770 3859
3770 3680 3769 3771 3860
3771 3681 3770 3772 3861
3772 3682 3771 3773 3862
3773 3683 3772 3774 3863
3774 3684 3773 3775 3864
3775 3685 3774
3776 3686 3777 3866
3777 3687 3776 3867
3778 3688 3779 3868
3779 3689 3778 3869
3780 3690 3781 3870
3781 3691 3780 3782 3871
3782 3692 3781 3783 3872
3783 3693 3782 3784 3873
3784 3694 3783 3785 3874
3785 3695 3784 3786 3875
3786 3696 3785 3787
3787 3697 3786 3788 3877
3788 3698 3787 3789 3878
3789 3699 3788 3790 3879
3790 3700 3789 3791 3880
3791 3701 3790 3792 3881
3792 3702 3791 3793 3882
3793 3703 3792 3794 3883
3794 3704 3793 3795 3884
3795 3705 3794 3796 3885
3796 3706 3795 3797 3886
3797 3707 3796 3798 3887
3798 3708 3797 3799 3888
3799 3709 3798 3800 3889
3800 3710 3799 3801 3890
3801 3711 3800 3802
3802 3712 3801 3803 3892
3803 3713 3802 3893
3804 3714 3805 3894
3805 3804 3895
3806 3716 3807 3896
3807 3717 3806 3808 3897
3808 3718 3807 3809 3898
3809 3719 3808 3810 3899
3810 3720 3809 3811 3900
3811 3721 3810 3901
3812 3722 3813 3902
3813 3723 3812 3814 3903
3814 3724 3813 3815 3904
3815 3725 3814 3905
3816 3726 3817 3906
3817 3727 3816 3818 3907
3818 3817 3819 3908
3819 3729 3818 3820 3909
3820 3730 3819 3821
3821 3820 3822 3911
3822 3821 3823 3912
3823 3733 3822 3824 3913
3824 3734 3823 3825 3914
3825 3735 3824 3826 3915
3826 3736 3825 3827 3916
3827 3737 3826 3917
3828 3738 3829 3918
3829 3739 3828 3830 3919
3830 3740 3829 3831 3920
3831 3741 3830 3832 3921
3832 3742 3831 3833 3922
3833 3743 3832 3834 3923
3834 3744 3833 3835 3924
3835 3745 3834 3836 3925
3836 3746 3835 3926
3837 3747 3838 3927
3838 3837 3839 3928
3839 3749 3838 3840 3929
3840 3750 3839 3841 3930
3841 3751 3840 3842 3931
3842 3752 3841 3843 3932
3843 3753 3842 3844 3933
3844 3754 3843 3845 3934
3845 3755 3844 3846 3935
3846 3756 3845 3847 3936
3847 3757 3846 3848 3937
3848 3758 3847 3849 3938
3849 3848 3939
3850 3760 3851 3940
3851 3761 3850 3852 3941
3852 3762 3851 3853 3942
3853 3763 3852 3854 3943
3854 3764 3853 3855 3944
3855 3765 3854 3856
3856 3766 3855 3857 3946
3857 3767 3856 3858
3858 3768 3857 3859 3948
3859 3769 3858 3860 3949
3860 3770 3859 3861 3950
3861 3771 3860 3862 3951
3862 3772 3861 3863 3952
3863 3773 3862 3864 3953
3864 3774 3863 3865 3954
3865 3864 3866
3866 3776 3865 3867 3956
3867 3777 3866 3868 3957
3868 3778 3867 3869 3958
3869 3779 3868 3959
3870 3780 3871 3960
3871 3781 3870 3872 3961
3872 3782 3871 3873 3962
3873 3783 3872 3874 3963
3874 3784 3873 3875 3964
3875 3785 3874 3876 3965
3876 3875 3877 3966
3877 3787 3876 3878 3967
3878 3788 3877 3879 3968
3879 3789 3878 3880 3969
3880 3790 3879 3881 3970
3881 3791 3880 3882 3971
3882 3792 3881 3883 3972
3883 3793 3882 3884 3973
3884 3794 3883 3885
3885 3795 3884 3975
3886 3796 3887 3976
3887 3797 3886 3888 3977
3888 3798 3887 3889
3889 3799 3888 3890 3979
3890 3800 3889 3891 3980
3891 3890 3892 3981
3892 3802 3891 3893 3982
3893 3803 3892 3894
3894 3804 3893 3895 3984
3895 3805 3894 3896 3985
3896 3806 3895 3986
3897 3807 3898 3987
3898 3808 3897 3899 3988
3899 3809 3898 3900 3989
3900 3810 3899 3901 3990
3901 3811 3900 3902 3991
3902 3812 3901 3903 3992
3903 3813 3902 3904 3993
3904 3814 3903 3905 3994
3905 3815 3904 3906 3995
3906 3816 3905 3996
3907 3817 3908
3908 3818 3907 3909 3998
3909 3819 3908 3910 3999
3910 3909 3911 4000
3911 3821 3910 3912 4001
3912 3822 3911 3913 4002
3913 3823 3912 3914 4003
3914 3824 3913 3915 4004
3915 3825 3914 4005
3916 3826 3917
3917 3827 3916 3918 4007
3918 3828 3917 3919 4008
3919 3829 3918 3920 4009
3920 3830 3919 3921 4010
3921 3831 3920 3922 4011
3922 3832 3921 3923 4012
3923 3833 3922 3924
3924 3834 3923 3925 4014
3925 3835 3924 3926 4015
3926 3836 3925 3927 4016
3927 3837 3926 3928 4017
3928 3838 3927 3929 4018
3929 3839 3928 3930 4019
3930 3840 3929 3931 4020
3931 3841 3930 3932 4021
3932 3842 3931 3933 4022
3933 3843 3932 3934 4023
3934 3844 3933 3935
3935 3845 3934 3936 4025
3936 3846 3935 3937 4026
3937 3847 3936 3938 4027
3938 3848 3937 3939 4028
3939 3849 3938 4029
3940 3850 3941 4030
3941 3851 3940 3942
3942 3852 3941 3943
3943 3853 3942 3944 4033
3944 3854 3943 4034
3945 3946 4035
3946 3856 3945 3947 4036
3947 3946 3948 4037
3948 3858 3947 3949
3949 3859 3948 3950
3950 3860 3949 3951 4040
3951 3861 3950 3952 4041
3952 3862 3951 4042
3953 3863 4043
3954 3864 4044
3955 3956 4045
3956 3866 3955 3957 4046
3957 3867 3956 4047
3958 3868 4048
3959 3869 4049
3960 3870 3961 4050
3961 3871 3960 3962 4051
3962 3872 3961 3963 4052
3963 3873 3962 3964 4053
3964 3874 3963 3965 4054
3965 3875 3964 3966 4055
3966 3876 3965 3967 4056
3967 3877 3966 3968 4057
3968 3878 3967 3969 4058
3969 3879 3968 3970 4059
3970 3880 3969 3971 4060
3971 3881 3970 4061
3972 3882 3973 4062
3973 3883 3972 3974 4063
3974 3973 3975 4064
3975 3885 3974 3976 4065
3976 3886 3975 3977 4066
3977 3887 3976 3978 4067
3978 3977 3979 4068
3979 3889 3978 3980 4069
3980 3890 3979 3981 4070
3981 3891 3980 3982 4071
3982 3892 3981 3983 4072
3983 3982 3984 4073
3984 3894 3983 3985 4074
3985 3895 3984 3986 4075
3986 3896 3985 3987 4076
3987 3897 3986 3988 4077
3988 3898 3987 3989 4078
3989 3899 3988 3990 4079
3990 3900 3989 3991 4080
3991 3901 3990 3992 4081
3992 3902 3991 3993 4082
3993 3903 3992 4083
3994 3904 3995 4084
3995 3905 3994 3996 4085
3996 3906 3995 3997 4086
3997 3996 3998 4087
3998 3908 3997 3999 4088
3999 3909 3998 4000 4089
4000 3910 3999 4001 4090
4001 3911 4000 4002 4091
4002 3912 4001 4003 4092
4003 3913 4002 4004 4093
4004 3914 4003 4005 4094
4005 3915 4004 4095
4006 4007 4096
4007 3917 4006 4097
4008 3918 4009 4098
4009 3919 4008 4010 4099
4010 3920 4009 4011
4011 3921 4010 4012 4101
4012 3922 4011 4013 4102
4013 4012 4014 4103
4014 3924 4013 4015
4015 3925 4014 4016 4105
4016 3926 4015 4017 4106
4017 3927 4016 4018
4018 3928 4017 4019 4108
4019 3929 4018 4020 4109
4020 3930 4019 4021 4110
4021 3931 4020 4022 4111
4022 3932 4021 4023 4112
4023 3933 4022 4024 4113
4024 4023 4025 4114
4025 3935 4024 4026 4115
4026 3936 4025 4027 4116
4027 3937 4026 4028 4117
4028 3938 4027 4029 4118
4029 3939 4028 4030 4119
4030 3940 4029 4031 4120
4031 4030 4032 4121
4032 4031 4033 4122
4033 3943 4032 4123
4034 3944 4035 4124
4035 3945 4034 4036 4125
4036 3946 4035 4037 4126
4037 3947 4036 4038 4127
4038 4037 4128
4039 4040 4129
4040 3950 4039 4041 4130
4041 3951 4040 4042 4131
4042 3952 4041 4043 4132
4043 3953 4042 4133
4044 3954 4045 4134
4045 3955 4044 4046 4135
4046 3956 4045 4047 4136
4047 3957 4046 4048 4137
4048 3958 4047 4049 4138
4049 3959 4048 4139
4050 3960 4051 4140
4051 3961 4050 4052 4141
4052 3962 4051 4053
4053 3963 4052 4054
4054 3964 4053 4055 4144
4055 3965 4054 4056 4145
4056 3966 4055 4057
4057 3967 4056 4058 4147
4058 3968 4057 4059 4148
4059 3969 4058 4060 4149
4060 3970 4059 4150
4061 3971 4151
4062 3972 4063 4152
4063 3973 4062 4064
4064 3974 4063 4065 4154
4065 3975 4064 4066 4155
4066 3976 4065 4067 4156
4067 3977 4066 4068 4157
4068 3978 4067 4069
4069 3979 4068 4159
4070 3980 4071 4160
4071 3981 4070 4072 4161
4072 3982 4071 4162
4073 3983 4074 4163
4074 3984 4073 4075 4164
4075 3985 4074 4076 4165
4076 3986 4075 4077 4166
4077 3987 4076 4078 4167
4078 3988 4077 4079 4168
4079 3989 4078 4080 4169
4080 3990 4079 4081 4170
4081 3991 4080 4082 4171
4082 3992 4081 4083 4172
4083 3993 4082 4084 4173
4084 3994 4083 4085 4174
4085 3995 4084 4086 4175
4086 3996 4085 4176
4087 3997 4177
4088 3998 4089 4178
4089 3999 4088 4090 4179
4090 4000 4089 4091 4180
4091 4001 4090 4092 4181
4092 4002 4091 4093 4182
4093 4003 4092 4094 4183
4094 4004 4093 4095 4184
4095 4005 4094 4096 4185
4096 4006 4095 4097 4186
4097 4007 4096 4098 4187
4098 4008 4097 4099 4188
4099 4009 4098 4100 4189
4100 4099 4101
4101 4011 4100 4102
4102 4012 4101 4103 4192
4103 4013 4102 4104 4193
4104 4103 4105 4194
4105 4015 4104 4106 4195
4106 4016 4105 4107 4196
4107 4106 4108 4197
4108 4018 4107 4109 4198
4109 4019 4108 4110 4199
4110 4020 4109 4111 4200
4111 4021 4110 4112 4201
4112 4022 4111 4113 4202
4113 4023 4112 4203
4114 4024 4115 4204
4115 4025 4114 4116 4205
4116 4026 4115 4117 4206
4117 4027 4116 4118 4207
4118 4028 4117 4119 4208
4119 4029 4118 4120
4120 4030 4119 4121
4121 4031 4120 4122 4211
4122 4032 4121 4212
4123 4033 4124
4124 4034 4123 4125 4214
4125 4035 4124 4215
4126 4036 4216
4127 4037 4128 4217
4128 4038 4127 4129 4218
4129 4039 4128 4130 4219
4130 4040 4129 4220
4131 4041 4132 4221
4132 4042 4131 4133 4222
4133 4043 4132 4134 4223
4134 4044 4133 4224
4135 4045 4136 4225
4136 4046 4135 4137 4226
4137 4047 4136 4138 4227
4138 4048 4137 4228
4139 4049 4229
4140 4050 4141 4230
4141 4051 4140 4142 4231
4142 4141 4143 4232
4143 4142 4144 4233
4144 4054 4143 4145 4234
4145 4055 4144 4146 4235
4146 4145 4147 4236
4147 4057 4146 4148 4237
4148 4058 4147 4149
4149 4059 4148 4150 4239
4150 4060 4149 4151
4151 4061 4150 4152
4152 4062 4151 4153 4242
4153 4152 4154 4243
4154 4064 4153 4155
4155 4065 4154 4156 4245
4156 4066 4155 4157 4246
4157 4067 4156 4158 4247
4158 4157 4159 4248
4159 4069 4158 4160 4249
4160 4070 4159 4161
4161 4071 4160 4162 4251
4162 4072 4161 4252
4163 4073 4164 4253
4164 4074 4163 4165 4254
4165 4075 4164 4166 4255
4166 4076 4165 4256
4167 4077 4168
4168 4078 4167 4169
4169 4079 4168 4170
4170 4080 4169 4171 4260
4171 4081 4170 4172 4261
4172 4082 4171 4173 4262
4173 4083 4172 4174 4263
4174 4084 4173 4175 4264
4175 4085 4174 4176 4265
4176 4086 4175 4177 4266
4177 4087 4176 4178 4267
4178 4088 4177 4179 4268
4179 4089 4178 4180 4269
4180 4090 4179 4181 4270
4181 4091 4180 4182 4271
4182 4092 4181 4183 4272
4183 4093 4182 4184 4273
4184 4094 4183 4185 4274
4185 4095 4184 4186
4186 4096 4185 4187 4276
4187 4097 4186 4188
4188 4098 4187 4189 4278
4189 4099 4188 4190 4279
4190 4189 4191 4280
4191 4190 4192 4281
4192 4102 4191 4193 4282
4193 4103 4192 4194 4283
4194 4104 4193 4195 4284
4195 4105 4194 4196 4285
4196 4106 4195 4197 4286
4197 4107 4196 4198 4287
4198 4108 4197 4288
4199 4109 4200 4289
4200 4110 4199 4201 4290
4201 4111 4200 4202 4291
4202 4112 4201 4203 4292
4203 4113 4202 4204 4293
4204 4114 4203 4205 4294
4205 4115 4204 4206 4295
4206 4116 4205 4207 4296
4207 4117 4206 4208 4297
4208 4118 4207 4209 4298
4209 4208 4210
4210 4209 4300
4211 4121 4301
4212 4122 4213 4302
4213 4212 4214 4303
4214 4124 4213 4215
4215 4125 4214 4216 4305
4216 4126 4215
4217 4127 4218
4218 4128 4217 4219 4308
4219 4129 4218 4220
4220 4130 4219 4221 4310
4221 4131 4220 4222 4311
4222 4132 4221 4223 4312
4223 4133 4222 4224 4313
4224 4134 4223 4225 4314
4225 4135 4224 4226 4315
4226 4136 4225 4227 4316
4227 4137 4226 4228 4317
4228 4138 4227 4229 4318
4229 4139 4228 4319
4230 4140 4231 4320
4231 4141 4230 4232 4321
4232 4142 4231 4233 4322
4233 4143 4232 4234 4323
4234 4144 4233 4235 4324
4235 4145 4234 4236
4236 4146 4235 4326
4237 4147 4238 4327
4238 4237 4239 4328
4239 4149 4238 4240 4329
4240 4239 4241 4330
4241 4240 4331
4242 4152 4243 4332
4243 4153 4242 4244
4244 4243 4245 4334
4245 4155 4244 4246 4335
4246 4156 4245 4247 4336
4247 4157 4246 4248 4337
4248 4158 4247 4249
4249 4159 4248 4250 4339
4250 4249 4251 4340
4251 4161 4250 4341
4252 4162 4253 4342
4253 4163 4252 4343
4254 4164 4255 4344
4255 4165 4254 4345
4256 4166 4257
4257 4256 4347
4258 4348
4259 4260 4349
4260 4170 4259 4261 4350
4261 4171 4260 4262 4351
4262 4172 4261 4263 4352
4263 4173 4262 4264 4353
4264 4174 4263 4265 4354
4265 4175 4264 4266 4355
4266 4176 4265 4267 4356
4267 4177 4266 4268
4268 4178 4267 4269 4358
4269 4179 4268 4270 4359
4270 4180 4269 4271 4360
4271 4181 4270 4272 4361
4272 4182 4271 4273 4362
4273 4183 4272 4274 4363
4274 4184 4273 4275 4364
4275 4274 4276
4276 4186 4275 4277 4366
4277 4276 4278 4367
4278 4188 4277 4279 4368
4279 4189 4278 4280 4369
4280 4190 4279 4281 4370
4281 4191 4280 4282 4371
4282 4192 4281 4283 4372
4283 4193 4282 4284 4373
4284 4194 4283 4285
4285 4195 4284 4286 4375
4286 4196 4285 4287 4376
4287 4197 4286 4288 4377
4288 4198 4287 4289 4378
4289 4199 4288 4290 4379
4290 4200 4289 4291 4380
4291 4201 4290 4292
4292 4202 4291 4293 4382
4293 4203 4292 4294 4383
4294 4204 4293 4295 4384
4295 4205 4294 4296 4385
4296 4206 4295 4297 4386
4297 4207 4296 4298 4387
4298 4208 4297 4299 4388
4299 4298 4300
4300 4210 4299 4301 4390
4301 4211 4300 4302 4391
4302 4212 4301 4303 4392
4303 4213 4302 4304 4393
4304 4303 4305 4394
4305 4215 4304 4306 4395
4306 4305 4307 4396
4307 4306 4308 4397
4308 4218 4307 4309 4398
4309 4308 4310
4310 4220 4309 4400
4311 4221 4312 4401
4312 4222 4311 4313 4402
4313 4223 4312 4314 4403
4314 4224 4313 4315 4404
4315 4225 4314 4316 4405
4316 4226 4315 4317 4406
4317 4227 4316 4318 4407
4318 4228 4317 4319 4408
4319 4229 4318 4409
4320 4230 4321 4410
4321 4231 4320 4322 4411
4322 4232 4321 4323 4412
4323 4233 4322 4324 4413
4324 4234 4323 4325 4414
4325 4324 4415
4326 4236 4327 4416
4327 4237 4326 4328 4417
4328 4238 4327 4329 4418
4329 4239 4328 4330 4419
4330 4240 4329 4331 4420
4331 4241 4330 4332 4421
4332 4242 4331 4333 4422
4333 4332 4334 4423
4334 4244 4333 4335 4424
4335 4245 4334 4336 4425
4336 4246 4335 4337
4337 4247 4336 4338 4427
4338 4337 4339 4428
4339 4249 4338 4340
4340 4250 4339 4341 4430
4341 4251 4340 4342 4431
4342 4252 4341 4343 4432
4343 4253 4342 4344 4433
4344 4254 4343 4345 4434
4345 4255 4344 4346 4435
4346 4345 4436
4347 4257 4348 4437
4348 4258 4347 4349 4438
4349 4259 4348 4350 4439
4350 4260 4349 4351 4440
4351 4261 4350 4352 4441
4352 4262 4351 4353 4442
4353 4263 4352 4354 4443
4354 4264 4353 4355 4444
4355 4265 4354 4356 4445
4356 4266 4355 4357 4446
4357 4356 4358 4447
4358 4268 4357 4448
4359 4269 4360 4449
4360 4270 4359 4361 4450
4361 4271 4360 4362 4451
4362 4272 4361 4363 4452
4363 4273 4362 4364 4453
4364 4274 4363
4365 4366 4455
4366 4276 4365 4367
4367 4277 4366 4457
4368 4278 4369 4458
4369 4279 4368 4370 4459
4370 4280 4369 4371 4460
4371 4281 4370 4372 4461
4372 4282 4371 4373 4462
4373 4283 4372 4374 4463
4374 4373 4464
4375 4285 4376 4465
4376 4286 4375 4377 4466
4377 4287 4376 4378 4467
4378 4288 4377 4379
4379 4289 4378 4380 4469
4380 4290 4379 4381
4381 4380 4382 4471
4382 4292 4381 4383 4472
4383 4293 4382 4384 4473
4384 4294 4383 4474
4385 4295 4475
4386 4296 4387 4476
4387 4297 4386 4388 4477
4388 4298 4387 4389 4478
4389 4388 4390 4479
4390 4300 4389 4391 4480
4391 4301 4390 4392 4481
4392 4302 4391 4393 4482
4393 4303 4392 4394 4483
4394 4304 4393 4484
4395 4305 4396 4485
4396 4306 4395 4486
4397 4307 4398
4398 4308 4397 4399 4488
4399 4398 4400 4489
4400 4310 4399 4401 4490
4401 4311 4400 4402 4491
4402 4312 4401 4403 4492
4403 4313 4402 4404 4493
4404 4314 4403 4405 4494
4405 4315 4404 4406 4495
4406 4316 4405 4407 4496
4407 4317 4406 4408
4408 4318 4407 4409
4409 4319 4408 4499
4410 4320 4411 4500
4411 4321 4410 4412
4412 4322 4411 4413 4502
4413 4323 4412 4503
4414 4324 4415 4504
4415 4325 4414 4416 4505
4416 4326 4415 4417 4506
4417 4327 4416 4418 4507
4418 4328 4417 4419 4508
4419 4329 4418 4420 4509
4420 4330 4419 4421 4510
4421 4331 4420 4511
4422 4332 4423 4512
4423 4333 4422 4424 4513
4424 4334 4423 4425 4514
4425 4335 4424 4426 4515
4426 4425 4427 4516
4427 4337 4426 4428 4517
4428 4338 4427 4429 4518
4429 4428 4430 4519
4430 4340 4429 4431 4520
4431 4341 4430 4432 4521
4432 4342 4431 4433 4522
4433 4343 4432 4434 4523
4434 4344 4433 4435 4524
4435 4345 4434 4436 4525
4436 4346 4435 4526
4437 4347 4438 4527
4438 4348 4437 4439 4528
4439 4349 4438 4440 4529
4440 4350 4439 4441 4530
4441 4351 4440 4442 4531
4442 4352 4441 4443 4532
4443 4353 4442 4533
4444 4354 4445 4534
4445 4355 4444 4446 4535
4446 4356 4445 4536
4447 4357 4448 4537
4448 4358 4447 4449 4538
4449 4359 4448 4450 4539
4450 4360 4449 4451 4540
4451 4361 4450 4452 4541
4452 4362 4451 4453 4542
4453 4363 4452 4454 4543
4454 4453 4455
4455 4365 4454 4456 4545
4456 4455 4457 4546
4457 4367 4456 4458 4547
4458 4368 4457 4459 4548
4459 4369 4458 4460 4549
4460 4370 4459 4461 4550
4461 4371 4460
4462 4372 4552
4463 4373 4464 4553
4464 4374 4463 4465 4554
4465 4375 4464 4466 4555
4466 4376 4465 4556
4467 4377 4468 4557
4468 4467 4469 4558
4469 4379 4468 4470 4559
4470 4469 4471 4560
4471 4381 4470 4472 4561
4472 4382 4471 4473 4562
4473 4383 4472 4474 4563
4474 4384 4473 4475 4564
4475 4385 4474 4476 4565
4476 4386 4475 4477 4566
4477 4387 4476 4478 4567
4478 4388 4477 4479 4568
4479 4389 4478 4480 4569
4480 4390 4479 4481 4570
4481 4391 4480 4482 4571
4482 4392 4481 4483 4572
4483 4393 4482 4484 4573
4484 4394 4483 4485 4574
4485 4395 4484 4486 4575
4486 4396 4485 4487 4576
4487 4486 4488 4577
4488 4398 4487 4489 4578
4489 4399 4488 4490 4579
4490 4400 4489 4491 4580
4491 4401 4490 4492 4581
4492 4402 4491 4493 4582
4493 4403 4492 4494 4583
4494 4404 4493 4495 4584
4495 4405 4494 4496 4585
4496 4406 4495 4497 4586
4497 4496 4587
4498 4499 4588
4499 4409 4498
4500 4410 4501 4590
4501 4500 4502 4591
4502 4412 4501 4503 4592
4503 4413 4502 4504 4593
4504 4414 4503 4505 4594
4505 4415 4504 4506 4595
4506 4416 4505 4507 4596
4507 4417 4506 4508
4508 4418 4507 4509 4598
4509 4419 4508 4510 4599
4510 4420 4509 4511 4600
4511 4421 4510 4512
4512 4422 4511 4513 4602
4513 4423 4512 4514 4603
4514 4424 4513 4515 4604
4515 4425 4514 4516 4605
4516 4426 4515 4517 4606
4517 4427 4516 4518
4518 4428 4517 4519
4519 4429 4518 4520 4609
4520 4430 4519 4521 4610
4521 4431 4520 4522 4611
4522 4432 4521 4523 4612
4523 4433 4522 4524 4613
4524 4434 4523 4525 4614
4525 4435 4524 4526
4526 4436 4525 4527 4616
4527 4437 4526 4528 4617
4528 4438 4527 4529 4618
4529 4439 4528 4530 4619
4530 4440 4529 4531
4531 4441 4530 4532 4621
4532 4442 4531 4533 4622
4533 4443 4532 4534 4623
4534 4444 4533 4535 4624
4535 4445 4534 4536 4625
4536 4446 4535 4537 4626
4537 4447 4536 4538 4627
4538 4448 4537 4539 4628
4539 4449 4538 4540 4629
4540 4450 4539 4630
4541 4451 4542
4542 4452 4541 4632
4543 4453 4544
4544 4543 4545 4634
4545 4455 4544 4546 4635
4546 4456 4545 4547 4636
4547 4457 4546 4548 4637
4548 4458 4547 4549 4638
4549 4459 4548 4550 4639
4550 4460 4549 4551 4640
4551 4550 4552 4641
4552 4462 4551 4553
4553 4463 4552 4554 4643
4554 4464 4553 4555 4644
4555 4465 4554 4556 4645
4556 4466 4555 4557 4646
4557 4467 4556 4558 4647
4558 4468 4557 4559 4648
4559 4469 4558 4560 4649
4560 4470 4559 4561 4650
4561 4471 4560 4562 4651
4562 4472 4561 4652
4563 4473 4564 4653
4564 4474 4563 4565 4654
4565 4475 4564 4566 4655
4566 4476 4565 4567 4656
4567 4477 4566 4568 4657
4568 4478 4567 4658
4569 4479 4570 4659
4570 4480 4569 4571 4660
4571 4481 4570 4572 4661
4572 4482 4571 4573 4662
4573 4483 4572 4574 4663
4574 4484 4573 4575 4664
4575 4485 4574 4576 4665
4576 4486 4575 4577 4666
4577 4487 4576 4667
4578 4488 4579 4668
4579 4489 4578 4580 4669
4580 4490 4579 4581 4670
4581 4491 4580 4582 4671
4582 4492 4581 4583 4672
4583 4493 4582 4584 4673
4584 4494 4583 4585 4674
4585 4495 4584 4586
4586 4496 4585 4587 4676
4587 4497 4586 4588 4677
4588 4498 4587 4589 4678
4589 4588 4679
4590 4500 4591 4680
4591 4501 4590 4592
4592 4502 4591 4593
4593 4503 4592 4594 4683
4594 4504 4593 4595 4684
4595 4505 4594 4596 4685
4596 4506 4595 4597 4686
4597 4596 4598 4687
4598 4508 4597 4599 4688
4599 4509 4598 4600 4689
4600 4510 4599 4690
4601 4602 4691
4602 4512 4601 4603 4692
4603 4513 4602 4604 4693
4604 4514 4603 4605 4694
4605 4515 4604 4606 4695
4606 4516 4605 4607 4696
4607 4606 4608 4697
4608 4607 4609 4698
4609 4519 4608 4610 4699
4610 4520 4609 4700
4611 4521 4612 4701
4612 4522 4611 4613 4702
4613 4523 4612 4614 4703
4614 4524 4613 4615
4615 4614 4616 4705
4616 4526 4615 4617 4706
4617 4527 4616 4618 4707
4618 4528 4617 4619 4708
4619 4529 4618 4620 4709
4620 4619 4621 4710
4621 4531 4620 4622 4711
4622 4532 4621 4623 4712
4623 4533 4622 4624 4713
4624 4534 4623 4625 4714
4625 4535 4624 4626 4715
4626 4536 4625 4627 4716
4627 4537 4626 4628
4628 4538 4627 4629 4718
4629 4539 4628 4719
4630 4540 4631
4631 4630 4632 4721
4632 4542 4631 4722
4633 4634 4723
4634 4544 4633 4635 4724
4635 4545 4634 4636
4636 4546 4635 4637 4726
4637 4547 4636 4638 4727
4638 4548 4637 4639 4728
4639 4549 4638 4729
4640 4550 4641 4730
4641 4551 4640 4731
4642 4643 4732
4643 4553 4642 4644 4733
4644 4554 4643 4645 4734
4645 4555 4644 4646 4735
4646 4556 4645 4647 4736
4647 4557 4646 4648 4737
4648 4558 4647 4649 4738
4649 4559 4648 4650
4650 4560 4649 4651 4740
4651 4561 4650 4652 4741
4652 4562 4651 4653 4742
4653 4563 4652 4654 4743
4654 4564 4653 4655 4744
4655 4565 4654 4656 4745
4656 4566 4655 4657 4746
4657 4567 4656 4658 4747
4658 4568 4657 4748
4659 4569 4660 4749
4660 4570 4659 4661 4750
4661 4571 4660 4662 4751
4662 4572 4661 4663
4663 4573 4662 4664 4753
4664 4574 4663 4665 4754
4665 4575 4664 4666 4755
4666 4576 4665 4667 4756
4667 4577 4666 4668 4757
4668 4578 4667 4669 4758
4669 4579 4668 4670 4759
4670 4580 4669 4671 4760
4671 4581 4670 4672 4761
4672 4582 4671 4673 4762
4673 4583 4672 4674 4763
4674 4584 4673 4675 4764
4675 4674 4765
4676 4586 4766
4677 4587 4678
4678 4588 4677 4768
4679 4589 4769
4680 4590 4681 4770
4681 4680 4682 4771
4682 4681 4683 4772
4683 4593 4682 4684 4773
4684 4594 4683 4685 4774
4685 4595 4684 4686 4775
4686 4596 4685 4687 4776
4687 4597 4686 4688 4777
4688 4598 4687 4689 4778
4689 4599 4688 4690 4779
4690 4600 4689 4691 4780
4691 4601 4690 4692 4781
4692 4602 4691 4693 4782
4693 4603 4692 4694
4694 4604 4693 4784
4695 4605 4696 4785
4696 4606 4695 4786
4697 4607 4698 4787
4698 4608 4697 4699 4788
4699 4609 4698 4700 4789
4700 4610 4699 4701 4790
4701 4611 4700 4791
4702 4612 4703 4792
4703 4613 4702 4704 4793
4704 4703 4794
4705 4615 4706 4795
4706 4616 4705
4707 4617 4708 4797
4708 4618 4707 4709 4798
4709 4619 4708 4710 4799
4710 4620 4709 4711 4800
4711 4621 4710 4712 4801
4712 4622 4711 4802
4713 4623 4714 4803
4714 4624 4713 4715 4804
4715 4625 4714 4716 4805
4716 4626 4715 4717 4806
4717 4716 4718 4807
4718 4628 4717 4719 4808
4719 4629 4718 4720 4809
4720 4719 4721 4810
4721 4631 4720 4722 4811
4722 4632 4721 4723 4812
4723 4633 4722 4724 4813
4724 4634 4723 4725 4814
4725 4724 4726 4815
4726 4636 4725 4727 4816
4727 4637 4726 4728 4817
4728 4638 4727 4729 4818
4729 4639 4728 4730 4819
4730 4640 4729 4731 4820
4731 4641 4730 4732 4821
4732 4642 4731 4733 4822
4733 4643 4732 4734 4823
4734 4644 4733 4735 4824
4735 4645 4734 4736
4736 4646 4735 4737 4826
4737 4647 4736 4738 4827
4738 4648 4737 4739 4828
4739 4738 4740 4829
4740 4650 4739 4741 4830
4741 4651 4740 4742 4831
4742 4652 4741 4743 4832
4743 4653 4742 4744 4833
4744 4654 4743 4834
4745 4655 4746 4835
4746 4656 4745 4747
4747 4657 4746 4748 4837
4748 4658 4747 4749 4838
4749 4659 4748 4750 4839
4750 4660 4749 4751 4840
4751 4661 4750 4752 4841
4752 4751 4753 4842
4753 4663 4752 4754 4843
4754 4664 4753 4755 4844
4755 4665 4754 4756 4845
4756 4666 4755 4846
4757 4667 4758 4847
4758 4668 4757 4759 4848
4759 4669 4758 4760 4849
4760 4670 4759 4761 4850
4761 4671 4760 4762 4851
4762 4672 4761 4763 4852
4763 4673 4762 4764 4853
4764 4674 4763 4765 4854
4765 4675 4764 4855
4766 4676 4767 4856
4767 4766 4768 4857
4768 4678 4767 4769 4858
4769 4679 4768 4859
4770 4680 4771 4860
4771 4681 4770 4772 4861
4772 4682 4771 4773 4862
4773 4683 4772 4774 4863
4774 4684 4773 4775 4864
4775 4685 4774 4776 4865
4776 4686 4775 4777 4866
4777 4687 4776 4778
4778 4688 4777 4779 4868
4779 4689 4778 4780
4780 4690 4779 4870
4781 4691 4782 4871
4782 4692 4781 4783 4872
4783 4782 4873
4784 4694 4785 4874
4785 4695 4784 4786 4875
4786 4696 4785 4876
4787 4697 4788 4877
4788 4698 4787 4789 4878
4789 4699 4788 4790 4879
4790 4700 4789 4791 4880
4791 4701 4790 4792 4881
4792 4702 4791 4793 4882
4793 4703 4792 4794
4794 4704 4793 4795
4795 4705 4794 4796 4885
4796 4795 4797 4886
4797 4707 4796 4798 4887
4798 4708 4797 4799 4888
4799 4709 4798 4800 4889
4800 4710 4799 4801 4890
4801 4711 4800 4891
4802 4712 4803
4803 4713 4802 4804
4804 4714 4803 4805 4894
4805 4715 4804 4806 4895
4806 4716 4805 4896
4807 4717 4808 4897
4808 4718 4807 4809
4809 4719 4808 4810 4899
4810 4720 4809 4811 4900
4811 4721 4810 4812 4901
4812 4722 4811 4902
4813 4723 4814 4903
4814 4724 4813 4815
4815 4725 4814 4816 4905
4816 4726 4815 4817 4906
4817 4727 4816 4907
4818 4728 4819
4819 4729 4818 4820 4909
4820 4730 4819 4821 4910
4821 4731 4820 4822 4911
4822 4732 4821 4823 4912
4823 4733 4822 4824 4913
4824 4734 4823 4914
4825 4826 4915
4826 4736 4825 4827 4916
4827 4737 4826 4828 4917
4828 4738 4827 4829 4918
4829 4739 4828 4830 4919
4830 4740 4829 4831 4920
4831 4741 4830 4832 4921
4832 4742 4831 4833 4922
4833 4743 4832 4834 4923
4834 4744 4833 4835 4924
4835 4745 4834 4836 4925
4836 4835 4837 4926
4837 4747 4836 4838 4927
4838 4748 4837 4839 4928
4839 4749 4838 4840 4929
4840 4750 4839 4841 4930
4841 4751 4840 4842 4931
4842 4752 4841 4843 4932
4843 4753 4842 4844 4933
4844 4754 4843 4845 4934
4845 4755 4844 4846 4935
4846 4756 4845 4936
4847 4757 4848 4937
4848 4758 4847 4849 4938
4849 4759 4848 4850 4939
4850 4760 4849 4851 4940
4851 4761 4850 4852 4941
4852 4762 4851 4853 4942
4853 4763 4852 4854 4943
4854 4764 4853 4855 4944
4855 4765 4854 4856
4856 4766 4855 4946
4857 4767 4858 4947
4858 4768 4857 4859 4948
4859 4769 4858 4949
4860 4770 4861 4950
4861 4771 4860 4951
4862 4772 4952
4863 4773 4864 4953
4864 4774 4863 4954
4865 4775 4866 4955
4866 4776 4865 4867 4956
4867 4866 4868
4868 4778 4867 4869 4958
4869 4868 4870 4959
4870 4780 4869 4871
4871 4781 4870 4872 4961
4872 4782 4871 4873
4873 4783 4872 4874 4963
4874 4784 4873 4875 4964
4875 4785 4874 4876 4965
4876 4786 4875 4877 4966
4877 4787 4876 4878 4967
4878 4788 4877 4879 4968
4879 4789 4878 4880 4969
4880 4790 4879 4881
4881 4791 4880 4971
4882 4792 4883 4972
4883 4882 4884 4973
4884 4883 4885 4974
4885 4795 4884 4886 4975
4886 4796 4885 4887 4976
4887 4797 4886 4888 4977
4888 4798 4887 4889 4978
4889 4799 4888 4890 4979
4890 4800 4889 4891 4980
4891 4801 4890 4892 4981
4892 4891 4982
4893 4894 4983
4894 4804 4893 4895 4984
4895 4805 4894 4896 4985
4896 4806 4895 4897 4986
4897 4807 4896 4898 4987
4898 4897 4899 4988
4899 4809 4898 4900 4989
4900 4810 4899 4901
4901 4811 4900 4902 4991
4902 4812 4901 4903 4992
4903 4813 4902 4904 4993
4904 4903 4905 4994
4905 4815 4904 4906 4995
4906 4816 4905 4907 4996
4907 4817 4906 4908 4997
4908 4907 4909
4909 4819 4908 4910 4999
4910 4820 4909 4911 5000
4911 4821 4910 4912 5001
4912 4822 4911 4913 5002
4913 4823 4912 4914 5003
4914 4824 4913 4915 5004
4915 4825 4914 4916 5005
4916 4826 4915 4917 5006
4917 4827 4916 4918 5007
4918 4828 4917 4919 5008
4919 4829 4918 4920 5009
4920 4830 4919 4921 5010
4921 4831 4920 4922 5011
4922 4832 4921 4923 5012
4923 4833 4922 4924 5013
4924 4834 4923 4925 5014
4925 4835 4924 4926 5015
4926 4836 4925 5016
4927 4837 4928 5017
4928 4838 4927 4929 5018
4929 4839 4928 4930 5019
4930 4840 4929 4931
4931 4841 4930 4932 5021
4932 4842 4931 4933 5022
4933 4843 4932 4934
4934 4844 4933 4935 5024
4935 4845 4934 4936 5025
4936 4846 4935 5026
4937 4847 4938 5027
4938 4848 4937 4939 5028
4939 4849 4938 4940 5029
4940 4850 4939 4941 5030
4941 4851 4940 4942 5031
4942 4852 4941 4943 5032
4943 4853 4942 4944
4944 4854 4943 4945 5034
4945 4944 4946 5035
4946 4856 4945
4947 4857 5037
4948 4858 4949 5038
4949 4859 4948 5039
4950 4860 4951 5040
4951 4861 4950 4952 5041
4952 4862 4951 4953 5042
4953 4863 4952 4954 5043
4954 4864 4953 4955 5044
4955 4865 4954 4956 5045
4956 4866 4955 4957 5046
4957 4956 4958 5047
4958 4868 4957 4959 5048
4959 4869 4958 4960 5049
4960 4959 4961 5050
4961 4871 4960 4962 5051
4962 4961 4963 5052
4963 4873 4962 4964 5053
4964 4874 4963 4965 5054
4965 4875 4964 4966 5055
4966 4876 4965 4967 5056
4967 4877 4966 4968 5057
4968 4878 4967 4969 5058
4969 4879 4968 4970 5059
4970 4969 4971 5060
4971 4881 4970 4972 5061
4972 4882 4971 4973 5062
4973 4883 4972 5063
4974 4884 4975 5064
4975 4885 4974 4976 5065
4976 4886 4975 4977 5066
4977 4887 4976 4978 5067
4978 4888 4977 5068
4979 4889 4980 5069
4980 4890 4979 4981
4981 4891 4980 4982
4982 4892 4981 4983 5072
4983 4893 4982 4984 5073
4984 4894 4983 4985 5074
4985 4895 4984 4986 5075
4986 4896 4985 4987 5076
4987 4897 4986 5077
4988 4898 4989 5078
4989 4899 4988 4990 5079
4990 4989 4991 5080
4991 4901 4990 4992 5081
4992 4902 4991 4993 5082
4993 4903 4992 5083
4994 4904 5084
4995 4905 4996 5085
4996 4906 4995 4997 5086
4997 4907 4996 4998 5087
4998 4997 5088
4999 4909 5000 5089
5000 4910 4999 5001 5090
5001 4911 5000 5002 5091
5002 4912 5001 5003 5092
5003 4913 5002 5004 5093
5004 4914 5003 5005 5094
5005 4915 5004 5095
5006 4916 5007 5096
5007 4917 5006 5097
5008 4918 5009 5098
5009 4919 5008 5010
5010 4920 5009 5011 5100
5011 4921 5010 5101
5012 4922 5102
5013 4923 5014 5103
5014 4924 5013 5015 5104
5015 4925 5014 5016 5105
5016 4926 5015 5017 5106
5017 4927 5016 5018 5107
5018 4928 5017 5019 5108
5019 4929 5018 5020
5020 5019 5110
5021 4931 5022
5022 4932 5021 5023 5112
5023 5022 5024 5113
5024 4934 5023 5025 5114
5025 4935 5024 5026 5115
5026 4936 5025 5027 5116
5027 4937 5026 5028 5117
5028 4938 5027 5029 5118
5029 4939 5028 5030 5119
5030 4940 5029 5031 5120
5031 4941 5030 5032 5121
5032 4942 5031 5033 5122
5033 5032 5034 5123
5034 4944 5033 5035 5124
5035 4945 5034 5036 5125
5036 5035 5037 5126
5037 4947 5036 5038
5038 4948 5037 5039 5128
5039 4949 5038 5129
5040 4950 5041 5130
5041 4951 5040 5042 5131
5042 4952 5041 5043 5132
5043 4953 5042 5044 5133
5044 4954 5043 5045 5134
5045 4955 5044 5046 5135
5046 4956 5045 5047 5136
5047 4957 5046 5048 5137
5048 4958 5047 5049 5138
5049 4959 5048 5050 5139
5050 4960 5049 5051 5140
5051 4961 5050 5052 5141
5052 4962 5051 5142
5053 4963 5054 5143
5054 4964 5053 5055
5055 4965 5054 5056
5056 4966 5055 5057 5146
5057 4967 5056 5058 5147
5058 4968 5057 5059 5148
5059 4969 5058 5060 5149
5060 4970 5059 5061 5150
5061 4971 5060 5062
5062 4972 5061 5063 5152
5063 4973 5062 5064 5153
5064 4974 5063 5065 5154
5065 4975 5064 5066 5155
5066 4976 5065 5156
5067 4977 5068 5157
5068 4978 5067 5069 5158
5069 4979 5068 5070 5159
5070 5069 5160
5071 5072 5161
5072 4982 5071 5073 5162
5073 4983 5072 5163
5074 4984 5075 5164
5075 4985 5074 5076 5165
5076 4986 5075 5166
5077 4987 5078 5167
5078 4988 5077 5079 5168
5079 4989 5078 5080 5169
5080 4990 5079 5081 5170
5081 4991 5080
5082 4992 5083 5172
5083 4993 5082 5084 5173
5084 4994 5083 5085 5174
5085 4995 5084 5086
5086 4996 5085 5087 5176
5087 4997 5086 5088 5177
5088 4998 5087 5089 5178
5089 4999 5088 5090 5179
5090 5000 5089 5091 5180
5091 5001 5090 5092 5181
5092 5002 5091 5093 5182
5093 5003 5092 5183
5094 5004 5095 5184
5095 5005 5094 5096 5185
5096 5006 5095 5097 5186
5097 5007 5096 5098 5187
5098 5008 5097 5099 5188
5099 5098 5100 5189
5100 5010 5099 5101 5190
5101 5011 5100 5102
5102 5012 5101 5103 5192
5103 5013 5102 5104 5193
5104 5014 5103 5105 5194
5105 5015 5104 5195
5106 5016 5196
5107 5017 5197
5108 5018 5109 5198
5109 5108 5110 5199
5110 5020 5109 5111 5200
5111 5110 5112 5201
5112 5022 5111 5113 5202
5113 5023 5112 5114
5114 5024 5113 5115 5204
5115 5025 5114 5116 5205
5116 5026 5115 5117 5206
5117 5027 5116 5118 5207
5118 5028 5117 5119 5208
5119 5029 5118 5120 5209
5120 5030 5119 5121 5210
5121 5031 5120 5122 5211
5122 5032 5121 5212
5123 5033 5124 5213
5124 5034 5123 5214
5125 5035 5215
5126 5036 5127 5216
5127 5126 5128 5217
5128 5038 5127 5129 5218
5129 5039 5128 5219
5130 5040 5131 5220
5131 5041 5130 5132 5221
5132 5042 5131 5133 5222
5133 5043 5132 5134 5223
5134 5044 5133 5135 5224
5135 5045 5134 5136 5225
5136 5046 5135 5137 5226
5137 5047 5136 5138 5227
5138 5048 5137 5139 5228
5139 5049 5138 5229
5140 5050 5141 5230
5141 5051 5140 5142 5231
5142 5052 5141 5143 5232
5143 5053 5142 5233
5144 5145 5234
5145 5144 5146 5235
5146 5056 5145 5147 5236
5147 5057 5146 5148 5237
5148 5058 5147 5149 5238
5149 5059 5148 5150 5239
5150 5060 5149 5151 5240
5151 5150 5152 5241
5152 5062 5151 5153
5153 5063 5152 5154 5243
5154 5064 5153 5244
5155 5065 5156 5245
5156 5066 5155 5157 5246
5157 5067 5156 5158 5247
5158 5068 5157 5159 5248
5159 5069 5158 5249
5160 5070 5161 5250
5161 5071 5160 5162 5251
5162 5072 5161 5163 5252
5163 5073 5162 5164 5253
5164 5074 5163 5165 5254
5165 5075 5164 5255
5166 5076 5167 5256
5167 5077 5166 5168 5257
5168 5078 5167 5169 5258
5169 5079 5168 5170 5259
5170 5080 5169 5171 5260
5171 5170 5172 5261
5172 5082 5171 5173 5262
5173 5083 5172 5174 5263
5174 5084 5173 5175 5264
5175 5174 5176 5265
5176 5086 5175 5177 5266
5177 5087 5176 5178 5267
5178 5088 5177 5179 5268
5179 5089 5178 5180 5269
5180 5090 5179 5270
5181 5091 5182 5271
5182 5092 5181 5183 5272
5183 5093 5182 5184 5273
5184 5094 5183 5185 5274
5185 5095 5184 5186 5275
5186 5096 5185 5187 5276
5187 5097 5186 5188 5277
5188 5098 5187 5189
5189 5099 5188 5190 5279
5190 5100 5189 5191 5280
5191 5190 5192 5281
5192 5102 5191 5193 5282
5193 5103 5192 5194 5283
5194 5104 5193 5195 5284
5195 5105 5194 5196 5285
5196 5106 5195 5197 5286
5197 5107 5196 5198 5287
5198 5108 5197 5199 5288
5199 5109 5198 5200 5289
5200 5110 5199 5201 5290
5201 5111 5200 5202 5291
5202 5112 5201 5203 5292
5203 5202 5204 5293
5204 5114 5203 5205 5294
5205 5115 5204 5206 5295
5206 5116 5205 5207 5296
5207 5117 5206 5208 5297
5208 5118 5207 5209
5209 5119 5208 5210 5299
5210 5120 5209 5211 5300
5211 5121 5210 5212 5301
5212 5122 5211 5213
5213 5123 5212 5214 5303
5214 5124 5213 5215 5304
5215 5125 5214 5216 5305
5216 5126 5215 5217 5306
5217 5127 5216 5218 5307
5218 5128 5217 5219 5308
5219 5129 5218 5309
5220 5130 5221 5310
5221 5131 5220 5222 5311
5222 5132 5221 5223 5312
5223 5133 5222 5224 5313
5224 5134 5223 5225 5314
5225 5135 5224 5226 5315
5226 5136 5225 5227 5316
5227 5137 5226 5228 5317
5228 5138 5227 5229 5318
5229 5139 5228 5230 5319
5230 5140 5229 5231 5320
5231 5141 5230 5232 5321
5232 5142 5231 5233 5322
5233 5143 5232 5234 5323
5234 5144 5233 5235 5324
5235 5145 5234 5236 5325
5236 5146 5235 5237 5326
5237 5147 5236 5238 5327
5238 5148 5237 5239 5328
5239 5149 5238 5240 5329
5240 5150 5239 5241 5330
5241 5151 5240 5242 5331
5242 5241 5243 5332
5243 5153 5242 5244
5244 5154 5243 5245 5334
5245 5155 5244 5246 5335
5246 5156 5245 5336
5247 5157 5248 5337
5248 5158 5247 5249 5338
5249 5159 5248 5250 5339
5250 5160 5249 5251 5340
5251 5161 5250 5252 5341
5252 5162 5251 5253 5342
5253 5163 5252 5254 5343
5254 5164 5253
5255 5165 5256 5345
5256 5166 5255 5257 5346
5257 5167 5256 5347
5258 5168 5259
5259 5169 5258 5260 5349
5260 5170 5259 5261 5350
5261 5171 5260 5262 5351
5262 5172 5261 5263 5352
5263 5173 5262 5264 5353
5264 5174 5263 5265 5354
5265 5175 5264 5266 5355
5266 5176 5265 5267 5356
5267 5177 5266 5268 5357
5268 5178 5267 5269 5358
5269 5179 5268 5359
5270 5180 5271 5360
5271 5181 5270 5272 5361
5272 5182 5271 5273 5362
5273 5183 5272 5274 5363
5274 5184 5273 5275 5364
5275 5185 5274 5276 5365
5276 5186 5275 5277 5366
5277 5187 5276 5278 5367
5278 5277 5279 5368
5279 5189 5278 5280 5369
5280 5190 5279 5281 5370
5281 5191 5280 5282 5371
5282 5192 5281 5372
5283 5193 5284 5373
5284 5194 5283 5374
5285 5195 5286 5375
5286 5196 5285 5287 5376
5287 5197 5286 5288 5377
5288 5198 5287 5289 5378
5289 5199 5288 5290 5379
5290 5200 5289 5291 5380
5291 5201 5290 5292 5381
5292 5202 5291 5293 5382
5293 5203 5292 5383
5294 5204 5295 5384
5295 5205 5294 5296 5385
5296 5206 5295 5297 5386
5297 5207 5296 5298 5387
5298 5297 5299 5388
5299 5209 5298 5300 5389
5300 5210 5299 5301 5390
5301 5211 5300 5302 5391
5302 5301 5303
5303 5213 5302 5304 5393
5304 5214 5303 5305 5394
5305 5215 5304 5306 5395
5306 5216 5305 5307 5396
5307 5217 5306 5397
5308 5218 5309 5398
5309 5219 5308 5399
5310 5220 5311 5400
5311 5221 5310 5312 5401
5312 5222 5311 5313 5402
5313 5223 5312 5314 5403
5314 5224 5313 5315
5315 5225 5314 5316 5405
5316 5226 5315 5317 5406
5317 5227 5316 5318 5407
5318 5228 5317 5319
5319 5229 5318 5320 5409
5320 5230 5319 5321 5410
5321 5231 5320 5322 5411
5322 5232 5321 5323
5323 5233 5322 5324 5413
5324 5234 5323 5325 5414
5325 5235 5324 5326 5415
5326 5236 5325 5327 5416
5327 5237 5326
5328 5238 5329 5418
5329 5239 5328 5330 5419
5330 5240 5329 5331 5420
5331 5241 5330 5332 5421
5332 5242 5331 5333 5422
5333 5332 5334 5423
5334 5244 5333 5335 5424
5335 5245 5334 5336 5425
5336 5246 5335 5337 5426
5337 5247 5336 5427
5338 5248 5339 5428
5339 5249 5338 5340 5429
5340 5250 5339 5341 5430
5341 5251 5340 5342 5431
5342 5252 5341 5343 5432
5343 5253 5342 5344 5433
5344 5343 5345 5434
5345 5255 5344 5346 5435
5346 5256 5345 5347 5436
5347 5257 5346 5348 5437
5348 5347 5349 5438
5349 5259 5348 5439
5350 5260 5351 5440
5351 5261 5350 5352 5441
5352 5262 5351 5353 5442
5353 5263 5352 5354 5443
5354 5264 5353
5355 5265 5356 5445
5356 5266 5355 5357 5446
5357 5267 5356 5358 5447
5358 5268 5357 5359 5448
5359 5269 5358 5360 5449
5360 5270 5359 5361 5450
5361 5271 5360 5362 5451
5362 5272 5361
5363 5273 5364
5364 5274 5363 5365 5454
5365 5275 5364 5366 5455
5366 5276 5365 5367 5456
5367 5277 5366 5368
5368 5278 5367 5369
5369 5279 5368 5370 5459
5370 5280 5369 5371 5460
5371 5281 5370 5372 5461
5372 5282 5371 5373 5462
5373 5283 5372 5374 5463
5374 5284 5373 5375 5464
5375 5285 5374 5376 5465
5376 5286 5375
5377 5287 5378 5467
5378 5288 5377 5379 5468
5379 5289 5378 5380 5469
5380 5290 5379 5381 5470
5381 5291 5380 5382 5471
5382 5292 5381 5472
5383 5293 5384
5384 5294 5383 5385 5474
5385 5295 5384 5386 5475
5386 5296 5385 5387 5476
5387 5297 5386 5388 5477
5388 5298 5387 5389 5478
5389 5299 5388 5390 5479
5390 5300 5389 5391 5480
5391 5301 5390 5392 5481
5392 5391 5482
5393 5303 5394 5483
5394 5304 5393 5395 5484
5395 5305 5394 5396 5485
5396 5306 5395 5397
5397 5307 5396 5398 5487
5398 5308 5397
5399 5309 5489
5400 5310 5401
5401 5311 5400 5402 5491
5402 5312 5401 5403
5403 5313 5402 5404 5493
5404 5403 5405 5494
5405 5315 5404 5406 5495
5406 5316 5405 5407 5496
5407 5317 5406 5408 5497
5408 5407 5409 5498
5409 5319 5408 5410 5499
5410 5320 5409 5411 5500
5411 5321 5410 5412 5501
5412 5411 5413 5502
5413 5323 5412 5414 5503
5414 5324 5413 5415 5504
5415 5325 5414 5416 5505
5416 5326 5415 5417 5506
5417 5416 5418 5507
5418 5328 5417 5419 5508
5419 5329 5418 5420 5509
5420 5330 5419 5421
5421 5331 5420 5422 5511
5422 5332 5421 5423 5512
5423 5333 5422 5424 5513
5424 5334 5423 5425 5514
5425 5335 5424 5426 5515
5426 5336 5425 5427 5516
5427 5337 5426 5428
5428 5338 5427 5429 5518
5429 5339 5428 5430 5519
5430 5340 5429 5431 5520
5431 5341 5430 5521
5432 5342 5433 5522
5433 5343 5432 5434 5523
5434 5344 5433 5435 5524
5435 5345 5434 5436
5436 5346 5435 5437 5526
5437 5347 5436 5527
5438 5348 5439 5528
5439 5349 5438 5440 5529
5440 5350 5439 5441 5530
5441 5351 5440 5442 5531
5442 5352 5441 5443 5532
5443 5353 5442 5444 5533
5444 5443 5445 5534
5445 5355 5444 5446 5535
5446 5356 5445 5447 5536
5447 5357 5446 5448 5537
5448 5358 5447 5449 5538
5449 5359 5448 5450 5539
5450 5360 5449 5451 5540
5451 5361 5450 5452 5541
5452 5451 5453 5542
5453 5452 5454 5543
5454 5364 5453 5455 5544
5455 5365 5454 5545
5456 5366 5457 5546
5457 5456 5458 5547
5458 5457 5459 5548
5459 5369 5458 5460 5549
5460 5370 5459 5550
5461 5371 5462 5551
5462 5372 5461 5463 5552
5463 5373 5462 5464
5464 5374 5463 5465
5465 5375 5464 5466 5555
5466 5465 5467 5556
5467 5377 5466 5468 5557
5468 5378 5467 5469 5558
5469 5379 5468 5470 5559
5470 5380 5469 5471 5560
5471 5381 5470 5472 5561
5472 5382 5471 5473 5562
5473 5472 5474 5563
5474 5384 5473 5475 5564
5475 5385 5474 5476 5565
5476 5386 5475 5477 5566
5477 5387 5476 5567
5478 5388 5568
5479 5389 5480 5569
5480 5390 5479 5481 5570
5481 5391 5480 5482 5571
5482 5392 5481 5483
5483 5393 5482 5484 5573
5484 5394 5483 5485 5574
5485 5395 5484 5486 5575
5486 5485 5487 5576
5487 5397 5486 5488 5577
5488 5487 5489 5578
5489 5399 5488 5579
5490 5491 5580
5491 5401 5490 5492 5581
5492 5491 5493 5582
5493 5403 5492 5494 5583
5494 5404 5493 5495 5584
5495 5405 5494 5496 5585
5496 5406 5495 5497 5586
5497 5407 5496 5498 5587
5498 5408 5497 5499 5588
5499 5409 5498 5500 5589
5500 5410 5499 5501 5590
5501 5411 5500 5591
5502 5412 5503 5592
5503 5413 5502 5504 5593
5504 5414 5503 5505 5594
5505 5415 5504 5506 5595
5506 5416 5505 5507 5596
5507 5417 5506 5597
5508 5418 5509 5598
5509 5419 5508 5599
5510 5511
5511 5421 5510 5512 5601
5512 5422 5511 5513 5602
5513 5423 5512 5514 5603
5514 5424 5513 5515 5604
5515 5425 5514 5516 5605
5516 5426 5515 5517 5606
5517 5516 5518 5607
5518 5428 5517 5519 5608
5519 5429 5518 5609
5520 5430 5521 5610
5521 5431 5520 5522 5611
5522 5432 5521 5523 5612
5523 5433 5522 5524 5613
5524 5434 5523 5525 5614
5525 5524 5526 5615
5526 5436 5525 5527 5616
5527 5437 5526 5528 5617
5528 5438 5527 5529 5618
5529 5439 5528 5619
5530 5440 5531 5620
5531 5441 5530 5532 5621
5532 5442 5531 5533 5622
5533 5443 5532 5534 5623
5534 5444 5533 5535 5624
5535 5445 5534 5536 5625
5536 5446 5535 5537 5626
5537 5447 5536 5538 5627
5538 5448 5537 5539 5628
5539 5449 5538 5540 5629
5540 5450 5539 5541 5630
5541 5451 5540 5631
5542 5452 5543 5632
5543 5453 5542 5544 5633
5544 5454 5543 5545 5634
5545 5455 5544 5546 5635
5546 5456 5545 5547 5636
5547 5457 5546 5548 5637
5548 5458 5547 5549 5638
5549 5459 5548 5639
5550 5460 5551 5640
5551 5461 5550 5552 5641
5552 5462 5551 5553 5642
5553 5552 5554
5554 5553 5555 5644
5555 5465 5554 5556 5645
5556 5466 5555 5557 5646
5557 5467 5556 5558 5647
5558 5468 5557 5559 5648
5559 5469 5558 5560 5649
5560 5470 5559 5561 5650
5561 5471 5560 5562 5651
5562 5472 5561 5652
5563 5473 5653
5564 5474 5565
5565 5475 5564 5566 5655
5566 5476 5565 5567 5656
5567 5477 5566 5568 5657
5568 5478 5567 5569 5658
5569 5479 5568 5570
5570 5480 5569 5571 5660
5571 5481 5570 5572 5661
5572 5571 5573
5573 5483 5572 5574 5663
5574 5484 5573 5575 5664
5575 5485 5574 5665
5576 5486 5577
5577 5487 5576 5667
5578 5488 5579 5668
5579 5489 5578 5669
5580 5490 5581 5670
5581 5491 5580 5582 5671
5582 5492 5581 5583 5672
5583 5493 5582 5584 5673
5584 5494 5583 5585 5674
5585 5495 5584 5586
5586 5496 5585 5676
5587 5497 5588 5677
5588 5498 5587 5589 5678
5589 5499 5588 5590 5679
5590 5500 5589 5591 5680
5591 5501 5590 5592
5592 5502 5591 5593
5593 5503 5592 5594 5683
5594 5504 5593 5595 5684
5595 5505 5594 5596 5685
5596 5506 5595 5597 5686
5597 5507 5596 5598 5687
5598 5508 5597 5599 5688
5599 5509 5598 5600 5689
5600 5599 5601 5690
5601 5511 5600 5602 5691
5602 5512 5601 5603 5692
5603 5513 5602 5604 5693
5604 5514 5603 5605 5694
5605 5515 5604 5606
5606 5516 5605 5607
5607 5517 5606 5608 5697
5608 5518 5607 5609 5698
5609 5519 5608 5610 5699
5610 5520 5609 5611 5700
5611 5521 5610 5612 5701
5612 5522 5611 5613 5702
5613 5523 5612 5614 5703
5614 5524 5613 5615 5704
5615 5525 5614 5616 5705
5616 5526 5615 5617 5706
5617 5527 5616 5618 5707
5618 5528 5617 5619 5708
5619 5529 5618 5620 5709
5620 5530 5619 5621 5710
5621 5531 5620 5622 5711
5622 5532 5621 5623 5712
5623 5533 5622 5624 5713
5624 5534 5623 5625 5714
5625 5535 5624 5626 5715
5626 5536 5625 5627 5716
5627 5537 5626 5628 5717
5628 5538 5627 5629 5718
5629 5539 5628 5630
5630 5540 5629 5631 5720
5631 5541 5630 5632 5721
5632 5542 5631 5633 5722
5633 5543 5632 5634 5723
5634 5544 5633 5635
5635 5545 5634 5636 5725
5636 5546 5635 5637
5637 5547 5636 5727
5638 5548 5639 5728
5639 5549 5638 5640 5729
5640 5550 5639 5641 5730
5641 5551 5640 5642 5731
5642 5552 5641 5643 5732
5643 5642 5644 5733
5644 5554 5643 5645 5734
5645 5555 5644 5735
5646 5556 5647 5736
5647 5557 5646 5648 5737
5648 5558 5647 5649 5738
5649 5559 5648 5650 5739
5650 5560 5649 5740
5651 5561 5652 5741
5652 5562 5651 5742
5653 5563 5654
5654 5653 5655 5744
5655 5565 5654 5656 5745
5656 5566 5655 5657 5746
5657 5567 5656 5658 5747
5658 5568 5657 5659 5748
5659 5658 5660 5749
5660 5570 5659 5661 5750
5661 5571 5660 5751
5662 5663 5752
5663 5573 5662 5664
5664 5574 5663 5665 5754
5665 5575 5664 5666 5755
5666 5665 5667 5756
5667 5577 5666 5668 5757
5668 5578 5667 5669 5758
5669 5579 5668
5670 5580 5671 5760
5671 5581 5670 5672 5761
5672 5582 5671 5673 5762
5673 5583 5672 5674 5763
5674 5584 5673 5764
5675 5676 5765
5676 5586 5675 5677 5766
5677 5587 5676 5678 5767
5678 5588 5677 5679 5768
5679 5589 5678 5680 5769
5680 5590 5679 5770
5681 5682 5771
5682 5681 5683 5772
5683 5593 5682 5684 5773
5684 5594 5683 5685 5774
5685 5595 5684 5775
5686 5596 5687 5776
5687 5597 5686 5688 5777
5688 5598 5687 5689 5778
5689 5599 5688 5690 5779
5690 5600 5689 5691 5780
5691 5601 5690 5692 5781
5692 5602 5691 5693 5782
5693 5603 5692 5694 5783
5694 5604 5693 5695 5784
5695 5694 5696 5785
5696 5695 5697 5786
5697 5607 5696 5698 5787
5698 5608 5697 5699 5788
5699 5609 5698 5700 5789
5700 5610 5699 5701 5790
5701 5611 5700 5702 5791
5702 5612 5701 5703 5792
5703 5613 5702 5704 5793
5704 5614 5703 5705 5794
5705 5615 5704 5706 5795
5706 5616 5705 5707 5796
5707 5617 5706 5708 5797
5708 5618 5707 5709 5798
5709 5619 5708 5710 5799
5710 5620 5709 5711 5800
5711 5621 5710 5712
5712 5622 5711 5713 5802
5713 5623 5712 5714 5803
5714 5624 5713 5715 5804
5715 5625 5714 5716 5805
5716 5626 5715 5717 5806
5717 5627 5716 5718 5807
5718 5628 5717 5719 5808
5719 5718 5720 5809
5720 5630 5719 5810
5721 5631 5722 5811
5722 5632 5721 5812
5723 5633 5724 5813
5724 5723 5725 5814
5725 5635 5724 5726 5815
5726 5725 5727 5816
5727 5637 5726 5728 5817
5728 5638 5727 5729 5818
5729 5639 5728 5730 5819
5730 5640 5729 5731 5820
5731 5641 5730 5732 5821
5732 5642 5731 5733 5822
5733 5643 5732 5734 5823
5734 5644 5733 5735 5824
5735 5645 5734 5736 5825
5736 5646 5735 5737 5826
5737 5647 5736 5827
5738 5648 5739 5828
5739 5649 5738 5740 5829
5740 5650 5739 5741 5830
5741 5651 5740 5742
5742 5652 5741 5832
5743 5744 5833
5744 5654 5743 5745
5745 5655 5744 5746 5835
5746 5656 5745 5747 5836
5747 5657 5746 5748 5837
5748 5658 5747 5749 5838
5749 5659 5748 5750 5839
5750 5660 5749 5751 5840
5751 5661 5750 5752 5841
5752 5662 5751 5753
5753 5752 5754 5843
5754 5664 5753 5755 5844
5755 5665 5754 5756
5756 5666 5755 5757 5846
5757 5667 5756 5847
5758 5668 5759 5848
5759 5758 5849
5760 5670 5761 5850
5761 5671 5760 5762 5851
5762 5672 5761 5852
5763 5673 5764 5853
5764 5674 5763 5765 5854
5765 5675 5764 5766 5855
5766 5676 5765 5767 5856
5767 5677 5766 5768 5857
5768 5678 5767 5769 5858
5769 5679 5768 5770 5859
5770 5680 5769 5771 5860
5771 5681 5770 5861
5772 5682 5773 5862
5773 5683 5772 5774 5863
5774 5684 5773 5864
5775 5685 5776 5865
5776 5686 5775 5777 5866
5777 5687 5776 5778 5867
5778 5688 5777 5779 5868
5779 5689 5778 5780 5869
5780 5690 5779 5781 5870
5781 5691 5780 5782 5871
5782 5692 5781 5783 5872
5783 5693 5782 5784 5873
5784 5694 5783 5785 5874
5785 5695 5784 5786 5875
5786 5696 5785 5787 5876
5787 5697 5786 5788 5877
5788 5698 5787 5878
5789 5699 5790 5879
5790 5700 5789 5791 5880
5791 5701 5790 5792 5881
5792 5702 5791 5793 5882
5793 5703 5792 5794 5883
5794 5704 5793 5795 5884
5795 5705 5794 5796 5885
5796 5706 5795 5886
5797 5707 5887
5798 5708 5799 5888
5799 5709 5798 5800 5889
5800 5710 5799 5801 5890
5801 5800 5802 5891
5802 5712 5801 5803 5892
5803 5713 5802 5804 5893
5804 5714 5803 5805 5894
5805 5715 5804 5806 5895
5806 5716 5805 5807 5896
5807 5717 5806 5808 5897
5808 5718 5807 5809 5898
5809 5719 5808 5810 5899
5810 5720 5809 5811 5900
5811 5721 5810 5812 5901
5812 5722 5811 5813
5813 5723 5812 5814 5903
5814 5724 5813 5815
5815 5725 5814 5816 5905
5816 5726 5815 5817 5906
5817 5727 5816 5818 5907
5818 5728 5817 5908
5819 5729 5820 5909
5820 5730 5819 5821 5910
5821 5731 5820 5822 5911
5822 5732 5821 5823 5912
5823 5733 5822 5824 5913
5824 5734 5823 5825
5825 5735 5824 5826 5915
5826 5736 5825 5827 5916
5827 5737 5826 5828 5917
5828 5738 5827 5829 5918
5829 5739 5828 5830 5919
5830 5740 5829 5831 5920
5831 5830 5832
5832 5742 5831 5833 5922
5833 5743 5832 5834 5923
5834 5833 5835 5924
5835 5745 5834 5836 5925
5836 5746 5835 5837 5926
5837 5747 5836 5838
5838 5748 5837 5839 5928
5839 5749 5838 5840 5929
5840 5750 5839 5841 5930
5841 5751 5840 5842 5931
5842 5841 5843 5932
5843 5753 5842 5933
5844 5754 5845 5934
5845 5844 5846 5935
5846 5756 5845 5847
5847 5757 5846 5848 5937
5848 5758 5847 5849 5938
5849 5759 5848 5939
5850 5760 5851 5940
5851 5761 5850 5852 5941
5852 5762 5851 5942
5853 5763 5854 5943
5854 5764 5853 5855 5944
5855 5765 5854 5945
5856 5766 5857 5946
5857 5767 5856 5858 5947
5858 5768 5857 5859 5948
5859 5769 5858 5860 5949
5860 5770 5859 5861 5950
5861 5771 5860 5862 5951
5862 5772 5861 5952
5863 5773 5864 5953
5864 5774 5863 5865 5954
5865 5775 5864 5866 5955
5866 5776 5865 5867
5867 5777 5866 5868 5957
5868 5778 5867 5869 5958
5869 5779 5868 5870 5959
5870 5780 5869 5871 5960
5871 5781 5870 5872 5961
5872 5782 5871 5873 5962
5873 5783 5872 5874
5874 5784 5873 5875 5964
5875 5785 5874 5876 5965
5876 5786 5875 5966
5877 5787 5878 5967
5878 5788 5877 5879
5879 5789 5878 5880 5969
5880 5790 5879 5881 5970
5881 5791 5880 5882 5971
5882 5792 5881 5883 5972
5883 5793 5882 5884 5973
5884 5794 5883 5885 5974
5885 5795 5884 5886 5975
5886 5796 5885 5887 5976
5887 5797 5886 5888
5888 5798 5887 5889 5978
5889 5799 5888 5890 5979
5890 5800 5889 5891 5980
5891 5801 5890 5892 5981
5892 5802 5891 5893 5982
5893 5803 5892 5894 5983
5894 5804 5893 5895
5895 5805 5894 5896 5985
5896 5806 5895 5897 5986
5897 5807 5896 5898 5987
5898 5808 5897 5899 5988
5899 5809 5898 5900 5989
5900 5810 5899 5901 5990
5901 5811 5900 5902 5991
5902 5901 5903 5992
5903 5813 5902 5904 5993
5904 5903 5905 5994
5905 5815 5904 5906 5995
5906 5816 5905 5907
5907 5817 5906 5908 5997
5908 5818 5907 5909 5998
5909 5819 5908 5910 5999
5910 5820 5909 5911
5911 5821 5910 5912 6001
5912 5822 5911 5913 6002
5913 5823 5912 5914 6003
5914 5913 5915 6004
5915 5825 5914 5916 6005
5916 5826 5915 5917 6006
5917 5827 5916
5918 5828 5919 6008
5919 5829 5918 5920 6009
5920 5830 5919 5921 6010
5921 5920 5922 6011
5922 5832 5921 5923 6012
5923 5833 5922 5924 6013
5924 5834 5923 5925 6014
5925 5835 5924 5926 6015
5926 5836 5925 5927 6016
5927 5926 5928 6017
5928 5838 5927 5929 6018
5929 5839 5928 5930 6019
5930 5840 5929 5931 6020
5931 5841 5930 5932 6021
5932 5842 5931 5933 6022
5933 5843 5932 5934
5934 5844 5933 5935
5935 5845 5934 5936 6025
5936 5935
5937 5847 5938 6027
5938 5848 5937 5939 6028
5939 5849 5938 6029
5940 5850 5941 6030
5941 5851 5940 5942 6031
5942 5852 5941 5943 6032
5943 5853 5942 5944 6033
5944 5854 5943 5945
5945 5855 5944 5946 6035
5946 5856 5945 6036
5947 5857 5948 6037
5948 5858 5947 5949 6038
5949 5859 5948 5950 6039
5950 5860 5949 5951 6040
5951 5861 5950 5952 6041
5952 5862 5951 5953 6042
5953 5863 5952 5954 6043
5954 5864 5953 5955 6044
5955 5865 5954 5956
5956 5955 6046
5957 5867 5958 6047
5958 5868 5957 5959 6048
5959 5869 5958
5960 5870 5961 6050
5961 5871 5960 5962
5962 5872 5961 5963 6052
5963 5962 5964 6053
5964 5874 5963 5965 6054
5965 5875 5964 5966 6055
5966 5876 5965 5967 6056
5967 5877 5966 6057
5968 5969 6058
5969 5879 5968 6059
5970 5880 5971 6060
5971 5881 5970 5972 6061
5972 5882 5971 5973 6062
5973 5883 5972 6063
5974 5884 5975 6064
5975 5885 5974 5976 6065
5976 5886 5975 5977 6066
5977 5976 5978 6067
5978 5888 5977 5979 6068
5979 5889 5978 5980 6069
5980 5890 5979 5981 6070
5981 5891 5980 6071
5982 5892 5983 6072
5983 5893 5982 5984 6073
5984 5983 5985 6074
5985 5895 5984 5986 6075
5986 5896 5985 5987 6076
5987 5897 5986 5988 6077
5988 5898 5987 5989 6078
5989 5899 5988 5990 6079
5990 5900 5989 5991 6080
5991 5901 5990 5992 6081
5992 5902 5991 5993 6082
5993 5903 5992 6083
5994 5904 5995
5995 5905 5994
5996 5997 6086
5997 5907 5996 5998 6087
5998 5908 5997 5999 6088
5999 5909 5998 6000 6089
6000 5999 6001 6090
6001 5911 6000 6002 6091
6002 5912 6001 6003 6092
6003 5913 6002 6004
6004 5914 6003 6005 6094
6005 5915 6004 6095
6006 5916 6096
6007 6008
6008 5918 6007 6009 6098
6009 5919 6008 6010 6099
6010 5920 6009 6011 6100
6011 5921 6010 6012 6101
6012 5922 6011 6013 6102
6013 5923 6012 6014 6103
6014 5924 6013 6015 6104
6015 5925 6014 6016 6105
6016 5926 6015 6017 6106
6017 5927 6016 6107
6018 5928 6019 6108
6019 5929 6018 6020 6109
6020 5930 6019 6021 6110
6021 5931 6020 6111
6022 5932 6023 6112
6023 6022 6024 6113
6024 6023 6025 6114
6025 5935 6024 6026 6115
6026 6025 6027 6116
6027 5937 6026 6028 6117
6028 5938 6027 6118
6029 5939
6030 5940 6031 6120
6031 5941 6030 6032 6121
6032 5942 6031 6033 6122
6033 5943 6032 6034 6123
6034 6033
6035 5945 6036 6125
6036 5946 6035 6037 6126
6037 5947 6036 6038 6127
6038 5948 6037 6039 6128
6039 5949 6038 6040 6129
6040 5950 6039 6041 6130
6041 5951 6040 6042 6131
6042 5952 6041 6043 6132
6043 5953 6042 6044 6133
6044 5954 6043 6045 6134
6045 6044 6046 6135
6046 5956 6045 6047 6136
6047 5957 6046 6048 6137
6048 5958 6047 6049 6138
6049 6048 6050 6139
6050 5960 6049 6051 6140
6051 6050 6052 6141
6052 5962 6051 6053
6053 5963 6052 6054 6143
6054 5964 6053 6055 6144
6055 5965 6054 6056
6056 5966 6055 6057 6146
6057 5967 6056 6058 6147
6058 5968 6057 6059 6148
6059 5969 6058 6060 6149
6060 5970 6059 6061 6150
6061 5971 6060 6062 6151
6062 5972 6061 6063 6152
6063 5973 6062 6064 6153
6064 5974 6063
6065 5975 6066 6155
6066 5976 6065 6067 6156
6067 5977 6066 6068 6157
6068 5978 6067 6069 6158
6069 5979 6068 6070 6159
6070 5980 6069 6071 6160
6071 5981 6070 6072 6161
6072 5982 6071 6073 6162
6073 5983 6072 6074 6163
6074 5984 6073 6075 6164
6075 5985 6074 6076 6165
6076 5986 6075 6077
6077 5987 6076 6078 6167
6078 5988 6077 6079 6168
6079 5989 6078 6080 6169
6080 5990 6079 6081 6170
6081 5991 6080 6082 6171
6082 5992 6081 6083 6172
6083 5993 6082 6084 6173
6084 6083 6085 6174
6085 6084 6086 6175
6086 5996 6085 6087 6176
6087 5997 6086 6088 6177
6088 5998 6087 6089
6089 5999 6088 6090 6179
6090 6000 6089 6091 6180
6091 6001 6090 6092 6181
6092 6002 6091 6093 6182
6093 6092 6094 6183
6094 6004 6093 6095 6184
6095 6005 6094 6096 6185
6096 6006 6095 6097 6186
6097 6096 6098 6187
6098 6008 6097 6099 6188
6099 6009 6098 6189
6100 6010 6101 6190
6101 6011 6100 6191
6102 6012 6103 6192
6103 6013 6102 6104 6193
6104 6014 6103 6105 6194
6105 6015 6104 6106
6106 6016 6105 6107 6196
6107 6017 6106 6108 6197
6108 6018 6107 6109 6198
6109 6019 6108 6110 6199
6110 6020 6109 6111 6200
6111 6021 6110 6112 6201
6112 6022 6111 6113 6202
6113 6023 6112 6114 6203
6114 6024 6113 6115 6204
6115 6025 6114 6116 6205
6116 6026 6115 6117 6206
6117 6027 6116 6118 6207
6118 6028 6117 6119 6208
6119 6118 6209
6120 6030 6121 6210
6121 6031 6120 6122 6211
6122 6032 6121 6123 6212
6123 6033 6122 6124 6213
6124 6123 6125 6214
6125 6035 6124 6126 6215
6126 6036 6125 6127 6216
6127 6037 6126 6128 6217
6128 6038 6127 6218
6129 6039 6219
6130 6040 6131 6220
6131 6041 6130 6132 6221
6132 6042 6131 6133
6133 6043 6132 6134 6223
6134 6044 6133 6135 6224
6135 6045 6134 6136 6225
6136 6046 6135 6137 6226
6137 6047 6136 6138 6227
6138 6048 6137 6139 6228
6139 6049 6138 6140 6229
6140 6050 6139 6141 6230
6141 6051 6140 6142 6231
6142 6141 6143 6232
6143 6053 6142 6144 6233
6144 6054 6143 6145
6145 6144 6146 6235
6146 6056 6145 6147 6236
6147 6057 6146 6237
6148 6058 6149 6238
6149 6059 6148 6150 6239
6150 6060 6149 6151
6151 6061 6150 6241
6152 6062 6153 6242
6153 6063 6152 6154 6243
6154 6153 6155 6244
6155 6065 6154 6156 6245
6156 6066 6155 6246
6157 6067 6158 6247
6158 6068 6157 6159 6248
6159 6069 6158 6160 6249
6160 6070 6159 6161 6250
6161 6071 6160 6162 6251
6162 6072 6161 6163 6252
6163 6073 6162 6164 6253
6164 6074 6163 6165 6254
6165 6075 6164 6166 6255
6166 6165 6256
6167 6077 6168 6257
6168 6078 6167 6169 6258
6169 6079 6168 6170 6259
6170 6080 6169 6171
6171 6081 6170 6172 6261
6172 6082 6171 6173 6262
6173 6083 6172 6174 6263
6174 6084 6173 6264
6175 6085 6176 6265
6176 6086 6175 6266
6177 6087 6178 6267
6178 6177 6179 6268
6179 6089 6178 6180 6269
6180 6090 6179 6181 6270
6181 6091 6180 6182 6271
6182 6092 6181 6183 6272
6183 6093 6182 6184 6273
6184 6094 6183 6274
6185 6095 6186 6275
6186 6096 6185 6187 6276
6187 6097 6186 6188 6277
6188 6098 6187 6189 6278
6189 6099 6188 6190 6279
6190 6100 6189 6191 6280
6191 6101 6190 6192 6281
6192 6102 6191 6193
6193 6103 6192 6194 6283
6194 6104 6193 6195 6284
6195 6194 6196 6285
6196 6106 6195 6197 6286
6197 6107 6196 6198
6198 6108 6197 6288
6199 6109 6289
6200 6110 6201 6290
6201 6111 6200 6202 6291
6202 6112 6201 6203
6203 6113 6202 6293
6204 6114 6205 6294
6205 6115 6204 6206 6295
6206 6116 6205 6207 6296
6207 6117 6206 6208 6297
6208 6118 6207 6209
6209 6119 6208 6299
6210 6120 6211 6300
6211 6121 6210 6301
6212 6122 6213
6213 6123 6212 6214 6303
6214 6124 6213 6215
6215 6125 6214 6216 6305
6216 6126 6215 6306
6217 6127 6307
6218 6128 6308
6219 6129 6220 6309
6220 6130 6219 6221 6310
6221 6131 6220 6222 6311
6222 6221 6223 6312
6223 6133 6222 6224
6224 6134 6223 6225 6314
6225 6135 6224 6315
6226 6136 6227 6316
6227 6137 6226 6228 6317
6228 6138 6227 6229 6318
6229 6139 6228 6230
6230 6140 6229 6231
6231 6141 6230 6232 6321
6232 6142 6231 6322
6233 6143 6234 6323
6234 6233 6235 6324
6235 6145 6234 6236 6325
6236 6146 6235 6237 6326
6237 6147 6236 6238 6327
6238 6148 6237 6328
6239 6149 6240 6329
6240 6239 6241 6330
6241 6151 6240 6242 6331
6242 6152 6241 6243 6332
6243 6153 6242 6244 6333
6244 6154 6243 6245 6334
6245 6155 6244 6335
6246 6156 6247 6336
6247 6157 6246 6248 6337
6248 6158 6247 6249 6338
6249 6159 6248 6250 6339
6250 6160 6249 6251
6251 6161 6250 6252
6252 6162 6251 6253 6342
6253 6163 6252 6254 6343
6254 6164 6253 6255 6344
6255 6165 6254 6256 6345
6256 6166 6255 6257 6346
6257 6167 6256 6258 6347
6258 6168 6257 6259 6348
6259 6169 6258 6260 6349
6260 6259 6261 6350
6261 6171 6260 6351
6262 6172 6263 6352
6263 6173 6262 6264
6264 6174 6263 6265 6354
6265 6175 6264 6266 6355
6266 6176 6265 6267 6356
6267 6177 6266 6268 6357
6268 6178 6267 6269 6358
6269 6179 6268 6270 6359
6270 6180 6269 6271 6360
6271 6181 6270 6361
6272 6182 6273 6362
6273 6183 6272 6274
6274 6184 6273 6275 6364
6275 6185 6274 6276 6365
6276 6186 6275 6277 6366
6277 6187 6276 6278 6367
6278 6188 6277 6279 6368
6279 6189 6278 6280 6369
6280 6190 6279 6281 6370
6281 6191 6280 6282 6371
6282 6281 6283 6372
6283 6193 6282 6284 6373
6284 6194 6283 6285 6374
6285 6195 6284 6286 6375
6286 6196 6285 6287 6376
6287 6286 6288 6377
6288 6198 6287 6289 6378
6289 6199 6288 6290 6379
6290 6200 6289 6291 6380
6291 6201 6290 6292 6381
6292 6291 6293 6382
6293 6203 6292 6294 6383
6294 6204 6293 6295 6384
6295 6205 6294 6296 6385
6296 6206 6295 6386
6297 6207 6298 6387
6298 6297 6299 6388
6299 6209 6298
6300 6210 6301 6390
6301 6211 6300 6302 6391
6302 6301 6303
6303 6213 6302 6304 6393
6304 6303 6305 6394
6305 6215 6304 6306 6395
6306 6216 6305 6307
6307 6217 6306 6308
6308 6218 6307 6398
6309 6219 6310 6399
6310 6220 6309 6311 6400
6311 6221 6310 6312 6401
6312 6222 6311 6313 6402
6313 6312 6403
6314 6224 6315 6404
6315 6225 6314 6316 6405
6316 6226 6315 6317 6406
6317 6227 6316 6318 6407
6318 6228 6317 6408
6319 6320 6409
6320 6319 6410
6321 6231 6322 6411
6322 6232 6321 6323 6412
6323 6233 6322 6324 6413
6324 6234 6323 6325 6414
6325 6235 6324 6326 6415
6326 6236 6325 6327 6416
6327 6237 6326 6328
6328 6238 6327 6329 6418
6329 6239 6328 6330 6419
6330 6240 6329 6331 6420
6331 6241 6330 6332 6421
6332 6242 6331 6333 6422
6333 6243 6332 6334 6423
6334 6244 6333 6424
6335 6245 6336 6425
6336 6246 6335 6426
6337 6247 6427
6338 6248 6339 6428
6339 6249 6338 6429
6340 6341 6430
6341 6340 6342 6431
6342 6252 6341 6343 6432
6343 6253 6342 6344 6433
6344 6254 6343 6345 6434
6345 6255 6344 6346
6346 6256 6345 6347 6436
6347 6257 6346 6348 6437
6348 6258 6347 6349
6349 6259 6348 6350 6439
6350 6260 6349 6351 6440
6351 6261 6350 6352 6441
6352 6262 6351 6353 6442
6353 6352 6354
6354 6264 6353 6355 6444
6355 6265 6354 6356 6445
6356 6266 6355 6357
6357 6267 6356 6358 6447
6358 6268 6357 6448
6359 6269 6360 6449
6360 6270 6359 6450
6361 6271 6362
6362 6272 6361 6363 6452
6363 6362 6364 6453
6364 6274 6363 6365 6454
6365 6275 6364 6366 6455
6366 6276 6365 6367 6456
6367 6277 6366 6368 6457
6368 6278 6367 6369
6369 6279 6368 6370 6459
6370 6280 6369 6371
6371 6281 6370 6372 6461
6372 6282 6371 6373 6462
6373 6283 6372 6374 6463
6374 6284 6373 6375 6464
6375 6285 6374 6376 6465
6376 6286 6375 6377 6466
6377 6287 6376 6378 6467
6378 6288 6377 6379 6468
6379 6289 6378 6380 6469
6380 6290 6379 6470
6381 6291 6382 6471
6382 6292 6381 6383 6472
6383 6293 6382 6384 6473
6384 6294 6383 6385 6474
6385 6295 6384 6386 6475
6386 6296 6385 6387 6476
6387 6297 6386 6388 6477
6388 6298 6387 6389 6478
6389 6388 6479
6390 6300 6391
6391 6301 6390 6392 6481
6392 6391 6393 6482
6393 6303 6392 6394 6483
6394 6304 6393 6395 6484
6395 6305 6394 6396 6485
6396 6395 6397 6486
6397 6396 6398 6487
6398 6308 6397 6399 6488
6399 6309 6398 6400 6489
6400 6310 6399 6401 6490
6401 6311 6400 6402 6491
6402 6312 6401 6403 6492
6403 6313 6402 6404 6493
6404 6314 6403 6405 6494
6405 6315 6404 6406 6495
6406 6316 6405 6407 6496
6407 6317 6406 6408 6497
6408 6318 6407 6409 6498
6409 6319 6408 6410 6499
6410 6320 6409 6411 6500
6411 6321 6410 6412 6501
6412 6322 6411 6413 6502
6413 6323 6412 6414 6503
6414 6324 6413 6415 6504
6415 6325 6414 6416 6505
6416 6326 6415 6417 6506
6417 6416 6418
6418 6328 6417 6508
6419 6329 6420 6509
6420 6330 6419 6421 6510
6421 6331 6420 6422
6422 6332 6421 6423
6423 6333 6422 6424 6513
6424 6334 6423 6425 6514
6425 6335 6424 6426 6515
6426 6336 6425
6427 6337 6517
6428 6338 6429 6518
6429 6339 6428 6430 6519
6430 6340 6429 6431 6520
6431 6341 6430 6432 6521
6432 6342 6431 6433 6522
6433 6343 6432 6523
6434 6344 6435
6435 6434 6436 6525
6436 6346 6435 6526
6437 6347 6438 6527
6438 6437 6439 6528
6439 6349 6438 6440 6529
6440 6350 6439 6441 6530
6441 6351 6440 6442 6531
6442 6352 6441 6532
6443 6444 6533
6444 6354 6443 6534
6445 6355 6446 6535
6446 6445 6536
6447 6357 6448 6537
6448 6358 6447 6449 6538
6449 6359 6448 6450 6539
6450 6360 6449 6451
6451 6450 6452 6541
6452 6362 6451
6453 6363 6543
6454 6364 6455 6544
6455 6365 6454 6456 6545
6456 6366 6455 6457 6546
6457 6367 6456 6458 6547
6458 6457 6459 6548
6459 6369 6458 6460 6549
6460 6459 6550
6461 6371 6462 6551
6462 6372 6461
6463 6373 6464 6553
6464 6374 6463 6465 6554
6465 6375 6464 6466
6466 6376 6465 6467 6556
6467 6377 6466 6468 6557
6468 6378 6467 6469 6558
6469 6379 6468 6559
6470 6380 6471 6560
6471 6381 6470 6472 6561
6472 6382 6471 6473
6473 6383 6472 6474 6563
6474 6384 6473 6475 6564
6475 6385 6474 6476
6476 6386 6475 6477 6566
6477 6387 6476 6478 6567
6478 6388 6477 6479 6568
6479 6389 6478
6480 6481 6570
6481 6391 6480 6482 6571
6482 6392 6481 6572
6483 6393 6484 6573
6484 6394 6483
6485 6395 6486 6575
6486 6396 6485 6487 6576
6487 6397 6486 6488 6577
6488 6398 6487 6489 6578
6489 6399 6488 6579
6490 6400 6491 6580
6491 6401 6490 6492 6581
6492 6402 6491 6493
6493 6403 6492 6583
6494 6404 6495 6584
6495 6405 6494 6496 6585
6496 6406 6495 6497 6586
6497 6407 6496 6498 6587
6498 6408 6497 6499 6588
6499 6409 6498 6500 6589
6500 6410 6499 6501 6590
6501 6411 6500 6502 6591
6502 6412 6501 6503 6592
6503 6413 6502 6504 6593
6504 6414 6503 6505 6594
6505 6415 6504 6506 6595
6506 6416 6505 6507 6596
6507 6506 6508 6597
6508 6418 6507 6598
6509 6419 6510 6599
6510 6420 6509 6511 6600
6511 6510 6512 6601
6512 6511 6513 6602
6513 6423 6512 6514
6514 6424 6513 6515 6604
6515 6425 6514 6605
6516 6517 6606
6517 6427 6516 6518 6607
6518 6428 6517 6519 6608
6519 6429 6518 6520
6520 6430 6519 6521 6610
6521 6431 6520 6522 6611
6522 6432 6521 6523 6612
6523 6433 6522 6524 6613
6524 6523 6525 6614
6525 6435 6524 6526 6615
6526 6436 6525 6527 6616
6527 6437 6526 6528 6617
6528 6438 6527 6529 6618
6529 6439 6528 6530 6619
6530 6440 6529 6531 6620
6531 6441 6530 6532
6532 6442 6531 6533 6622
6533 6443 6532 6534 6623
6534 6444 6533 6535 6624
6535 6445 6534 6536 6625
6536 6446 6535 6537 6626
6537 6447 6536 6538 6627
6538 6448 6537 6539
6539 6449 6538 6540 6629
6540 6539 6541 6630
6541 6451 6540 6542 6631
6542 6541 6543
6543 6453 6542 6544 6633
6544 6454 6543 6634
6545 6455 6546 6635
6546 6456 6545 6547 6636
6547 6457 6546 6548
6548 6458 6547 6638
6549 6459 6550 6639
6550 6460 6549 6551 6640
6551 6461 6550 6552 6641
6552 6551 6553 6642
6553 6463 6552 6554 6643
6554 6464 6553 6555 6644
6555 6554 6556 6645
6556 6466 6555 6557 6646
6557 6467 6556 6558 6647
6558 6468 6557 6559 6648
6559 6469 6558 6560 6649
6560 6470 6559 6561
6561 6471 6560 6562 6651
6562 6561 6563 6652
6563 6473 6562 6564 6653
6564 6474 6563 6565 6654
6565 6564 6566 6655
6566 6476 6565 6567 6656
6567 6477 6566 6568 6657
6568 6478 6567 6569
6569 6568 6659
6570 6480 6571 6660
6571 6481 6570 6572 6661
6572 6482 6571 6573 6662
6573 6483 6572 6574 6663
6574 6573 6575 6664
6575 6485 6574 6576 6665
6576 6486 6575 6666
6577 6487 6578 6667
6578 6488 6577 6579 6668
6579 6489 6578 6580
6580 6490 6579 6581 6670
6581 6491 6580 6582 6671
6582 6581 6583 6672
6583 6493 6582 6584
6584 6494 6583 6585 6674
6585 6495 6584 6586 6675
6586 6496 6585 6587 6676
6587 6497 6586 6588
6588 6498 6587 6589
6589 6499 6588 6679
6590 6500 6591 6680
6591 6501 6590 6592 6681
6592 6502 6591 6593 6682
6593 6503 6592 6594 6683
6594 6504 6593 6595 6684
6595 6505 6594 6685
6596 6506 6597 6686
6597 6507 6596 6687
6598 6508 6599 6688
6599 6509 6598 6600 6689
6600 6510 6599 6601 6690
6601 6511 6600 6602 6691
6602 6512 6601 6603 6692
6603 6602 6604 6693
6604 6514 6603 6605 6694
6605 6515 6604 6606 6695
6606 6516 6605 6607 6696
6607 6517 6606 6608
6608 6518 6607 6609 6698
6609 6608 6610 6699
6610 6520 6609 6700
6611 6521 6612 6701
6612 6522 6611 6613 6702
6613 6523 6612 6614 6703
6614 6524 6613 6615 6704
6615 6525 6614 6616 6705
6616 6526 6615 6617 6706
6617 6527 6616 6618 6707
6618 6528 6617 6708
6619 6529 6620 6709
6620 6530 6619 6621
6621 6620 6622 6711
6622 6532 6621 6623
6623 6533 6622 6624 6713
6624 6534 6623 6625 6714
6625 6535 6624
6626 6536 6627 6716
6627 6537 6626 6628 6717
6628 6627 6629 6718
6629 6539 6628 6630 6719
6630 6540 6629 6631 6720
6631 6541 6630 6632 6721
6632 6631 6633 6722
6633 6543 6632 6634 6723
6634 6544 6633 6635 6724
6635 6545 6634 6636 6725
6636 6546 6635 6637 6726
6637 6636 6638 6727
6638 6548 6637 6639 6728
6639 6549 6638 6640 6729
6640 6550 6639 6641 6730
6641 6551 6640 6642 6731
6642 6552 6641 6643 6732
6643 6553 6642 6644 6733
6644 6554 6643 6645 6734
6645 6555 6644 6646 6735
6646 6556 6645 6736
6647 6557 6648 6737
6648 6558 6647 6649 6738
6649 6559 6648 6650 6739
6650 6649 6651 6740
6651 6561 6650 6741
6652 6562 6653
6653 6563 6652 6654 6743
6654 6564 6653 6655 6744
6655 6565 6654 6656 6745
6656 6566 6655 6746
6657 6567 6658 6747
6658 6657 6659 6748
6659 6569 6658 6749
6660 6570 6661
6661 6571 6660 6751
6662 6572 6752
6663 6573 6753
6664 6574 6665 6754
6665 6575 6664 6666 6755
6666 6576 6665 6667 6756
6667 6577 6666 6668 6757
6668 6578 6667 6669 6758
6669 6668 6670 6759
6670 6580 6669 6671 6760
6671 6581 6670 6672 6761
6672 6582 6671 6673 6762
6673 6672 6674 6763
6674 6584 6673 6675 6764
6675 6585 6674 6676 6765
6676 6586 6675 6677 6766
6677 6676 6678 6767
6678 6677 6679 6768
6679 6589 6678 6680 6769
6680 6590 6679 6681 6770
6681 6591 6680 6682 6771
6682 6592 6681 6683 6772
6683 6593 6682 6773
6684 6594 6685 6774
6685 6595 6684 6775
6686 6596 6776
6687 6597 6688
6688 6598 6687 6689 6778
6689 6599 6688 6690 6779
6690 6600 6689 6691 6780
6691 6601 6690 6781
6692 6602 6782
6693 6603 6694 6783
6694 6604 6693 6695 6784
6695 6605 6694 6696 6785
6696 6606 6695 6697 6786
6697 6696 6698 6787
6698 6608 6697 6699
6699 6609 6698 6700
6700 6610 6699 6701
6701 6611 6700 6702 6791
6702 6612 6701 6703 6792
6703 6613 6702 6704 6793
6704 6614 6703 6705 6794
6705 6615 6704 6706 6795
6706 6616 6705 6707 6796
6707 6617 6706 6708 6797
6708 6618 6707 6709 6798
6709 6619 6708 6710 6799
6710 6709 6711 6800
6711 6621 6710 6712 6801
6712 6711 6713 6802
6713 6623 6712 6714 6803
6714 6624 6713 6715 6804
6715 6714 6716 6805
6716 6626 6715 6717
6717 6627 6716 6718 6807
6718 6628 6717 6719 6808
6719 6629 6718 6720 6809
6720 6630 6719 6721 6810
6721 6631 6720 6722 6811
6722 6632 6721 6723 6812
6723 6633 6722 6724 6813
6724 6634 6723 6725 6814
6725 6635 6724 6726 6815
6726 6636 6725 6727 6816
6727 6637 6726 6728 6817
6728 6638 6727 6729 6818
6729 6639 6728 6730 6819
6730 6640 6729 6731 6820
6731 6641 6730 6821
6732 6642 6733 6822
6733 6643 6732 6734 6823
6734 6644 6733 6735 6824
6735 6645 6734 6736
6736 6646 6735 6737 6826
6737 6647 6736 6738 6827
6738 6648 6737 6739 6828
6739 6649 6738 6740 6829
6740 6650 6739 6741 6830
6741 6651 6740 6831
6742 6743 6832
6743 6653 6742 6744 6833
6744 6654 6743 6745 6834
6745 6655 6744 6746 6835
6746 6656 6745 6747 6836
6747 6657 6746 6748 6837
6748 6658 6747 6749 6838
6749 6659 6748 6839
6750 6751 6840
6751 6661 6750 6752 6841
6752 6662 6751 6753 6842
6753 6663 6752 6754 6843
6754 6664 6753 6755 6844
6755 6665 6754 6756 6845
6756 6666 6755 6757 6846
6757 6667 6756 6758 6847
6758 6668 6757 6759 6848
6759 6669 6758 6760 6849
6760 6670 6759 6761
6761 6671 6760 6762 6851
6762 6672 6761 6763 6852
6763 6673 6762 6764 6853
6764 6674 6763 6765 6854
6765 6675 6764 6766 6855
6766 6676 6765 6767 6856
6767 6677 6766 6768 6857
6768 6678 6767 6769 6858
6769 6679 6768
6770 6680 6771 6860
6771 6681 6770 6772 6861
6772 6682 6771 6773 6862
6773 6683 6772 6774 6863
6774 6684 6773 6775 6864
6775 6685 6774 6776 6865
6776 6686 6775 6777 6866
6777 6776 6778 6867
6778 6688 6777 6779 6868
6779 6689 6778 6780 6869
6780 6690 6779 6781 6870
6781 6691 6780 6871
6782 6692 6783
6783 6693 6782 6784 6873
6784 6694 6783 6785 6874
6785 6695 6784 6786 6875
6786 6696 6785 6787 6876
6787 6697 6786 6788 6877
6788 6787 6789 6878
6789 6788 6790 6879
6790 6789 6791 6880
6791 6701 6790 6792 6881
6792 6702 6791 6793 6882
6793 6703 6792 6883
6794 6704 6795 6884
6795 6705 6794 6796 6885
6796 6706 6795 6797 6886
6797 6707 6796 6798 6887
6798 6708 6797 6799 6888
6799 6709 6798 6800 6889
6800 6710 6799 6801 6890
6801 6711 6800 6802
6802 6712 6801 6803
6803 6713 6802 6804 6893
6804 6714 6803 6805 6894
6805 6715 6804 6806 6895
6806 6805 6807 6896
6807 6717 6806 6808
6808 6718 6807 6809 6898
6809 6719 6808 6810 6899
6810 6720 6809
6811 6721 6812 6901
6812 6722 6811 6813 6902
6813 6723 6812 6814 6903
6814 6724 6813 6815 6904
6815 6725 6814 6816 6905
6816 6726 6815 6817 6906
6817 6727 6816 6818
6818 6728 6817 6819 6908
6819 6729 6818 6820 6909
6820 6730 6819 6821 6910
6821 6731 6820 6822 6911
6822 6732 6821 6823
6823 6733 6822 6824 6913
6824 6734 6823 6825 6914
6825 6824 6826 6915
6826 6736 6825 6827 6916
6827 6737 6826 6828 6917
6828 6738 6827 6829 6918
6829 6739 6828 6830 6919
6830 6740 6829 6831 6920
6831 6741 6830 6832 6921
6832 6742 6831 6833 6922
6833 6743 6832 6834 6923
6834 6744 6833 6835 6924
6835 6745 6834 6925
6836 6746 6926
6837 6747 6838 6927
6838 6748 6837 6839 6928
6839 6749 6838 6929
6840 6750 6841 6930
6841 6751 6840 6842 6931
6842 6752 6841 6843 6932
6843 6753 6842 6844 6933
6844 6754 6843 6934
6845 6755
6846 6756 6847
6847 6757 6846 6848 6937
6848 6758 6847 6938
6849 6759 6850 6939
6850 6849 6940
6851 6761 6852 6941
6852 6762 6851 6853 6942
6853 6763 6852 6854 6943
6854 6764 6853 6855 6944
6855 6765 6854 6856 6945
6856 6766 6855 6857 6946
6857 6767 6856 6858 6947
6858 6768 6857 6948
6859 6860 6949
6860 6770 6859 6861 6950
6861 6771 6860 6862 6951
6862 6772 6861 6863 6952
6863 6773 6862 6864 6953
6864 6774 6863 6865 6954
6865 6775 6864 6866 6955
6866 6776 6865 6867 6956
6867 6777 6866 6868 6957
6868 6778 6867 6869 6958
6869 6779 6868 6870 6959
6870 6780 6869 6871 6960
6871 6781 6870 6872 6961
6872 6871 6873 6962
6873 6783 6872 6963
6874 6784 6875 6964
6875 6785 6874 6965
6876 6786 6877 6966
6877 6787 6876 6878 6967
6878 6788 6877 6879 6968
6879 6789 6878 6969
6880 6790 6881 6970
6881 6791 6880 6971
6882 6792 6883 6972
6883 6793 6882 6884 6973
6884 6794 6883 6885 6974
6885 6795 6884 6886 6975
6886 6796 6885 6976
6887 6797 6888 6977
6888 6798 6887 6889 6978
6889 6799 6888 6890 6979
6890 6800 6889 6891
6891 6890 6981
6892 6893 6982
6893 6803 6892 6894 6983
6894 6804 6893 6895 6984
6895 6805 6894 6896 6985
6896 6806 6895 6897 6986
6897 6896 6898
6898 6808 6897 6899 6988
6899 6809 6898 6900 6989
6900 6899 6901 6990
6901 6811 6900 6902 6991
6902 6812 6901 6903 6992
6903 6813 6902 6904
6904 6814 6903 6905 6994
6905 6815 6904 6906 6995
6906 6816 6905 6907 6996
6907 6906 6908 6997
6908 6818 6907 6909 6998
6909 6819 6908 6910 6999
6910 6820 6909 6911 7000
6911 6821 6910 6912 7001
6912 6911 6913 7002
6913 6823 6912 6914 7003
6914 6824 6913 6915 7004
6915 6825 6914 6916
6916 6826 6915 6917 7006
6917 6827 6916 6918 7007
6918 6828 6917 6919 7008
6919 6829 6918 6920 7009
6920 6830 6919 6921 7010
6921 6831 6920 6922 7011
6922 6832 6921 6923 7012
6923 6833 6922 6924 7013
6924 6834 6923 6925 7014
6925 6835 6924 6926 7015
6926 6836 6925 6927
6927 6837 6926 6928 7017
6928 6838 6927 6929 7018
6929 6839 6928 7019
6930 6840 6931 7020
6931 6841 6930 6932 7021
6932 6842 6931 6933 7022
6933 6843 6932 6934
6934 6844 6933 6935
6935 6934 6936
6936 6935 6937
6937 6847 6936 6938 7027
6938 6848 6937 6939 7028
6939 6849 6938 6940 7029
6940 6850 6939 6941 7030
6941 6851 6940 6942 7031
6942 6852 6941 6943 7032
6943 6853 6942 6944 7033
6944 6854 6943 6945 7034
6945 6855 6944 6946 7035
6946 6856 6945 6947 7036
6947 6857 6946 6948 7037
6948 6858 6947 6949 7038
6949 6859 6948 6950 7039
6950 6860 6949 6951 7040
6951 6861 6950 6952 7041
6952 6862 6951 6953 7042
6953 6863 6952 6954 7043
6954 6864 6953 7044
6955 6865 6956 7045
6956 6866 6955 6957 7046
6957 6867 6956 6958 7047
6958 6868 6957 6959 7048
6959 6869 6958 6960 7049
6960 6870 6959 6961
6961 6871 6960 6962 7051
6962 6872 6961 6963 7052
6963 6873 6962 7053
6964 6874 6965 7054
6965 6875 6964 6966 7055
6966 6876 6965 6967 7056
6967 6877 6966 6968 7057
6968 6878 6967 6969
6969 6879 6968 6970 7059
6970 6880 6969 6971 7060
6971 6881 6970 6972 7061
6972 6882 6971 6973 7062
6973 6883 6972 6974 7063
6974 6884 6973 6975
6975 6885 6974 6976 7065
6976 6886 6975 6977 7066
6977 6887 6976 6978 7067
6978 6888 6977 6979 7068
6979 6889 6978 6980 7069
6980 6979 6981 7070
6981 6891 6980 6982 7071
6982 6892 6981 6983 7072
6983 6893 6982 6984 7073
6984 6894 6983 6985 7074
6985 6895 6984 7075
6986 6896 6987 7076
6987 6986 6988
6988 6898 6987 6989
6989 6899 6988 6990 7079
6990 6900 6989 6991 7080
6991 6901 6990 6992 7081
6992 6902 6991 6993 7082
6993 6992 6994 7083
6994 6904 6993 6995 7084
6995 6905 6994 6996 7085
6996 6906 6995 6997 7086
6997 6907 6996 6998 7087
6998 6908 6997 6999 7088
6999 6909 6998 7000 7089
7000 6910 6999 7001 7090
7001 6911 7000 7002 7091
7002 6912 7001 7003 7092
7003 6913 7002 7004 7093
7004 6914 7003 7005 7094
7005 7004 7006 7095
7006 6916 7005 7007 7096
7007 6917 7006 7008 7097
7008 6918 7007 7009 7098
7009 6919 7008 7010 7099
7010 6920 7009 7011 7100
7011 6921 7010 7012 7101
7012 6922 7011 7013 7102
7013 6923 7012 7014 7103
7014 6924 7013 7015 7104
7015 6925 7014 7016 7105
7016 7015 7017 7106
7017 6927 7016 7107
7018 6928 7019 7108
7019 6929 7018 7109
7020 6930 7021 7110
7021 6931 7020 7022 7111
7022 6932 7021 7023 7112
7023 7022 7024 7113
7024 7023 7025 7114
7025 7024 7026 7115
7026 7025 7027
7027 6937 7026 7028 7117
7028 6938 7027 7029 7118
7029 6939 7028 7030 7119
7030 6940 7029 7031 7120
7031 6941 7030 7032
7032 6942 7031 7033 7122
7033 6943 7032 7034 7123
7034 6944 7033 7035 7124
7035 6945 7034 7036
7036 6946 7035 7037 7126
7037 6947 7036 7038 7127
7038 6948 7037 7128
7039 6949 7040 7129
7040 6950 7039 7041 7130
7041 6951 7040 7042 7131
7042 6952 7041 7043 7132
7043 6953 7042 7044 7133
7044 6954 7043 7045 7134
7045 6955 7044 7046 7135
7046 6956 7045 7047 7136
7047 6957 7046 7048 7137
7048 6958 7047 7049 7138
7049 6959 7048 7050 7139
7050 7049 7051 7140
7051 6961 7050 7052 7141
7052 6962 7051 7053 7142
7053 6963 7052 7054 7143
7054 6964 7053 7055
7055 6965 7054
7056 6966 7057 7146
7057 6967 7056 7058
7058 7057
7059 6969 7060 7149
7060 6970 7059 7061 7150
7061 6971 7060 7062
7062 6972 7061 7063 7152
7063 6973 7062 7064 7153
7064 7063 7065 7154
7065 6975 7064 7066
7066 6976 7065 7067 7156
7067 6977 7066 7068 7157
7068 6978 7067 7069 7158
7069 6979 7068 7070 7159
7070 6980 7069 7071
7071 6981 7070 7072 7161
7072 6982 7071 7073 7162
7073 6983 7072 7074 7163
7074 6984 7073 7075 7164
7075 6985 7074 7076 7165
7076 6986 7075 7077 7166
7077 7076 7078 7167
7078 7077 7079 7168
7079 6989 7078 7080 7169
7080 6990 7079 7081 7170
7081 6991 7080 7082 7171
7082 6992 7081 7083 7172
7083 6993 7082 7084 7173
7084 6994 7083 7085 7174
7085 6995 7084 7086
7086 6996 7085 7087 7176
7087 6997 7086 7088 7177
7088 6998 7087 7089 7178
7089 6999 7088 7090 7179
7090 7000 7089 7091 7180
7091 7001 7090 7092 7181
7092 7002 7091 7093 7182
7093 7003 7092 7183
7094 7004 7095 7184
7095 7005 7094 7096 7185
7096 7006 7095 7097 7186
7097 7007 7096 7098 7187
7098 7008 7097 7099
7099 7009 7098 7100 7189
7100 7010 7099 7101 7190
7101 7011 7100 7102 7191
7102 7012 7101 7103 7192
7103 7013 7102 7104 7193
7104 7014 7103 7105 7194
7105 7015 7104 7106 7195
7106 7016 7105 7107 7196
7107 7017 7106 7108 7197
7108 7018 7107 7109 7198
7109 7019 7108 7199
7110 7020 7111 7200
7111 7021 7110 7112 7201
7112 7022 7111 7113 7202
7113 7023 7112 7114 7203
7114 7024 7113 7115 7204
7115 7025 7114 7116 7205
7116 7115 7117 7206
7117 7027 7116 7118
7118 7028 7117 7119 7208
7119 7029 7118 7120 7209
7120 7030 7119 7121 7210
7121 7120 7122 7211
7122 7032 7121 7123 7212
7123 7033 7122 7124 7213
7124 7034 7123 7125 7214
7125 7124 7126 7215
7126 7036 7125 7127 7216
7127 7037 7126 7128 7217
7128 7038 7127 7129 7218
7129 7039 7128 7130
7130 7040 7129 7131 7220
7131 7041 7130 7132 7221
7132 7042 7131 7222
7133 7043 7134
7134 7044 7133 7135 7224
7135 7045 7134 7136 7225
7136 7046 7135 7137
7137 7047 7136 7138 7227
7138 7048 7137 7228
7139 7049 7140 7229
7140 7050 7139 7141 7230
7141 7051 7140 7142 7231
7142 7052 7141 7143 7232
7143 7053 7142 7144 7233
7144 7143 7234
7145 7235
7146 7056 7147 7236
7147 7146 7237
7148 7149 7238
7149 7059 7148 7150 7239
7150 7060 7149 7151 7240
7151 7150 7152 7241
7152 7062 7151 7153 7242
7153 7063 7152 7243
7154 7064 7155 7244
7155 7154 7156 7245
7156 7066 7155 7157 7246
7157 7067 7156 7158 7247
7158 7068 7157 7159 7248
7159 7069 7158 7160 7249
7160 7159 7161 7250
7161 7071 7160 7162 7251
7162 7072 7161 7163 7252
7163 7073 7162 7164 7253
7164 7074 7163 7165 7254
7165 7075 7164 7255
7166 7076 7167 7256
7167 7077 7166 7168 7257
7168 7078 7167 7169 7258
7169 7079 7168 7170 7259
7170 7080 7169 7171 7260
7171 7081 7170 7172 7261
7172 7082 7171 7173 7262
7173 7083 7172 7174 7263
7174 7084 7173 7175 7264
7175 7174 7176
7176 7086 7175 7177 7266
7177 7087 7176 7267
7178 7088 7179 7268
7179 7089 7178 7180 7269
7180 7090 7179 7181 7270
7181 7091 7180 7271
7182 7092 7183
7183 7093 7182 7184 7273
7184 7094 7183 7185 7274
7185 7095 7184 7186 7275
7186 7096 7185 7187
7187 7097 7186 7188 7277
7188 7187 7189 7278
7189 7099 7188 7190 7279
7190 7100 7189 7191 7280
7191 7101 7190 7192
7192 7102 7191 7193 7282
7193 7103 7192 7283
7194 7104 7195 7284
7195 7105 7194 7196 7285
7196 7106 7195 7197 7286
7197 7107 7196 7198 7287
7198 7108 7197 7199 7288
7199 7109 7198 7289
7200 7110 7201 7290
7201 7111 7200 7202 7291
7202 7112 7201 7203 7292
7203 7113 7202 7204 7293
7204 7114 7203 7205 7294
7205 7115 7204 7206 7295
7206 7116 7205 7207 7296
7207 7206 7208 7297
7208 7118 7207 7209 7298
7209 7119 7208 7210 7299
7210 7120 7209 7211 7300
7211 7121 7210 7212 7301
7212 7122 7211 7213 7302
7213 7123 7212 7214 7303
7214 7124 7213 7215 7304
7215 7125 7214 7216 7305
7216 7126 7215 7217 7306
7217 7127 7216 7218
7218 7128 7217 7219 7308
7219 7218 7220 7309
7220 7130 7219 7310
7221 7131 7222
7222 7132 7221 7223 7312
7223 7222 7224
7224 7134 7223 7225 7314
7225 7135 7224 7315
7226 7227 7316
7227 7137 7226 7228 7317
7228 7138 7227 7229 7318
7229 7139 7228 7319
7230 7140 7231 7320
7231 7141 7230 7232 7321
7232 7142 7231 7233 7322
7233 7143 7232 7234 7323
7234 7144 7233 7235 7324
7235 7145 7234 7325
7236 7146 7326
7237 7147 7238 7327
7238 7148 7237 7239 7328
7239 7149 7238 7240 7329
7240 7150 7239 7241 7330
7241 7151 7240 7242 7331
7242 7152 7241 7243 7332
7243 7153 7242 7244 7333
7244 7154 7243 7245 7334
7245 7155 7244 7246 7335
7246 7156 7245 7247 7336
7247 7157 7246 7248 7337
7248 7158 7247 7249 7338
7249 7159 7248 7339
7250 7160 7251 7340
7251 7161 7250 7252 7341
7252 7162 7251 7253 7342
7253 7163 7252 7254 7343
7254 7164 7253 7255 7344
7255 7165 7254 7256 7345
7256 7166 7255 7257 7346
7257 7167 7256 7258 7347
7258 7168 7257 7259 7348
7259 7169 7258 7349
7260 7170 7350
7261 7171 7262 7351
7262 7172 7261 7263 7352
7263 7173 7262 7264 7353
7264 7174 7263 7265
7265 7264 7266 7355
7266 7176 7265 7267 7356
7267 7177 7266 7268 7357
7268 7178 7267 7269 7358
7269 7179 7268 7270 7359
7270 7180 7269 7360
7271 7181 7272 7361
7272 7271 7273 7362
7273 7183 7272 7363
7274 7184 7275 7364
7275 7185 7274 7276 7365
7276 7275 7277
7277 7187 7276 7278 7367
7278 7188 7277 7279 7368
7279 7189 7278 7280 7369
7280 7190 7279 7370
7281 7282 7371
7282 7192 7281 7283 7372
7283 7193 7282 7284
7284 7194 7283 7285 7374
7285 7195 7284 7286 7375
7286 7196 7285 7287 7376
7287 7197 7286 7377
7288 7198 7289 7378
7289 7199 7288
7290 7200 7291 7380
7291 7201 7290
7292 7202 7293 7382
7293 7203 7292 7294 7383
7294 7204 7293 7384
7295 7205 7296 7385
7296 7206 7295 7297
7297 7207 7296 7298 7387
7298 7208 7297 7299 7388
7299 7209 7298 7300 7389
7300 7210 7299 7390
7301 7211 7302 7391
7302 7212 7301 7303 7392
7303 7213 7302 7304 7393
7304 7214 7303 7394
7305 7215 7306 7395
7306 7216 7305 7307 7396
7307 7306 7308 7397
7308 7218 7307 7309
7309 7219 7308
7310 7220 7311 7400
7311 7310 7312 7401
7312 7222 7311 7313 7402
7313 7312 7314 7403
7314 7224 7313 7315 7404
7315 7225 7314 7316
7316 7226 7315 7317 7406
7317 7227 7316 7318 7407
7318 7228 7317 7319 7408
7319 7229 7318 7320 7409
7320 7230 7319 7321 7410
7321 7231 7320 7322 7411
7322 7232 7321 7323 7412
7323 7233 7322 7324 7413
7324 7234 7323 7325 7414
7325 7235 7324 7326 7415
7326 7236 7325 7327 7416
7327 7237 7326 7328 7417
7328 7238 7327 7418
7329 7239 7330 7419
7330 7240 7329 7331 7420
7331 7241 7330 7332 7421
7332 7242 7331 7333 7422
7333 7243 7332 7334 7423
7334 7244 7333 7335 7424
7335 7245 7334 7336 7425
7336 7246 7335 7337 7426
7337 7247 7336 7338 7427
7338 7248 7337 7428
7339 7249 7340
7340 7250 7339 7341 7430
7341 7251 7340 7342 7431
7342 7252 7341 7343 7432
7343 7253 7342 7433
7344 7254 7345 7434
7345 7255 7344 7346 7435
7346 7256 7345 7347 7436
7347 7257 7346 7348 7437
7348 7258 7347 7438
7349 7259 7350 7439
7350 7260 7349 7351 7440
7351 7261 7350 7352 7441
7352 7262 7351 7353 7442
7353 7263 7352 7354 7443
7354 7353 7355 7444
7355 7265 7354 7356 7445
7356 7266 7355 7357 7446
7357 7267 7356 7358 7447
7358 7268 7357 7359 7448
7359 7269 7358 7360 7449
7360 7270 7359 7361 7450
7361 7271 7360 7362 7451
7362 7272 7361 7363 7452
7363 7273 7362 7364 7453
7364 7274 7363 7365 7454
7365 7275 7364 7366 7455
7366 7365 7367 7456
7367 7277 7366 7368
7368 7278 7367 7369 7458
7369 7279 7368 7370 7459
7370 7280 7369 7371 7460
7371 7281 7370 7461
7372 7282 7373 7462
7373 7372 7374
7374 7284 7373 7375 7464
7375 7285 7374 7465
7376 7286 7377 7466
7377 7287 7376 7378 7467
7378 7288 7377 7379 7468
7379 7378 7469
7380 7290 7381 7470
7381 7380 7382 7471
7382 7292 7381 7383 7472
7383 7293 7382 7384 7473
7384 7294 7383 7474
7385 7295 7386 7475
7386 7385 7387 7476
7387 7297 7386 7388 7477
7388 7298 7387 7389 7478
7389 7299 7388 7390 7479
7390 7300 7389 7391 7480
7391 7301 7390 7392 7481
7392 7302 7391 7393 7482
7393 7303 7392 7394 7483
7394 7304 7393 7395 7484
7395 7305 7394 7396 7485
7396 7306 7395 7397 7486
7397 7307 7396 7398 7487
7398 7397 7399
7399 7398 7400 7489
7400 7310 7399 7401 7490
7401 7311 7400 7402 7491
7402 7312 7401 7403 7492
7403 7313 7402 7404 7493
7404 7314 7403 7405 7494
7405 7404 7406
7406 7316 7405 7407 7496
7407 7317 7406 7408 7497
7408 7318 7407 7409 7498
7409 7319 7408 7410 7499
7410 7320 7409 7411 7500
7411 7321 7410 7412 7501
7412 7322 7411 7413 7502
7413 7323 7412 7414 7503
7414 7324 7413 7415 7504
7415 7325 7414 7416 7505
7416 7326 7415 7417 7506
7417 7327 7416 7418 7507
7418 7328 7417 7419 7508
7419 7329 7418 7420 7509
7420 7330 7419 7421 7510
7421 7331 7420 7422 7511
7422 7332 7421 7423 7512
7423 7333 7422 7424 7513
7424 7334 7423 7425 7514
7425 7335 7424 7515
7426 7336 7427 7516
7427 7337 7426 7428 7517
7428 7338 7427 7429 7518
7429 7428 7430 7519
7430 7340 7429 7431 7520
7431 7341 7430 7521
7432 7342 7522
7433 7343 7434 7523
7434 7344 7433 7435 7524
7435 7345 7434 7436 7525
7436 7346 7435 7437 7526
7437 7347 7436 7438 7527
7438 7348 7437 7439 7528
7439 7349 7438 7440 7529
7440 7350 7439 7441 7530
7441 7351 7440 7442 7531
7442 7352 7441 7443 7532
7443 7353 7442 7444 7533
7444 7354 7443 7445 7534
7445 7355 7444 7535
7446 7356 7447 7536
7447 7357 7446 7448 7537
7448 7358 7447 7449 7538
7449 7359 7448 7539
7450 7360 7451 7540
7451 7361 7450 7452 7541
7452 7362 7451 7453 7542
7453 7363 7452 7454 7543
7454 7364 7453 7455 7544
7455 7365 7454 7456 7545
7456 7366 7455 7546
7457 7458 7547
7458 7368 7457 7459 7548
7459 7369 7458 7460 7549
7460 7370 7459 7461 7550
7461 7371 7460 7462 7551
7462 7372 7461 7463
7463 7462 7464 7553
7464 7374 7463 7554
7465 7375 7466 7555
7466 7376 7465 7467 7556
7467 7377 7466 7468 7557
7468 7378 7467 7469 7558
7469 7379 7468 7559
7470 7380
7471 7381 7472 7561
7472 7382 7471 7473 7562
7473 7383 7472 7474 7563
7474 7384 7473 7564
7475 7385 7476 7565
7476 7386 7475 7477 7566
7477 7387 7476 7478 7567
7478 7388 7477 7479 7568
7479 7389 7478 7480 7569
7480 7390 7479 7481 7570
7481 7391 7480 7482 7571
7482 7392 7481 7483 7572
7483 7393 7482 7573
7484 7394 7485 7574
7485 7395 7484 7486 7575
7486 7396 7485 7487 7576
7487 7397 7486 7488 7577
7488 7487 7489 7578
7489 7399 7488 7579
7490 7400 7580
7491 7401 7492 7581
7492 7402 7491 7493 7582
7493 7403 7492 7494
7494 7404 7493 7584
7495 7496 7585
7496 7406 7495 7497 7586
7497 7407 7496 7498 7587
7498 7408 7497 7499 7588
7499 7409 7498 7500 7589
7500 7410 7499 7501
7501 7411 7500 7502 7591
7502 7412 7501 7503 7592
7503 7413 7502 7504 7593
7504 7414 7503 7505 7594
7505 7415 7504 7506 7595
7506 7416 7505 7507 7596
7507 7417 7506 7508 7597
7508 7418 7507 7509 7598
7509 7419 7508 7510 7599
7510 7420 7509 7511 7600
7511 7421 7510
7512 7422 7513 7602
7513 7423 7512 7514 7603
7514 7424 7513 7515 7604
7515 7425 7514 7516 7605
7516 7426 7515 7517 7606
7517 7427 7516 7518 7607
7518 7428 7517 7519 7608
7519 7429 7518 7520 7609
7520 7430 7519 7521 7610
7521 7431 7520 7522 7611
7522 7432 7521 7612
7523 7433 7524 7613
7524 7434 7523 7614
7525 7435 7526 7615
7526 7436 7525 7527 7616
7527 7437 7526 7528 7617
7528 7438 7527 7529 7618
7529 7439 7528 7530 7619
7530 7440 7529 7531 7620
7531 7441 7530 7532 7621
7532 7442 7531 7533 7622
7533 7443 7532 7623
7534 7444 7535 7624
7535 7445 7534 7536 7625
7536 7446 7535 7537 7626
7537 7447 7536 7538 7627
7538 7448 7537 7539 7628
7539 7449 7538 7629
7540 7450 7541 7630
7541 7451 7540 7542 7631
7542 7452 7541 7543
7543 7453 7542 7544 7633
7544 7454 7543 7545 7634
7545 7455 7544 7546 7635
7546 7456 7545 7547 7636
7547 7457 7546 7548 7637
7548 7458 7547 7549 7638
7549 7459 7548 7550 7639
7550 7460 7549 7551 7640
7551 7461 7550 7552 7641
7552 7551 7553 7642
7553 7463 7552 7554 7643
7554 7464 7553 7555 7644
7555 7465 7554 7645
7556 7466 7557 7646
7557 7467 7556 7558
7558 7468 7557 7559 7648
7559 7469 7558
7560 7561
7561 7471 7560 7562 7651
7562 7472 7561 7563 7652
7563 7473 7562 7564 7653
7564 7474 7563 7565
7565 7475 7564 7566 7655
7566 7476 7565 7567 7656
7567 7477 7566 7568 7657
7568 7478 7567 7569 7658
7569 7479 7568 7570 7659
7570 7480 7569 7660
7571 7481 7572 7661
7572 7482 7571 7573
7573 7483 7572 7574 7663
7574 7484 7573 7575
7575 7485 7574 7665
7576 7486 7577 7666
7577 7487 7576 7578 7667
7578 7488 7577 7579
7579 7489 7578 7580 7669
7580 7490 7579 7581 7670
7581 7491 7580 7582 7671
7582 7492 7581 7583 7672
7583 7582 7584 7673
7584 7494 7583 7585 7674
7585 7495 7584 7586 7675
7586 7496 7585 7587 7676
7587 7497 7586 7677
7588 7498 7589 7678
7589 7499 7588 7590 7679
7590 7589 7591 7680
7591 7501 7590 7592 7681
7592 7502 7591 7593 7682
7593 7503 7592 7594 7683
7594 7504 7593 7595 7684
7595 7505 7594 7685
7596 7506 7597 7686
7597 7507 7596 7598 7687
7598 7508 7597 7688
7599 7509 7689
7600 7510 7601 7690
7601 7600 7602
7602 7512 7601 7603 7692
7603 7513 7602 7604 7693
7604 7514 7603 7605 7694
7605 7515 7604 7695
7606 7516 7607 7696
7607 7517 7606 7608 7697
7608 7518 7607 7609 7698
7609 7519 7608 7610 7699
7610 7520 7609 7611 7700
7611 7521 7610 7612 7701
7612 7522 7611 7613 7702
7613 7523 7612 7703
7614 7524 7615 7704
7615 7525 7614 7616 7705
7616 7526 7615 7617 7706
7617 7527 7616 7618 7707
7618 7528 7617 7619 7708
7619 7529 7618 7620
7620 7530 7619 7621 7710
7621 7531 7620 7622 7711
7622 7532 7621 7623 7712
7623 7533 7622 7624 7713
7624 7534 7623 7625 7714
7625 7535 7624 7626 7715
7626 7536 7625 7627 7716
7627 7537 7626 7628 7717
7628 7538 7627
7629 7539 7630 7719
7630 7540 7629 7631 7720
7631 7541 7630 7632 7721
7632 7631 7633 7722
7633 7543 7632 7634 7723
7634 7544 7633 7635 7724
7635 7545 7634 7636 7725
7636 7546 7635 7726
7637 7547 7638 7727
7638 7548 7637 7639 7728
7639 7549 7638 7640 7729
7640 7550 7639 7641 7730
7641 7551 7640 7642 7731
7642 7552 7641 7643 7732
7643 7553 7642 7644 7733
7644 7554 7643 7645 7734
7645 7555 7644 7646 7735
7646 7556 7645 7647 7736
7647 7646 7648 7737
7648 7558 7647 7649 7738
7649 7648 7739
7650 7651
7651 7561 7650 7652 7741
7652 7562 7651 7653 7742
7653 7563 7652 7654 7743
7654 7653 7655
7655 7565 7654 7656 7745
7656 7566 7655 7657 7746
7657 7567 7656 7658
7658 7568 7657 7659 7748
7659 7569 7658 7660 7749
7660 7570 7659 7661 7750
7661 7571 7660 7662 7751
7662 7661 7663 7752
7663 7573 7662 7664 7753
7664 7663 7665 7754
7665 7575 7664 7666 7755
7666 7576 7665 7667
7667 7577 7666 7668 7757
7668 7667 7669 7758
7669 7579 7668 7670
7670 7580 7669 7671 7760
7671 7581 7670 7672 7761
7672 7582 7671 7673 7762
7673 7583 7672 7674 7763
7674 7584 7673 7675 7764
7675 7585 7674 7765
7676 7586 7677 7766
7677 7587 7676 7767
7678 7588 7679 7768
7679 7589 7678 7680 7769
7680 7590 7679 7681 7770
7681 7591 7680 7682 7771
7682 7592 7681 7772
7683 7593 7684 7773
7684 7594 7683 7685 7774
7685 7595 7684 7686
7686 7596 7685 7687
7687 7597 7686 7688 7777
7688 7598 7687 7689
7689 7599 7688 7690 7779
7690 7600 7689 7780
7691 7692 7781
7692 7602 7691 7693 7782
7693 7603 7692 7694 7783
7694 7604 7693 7695 7784
7695 7605 7694 7696 7785
7696 7606 7695 7697 7786
7697 7607 7696 7698 7787
7698 7608 7697 7699 7788
7699 7609 7698 7700 7789
7700 7610 7699 7701 7790
7701 7611 7700 7702 7791
7702 7612 7701 7703 7792
7703 7613 7702 7704 7793
7704 7614 7703 7705 7794
7705 7615 7704 7706 7795
7706 7616 7705 7707 7796
7707 7617 7706 7708 7797
7708 7618 7707 7709 7798
7709 7708 7710 7799
7710 7620 7709 7711 7800
7711 7621 7710 7801
7712 7622 7713 7802
7713 7623 7712 7714 7803
7714 7624 7713 7715 7804
7715 7625 7714 7716 7805
7716 7626 7715 7717 7806
7717 7627 7716 7718
7718 7717 7719 7808
7719 7629 7718 7720
7720 7630 7719 7721 7810
7721 7631 7720 7722
7722 7632 7721 7723 7812
7723 7633 7722 7724 7813
7724 7634 7723 7725 7814
7725 7635 7724 7726 7815
7726 7636 7725 7727 7816
7727 7637 7726
7728 7638 7729
7729 7639 7728 7730 7819
7730 7640 7729 7731 7820
7731 7641 7730 7732 7821
7732 7642 7731 7733 7822
7733 7643 7732 7734 7823
7734 7644 7733 7735 7824
7735 7645 7734 7736 7825
7736 7646 7735 7737 7826
7737 7647 7736 7738
7738 7648 7737 7739
7739 7649 7738 7829
7740 7741 7830
7741 7651 7740 7742 7831
7742 7652 7741 7743 7832
7743 7653 7742 7744 7833
7744 7743 7745 7834
7745 7655 7744 7835
7746 7656 7747 7836
7747 7746 7748 7837
7748 7658 7747 7749 7838
7749 7659 7748 7750 7839
7750 7660 7749 7751 7840
7751 7661 7750 7752 7841
7752 7662 7751 7753
7753 7663 7752 7754 7843
7754 7664 7753 7755 7844
7755 7665 7754 7756 7845
7756 7755 7757
7757 7667 7756 7758 7847
7758 7668 7757 7759 7848
7759 7758 7760 7849
7760 7670 7759 7761 7850
7761 7671 7760 7762 7851
7762 7672 7761 7763 7852
7763 7673 7762 7764 7853
7764 7674 7763 7765 7854
7765 7675 7764 7766 7855
7766 7676 7765 7767 7856
7767 7677 7766 7768 7857
7768 7678 7767 7769 7858
7769 7679 7768 7770
7770 7680 7769 7771 7860
7771 7681 7770 7772 7861
7772 7682 7771 7773 7862
7773 7683 7772 7774 7863
7774 7684 7773 7775 7864
7775 7774 7776 7865
7776 7775 7777 7866
7777 7687 7776 7778 7867
7778 7777
7779 7689 7780 7869
7780 7690 7779 7781 7870
7781 7691 7780 7782 7871
7782 7692 7781 7783 7872
7783 7693 7782 7784 7873
7784 7694 7783 7874
7785 7695 7786 7875
7786 7696 7785 7787 7876
7787 7697 7786 7877
7788 7698 7789 7878
7789 7699 7788 7790 7879
7790 7700 7789 7791 7880
7791 7701 7790 7792 7881
7792 7702 7791 7793 7882
7793 7703 7792 7794 7883
7794 7704 7793 7795
7795 7705 7794 7796 7885
7796 7706 7795 7797 7886
7797 7707 7796 7798
7798 7708 7797 7799 7888
7799 7709 7798 7800 7889
7800 7710 7799 7801 7890
7801 7711 7800 7802
7802 7712 7801 7892
7803 7713 7804 7893
7804 7714 7803 7805 7894
7805 7715 7804 7806 7895
7806 7716 7805 7807 7896
7807 7806 7808 7897
7808 7718 7807 7809 7898
7809 7808 7810 7899
7810 7720 7809 7811 7900
7811 7810 7812 7901
7812 7722 7811 7813 7902
7813 7723 7812 7814 7903
7814 7724 7813 7815 7904
7815 7725 7814 7816 7905
7816 7726 7815 7817
7817 7816 7818 7907
7818 7817 7819 7908
7819 7729 7818 7820 7909
7820 7730 7819 7821 7910
7821 7731 7820 7822 7911
7822 7732 7821 7823 7912
7823 7733 7822 7824 7913
7824 7734 7823 7825 7914
7825 7735 7824 7826 7915
7826 7736 7825 7827 7916
7827 7826 7828 7917
7828 7827 7829 7918
7829 7739 7828
7830 7740 7831 7920
7831 7741 7830 7832 7921
7832 7742 7831 7922
7833 7743 7834
7834 7744 7833 7835 7924
7835 7745 7834 7836 7925
7836 7746 7835 7837 7926
7837 7747 7836 7838 7927
7838 7748 7837 7928
7839 7749 7840 7929
7840 7750 7839
7841 7751 7842 7931
7842 7841 7843 7932
7843 7753 7842 7844 7933
7844 7754 7843 7845 7934
7845 7755 7844 7846 7935
7846 7845 7847 7936
7847 7757 7846 7848 7937
7848 7758 7847 7849 7938
7849 7759 7848 7850 7939
7850 7760 7849 7851 7940
7851 7761 7850 7852 7941
7852 7762 7851 7853 7942
7853 7763 7852 7854 7943
7854 7764 7853 7944
7855 7765 7856 7945
7856 7766 7855 7946
7857 7767 7858 7947
7858 7768 7857 7859 7948
7859 7858 7949
7860 7770 7861 7950
7861 7771 7860 7862 7951
7862 7772 7861 7863 7952
7863 7773 7862 7864
7864 7774 7863 7865 7954
7865 7775 7864 7866
7866 7776 7865
7867 7777 7868 7957
7868 7867 7869 7958
7869 7779 7868 7870 7959
7870 7780 7869 7871 7960
7871 7781 7870 7872 7961
7872 7782 7871 7962
7873 7783 7963
7874 7784 7875 7964
7875 7785 7874 7876 7965
7876 7786 7875 7877 7966
7877 7787 7876 7878 7967
7878 7788 7877 7879
7879 7789 7878 7880
7880 7790 7879 7881 7970
7881 7791 7880 7882
7882 7792 7881 7883 7972
7883 7793 7882 7884 7973
7884 7883 7885 7974
7885 7795 7884 7886 7975
7886 7796 7885 7887 7976
7887 7886 7888 7977
7888 7798 7887 7889
7889 7799 7888 7890 7979
7890 7800 7889 7980
7891 7892 7981
7892 7802 7891 7893 7982
7893 7803 7892 7894 7983
7894 7804 7893 7895 7984
7895 7805 7894 7896
7896 7806 7895 7897 7986
7897 7807 7896 7987
7898 7808 7899 7988
7899 7809 7898 7900 7989
7900 7810 7899 7990
7901 7811 7902 7991
7902 7812 7901 7903 7992
7903 7813 7902 7904 7993
7904 7814 7903 7905 7994
7905 7815 7904 7995
7906 7907 7996
7907 7817 7906 7908 7997
7908 7818 7907 7909 7998
7909 7819 7908 7910 7999
7910 7820 7909 7911 8000
7911 7821 7910 7912 8001
7912 7822 7911 7913 8002
7913 7823 7912 7914 8003
7914 7824 7913 7915
7915 7825 7914 7916 8005
7916 7826 7915 7917 8006
7917 7827 7916 7918 8007
7918 7828 7917 7919 8008
7919 7918 8009
7920 7830
7921 7831 7922 8011
7922 7832 7921 7923 8012
7923 7922 7924 8013
7924 7834 7923 7925 8014
7925 7835 7924 7926 8015
7926 7836 7925 7927 8016
7927 7837 7926 7928 8017
7928 7838 7927 7929 8018
7929 7839 7928 7930 8019
7930 7929 7931 8020
7931 7841 7930 7932 8021
7932 7842 7931 7933 8022
7933 7843 7932 7934
7934 7844 7933 7935 8024
7935 7845 7934 7936 8025
7936 7846 7935 7937 8026
7937 7847 7936 7938 8027
7938 7848 7937 8028
7939 7849 7940 8029
7940 7850 7939 7941 8030
7941 7851 7940 7942 8031
7942 7852 7941 7943 8032
7943 7853 7942 7944 8033
7944 7854 7943 7945 8034
7945 7855 7944 7946 8035
7946 7856 7945 7947 8036
7947 7857 7946 7948 8037
7948 7858 7947 7949
7949 7859 7948 7950 8039
7950 7860 7949 7951 8040
7951 7861 7950 7952 8041
7952 7862 7951 7953 8042
7953 7952 7954 8043
7954 7864 7953 7955 8044
7955 7954 7956 8045
7956 7955 7957 8046
7957 7867 7956 7958 8047
7958 7868 7957 7959 8048
7959 7869 7958 7960 8049
7960 7870 7959 7961 8050
7961 7871 7960 7962 8051
7962 7872 7961 7963 8052
7963 7873 7962 7964 8053
7964 7874 7963 7965 8054
7965 7875 7964 7966 8055
7966 7876 7965 7967 8056
7967 7877 7966 7968 8057
7968 7967 7969 8058
7969 7968 7970 8059
7970 7880 7969 7971 8060
7971 7970 7972 8061
7972 7882 7971 8062
7973 7883 7974 8063
7974 7884 7973 7975 8064
7975 7885 7974 7976 8065
7976 7886 7975 7977 8066
7977 7887 7976 7978
7978 7977 7979 8068
7979 7889 7978 7980 8069
7980 7890 7979 8070
7981 7891 7982 8071
7982 7892 7981 7983 8072
7983 7893 7982 7984 8073
7984 7894 7983 7985 8074
7985 7984 7986 8075
7986 7896 7985 7987 8076
7987 7897 7986 7988 8077
7988 7898 7987 7989 8078
7989 7899 7988 7990 8079
7990 7900 7989 7991
7991 7901 7990 7992 8081
7992 7902 7991 7993 8082
7993 7903 7992 7994 8083
7994 7904 7993 7995 8084
7995 7905 7994 7996 8085
7996 7906 7995 7997 8086
7997 7907 7996 7998 8087
7998 7908 7997 7999 8088
7999 7909 7998 8000 8089
8000 7910 7999 8001 8090
8001 7911 8000 8002
8002 7912 8001 8003 8092
8003 7913 8002 8004 8093
8004 8003 8005 8094
8005 7915 8004 8095
8006 7916 8096
8007 7917 8097
8008 7918 8009 8098
8009 7919 8008 8099
8010 8011
8011 7921 8010 8012
8012 7922 8011 8013
8013 7923 8012 8014
8014 7924 8013 8015
8015 7925 8014 8016
8016 7926 8015 8017
8017 7927 8016 8018
8018 7928 8017 8019
8019 7929 8018 8020
8020 7930 8019 8021
8021 7931 8020 8022
8022 7932 8021 8023
8023 8022 8024
8024 7934 8023 8025
8025 7935 8024 8026
8026 7936 8025 8027
8027 7937 8026 8028
8028 7938 8027 8029
8029 7939 8028 8030
8030 7940 8029 8031
8031 7941 8030
8032 7942 8033
8033 7943 8032 8034
8034 7944 8033 8035
8035 7945 8034 8036
8036 7946 8035 8037
8037 7947 8036 8038
8038 8037
8039 7949
8040 7950 8041
8041 7951 8040 8042
8042 7952 8041 8043
8043 7953 8042 8044
8044 7954 8043 8045
8045 7955 8044 8046
8046 7956 8045 8047
8047 7957 8046 8048
8048 7958 8047 8049
8049 7959 8048 8050
8050 7960 8049 8051
8051 7961 8050 8052
8052 7962 8051 8053
8053 7963 8052
8054 7964 8055
8055 7965 8054 8056
8056 7966 8055 8057
8057 7967 8056 8058
8058 7968 8057 8059
8059 7969 8058 8060
8060 7970 8059 8061
8061 7971 8060 8062
8062 7972 8061 8063
8063 7973 8062 8064
8064 7974 8063 8065
8065 7975 8064 8066
8066 7976 8065 8067
8067 8066 8068
8068 7978 8067 8069
8069 7979 8068 8070
8070 7980 8069 8071
8071 7981 8070 8072
8072 7982 8071 8073
8073 7983 8072 8074
8074 7984 8073 8075
8075 7985 8074 8076
8076 7986 8075
8077 7987 8078
8078 7988 8077
8079 7989 8080
8080 8079 8081
8081 7991 8080 8082
8082 7992 8081 8083
8083 7993 8082 8084
8084 7994 8083 8085
8085 7995 8084
8086 7996 8087
8087 7997 8086
8088 7998 8089
8089 7999 8088 8090
8090 8000 8089 8091
8091 8090 8092
8092 8002 8091 8093
8093 8003 8092 8094
8094 8004 8093
8095 8005 8096
8096 8006 8095
8097 8007 8098
8098 8008 8097
8099 8009
