60
0 (0, 0)
1 (0, 1)
2 (0, 2)
3 (0, 3)
4 (0, 4)
5 (0, 5)
6 (0, 6)
7 (0, 7)
8 (0, 8)
9 (0, 9)
10 (0, 10)
11 (0, 11)
12 (0, 12)
13 (0, 13)
14 (0, 14)
15 (0, 15)
16 (0, 16)
17 (0, 17)
18 (0, 18)
19 (0, 19)
20 (0, 20)
21 (0, 21)
22 (0, 22)
23 (0, 23)
24 (0, 24)
25 (0, 25)
26 (0, 26)
27 (0, 27)
28 (0, 28)
29 (0, 29)
30 (0, 30)
31 (0, 31)
32 (0, 32)
33 (0, 33)
34 (0, 34)
35 (0, 35)
36 (0, 36)
37 (0, 37)
38 (0, 38)
39 (0, 39)
40 (0, 40)
41 (0, 41)
42 (0, 42)
43 (0, 43)
44 (0, 44)
45 (0, 45)
46 (0, 46)
47 (0, 47)
48 (0, 48)
49 (0, 49)
50 (0, 50)
51 (0, 51)
52 (0, 52)
53 (0, 53)
54 (0, 54)
55 (0, 55)
56 (0, 56)
57 (0, 57)
58 (0, 58)
59 (0, 59)
60 (1, 0)
61 (1, 1)
62 (1, 2)
63 (1, 3)
64 (1, 4)
65 (1, 5)
66 (1, 6)
67 (1, 7)
68 (1, 8)
69 (1, 9)
70 (1, 10)
71 (1, 11)
72 (1, 12)
73 (1, 13)
74 (1, 14)
75 (1, 15)
76 (1, 16)
77 (1, 17)
78 (1, 18)
79 (1, 19)
80 (1, 20)
81 (1, 21)
82 (1, 22)
83 (1, 23)
84 (1, 24)
85 (1, 25)
86 (1, 26)
87 (1, 27)
88 (1, 28)
89 (1, 29)
90 (1, 30)
91 (1, 31)
92 (1, 32)
93 (1, 33)
94 (1, 34)
95 (1, 35)
96 (1, 36)
97 (1, 37)
98 (1, 38)
99 (1, 39)
100 (1, 40)
101 (1, 41)
102 (1, 42)
103 (1, 43)
104 (1, 44)
105 (1, 45)
106 (1, 46)
107 (1, 47)
108 (1, 48)
109 (1, 49)
110 (1, 50)
111 (1, 51)
112 (1, 52)
113 (1, 53)
114 (1, 54)
115 (1, 55)
116 (1, 56)
117 (1, 57)
118 (1, 58)
119 (1, 59)
120 (2, 0)
121 (2, 1)
122 (2, 2)
123 (2, 3)
124 (2, 4)
125 (2, 5)
126 (2, 6)
127 (2, 7)
128 (2, 8)
129 (2, 9)
130 (2, 10)
131 (2, 11)
132 (2, 12)
133 (2, 13)
134 (2, 14)
135 (2, 15)
136 (2, 16)
137 (2, 17)
138 (2, 18)
139 (2, 19)
140 (2, 20)
141 (2, 21)
142 (2, 22)
143 (2, 23)
144 (2, 24)
145 (2, 25)
146 (2, 26)
147 (2, 27)
148 (2, 28)
149 (2, 29)
150 (2, 30)
151 (2, 31)
152 (2, 32)
153 (2, 33)
154 (2, 34)
155 (2, 35)
156 (2, 36)
157 (2, 37)
158 (2, 38)
159 (2, 39)
160 (2, 40)
161 (2, 41)
162 (2, 42)
163 (2, 43)
164 (2, 44)
165 (2, 45)
166 (2, 46)
167 (2, 47)
168 (2, 48)
169 (2, 49)
170 (2, 50)
171 (2, 51)
172 (2, 52)
173 (2, 53)
174 (2, 54)
175 (2, 55)
176 (2, 56)
177 (2, 57)
178 (2, 58)
179 (2, 59)
180 (3, 0)
181 (3, 1)
182 (3, 2)
183 (3, 3)
184 (3, 4)
185 (3, 5)
186 (3, 6)
187 (3, 7)
188 (3, 8)
189 (3, 9)
190 (3, 10)
191 (3, 11)
192 (3, 12)
193 (3, 13)
194 (3, 14)
195 (3, 15)
196 (3, 16)
197 (3, 17)
198 (3, 18)
199 (3, 19)
200 (3, 20)
201 (3, 21)
202 (3, 22)
203 (3, 23)
204 (3, 24)
205 (3, 25)
206 (3, 26)
207 (3, 27)
208 (3, 28)
209 (3, 29)
210 (3, 30)
211 (3, 31)
212 (3, 32)
213 (3, 33)
214 (3, 34)
215 (3, 35)
216 (3, 36)
217 (3, 37)
218 (3, 38)
219 (3, 39)
220 (3, 40)
221 (3, 41)
222 (3, 42)
223 (3, 43)
224 (3, 44)
225 (3, 45)
226 (3, 46)
227 (3, 47)
228 (3, 48)
229 (3, 49)
230 (3, 50)
231 (3, 51)
232 (3, 52)
233 (3, 53)
234 (3, 54)
235 (3, 55)
236 (3, 56)
237 (3, 57)
238 (3, 58)
239 (3, 59)
240 (4, 0)
241 (4, 1)
242 (4, 2)
243 (4, 3)
244 (4, 4)
245 (4, 5)
246 (4, 6)
247 (4, 7)
248 (4, 8)
249 (4, 9)
250 (4, 10)
251 (4, 11)
252 (4, 12)
253 (4, 13)
254 (4, 14)
255 (4, 15)
256 (4, 16)
257 (4, 17)
258 (4, 18)
259 (4, 19)
260 (4, 20)
261 (4, 21)
262 (4, 22)
263 (4, 23)
264 (4, 24)
265 (4, 25)
266 (4, 26)
267 (4, 27)
268 (4, 28)
269 (4, 29)
270 (4, 30)
271 (4, 31)
272 (4, 32)
273 (4, 33)
274 (4, 34)
275 (4, 35)
276 (4, 36)
277 (4, 37)
278 (4, 38)
279 (4, 39)
280 (4, 40)
281 (4, 41)
282 (4, 42)
283 (4, 43)
284 (4, 44)
285 (4, 45)
286 (4, 46)
287 (4, 47)
288 (4, 48)
289 (4, 49)
290 (4, 50)
291 (4, 51)
292 (4, 52)
293 (4, 53)
294 (4, 54)
295 (4, 55)
296 (4, 56)
297 (4, 57)
298 (4, 58)
299 (4, 59)
300 (5, 0)
301 (5, 1)
302 (5, 2)
303 (5, 3)
304 (5, 4)
305 (5, 5)
306 (5, 6)
307 (5, 7)
308 (5, 8)
309 (5, 9)
310 (5, 10)
311 (5, 11)
312 (5, 12)
313 (5, 13)
314 (5, 14)
315 (5, 15)
316 (5, 16)
317 (5, 17)
318 (5, 18)
319 (5, 19)
320 (5, 20)
321 (5, 21)
322 (5, 22)
323 (5, 23)
324 (5, 24)
325 (5, 25)
326 (5, 26)
327 (5, 27)
328 (5, 28)
329 (5, 29)
330 (5, 30)
331 (5, 31)
332 (5, 32)
333 (5, 33)
334 (5, 34)
335 (5, 35)
336 (5, 36)
337 (5, 37)
338 (5, 38)
339 (5, 39)
340 (5, 40)
341 (5, 41)
342 (5, 42)
343 (5, 43)
344 (5, 44)
345 (5, 45)
346 (5, 46)
347 (5, 47)
348 (5, 48)
349 (5, 49)
350 (5, 50)
351 (5, 51)
352 (5, 52)
353 (5, 53)
354 (5, 54)
355 (5, 55)
356 (5, 56)
357 (5, 57)
358 (5, 58)
359 (5, 59)
360 (6, 0)
361 (6, 1)
362 (6, 2)
363 (6, 3)
364 (6, 4)
365 (6, 5)
366 (6, 6)
367 (6, 7)
368 (6, 8)
369 (6, 9)
370 (6, 10)
371 (6, 11)
372 (6, 12)
373 (6, 13)
374 (6, 14)
375 (6, 15)
376 (6, 16)
377 (6, 17)
378 (6, 18)
379 (6, 19)
380 (6, 20)
381 (6, 21)
382 (6, 22)
383 (6, 23)
384 (6, 24)
385 (6, 25)
386 (6, 26)
387 (6, 27)
388 (6, 28)
389 (6, 29)
390 (6, 30)
391 (6, 31)
392 (6, 32)
393 (6, 33)
394 (6, 34)
395 (6, 35)
396 (6, 36)
397 (6, 37)
398 (6, 38)
399 (6, 39)
400 (6, 40)
401 (6, 41)
402 (6, 42)
403 (6, 43)
404 (6, 44)
405 (6, 45)
406 (6, 46)
407 (6, 47)
408 (6, 48)
409 (6, 49)
410 (6, 50)
411 (6, 51)
412 (6, 52)
413 (6, 53)
414 (6, 54)
415 (6, 55)
416 (6, 56)
417 (6, 57)
418 (6, 58)
419 (6, 59)
420 (7, 0)
421 (7, 1)
422 (7, 2)
423 (7, 3)
424 (7, 4)
425 (7, 5)
426 (7, 6)
427 (7, 7)
428 (7, 8)
429 (7, 9)
430 (7, 10)
431 (7, 11)
432 (7, 12)
433 (7, 13)
434 (7, 14)
435 (7, 15)
436 (7, 16)
437 (7, 17)
438 (7, 18)
439 (7, 19)
440 (7, 20)
441 (7, 21)
442 (7, 22)
443 (7, 23)
444 (7, 24)
445 (7, 25)
446 (7, 26)
447 (7, 27)
448 (7, 28)
449 (7, 29)
450 (7, 30)
451 (7, 31)
452 (7, 32)
453 (7, 33)
454 (7, 34)
455 (7, 35)
456 (7, 36)
457 (7, 37)
458 (7, 38)
459 (7, 39)
460 (7, 40)
461 (7, 41)
462 (7, 42)
463 (7, 43)
464 (7, 44)
465 (7, 45)
466 (7, 46)
467 (7, 47)
468 (7, 48)
469 (7, 49)
470 (7, 50)
471 (7, 51)
472 (7, 52)
473 (7, 53)
474 (7, 54)
475 (7, 55)
476 (7, 56)
477 (7, 57)
478 (7, 58)
479 (7, 59)
480 (8, 0)
481 (8, 1)
482 (8, 2)
483 (8, 3)
484 (8, 4)
485 (8, 5)
486 (8, 6)
487 (8, 7)
488 (8, 8)
489 (8, 9)
490 (8, 10)
491 (8, 11)
492 (8, 12)
493 (8, 13)
494 (8, 14)
495 (8, 15)
496 (8, 16)
497 (8, 17)
498 (8, 18)
499 (8, 19)
500 (8, 20)
501 (8, 21)
502 (8, 22)
503 (8, 23)
504 (8, 24)
505 (8, 25)
506 (8, 26)
507 (8, 27)
508 (8, 28)
509 (8, 29)
510 (8, 30)
511 (8, 31)
512 (8, 32)
513 (8, 33)
514 (8, 34)
515 (8, 35)
516 (8, 36)
517 (8, 37)
518 (8, 38)
519 (8, 39)
520 (8, 40)
521 (8, 41)
522 (8, 42)
523 (8, 43)
524 (8, 44)
525 (8, 45)
526 (8, 46)
527 (8, 47)
528 (8, 48)
529 (8, 49)
530 (8, 50)
531 (8, 51)
532 (8, 52)
533 (8, 53)
534 (8, 54)
535 (8, 55)
536 (8, 56)
537 (8, 57)
538 (8, 58)
539 (8, 59)
540 (9, 0)
541 (9, 1)
542 (9, 2)
543 (9, 3)
544 (9, 4)
545 (9, 5)
546 (9, 6)
547 (9, 7)
548 (9, 8)
549 (9, 9)
550 (9, 10)
551 (9, 11)
552 (9, 12)
553 (9, 13)
554 (9, 14)
555 (9, 15)
556 (9, 16)
557 (9, 17)
558 (9, 18)
559 (9, 19)
560 (9, 20)
561 (9, 21)
562 (9, 22)
563 (9, 23)
564 (9, 24)
565 (9, 25)
566 (9, 26)
567 (9, 27)
568 (9, 28)
569 (9, 29)
570 (9, 30)
571 (9, 31)
572 (9, 32)
573 (9, 33)
574 (9, 34)
575 (9, 35)
576 (9, 36)
577 (9, 37)
578 (9, 38)
579 (9, 39)
580 (9, 40)
581 (9, 41)
582 (9, 42)
583 (9, 43)
584 (9, 44)
585 (9, 45)
586 (9, 46)
587 (9, 47)
588 (9, 48)
589 (9, 49)
590 (9, 50)
591 (9, 51)
592 (9, 52)
593 (9, 53)
594 (9, 54)
595 (9, 55)
596 (9, 56)
597 (9, 57)
598 (9, 58)
599 (9, 59)
600 (10, 0)
601 (10, 1)
602 (10, 2)
603 (10, 3)
604 (10, 4)
605 (10, 5)
606 (10, 6)
607 (10, 7)
608 (10, 8)
609 (10, 9)
610 (10, 10)
611 (10, 11)
612 (10, 12)
613 (10, 13)
614 (10, 14)
615 (10, 15)
616 (10, 16)
617 (10, 17)
618 (10, 18)
619 (10, 19)
620 (10, 20)
621 (10, 21)
622 (10, 22)
623 (10, 23)
624 (10, 24)
625 (10, 25)
626 (10, 26)
627 (10, 27)
628 (10, 28)
629 (10, 29)
630 (10, 30)
631 (10, 31)
632 (10, 32)
633 (10, 33)
634 (10, 34)
635 (10, 35)
636 (10, 36)
637 (10, 37)
638 (10, 38)
639 (10, 39)
640 (10, 40)
641 (10, 41)
642 (10, 42)
643 (10, 43)
644 (10, 44)
645 (10, 45)
646 (10, 46)
647 (10, 47)
648 (10, 48)
649 (10, 49)
650 (10, 50)
651 (10, 51)
652 (10, 52)
653 (10, 53)
654 (10, 54)
655 (10, 55)
656 (10, 56)
657 (10, 57)
658 (10, 58)
659 (10, 59)
660 (11, 0)
661 (11, 1)
662 (11, 2)
663 (11, 3)
664 (11, 4)
665 (11, 5)
666 (11, 6)
667 (11, 7)
668 (11, 8)
669 (11, 9)
670 (11, 10)
671 (11, 11)
672 (11, 12)
673 (11, 13)
674 (11, 14)
675 (11, 15)
676 (11, 16)
677 (11, 17)
678 (11, 18)
679 (11, 19)
680 (11, 20)
681 (11, 21)
682 (11, 22)
683 (11, 23)
684 (11, 24)
685 (11, 25)
686 (11, 26)
687 (11, 27)
688 (11, 28)
689 (11, 29)
690 (11, 30)
691 (11, 31)
692 (11, 32)
693 (11, 33)
694 (11, 34)
695 (11, 35)
696 (11, 36)
697 (11, 37)
698 (11, 38)
699 (11, 39)
700 (11, 40)
701 (11, 41)
702 (11, 42)
703 (11, 43)
704 (11, 44)
705 (11, 45)
706 (11, 46)
707 (11, 47)
708 (11, 48)
709 (11, 49)
710 (11, 50)
711 (11, 51)
712 (11, 52)
713 (11, 53)
714 (11, 54)
715 (11, 55)
716 (11, 56)
717 (11, 57)
718 (11, 58)
719 (11, 59)
720 (12, 0)
721 (12, 1)
722 (12, 2)
723 (12, 3)
724 (12, 4)
725 (12, 5)
726 (12, 6)
727 (12, 7)
728 (12, 8)
729 (12, 9)
730 (12, 10)
731 (12, 11)
732 (12, 12)
733 (12, 13)
734 (12, 14)
735 (12, 15)
736 (12, 16)
737 (12, 17)
738 (12, 18)
739 (12, 19)
740 (12, 20)
741 (12, 21)
742 (12, 22)
743 (12, 23)
744 (12, 24)
745 (12, 25)
746 (12, 26)
747 (12, 27)
748 (12, 28)
749 (12, 29)
750 (12, 30)
751 (12, 31)
752 (12, 32)
753 (12, 33)
754 (12, 34)
755 (12, 35)
756 (12, 36)
757 (12, 37)
758 (12, 38)
759 (12, 39)
760 (12, 40)
761 (12, 41)
762 (12, 42)
763 (12, 43)
764 (12, 44)
765 (12, 45)
766 (12, 46)
767 (12, 47)
768 (12, 48)
769 (12, 49)
770 (12, 50)
771 (12, 51)
772 (12, 52)
773 (12, 53)
774 (12, 54)
775 (12, 55)
776 (12, 56)
777 (12, 57)
778 (12, 58)
779 (12, 59)
780 (13, 0)
781 (13, 1)
782 (13, 2)
783 (13, 3)
784 (13, 4)
785 (13, 5)
786 (13, 6)
787 (13, 7)
788 (13, 8)
789 (13, 9)
790 (13, 10)
791 (13, 11)
792 (13, 12)
793 (13, 13)
794 (13, 14)
795 (13, 15)
796 (13, 16)
797 (13, 17)
798 (13, 18)
799 (13, 19)
800 (13, 20)
801 (13, 21)
802 (13, 22)
803 (13, 23)
804 (13, 24)
805 (13, 25)
806 (13, 26)
807 (13, 27)
808 (13, 28)
809 (13, 29)
810 (13, 30)
811 (13, 31)
812 (13, 32)
813 (13, 33)
814 (13, 34)
815 (13, 35)
816 (13, 36)
817 (13, 37)
818 (13, 38)
819 (13, 39)
820 (13, 40)
821 (13, 41)
822 (13, 42)
823 (13, 43)
824 (13, 44)
825 (13, 45)
826 (13, 46)
827 (13, 47)
828 (13, 48)
829 (13, 49)
830 (13, 50)
831 (13, 51)
832 (13, 52)
833 (13, 53)
834 (13, 54)
835 (13, 55)
836 (13, 56)
837 (13, 57)
838 (13, 58)
839 (13, 59)
840 (14, 0)
841 (14, 1)
842 (14, 2)
843 (14, 3)
844 (14, 4)
845 (14, 5)
846 (14, 6)
847 (14, 7)
848 (14, 8)
849 (14, 9)
850 (14, 10)
851 (14, 11)
852 (14, 12)
853 (14, 13)
854 (14, 14)
855 (14, 15)
856 (14, 16)
857 (14, 17)
858 (14, 18)
859 (14, 19)
860 (14, 20)
861 (14, 21)
862 (14, 22)
863 (14, 23)
864 (14, 24)
865 (14, 25)
866 (14, 26)
867 (14, 27)
868 (14, 28)
869 (14, 29)
870 (14, 30)
871 (14, 31)
872 (14, 32)
873 (14, 33)
874 (14, 34)
875 (14, 35)
876 (14, 36)
877 (14, 37)
878 (14, 38)
879 (14, 39)
880 (14, 40)
881 (14, 41)
882 (14, 42)
883 (14, 43)
884 (14, 44)
885 (14, 45)
886 (14, 46)
887 (14, 47)
888 (14, 48)
889 (14, 49)
890 (14, 50)
891 (14, 51)
892 (14, 52)
893 (14, 53)
894 (14, 54)
895 (14, 55)
896 (14, 56)
897 (14, 57)
898 (14, 58)
899 (14, 59)
900 (15, 0)
901 (15, 1)
902 (15, 2)
903 (15, 3)
904 (15, 4)
905 (15, 5)
906 (15, 6)
907 (15, 7)
908 (15, 8)
909 (15, 9)
910 (15, 10)
911 (15, 11)
912 (15, 12)
913 (15, 13)
914 (15, 14)
915 (15, 15)
916 (15, 16)
917 (15, 17)
918 (15, 18)
919 (15, 19)
920 (15, 20)
921 (15, 21)
922 (15, 22)
923 (15, 23)
924 (15, 24)
925 (15, 25)
926 (15, 26)
927 (15, 27)
928 (15, 28)
929 (15, 29)
930 (15, 30)
931 (15, 31)
932 (15, 32)
933 (15, 33)
934 (15, 34)
935 (15, 35)
936 (15, 36)
937 (15, 37)
938 (15, 38)
939 (15, 39)
940 (15, 40)
941 (15, 41)
942 (15, 42)
943 (15, 43)
944 (15, 44)
945 (15, 45)
946 (15, 46)
947 (15, 47)
948 (15, 48)
949 (15, 49)
950 (15, 50)
951 (15, 51)
952 (15, 52)
953 (15, 53)
954 (15, 54)
955 (15, 55)
956 (15, 56)
957 (15, 57)
958 (15, 58)
959 (15, 59)
960 (16, 0)
961 (16, 1)
962 (16, 2)
963 (16, 3)
964 (16, 4)
965 (16, 5)
966 (16, 6)
967 (16, 7)
968 (16, 8)
969 (16, 9)
970 (16, 10)
971 (16, 11)
972 (16, 12)
973 (16, 13)
974 (16, 14)
975 (16, 15)
976 (16, 16)
977 (16, 17)
978 (16, 18)
979 (16, 19)
980 (16, 20)
981 (16, 21)
982 (16, 22)
983 (16, 23)
984 (16, 24)
985 (16, 25)
986 (16, 26)
987 (16, 27)
988 (16, 28)
989 (16, 29)
990 (16, 30)
991 (16, 31)
992 (16, 32)
993 (16, 33)
994 (16, 34)
995 (16, 35)
996 (16, 36)
997 (16, 37)
998 (16, 38)
999 (16, 39)
1000 (16, 40)
1001 (16, 41)
1002 (16, 42)
1003 (16, 43)
1004 (16, 44)
1005 (16, 45)
1006 (16, 46)
1007 (16, 47)
1008 (16, 48)
1009 (16, 49)
1010 (16, 50)
1011 (16, 51)
1012 (16, 52)
1013 (16, 53)
1014 (16, 54)
1015 (16, 55)
1016 (16, 56)
1017 (16, 57)
1018 (16, 58)
1019 (16, 59)
1020 (17, 0)
1021 (17, 1)
1022 (17, 2)
1023 (17, 3)
1024 (17, 4)
1025 (17, 5)
1026 (17, 6)
1027 (17, 7)
1028 (17, 8)
1029 (17, 9)
1030 (17, 10)
1031 (17, 11)
1032 (17, 12)
1033 (17, 13)
1034 (17, 14)
1035 (17, 15)
1036 (17, 16)
1037 (17, 17)
1038 (17, 18)
1039 (17, 19)
1040 (17, 20)
1041 (17, 21)
1042 (17, 22)
1043 (17, 23)
1044 (17, 24)
1045 (17, 25)
1046 (17, 26)
1047 (17, 27)
1048 (17, 28)
1049 (17, 29)
1050 (17, 30)
1051 (17, 31)
1052 (17, 32)
1053 (17, 33)
1054 (17, 34)
1055 (17, 35)
1056 (17, 36)
1057 (17, 37)
1058 (17, 38)
1059 (17, 39)
1060 (17, 40)
1061 (17, 41)
1062 (17, 42)
1063 (17, 43)
1064 (17, 44)
1065 (17, 45)
1066 (17, 46)
1067 (17, 47)
1068 (17, 48)
1069 (17, 49)
1070 (17, 50)
1071 (17, 51)
1072 (17, 52)
1073 (17, 53)
1074 (17, 54)
1075 (17, 55)
1076 (17, 56)
1077 (17, 57)
1078 (17, 58)
1079 (17, 59)
1080 (18, 0)
1081 (18, 1)
1082 (18, 2)
1083 (18, 3)
1084 (18, 4)
1085 (18, 5)
1086 (18, 6)
1087 (18, 7)
1088 (18, 8)
1089 (18, 9)
1090 (18, 10)
1091 (18, 11)
1092 (18, 12)
1093 (18, 13)
1094 (18, 14)
1095 (18, 15)
1096 (18, 16)
1097 (18, 17)
1098 (18, 18)
1099 (18, 19)
1100 (18, 20)
1101 (18, 21)
1102 (18, 22)
1103 (18, 23)
1104 (18, 24)
1105 (18, 25)
1106 (18, 26)
1107 (18, 27)
1108 (18, 28)
1109 (18, 29)
1110 (18, 30)
1111 (18, 31)
1112 (18, 32)
1113 (18, 33)
1114 (18, 34)
1115 (18, 35)
1116 (18, 36)
1117 (18, 37)
1118 (18, 38)
1119 (18, 39)
1120 (18, 40)
1121 (18, 41)
1122 (18, 42)
1123 (18, 43)
1124 (18, 44)
1125 (18, 45)
1126 (18, 46)
1127 (18, 47)
1128 (18, 48)
1129 (18, 49)
1130 (18, 50)
1131 (18, 51)
1132 (18, 52)
1133 (18, 53)
1134 (18, 54)
1135 (18, 55)
1136 (18, 56)
1137 (18, 57)
1138 (18, 58)
1139 (18, 59)
1140 (19, 0)
1141 (19, 1)
1142 (19, 2)
1143 (19, 3)
1144 (19, 4)
1145 (19, 5)
1146 (19, 6)
1147 (19, 7)
1148 (19, 8)
1149 (19, 9)
1150 (19, 10)
1151 (19, 11)
1152 (19, 12)
1153 (19, 13)
1154 (19, 14)
1155 (19, 15)
1156 (19, 16)
1157 (19, 17)
1158 (19, 18)
1159 (19, 19)
1160 (19, 20)
1161 (19, 21)
1162 (19, 22)
1163 (19, 23)
1164 (19, 24)
1165 (19, 25)
1166 (19, 26)
1167 (19, 27)
1168 (19, 28)
1169 (19, 29)
1170 (19, 30)
1171 (19, 31)
1172 (19, 32)
1173 (19, 33)
1174 (19, 34)
1175 (19, 35)
1176 (19, 36)
1177 (19, 37)
1178 (19, 38)
1179 (19, 39)
1180 (19, 40)
1181 (19, 41)
1182 (19, 42)
1183 (19, 43)
1184 (19, 44)
1185 (19, 45)
1186 (19, 46)
1187 (19, 47)
1188 (19, 48)
1189 (19, 49)
1190 (19, 50)
1191 (19, 51)
1192 (19, 52)
1193 (19, 53)
1194 (19, 54)
1195 (19, 55)
1196 (19, 56)
1197 (19, 57)
1198 (19, 58)
1199 (19, 59)
1200 (20, 0)
1201 (20, 1)
1202 (20, 2)
1203 (20, 3)
1204 (20, 4)
1205 (20, 5)
1206 (20, 6)
1207 (20, 7)
1208 (20, 8)
1209 (20, 9)
1210 (20, 10)
1211 (20, 11)
1212 (20, 12)
1213 (20, 13)
1214 (20, 14)
1215 (20, 15)
1216 (20, 16)
1217 (20, 17)
1218 (20, 18)
1219 (20, 19)
1220 (20, 20)
1221 (20, 21)
1222 (20, 22)
1223 (20, 23)
1224 (20, 24)
1225 (20, 25)
1226 (20, 26)
1227 (20, 27)
1228 (20, 28)
1229 (20, 29)
1230 (20, 30)
1231 (20, 31)
1232 (20, 32)
1233 (20, 33)
1234 (20, 34)
1235 (20, 35)
1236 (20, 36)
1237 (20, 37)
1238 (20, 38)
1239 (20, 39)
1240 (20, 40)
1241 (20, 41)
1242 (20, 42)
1243 (20, 43)
1244 (20, 44)
1245 (20, 45)
1246 (20, 46)
1247 (20, 47)
1248 (20, 48)
1249 (20, 49)
1250 (20, 50)
1251 (20, 51)
1252 (20, 52)
1253 (20, 53)
1254 (20, 54)
1255 (20, 55)
1256 (20, 56)
1257 (20, 57)
1258 (20, 58)
1259 (20, 59)
1260 (21, 0)
1261 (21, 1)
1262 (21, 2)
1263 (21, 3)
1264 (21, 4)
1265 (21, 5)
1266 (21, 6)
1267 (21, 7)
1268 (21, 8)
1269 (21, 9)
1270 (21, 10)
1271 (21, 11)
1272 (21, 12)
1273 (21, 13)
1274 (21, 14)
1275 (21, 15)
1276 (21, 16)
1277 (21, 17)
1278 (21, 18)
1279 (21, 19)
1280 (21, 20)
1281 (21, 21)
1282 (21, 22)
1283 (21, 23)
1284 (21, 24)
1285 (21, 25)
1286 (21, 26)
1287 (21, 27)
1288 (21, 28)
1289 (21, 29)
1290 (21, 30)
1291 (21, 31)
1292 (21, 32)
1293 (21, 33)
1294 (21, 34)
1295 (21, 35)
1296 (21, 36)
1297 (21, 37)
1298 (21, 38)
1299 (21, 39)
1300 (21, 40)
1301 (21, 41)
1302 (21, 42)
1303 (21, 43)
1304 (21, 44)
1305 (21, 45)
1306 (21, 46)
1307 (21, 47)
1308 (21, 48)
1309 (21, 49)
1310 (21, 50)
1311 (21, 51)
1312 (21, 52)
1313 (21, 53)
1314 (21, 54)
1315 (21, 55)
1316 (21, 56)
1317 (21, 57)
1318 (21, 58)
1319 (21, 59)
1320 (22, 0)
1321 (22, 1)
1322 (22, 2)
1323 (22, 3)
1324 (22, 4)
1325 (22, 5)
1326 (22, 6)
1327 (22, 7)
1328 (22, 8)
1329 (22, 9)
1330 (22, 10)
1331 (22, 11)
1332 (22, 12)
1333 (22, 13)
1334 (22, 14)
1335 (22, 15)
1336 (22, 16)
1337 (22, 17)
1338 (22, 18)
1339 (22, 19)
1340 (22, 20)
1341 (22, 21)
1342 (22, 22)
1343 (22, 23)
1344 (22, 24)
1345 (22, 25)
1346 (22, 26)
1347 (22, 27)
1348 (22, 28)
1349 (22, 29)
1350 (22, 30)
1351 (22, 31)
1352 (22, 32)
1353 (22, 33)
1354 (22, 34)
1355 (22, 35)
1356 (22, 36)
1357 (22, 37)
1358 (22, 38)
1359 (22, 39)
1360 (22, 40)
1361 (22, 41)
1362 (22, 42)
1363 (22, 43)
1364 (22, 44)
1365 (22, 45)
1366 (22, 46)
1367 (22, 47)
1368 (22, 48)
1369 (22, 49)
1370 (22, 50)
1371 (22, 51)
1372 (22, 52)
1373 (22, 53)
1374 (22, 54)
1375 (22, 55)
1376 (22, 56)
1377 (22, 57)
1378 (22, 58)
1379 (22, 59)
1380 (23, 0)
1381 (23, 1)
1382 (23, 2)
1383 (23, 3)
1384 (23, 4)
1385 (23, 5)
1386 (23, 6)
1387 (23, 7)
1388 (23, 8)
1389 (23, 9)
1390 (23, 10)
1391 (23, 11)
1392 (23, 12)
1393 (23, 13)
1394 (23, 14)
1395 (23, 15)
1396 (23, 16)
1397 (23, 17)
1398 (23, 18)
1399 (23, 19)
1400 (23, 20)
1401 (23, 21)
1402 (23, 22)
1403 (23, 23)
1404 (23, 24)
1405 (23, 25)
1406 (23, 26)
1407 (23, 27)
1408 (23, 28)
1409 (23, 29)
1410 (23, 30)
1411 (23, 31)
1412 (23, 32)
1413 (23, 33)
1414 (23, 34)
1415 (23, 35)
1416 (23, 36)
1417 (23, 37)
1418 (23, 38)
1419 (23, 39)
1420 (23, 40)
1421 (23, 41)
1422 (23, 42)
1423 (23, 43)
1424 (23, 44)
1425 (23, 45)
1426 (23, 46)
1427 (23, 47)
1428 (23, 48)
1429 (23, 49)
1430 (23, 50)
1431 (23, 51)
1432 (23, 52)
1433 (23, 53)
1434 (23, 54)
1435 (23, 55)
1436 (23, 56)
1437 (23, 57)
1438 (23, 58)
1439 (23, 59)
1440 (24, 0)
1441 (24, 1)
1442 (24, 2)
1443 (24, 3)
1444 (24, 4)
1445 (24, 5)
1446 (24, 6)
1447 (24, 7)
1448 (24, 8)
1449 (24, 9)
1450 (24, 10)
1451 (24, 11)
1452 (24, 12)
1453 (24, 13)
1454 (24, 14)
1455 (24, 15)
1456 (24, 16)
1457 (24, 17)
1458 (24, 18)
1459 (24, 19)
1460 (24, 20)
1461 (24, 21)
1462 (24, 22)
1463 (24, 23)
1464 (24, 24)
1465 (24, 25)
1466 (24, 26)
1467 (24, 27)
1468 (24, 28)
1469 (24, 29)
1470 (24, 30)
1471 (24, 31)
1472 (24, 32)
1473 (24, 33)
1474 (24, 34)
1475 (24, 35)
1476 (24, 36)
1477 (24, 37)
1478 (24, 38)
1479 (24, 39)
1480 (24, 40)
1481 (24, 41)
1482 (24, 42)
1483 (24, 43)
1484 (24, 44)
1485 (24, 45)
1486 (24, 46)
1487 (24, 47)
1488 (24, 48)
1489 (24, 49)
1490 (24, 50)
1491 (24, 51)
1492 (24, 52)
1493 (24, 53)
1494 (24, 54)
1495 (24, 55)
1496 (24, 56)
1497 (24, 57)
1498 (24, 58)
1499 (24, 59)
1500 (25, 0)
1501 (25, 1)
1502 (25, 2)
1503 (25, 3)
1504 (25, 4)
1505 (25, 5)
1506 (25, 6)
1507 (25, 7)
1508 (25, 8)
1509 (25, 9)
1510 (25, 10)
1511 (25, 11)
1512 (25, 12)
1513 (25, 13)
1514 (25, 14)
1515 (25, 15)
1516 (25, 16)
1517 (25, 17)
1518 (25, 18)
1519 (25, 19)
1520 (25, 20)
1521 (25, 21)
1522 (25, 22)
1523 (25, 23)
1524 (25, 24)
1525 (25, 25)
1526 (25, 26)
1527 (25, 27)
1528 (25, 28)
1529 (25, 29)
1530 (25, 30)
1531 (25, 31)
1532 (25, 32)
1533 (25, 33)
1534 (25, 34)
1535 (25, 35)
1536 (25, 36)
1537 (25, 37)
1538 (25, 38)
1539 (25, 39)
1540 (25, 40)
1541 (25, 41)
1542 (25, 42)
1543 (25, 43)
1544 (25, 44)
1545 (25, 45)
1546 (25, 46)
1547 (25, 47)
1548 (25, 48)
1549 (25, 49)
1550 (25, 50)
1551 (25, 51)
1552 (25, 52)
1553 (25, 53)
1554 (25, 54)
1555 (25, 55)
1556 (25, 56)
1557 (25, 57)
1558 (25, 58)
1559 (25, 59)
1560 (26, 0)
1561 (26, 1)
1562 (26, 2)
1563 (26, 3)
1564 (26, 4)
1565 (26, 5)
1566 (26, 6)
1567 (26, 7)
1568 (26, 8)
1569 (26, 9)
1570 (26, 10)
1571 (26, 11)
1572 (26, 12)
1573 (26, 13)
1574 (26, 14)
1575 (26, 15)
1576 (26, 16)
1577 (26, 17)
1578 (26, 18)
1579 (26, 19)
1580 (26, 20)
1581 (26, 21)
1582 (26, 22)
1583 (26, 23)
1584 (26, 24)
1585 (26, 25)
1586 (26, 26)
1587 (26, 27)
1588 (26, 28)
1589 (26, 29)
1590 (26, 30)
1591 (26, 31)
1592 (26, 32)
1593 (26, 33)
1594 (26, 34)
1595 (26, 35)
1596 (26, 36)
1597 (26, 37)
1598 (26, 38)
1599 (26, 39)
1600 (26, 40)
1601 (26, 41)
1602 (26, 42)
1603 (26, 43)
1604 (26, 44)
1605 (26, 45)
1606 (26, 46)
1607 (26, 47)
1608 (26, 48)
1609 (26, 49)
1610 (26, 50)
1611 (26, 51)
1612 (26, 52)
1613 (26, 53)
1614 (26, 54)
1615 (26, 55)
1616 (26, 56)
1617 (26, 57)
1618 (26, 58)
1619 (26, 59)
1620 (27, 0)
1621 (27, 1)
1622 (27, 2)
1623 (27, 3)
1624 (27, 4)
1625 (27, 5)
1626 (27, 6)
1627 (27, 7)
1628 (27, 8)
1629 (27, 9)
1630 (27, 10)
1631 (27, 11)
1632 (27, 12)
1633 (27, 13)
1634 (27, 14)
1635 (27, 15)
1636 (27, 16)
1637 (27, 17)
1638 (27, 18)
1639 (27, 19)
1640 (27, 20)
1641 (27, 21)
1642 (27, 22)
1643 (27, 23)
1644 (27, 24)
1645 (27, 25)
1646 (27, 26)
1647 (27, 27)
1648 (27, 28)
1649 (27, 29)
1650 (27, 30)
1651 (27, 31)
1652 (27, 32)
1653 (27, 33)
1654 (27, 34)
1655 (27, 35)
1656 (27, 36)
1657 (27, 37)
1658 (27, 38)
1659 (27, 39)
1660 (27, 40)
1661 (27, 41)
1662 (27, 42)
1663 (27, 43)
1664 (27, 44)
1665 (27, 45)
1666 (27, 46)
1667 (27, 47)
1668 (27, 48)
1669 (27, 49)
1670 (27, 50)
1671 (27, 51)
1672 (27, 52)
1673 (27, 53)
1674 (27, 54)
1675 (27, 55)
1676 (27, 56)
1677 (27, 57)
1678 (27, 58)
1679 (27, 59)
1680 (28, 0)
1681 (28, 1)
1682 (28, 2)
1683 (28, 3)
1684 (28, 4)
1685 (28, 5)
1686 (28, 6)
1687 (28, 7)
1688 (28, 8)
1689 (28, 9)
1690 (28, 10)
1691 (28, 11)
1692 (28, 12)
1693 (28, 13)
1694 (28, 14)
1695 (28, 15)
1696 (28, 16)
1697 (28, 17)
1698 (28, 18)
1699 (28, 19)
1700 (28, 20)
1701 (28, 21)
1702 (28, 22)
1703 (28, 23)
1704 (28, 24)
1705 (28, 25)
1706 (28, 26)
1707 (28, 27)
1708 (28, 28)
1709 (28, 29)
1710 (28, 30)
1711 (28, 31)
1712 (28, 32)
1713 (28, 33)
1714 (28, 34)
1715 (28, 35)
1716 (28, 36)
1717 (28, 37)
1718 (28, 38)
1719 (28, 39)
1720 (28, 40)
1721 (28, 41)
1722 (28, 42)
1723 (28, 43)
1724 (28, 44)
1725 (28, 45)
1726 (28, 46)
1727 (28, 47)
1728 (28, 48)
1729 (28, 49)
1730 (28, 50)
1731 (28, 51)
1732 (28, 52)
1733 (28, 53)
1734 (28, 54)
1735 (28, 55)
1736 (28, 56)
1737 (28, 57)
1738 (28, 58)
1739 (28, 59)
1740 (29, 0)
1741 (29, 1)
1742 (29, 2)
1743 (29, 3)
1744 (29, 4)
1745 (29, 5)
1746 (29, 6)
1747 (29, 7)
1748 (29, 8)
1749 (29, 9)
1750 (29, 10)
1751 (29, 11)
1752 (29, 12)
1753 (29, 13)
1754 (29, 14)
1755 (29, 15)
1756 (29, 16)
1757 (29, 17)
1758 (29, 18)
1759 (29, 19)
1760 (29, 20)
1761 (29, 21)
1762 (29, 22)
1763 (29, 23)
1764 (29, 24)
1765 (29, 25)
1766 (29, 26)
1767 (29, 27)
1768 (29, 28)
1769 (29, 29)
1770 (29, 30)
1771 (29, 31)
1772 (29, 32)
1773 (29, 33)
1774 (29, 34)
1775 (29, 35)
1776 (29, 36)
1777 (29, 37)
1778 (29, 38)
1779 (29, 39)
1780 (29, 40)
1781 (29, 41)
1782 (29, 42)
1783 (29, 43)
1784 (29, 44)
1785 (29, 45)
1786 (29, 46)
1787 (29, 47)
1788 (29, 48)
1789 (29, 49)
1790 (29, 50)
1791 (29, 51)
1792 (29, 52)
1793 (29, 53)
1794 (29, 54)
1795 (29, 55)
1796 (29, 56)
1797 (29, 57)
1798 (29, 58)
1799 (29, 59)
1800 (30, 0)
1801 (30, 1)
1802 (30, 2)
1803 (30, 3)
1804 (30, 4)
1805 (30, 5)
1806 (30, 6)
1807 (30, 7)
1808 (30, 8)
1809 (30, 9)
1810 (30, 10)
1811 (30, 11)
1812 (30, 12)
1813 (30, 13)
1814 (30, 14)
1815 (30, 15)
1816 (30, 16)
1817 (30, 17)
1818 (30, 18)
1819 (30, 19)
1820 (30, 20)
1821 (30, 21)
1822 (30, 22)
1823 (30, 23)
1824 (30, 24)
1825 (30, 25)
1826 (30, 26)
1827 (30, 27)
1828 (30, 28)
1829 (30, 29)
1830 (30, 30)
1831 (30, 31)
1832 (30, 32)
1833 (30, 33)
1834 (30, 34)
1835 (30, 35)
1836 (30, 36)
1837 (30, 37)
1838 (30, 38)
1839 (30, 39)
1840 (30, 40)
1841 (30, 41)
1842 (30, 42)
1843 (30, 43)
1844 (30, 44)
1845 (30, 45)
1846 (30, 46)
1847 (30, 47)
1848 (30, 48)
1849 (30, 49)
1850 (30, 50)
1851 (30, 51)
1852 (30, 52)
1853 (30, 53)
1854 (30, 54)
1855 (30, 55)
1856 (30, 56)
1857 (30, 57)
1858 (30, 58)
1859 (30, 59)
1860 (31, 0)
1861 (31, 1)
1862 (31, 2)
1863 (31, 3)
1864 (31, 4)
1865 (31, 5)
1866 (31, 6)
1867 (31, 7)
1868 (31, 8)
1869 (31, 9)
1870 (31, 10)
1871 (31, 11)
1872 (31, 12)
1873 (31, 13)
1874 (31, 14)
1875 (31, 15)
1876 (31, 16)
1877 (31, 17)
1878 (31, 18)
1879 (31, 19)
1880 (31, 20)
1881 (31, 21)
1882 (31, 22)
1883 (31, 23)
1884 (31, 24)
1885 (31, 25)
1886 (31, 26)
1887 (31, 27)
1888 (31, 28)
1889 (31, 29)
1890 (31, 30)
1891 (31, 31)
1892 (31, 32)
1893 (31, 33)
1894 (31, 34)
1895 (31, 35)
1896 (31, 36)
1897 (31, 37)
1898 (31, 38)
1899 (31, 39)
1900 (31, 40)
1901 (31, 41)
1902 (31, 42)
1903 (31, 43)
1904 (31, 44)
1905 (31, 45)
1906 (31, 46)
1907 (31, 47)
1908 (31, 48)
1909 (31, 49)
1910 (31, 50)
1911 (31, 51)
1912 (31, 52)
1913 (31, 53)
1914 (31, 54)
1915 (31, 55)
1916 (31, 56)
1917 (31, 57)
1918 (31, 58)
1919 (31, 59)
1920 (32, 0)
1921 (32, 1)
1922 (32, 2)
1923 (32, 3)
1924 (32, 4)
1925 (32, 5)
1926 (32, 6)
1927 (32, 7)
1928 (32, 8)
1929 (32, 9)
1930 (32, 10)
1931 (32, 11)
1932 (32, 12)
1933 (32, 13)
1934 (32, 14)
1935 (32, 15)
1936 (32, 16)
1937 (32, 17)
1938 (32, 18)
1939 (32, 19)
1940 (32, 20)
1941 (32, 21)
1942 (32, 22)
1943 (32, 23)
1944 (32, 24)
1945 (32, 25)
1946 (32, 26)
1947 (32, 27)
1948 (32, 28)
1949 (32, 29)
1950 (32, 30)
1951 (32, 31)
1952 (32, 32)
1953 (32, 33)
1954 (32, 34)
1955 (32, 35)
1956 (32, 36)
1957 (32, 37)
1958 (32, 38)
1959 (32, 39)
1960 (32, 40)
1961 (32, 41)
1962 (32, 42)
1963 (32, 43)
1964 (32, 44)
1965 (32, 45)
1966 (32, 46)
1967 (32, 47)
1968 (32, 48)
1969 (32, 49)
1970 (32, 50)
1971 (32, 51)
1972 (32, 52)
1973 (32, 53)
1974 (32, 54)
1975 (32, 55)
1976 (32, 56)
1977 (32, 57)
1978 (32, 58)
1979 (32, 59)
1980 (33, 0)
1981 (33, 1)
1982 (33, 2)
1983 (33, 3)
1984 (33, 4)
1985 (33, 5)
1986 (33, 6)
1987 (33, 7)
1988 (33, 8)
1989 (33, 9)
1990 (33, 10)
1991 (33, 11)
1992 (33, 12)
1993 (33, 13)
1994 (33, 14)
1995 (33, 15)
1996 (33, 16)
1997 (33, 17)
1998 (33, 18)
1999 (33, 19)
2000 (33, 20)
2001 (33, 21)
2002 (33, 22)
2003 (33, 23)
2004 (33, 24)
2005 (33, 25)
2006 (33, 26)
2007 (33, 27)
2008 (33, 28)
2009 (33, 29)
2010 (33, 30)
2011 (33, 31)
2012 (33, 32)
2013 (33, 33)
2014 (33, 34)
2015 (33, 35)
2016 (33, 36)
2017 (33, 37)
2018 (33, 38)
2019 (33, 39)
2020 (33, 40)
2021 (33, 41)
2022 (33, 42)
2023 (33, 43)
2024 (33, 44)
2025 (33, 45)
2026 (33, 46)
2027 (33, 47)
2028 (33, 48)
2029 (33, 49)
2030 (33, 50)
2031 (33, 51)
2032 (33, 52)
2033 (33, 53)
2034 (33, 54)
2035 (33, 55)
2036 (33, 56)
2037 (33, 57)
2038 (33, 58)
2039 (33, 59)
2040 (34, 0)
2041 (34, 1)
2042 (34, 2)
2043 (34, 3)
2044 (34, 4)
2045 (34, 5)
2046 (34, 6)
2047 (34, 7)
2048 (34, 8)
2049 (34, 9)
2050 (34, 10)
2051 (34, 11)
2052 (34, 12)
2053 (34, 13)
2054 (34, 14)
2055 (34, 15)
2056 (34, 16)
2057 (34, 17)
2058 (34, 18)
2059 (34, 19)
2060 (34, 20)
2061 (34, 21)
2062 (34, 22)
2063 (34, 23)
2064 (34, 24)
2065 (34, 25)
2066 (34, 26)
2067 (34, 27)
2068 (34, 28)
2069 (34, 29)
2070 (34, 30)
2071 (34, 31)
2072 (34, 32)
2073 (34, 33)
2074 (34, 34)
2075 (34, 35)
2076 (34, 36)
2077 (34, 37)
2078 (34, 38)
2079 (34, 39)
2080 (34, 40)
2081 (34, 41)
2082 (34, 42)
2083 (34, 43)
2084 (34, 44)
2085 (34, 45)
2086 (34, 46)
2087 (34, 47)
2088 (34, 48)
2089 (34, 49)
2090 (34, 50)
2091 (34, 51)
2092 (34, 52)
2093 (34, 53)
2094 (34, 54)
2095 (34, 55)
2096 (34, 56)
2097 (34, 57)
2098 (34, 58)
2099 (34, 59)
2100 (35, 0)
2101 (35, 1)
2102 (35, 2)
2103 (35, 3)
2104 (35, 4)
2105 (35, 5)
2106 (35, 6)
2107 (35, 7)
2108 (35, 8)
2109 (35, 9)
2110 (35, 10)
2111 (35, 11)
2112 (35, 12)
2113 (35, 13)
2114 (35, 14)
2115 (35, 15)
2116 (35, 16)
2117 (35, 17)
2118 (35, 18)
2119 (35, 19)
2120 (35, 20)
2121 (35, 21)
2122 (35, 22)
2123 (35, 23)
2124 (35, 24)
2125 (35, 25)
2126 (35, 26)
2127 (35, 27)
2128 (35, 28)
2129 (35, 29)
2130 (35, 30)
2131 (35, 31)
2132 (35, 32)
2133 (35, 33)
2134 (35, 34)
2135 (35, 35)
2136 (35, 36)
2137 (35, 37)
2138 (35, 38)
2139 (35, 39)
2140 (35, 40)
2141 (35, 41)
2142 (35, 42)
2143 (35, 43)
2144 (35, 44)
2145 (35, 45)
2146 (35, 46)
2147 (35, 47)
2148 (35, 48)
2149 (35, 49)
2150 (35, 50)
2151 (35, 51)
2152 (35, 52)
2153 (35, 53)
2154 (35, 54)
2155 (35, 55)
2156 (35, 56)
2157 (35, 57)
2158 (35, 58)
2159 (35, 59)
2160 (36, 0)
2161 (36, 1)
2162 (36, 2)
2163 (36, 3)
2164 (36, 4)
2165 (36, 5)
2166 (36, 6)
2167 (36, 7)
2168 (36, 8)
2169 (36, 9)
2170 (36, 10)
2171 (36, 11)
2172 (36, 12)
2173 (36, 13)
2174 (36, 14)
2175 (36, 15)
2176 (36, 16)
2177 (36, 17)
2178 (36, 18)
2179 (36, 19)
2180 (36, 20)
2181 (36, 21)
2182 (36, 22)
2183 (36, 23)
2184 (36, 24)
2185 (36, 25)
2186 (36, 26)
2187 (36, 27)
2188 (36, 28)
2189 (36, 29)
2190 (36, 30)
2191 (36, 31)
2192 (36, 32)
2193 (36, 33)
2194 (36, 34)
2195 (36, 35)
2196 (36, 36)
2197 (36, 37)
2198 (36, 38)
2199 (36, 39)
2200 (36, 40)
2201 (36, 41)
2202 (36, 42)
2203 (36, 43)
2204 (36, 44)
2205 (36, 45)
2206 (36, 46)
2207 (36, 47)
2208 (36, 48)
2209 (36, 49)
2210 (36, 50)
2211 (36, 51)
2212 (36, 52)
2213 (36, 53)
2214 (36, 54)
2215 (36, 55)
2216 (36, 56)
2217 (36, 57)
2218 (36, 58)
2219 (36, 59)
2220 (37, 0)
2221 (37, 1)
2222 (37, 2)
2223 (37, 3)
2224 (37, 4)
2225 (37, 5)
2226 (37, 6)
2227 (37, 7)
2228 (37, 8)
2229 (37, 9)
2230 (37, 10)
2231 (37, 11)
2232 (37, 12)
2233 (37, 13)
2234 (37, 14)
2235 (37, 15)
2236 (37, 16)
2237 (37, 17)
2238 (37, 18)
2239 (37, 19)
2240 (37, 20)
2241 (37, 21)
2242 (37, 22)
2243 (37, 23)
2244 (37, 24)
2245 (37, 25)
2246 (37, 26)
2247 (37, 27)
2248 (37, 28)
2249 (37, 29)
2250 (37, 30)
2251 (37, 31)
2252 (37, 32)
2253 (37, 33)
2254 (37, 34)
2255 (37, 35)
2256 (37, 36)
2257 (37, 37)
2258 (37, 38)
2259 (37, 39)
2260 (37, 40)
2261 (37, 41)
2262 (37, 42)
2263 (37, 43)
2264 (37, 44)
2265 (37, 45)
2266 (37, 46)
2267 (37, 47)
2268 (37, 48)
2269 (37, 49)
2270 (37, 50)
2271 (37, 51)
2272 (37, 52)
2273 (37, 53)
2274 (37, 54)
2275 (37, 55)
2276 (37, 56)
2277 (37, 57)
2278 (37, 58)
2279 (37, 59)
2280 (38, 0)
2281 (38, 1)
2282 (38, 2)
2283 (38, 3)
2284 (38, 4)
2285 (38, 5)
2286 (38, 6)
2287 (38, 7)
2288 (38, 8)
2289 (38, 9)
2290 (38, 10)
2291 (38, 11)
2292 (38, 12)
2293 (38, 13)
2294 (38, 14)
2295 (38, 15)
2296 (38, 16)
2297 (38, 17)
2298 (38, 18)
2299 (38, 19)
2300 (38, 20)
2301 (38, 21)
2302 (38, 22)
2303 (38, 23)
2304 (38, 24)
2305 (38, 25)
2306 (38, 26)
2307 (38, 27)
2308 (38, 28)
2309 (38, 29)
2310 (38, 30)
2311 (38, 31)
2312 (38, 32)
2313 (38, 33)
2314 (38, 34)
2315 (38, 35)
2316 (38, 36)
2317 (38, 37)
2318 (38, 38)
2319 (38, 39)
2320 (38, 40)
2321 (38, 41)
2322 (38, 42)
2323 (38, 43)
2324 (38, 44)
2325 (38, 45)
2326 (38, 46)
2327 (38, 47)
2328 (38, 48)
2329 (38, 49)
2330 (38, 50)
2331 (38, 51)
2332 (38, 52)
2333 (38, 53)
2334 (38, 54)
2335 (38, 55)
2336 (38, 56)
2337 (38, 57)
2338 (38, 58)
2339 (38, 59)
2340 (39, 0)
2341 (39, 1)
2342 (39, 2)
2343 (39, 3)
2344 (39, 4)
2345 (39, 5)
2346 (39, 6)
2347 (39, 7)
2348 (39, 8)
2349 (39, 9)
2350 (39, 10)
2351 (39, 11)
2352 (39, 12)
2353 (39, 13)
2354 (39, 14)
2355 (39, 15)
2356 (39, 16)
2357 (39, 17)
2358 (39, 18)
2359 (39, 19)
2360 (39, 20)
2361 (39, 21)
2362 (39, 22)
2363 (39, 23)
2364 (39, 24)
2365 (39, 25)
2366 (39, 26)
2367 (39, 27)
2368 (39, 28)
2369 (39, 29)
2370 (39, 30)
2371 (39, 31)
2372 (39, 32)
2373 (39, 33)
2374 (39, 34)
2375 (39, 35)
2376 (39, 36)
2377 (39, 37)
2378 (39, 38)
2379 (39, 39)
2380 (39, 40)
2381 (39, 41)
2382 (39, 42)
2383 (39, 43)
2384 (39, 44)
2385 (39, 45)
2386 (39, 46)
2387 (39, 47)
2388 (39, 48)
2389 (39, 49)
2390 (39, 50)
2391 (39, 51)
2392 (39, 52)
2393 (39, 53)
2394 (39, 54)
2395 (39, 55)
2396 (39, 56)
2397 (39, 57)
2398 (39, 58)
2399 (39, 59)
2400 (40, 0)
2401 (40, 1)
2402 (40, 2)
2403 (40, 3)
2404 (40, 4)
2405 (40, 5)
2406 (40, 6)
2407 (40, 7)
2408 (40, 8)
2409 (40, 9)
2410 (40, 10)
2411 (40, 11)
2412 (40, 12)
2413 (40, 13)
2414 (40, 14)
2415 (40, 15)
2416 (40, 16)
2417 (40, 17)
2418 (40, 18)
2419 (40, 19)
2420 (40, 20)
2421 (40, 21)
2422 (40, 22)
2423 (40, 23)
2424 (40, 24)
2425 (40, 25)
2426 (40, 26)
2427 (40, 27)
2428 (40, 28)
2429 (40, 29)
2430 (40, 30)
2431 (40, 31)
2432 (40, 32)
2433 (40, 33)
2434 (40, 34)
2435 (40, 35)
2436 (40, 36)
2437 (40, 37)
2438 (40, 38)
2439 (40, 39)
2440 (40, 40)
2441 (40, 41)
2442 (40, 42)
2443 (40, 43)
2444 (40, 44)
2445 (40, 45)
2446 (40, 46)
2447 (40, 47)
2448 (40, 48)
2449 (40, 49)
2450 (40, 50)
2451 (40, 51)
2452 (40, 52)
2453 (40, 53)
2454 (40, 54)
2455 (40, 55)
2456 (40, 56)
2457 (40, 57)
2458 (40, 58)
2459 (40, 59)
2460 (41, 0)
2461 (41, 1)
2462 (41, 2)
2463 (41, 3)
2464 (41, 4)
2465 (41, 5)
2466 (41, 6)
2467 (41, 7)
2468 (41, 8)
2469 (41, 9)
2470 (41, 10)
2471 (41, 11)
2472 (41, 12)
2473 (41, 13)
2474 (41, 14)
2475 (41, 15)
2476 (41, 16)
2477 (41, 17)
2478 (41, 18)
2479 (41, 19)
2480 (41, 20)
2481 (41, 21)
2482 (41, 22)
2483 (41, 23)
2484 (41, 24)
2485 (41, 25)
2486 (41, 26)
2487 (41, 27)
2488 (41, 28)
2489 (41, 29)
2490 (41, 30)
2491 (41, 31)
2492 (41, 32)
2493 (41, 33)
2494 (41, 34)
2495 (41, 35)
2496 (41, 36)
2497 (41, 37)
2498 (41, 38)
2499 (41, 39)
2500 (41, 40)
2501 (41, 41)
2502 (41, 42)
2503 (41, 43)
2504 (41, 44)
2505 (41, 45)
2506 (41, 46)
2507 (41, 47)
2508 (41, 48)
2509 (41, 49)
2510 (41, 50)
2511 (41, 51)
2512 (41, 52)
2513 (41, 53)
2514 (41, 54)
2515 (41, 55)
2516 (41, 56)
2517 (41, 57)
2518 (41, 58)
2519 (41, 59)
2520 (42, 0)
2521 (42, 1)
2522 (42, 2)
2523 (42, 3)
2524 (42, 4)
2525 (42, 5)
2526 (42, 6)
2527 (42, 7)
2528 (42, 8)
2529 (42, 9)
2530 (42, 10)
2531 (42, 11)
2532 (42, 12)
2533 (42, 13)
2534 (42, 14)
2535 (42, 15)
2536 (42, 16)
2537 (42, 17)
2538 (42, 18)
2539 (42, 19)
2540 (42, 20)
2541 (42, 21)
2542 (42, 22)
2543 (42, 23)
2544 (42, 24)
2545 (42, 25)
2546 (42, 26)
2547 (42, 27)
2548 (42, 28)
2549 (42, 29)
2550 (42, 30)
2551 (42, 31)
2552 (42, 32)
2553 (42, 33)
2554 (42, 34)
2555 (42, 35)
2556 (42, 36)
2557 (42, 37)
2558 (42, 38)
2559 (42, 39)
2560 (42, 40)
2561 (42, 41)
2562 (42, 42)
2563 (42, 43)
2564 (42, 44)
2565 (42, 45)
2566 (42, 46)
2567 (42, 47)
2568 (42, 48)
2569 (42, 49)
2570 (42, 50)
2571 (42, 51)
2572 (42, 52)
2573 (42, 53)
2574 (42, 54)
2575 (42, 55)
2576 (42, 56)
2577 (42, 57)
2578 (42, 58)
2579 (42, 59)
2580 (43, 0)
2581 (43, 1)
2582 (43, 2)
2583 (43, 3)
2584 (43, 4)
2585 (43, 5)
2586 (43, 6)
2587 (43, 7)
2588 (43, 8)
2589 (43, 9)
2590 (43, 10)
2591 (43, 11)
2592 (43, 12)
2593 (43, 13)
2594 (43, 14)
2595 (43, 15)
2596 (43, 16)
2597 (43, 17)
2598 (43, 18)
2599 (43, 19)
2600 (43, 20)
2601 (43, 21)
2602 (43, 22)
2603 (43, 23)
2604 (43, 24)
2605 (43, 25)
2606 (43, 26)
2607 (43, 27)
2608 (43, 28)
2609 (43, 29)
2610 (43, 30)
2611 (43, 31)
2612 (43, 32)
2613 (43, 33)
2614 (43, 34)
2615 (43, 35)
2616 (43, 36)
2617 (43, 37)
2618 (43, 38)
2619 (43, 39)
2620 (43, 40)
2621 (43, 41)
2622 (43, 42)
2623 (43, 43)
2624 (43, 44)
2625 (43, 45)
2626 (43, 46)
2627 (43, 47)
2628 (43, 48)
2629 (43, 49)
2630 (43, 50)
2631 (43, 51)
2632 (43, 52)
2633 (43, 53)
2634 (43, 54)
2635 (43, 55)
2636 (43, 56)
2637 (43, 57)
2638 (43, 58)
2639 (43, 59)
2640 (44, 0)
2641 (44, 1)
2642 (44, 2)
2643 (44, 3)
2644 (44, 4)
2645 (44, 5)
2646 (44, 6)
2647 (44, 7)
2648 (44, 8)
2649 (44, 9)
2650 (44, 10)
2651 (44, 11)
2652 (44, 12)
2653 (44, 13)
2654 (44, 14)
2655 (44, 15)
2656 (44, 16)
2657 (44, 17)
2658 (44, 18)
2659 (44, 19)
2660 (44, 20)
2661 (44, 21)
2662 (44, 22)
2663 (44, 23)
2664 (44, 24)
2665 (44, 25)
2666 (44, 26)
2667 (44, 27)
2668 (44, 28)
2669 (44, 29)
2670 (44, 30)
2671 (44, 31)
2672 (44, 32)
2673 (44, 33)
2674 (44, 34)
2675 (44, 35)
2676 (44, 36)
2677 (44, 37)
2678 (44, 38)
2679 (44, 39)
2680 (44, 40)
2681 (44, 41)
2682 (44, 42)
2683 (44, 43)
2684 (44, 44)
2685 (44, 45)
2686 (44, 46)
2687 (44, 47)
2688 (44, 48)
2689 (44, 49)
2690 (44, 50)
2691 (44, 51)
2692 (44, 52)
2693 (44, 53)
2694 (44, 54)
2695 (44, 55)
2696 (44, 56)
2697 (44, 57)
2698 (44, 58)
2699 (44, 59)
2700 (45, 0)
2701 (45, 1)
2702 (45, 2)
2703 (45, 3)
2704 (45, 4)
2705 (45, 5)
2706 (45, 6)
2707 (45, 7)
2708 (45, 8)
2709 (45, 9)
2710 (45, 10)
2711 (45, 11)
2712 (45, 12)
2713 (45, 13)
2714 (45, 14)
2715 (45, 15)
2716 (45, 16)
2717 (45, 17)
2718 (45, 18)
2719 (45, 19)
2720 (45, 20)
2721 (45, 21)
2722 (45, 22)
2723 (45, 23)
2724 (45, 24)
2725 (45, 25)
2726 (45, 26)
2727 (45, 27)
2728 (45, 28)
2729 (45, 29)
2730 (45, 30)
2731 (45, 31)
2732 (45, 32)
2733 (45, 33)
2734 (45, 34)
2735 (45, 35)
2736 (45, 36)
2737 (45, 37)
2738 (45, 38)
2739 (45, 39)
2740 (45, 40)
2741 (45, 41)
2742 (45, 42)
2743 (45, 43)
2744 (45, 44)
2745 (45, 45)
2746 (45, 46)
2747 (45, 47)
2748 (45, 48)
2749 (45, 49)
2750 (45, 50)
2751 (45, 51)
2752 (45, 52)
2753 (45, 53)
2754 (45, 54)
2755 (45, 55)
2756 (45, 56)
2757 (45, 57)
2758 (45, 58)
2759 (45, 59)
2760 (46, 0)
2761 (46, 1)
2762 (46, 2)
2763 (46, 3)
2764 (46, 4)
2765 (46, 5)
2766 (46, 6)
2767 (46, 7)
2768 (46, 8)
2769 (46, 9)
2770 (46, 10)
2771 (46, 11)
2772 (46, 12)
2773 (46, 13)
2774 (46, 14)
2775 (46, 15)
2776 (46, 16)
2777 (46, 17)
2778 (46, 18)
2779 (46, 19)
2780 (46, 20)
2781 (46, 21)
2782 (46, 22)
2783 (46, 23)
2784 (46, 24)
2785 (46, 25)
2786 (46, 26)
2787 (46, 27)
2788 (46, 28)
2789 (46, 29)
2790 (46, 30)
2791 (46, 31)
2792 (46, 32)
2793 (46, 33)
2794 (46, 34)
2795 (46, 35)
2796 (46, 36)
2797 (46, 37)
2798 (46, 38)
2799 (46, 39)
2800 (46, 40)
2801 (46, 41)
2802 (46, 42)
2803 (46, 43)
2804 (46, 44)
2805 (46, 45)
2806 (46, 46)
2807 (46, 47)
2808 (46, 48)
2809 (46, 49)
2810 (46, 50)
2811 (46, 51)
2812 (46, 52)
2813 (46, 53)
2814 (46, 54)
2815 (46, 55)
2816 (46, 56)
2817 (46, 57)
2818 (46, 58)
2819 (46, 59)
2820 (47, 0)
2821 (47, 1)
2822 (47, 2)
2823 (47, 3)
2824 (47, 4)
2825 (47, 5)
2826 (47, 6)
2827 (47, 7)
2828 (47, 8)
2829 (47, 9)
2830 (47, 10)
2831 (47, 11)
2832 (47, 12)
2833 (47, 13)
2834 (47, 14)
2835 (47, 15)
2836 (47, 16)
2837 (47, 17)
2838 (47, 18)
2839 (47, 19)
2840 (47, 20)
2841 (47, 21)
2842 (47, 22)
2843 (47, 23)
2844 (47, 24)
2845 (47, 25)
2846 (47, 26)
2847 (47, 27)
2848 (47, 28)
2849 (47, 29)
2850 (47, 30)
2851 (47, 31)
2852 (47, 32)
2853 (47, 33)
2854 (47, 34)
2855 (47, 35)
2856 (47, 36)
2857 (47, 37)
2858 (47, 38)
2859 (47, 39)
2860 (47, 40)
2861 (47, 41)
2862 (47, 42)
2863 (47, 43)
2864 (47, 44)
2865 (47, 45)
2866 (47, 46)
2867 (47, 47)
2868 (47, 48)
2869 (47, 49)
2870 (47, 50)
2871 (47, 51)
2872 (47, 52)
2873 (47, 53)
2874 (47, 54)
2875 (47, 55)
2876 (47, 56)
2877 (47, 57)
2878 (47, 58)
2879 (47, 59)
2880 (48, 0)
2881 (48, 1)
2882 (48, 2)
2883 (48, 3)
2884 (48, 4)
2885 (48, 5)
2886 (48, 6)
2887 (48, 7)
2888 (48, 8)
2889 (48, 9)
2890 (48, 10)
2891 (48, 11)
2892 (48, 12)
2893 (48, 13)
2894 (48, 14)
2895 (48, 15)
2896 (48, 16)
2897 (48, 17)
2898 (48, 18)
2899 (48, 19)
2900 (48, 20)
2901 (48, 21)
2902 (48, 22)
2903 (48, 23)
2904 (48, 24)
2905 (48, 25)
2906 (48, 26)
2907 (48, 27)
2908 (48, 28)
2909 (48, 29)
2910 (48, 30)
2911 (48, 31)
2912 (48, 32)
2913 (48, 33)
2914 (48, 34)
2915 (48, 35)
2916 (48, 36)
2917 (48, 37)
2918 (48, 38)
2919 (48, 39)
2920 (48, 40)
2921 (48, 41)
2922 (48, 42)
2923 (48, 43)
2924 (48, 44)
2925 (48, 45)
2926 (48, 46)
2927 (48, 47)
2928 (48, 48)
2929 (48, 49)
2930 (48, 50)
2931 (48, 51)
2932 (48, 52)
2933 (48, 53)
2934 (48, 54)
2935 (48, 55)
2936 (48, 56)
2937 (48, 57)
2938 (48, 58)
2939 (48, 59)
2940 (49, 0)
2941 (49, 1)
2942 (49, 2)
2943 (49, 3)
2944 (49, 4)
2945 (49, 5)
2946 (49, 6)
2947 (49, 7)
2948 (49, 8)
2949 (49, 9)
2950 (49, 10)
2951 (49, 11)
2952 (49, 12)
2953 (49, 13)
2954 (49, 14)
2955 (49, 15)
2956 (49, 16)
2957 (49, 17)
2958 (49, 18)
2959 (49, 19)
2960 (49, 20)
2961 (49, 21)
2962 (49, 22)
2963 (49, 23)
2964 (49, 24)
2965 (49, 25)
2966 (49, 26)
2967 (49, 27)
2968 (49, 28)
2969 (49, 29)
2970 (49, 30)
2971 (49, 31)
2972 (49, 32)
2973 (49, 33)
2974 (49, 34)
2975 (49, 35)
2976 (49, 36)
2977 (49, 37)
2978 (49, 38)
2979 (49, 39)
2980 (49, 40)
2981 (49, 41)
2982 (49, 42)
2983 (49, 43)
2984 (49, 44)
2985 (49, 45)
2986 (49, 46)
2987 (49, 47)
2988 (49, 48)
2989 (49, 49)
2990 (49, 50)
2991 (49, 51)
2992 (49, 52)
2993 (49, 53)
2994 (49, 54)
2995 (49, 55)
2996 (49, 56)
2997 (49, 57)
2998 (49, 58)
2999 (49, 59)
3000 (50, 0)
3001 (50, 1)
3002 (50, 2)
3003 (50, 3)
3004 (50, 4)
3005 (50, 5)
3006 (50, 6)
3007 (50, 7)
3008 (50, 8)
3009 (50, 9)
3010 (50, 10)
3011 (50, 11)
3012 (50, 12)
3013 (50, 13)
3014 (50, 14)
3015 (50, 15)
3016 (50, 16)
3017 (50, 17)
3018 (50, 18)
3019 (50, 19)
3020 (50, 20)
3021 (50, 21)
3022 (50, 22)
3023 (50, 23)
3024 (50, 24)
3025 (50, 25)
3026 (50, 26)
3027 (50, 27)
3028 (50, 28)
3029 (50, 29)
3030 (50, 30)
3031 (50, 31)
3032 (50, 32)
3033 (50, 33)
3034 (50, 34)
3035 (50, 35)
3036 (50, 36)
3037 (50, 37)
3038 (50, 38)
3039 (50, 39)
3040 (50, 40)
3041 (50, 41)
3042 (50, 42)
3043 (50, 43)
3044 (50, 44)
3045 (50, 45)
3046 (50, 46)
3047 (50, 47)
3048 (50, 48)
3049 (50, 49)
3050 (50, 50)
3051 (50, 51)
3052 (50, 52)
3053 (50, 53)
3054 (50, 54)
3055 (50, 55)
3056 (50, 56)
3057 (50, 57)
3058 (50, 58)
3059 (50, 59)
3060 (51, 0)
3061 (51, 1)
3062 (51, 2)
3063 (51, 3)
3064 (51, 4)
3065 (51, 5)
3066 (51, 6)
3067 (51, 7)
3068 (51, 8)
3069 (51, 9)
3070 (51, 10)
3071 (51, 11)
3072 (51, 12)
3073 (51, 13)
3074 (51, 14)
3075 (51, 15)
3076 (51, 16)
3077 (51, 17)
3078 (51, 18)
3079 (51, 19)
3080 (51, 20)
3081 (51, 21)
3082 (51, 22)
3083 (51, 23)
3084 (51, 24)
3085 (51, 25)
3086 (51, 26)
3087 (51, 27)
3088 (51, 28)
3089 (51, 29)
3090 (51, 30)
3091 (51, 31)
3092 (51, 32)
3093 (51, 33)
3094 (51, 34)
3095 (51, 35)
3096 (51, 36)
3097 (51, 37)
3098 (51, 38)
3099 (51, 39)
3100 (51, 40)
3101 (51, 41)
3102 (51, 42)
3103 (51, 43)
3104 (51, 44)
3105 (51, 45)
3106 (51, 46)
3107 (51, 47)
3108 (51, 48)
3109 (51, 49)
3110 (51, 50)
3111 (51, 51)
3112 (51, 52)
3113 (51, 53)
3114 (51, 54)
3115 (51, 55)
3116 (51, 56)
3117 (51, 57)
3118 (51, 58)
3119 (51, 59)
3120 (52, 0)
3121 (52, 1)
3122 (52, 2)
3123 (52, 3)
3124 (52, 4)
3125 (52, 5)
3126 (52, 6)
3127 (52, 7)
3128 (52, 8)
3129 (52, 9)
3130 (52, 10)
3131 (52, 11)
3132 (52, 12)
3133 (52, 13)
3134 (52, 14)
3135 (52, 15)
3136 (52, 16)
3137 (52, 17)
3138 (52, 18)
3139 (52, 19)
3140 (52, 20)
3141 (52, 21)
3142 (52, 22)
3143 (52, 23)
3144 (52, 24)
3145 (52, 25)
3146 (52, 26)
3147 (52, 27)
3148 (52, 28)
3149 (52, 29)
3150 (52, 30)
3151 (52, 31)
3152 (52, 32)
3153 (52, 33)
3154 (52, 34)
3155 (52, 35)
3156 (52, 36)
3157 (52, 37)
3158 (52, 38)
3159 (52, 39)
3160 (52, 40)
3161 (52, 41)
3162 (52, 42)
3163 (52, 43)
3164 (52, 44)
3165 (52, 45)
3166 (52, 46)
3167 (52, 47)
3168 (52, 48)
3169 (52, 49)
3170 (52, 50)
3171 (52, 51)
3172 (52, 52)
3173 (52, 53)
3174 (52, 54)
3175 (52, 55)
3176 (52, 56)
3177 (52, 57)
3178 (52, 58)
3179 (52, 59)
3180 (53, 0)
3181 (53, 1)
3182 (53, 2)
3183 (53, 3)
3184 (53, 4)
3185 (53, 5)
3186 (53, 6)
3187 (53, 7)
3188 (53, 8)
3189 (53, 9)
3190 (53, 10)
3191 (53, 11)
3192 (53, 12)
3193 (53, 13)
3194 (53, 14)
3195 (53, 15)
3196 (53, 16)
3197 (53, 17)
3198 (53, 18)
3199 (53, 19)
3200 (53, 20)
3201 (53, 21)
3202 (53, 22)
3203 (53, 23)
3204 (53, 24)
3205 (53, 25)
3206 (53, 26)
3207 (53, 27)
3208 (53, 28)
3209 (53, 29)
3210 (53, 30)
3211 (53, 31)
3212 (53, 32)
3213 (53, 33)
3214 (53, 34)
3215 (53, 35)
3216 (53, 36)
3217 (53, 37)
3218 (53, 38)
3219 (53, 39)
3220 (53, 40)
3221 (53, 41)
3222 (53, 42)
3223 (53, 43)
3224 (53, 44)
3225 (53, 45)
3226 (53, 46)
3227 (53, 47)
3228 (53, 48)
3229 (53, 49)
3230 (53, 50)
3231 (53, 51)
3232 (53, 52)
3233 (53, 53)
3234 (53, 54)
3235 (53, 55)
3236 (53, 56)
3237 (53, 57)
3238 (53, 58)
3239 (53, 59)
3240 (54, 0)
3241 (54, 1)
3242 (54, 2)
3243 (54, 3)
3244 (54, 4)
3245 (54, 5)
3246 (54, 6)
3247 (54, 7)
3248 (54, 8)
3249 (54, 9)
3250 (54, 10)
3251 (54, 11)
3252 (54, 12)
3253 (54, 13)
3254 (54, 14)
3255 (54, 15)
3256 (54, 16)
3257 (54, 17)
3258 (54, 18)
3259 (54, 19)
3260 (54, 20)
3261 (54, 21)
3262 (54, 22)
3263 (54, 23)
3264 (54, 24)
3265 (54, 25)
3266 (54, 26)
3267 (54, 27)
3268 (54, 28)
3269 (54, 29)
3270 (54, 30)
3271 (54, 31)
3272 (54, 32)
3273 (54, 33)
3274 (54, 34)
3275 (54, 35)
3276 (54, 36)
3277 (54, 37)
3278 (54, 38)
3279 (54, 39)
3280 (54, 40)
3281 (54, 41)
3282 (54, 42)
3283 (54, 43)
3284 (54, 44)
3285 (54, 45)
3286 (54, 46)
3287 (54, 47)
3288 (54, 48)
3289 (54, 49)
3290 (54, 50)
3291 (54, 51)
3292 (54, 52)
3293 (54, 53)
3294 (54, 54)
3295 (54, 55)
3296 (54, 56)
3297 (54, 57)
3298 (54, 58)
3299 (54, 59)
3300 (55, 0)
3301 (55, 1)
3302 (55, 2)
3303 (55, 3)
3304 (55, 4)
3305 (55, 5)
3306 (55, 6)
3307 (55, 7)
3308 (55, 8)
3309 (55, 9)
3310 (55, 10)
3311 (55, 11)
3312 (55, 12)
3313 (55, 13)
3314 (55, 14)
3315 (55, 15)
3316 (55, 16)
3317 (55, 17)
3318 (55, 18)
3319 (55, 19)
3320 (55, 20)
3321 (55, 21)
3322 (55, 22)
3323 (55, 23)
3324 (55, 24)
3325 (55, 25)
3326 (55, 26)
3327 (55, 27)
3328 (55, 28)
3329 (55, 29)
3330 (55, 30)
3331 (55, 31)
3332 (55, 32)
3333 (55, 33)
3334 (55, 34)
3335 (55, 35)
3336 (55, 36)
3337 (55, 37)
3338 (55, 38)
3339 (55, 39)
3340 (55, 40)
3341 (55, 41)
3342 (55, 42)
3343 (55, 43)
3344 (55, 44)
3345 (55, 45)
3346 (55, 46)
3347 (55, 47)
3348 (55, 48)
3349 (55, 49)
3350 (55, 50)
3351 (55, 51)
3352 (55, 52)
3353 (55, 53)
3354 (55, 54)
3355 (55, 55)
3356 (55, 56)
3357 (55, 57)
3358 (55, 58)
3359 (55, 59)
3360 (56, 0)
3361 (56, 1)
3362 (56, 2)
3363 (56, 3)
3364 (56, 4)
3365 (56, 5)
3366 (56, 6)
3367 (56, 7)
3368 (56, 8)
3369 (56, 9)
3370 (56, 10)
3371 (56, 11)
3372 (56, 12)
3373 (56, 13)
3374 (56, 14)
3375 (56, 15)
3376 (56, 16)
3377 (56, 17)
3378 (56, 18)
3379 (56, 19)
3380 (56, 20)
3381 (56, 21)
3382 (56, 22)
3383 (56, 23)
3384 (56, 24)
3385 (56, 25)
3386 (56, 26)
3387 (56, 27)
3388 (56, 28)
3389 (56, 29)
3390 (56, 30)
3391 (56, 31)
3392 (56, 32)
3393 (56, 33)
3394 (56, 34)
3395 (56, 35)
3396 (56, 36)
3397 (56, 37)
3398 (56, 38)
3399 (56, 39)
3400 (56, 40)
3401 (56, 41)
3402 (56, 42)
3403 (56, 43)
3404 (56, 44)
3405 (56, 45)
3406 (56, 46)
3407 (56, 47)
3408 (56, 48)
3409 (56, 49)
3410 (56, 50)
3411 (56, 51)
3412 (56, 52)
3413 (56, 53)
3414 (56, 54)
3415 (56, 55)
3416 (56, 56)
3417 (56, 57)
3418 (56, 58)
3419 (56, 59)
3420 (57, 0)
3421 (57, 1)
3422 (57, 2)
3423 (57, 3)
3424 (57, 4)
3425 (57, 5)
3426 (57, 6)
3427 (57, 7)
3428 (57, 8)
3429 (57, 9)
3430 (57, 10)
3431 (57, 11)
3432 (57, 12)
3433 (57, 13)
3434 (57, 14)
3435 (57, 15)
3436 (57, 16)
3437 (57, 17)
3438 (57, 18)
3439 (57, 19)
3440 (57, 20)
3441 (57, 21)
3442 (57, 22)
3443 (57, 23)
3444 (57, 24)
3445 (57, 25)
3446 (57, 26)
3447 (57, 27)
3448 (57, 28)
3449 (57, 29)
3450 (57, 30)
3451 (57, 31)
3452 (57, 32)
3453 (57, 33)
3454 (57, 34)
3455 (57, 35)
3456 (57, 36)
3457 (57, 37)
3458 (57, 38)
3459 (57, 39)
3460 (57, 40)
3461 (57, 41)
3462 (57, 42)
3463 (57, 43)
3464 (57, 44)
3465 (57, 45)
3466 (57, 46)
3467 (57, 47)
3468 (57, 48)
3469 (57, 49)
3470 (57, 50)
3471 (57, 51)
3472 (57, 52)
3473 (57, 53)
3474 (57, 54)
3475 (57, 55)
3476 (57, 56)
3477 (57, 57)
3478 (57, 58)
3479 (57, 59)
3480 (58, 0)
3481 (58, 1)
3482 (58, 2)
3483 (58, 3)
3484 (58, 4)
3485 (58, 5)
3486 (58, 6)
3487 (58, 7)
3488 (58, 8)
3489 (58, 9)
3490 (58, 10)
3491 (58, 11)
3492 (58, 12)
3493 (58, 13)
3494 (58, 14)
3495 (58, 15)
3496 (58, 16)
3497 (58, 17)
3498 (58, 18)
3499 (58, 19)
3500 (58, 20)
3501 (58, 21)
3502 (58, 22)
3503 (58, 23)
3504 (58, 24)
3505 (58, 25)
3506 (58, 26)
3507 (58, 27)
3508 (58, 28)
3509 (58, 29)
3510 (58, 30)
3511 (58, 31)
3512 (58, 32)
3513 (58, 33)
3514 (58, 34)
3515 (58, 35)
3516 (58, 36)
3517 (58, 37)
3518 (58, 38)
3519 (58, 39)
3520 (58, 40)
3521 (58, 41)
3522 (58, 42)
3523 (58, 43)
3524 (58, 44)
3525 (58, 45)
3526 (58, 46)
3527 (58, 47)
3528 (58, 48)
3529 (58, 49)
3530 (58, 50)
3531 (58, 51)
3532 (58, 52)
3533 (58, 53)
3534 (58, 54)
3535 (58, 55)
3536 (58, 56)
3537 (58, 57)
3538 (58, 58)
3539 (58, 59)
3540 (59, 0)
3541 (59, 1)
3542 (59, 2)
3543 (59, 3)
3544 (59, 4)
3545 (59, 5)
3546 (59, 6)
3547 (59, 7)
3548 (59, 8)
3549 (59, 9)
3550 (59, 10)
3551 (59, 11)
3552 (59, 12)
3553 (59, 13)
3554 (59, 14)
3555 (59, 15)
3556 (59, 16)
3557 (59, 17)
3558 (59, 18)
3559 (59, 19)
3560 (59, 20)
3561 (59, 21)
3562 (59, 22)
3563 (59, 23)
3564 (59, 24)
3565 (59, 25)
3566 (59, 26)
3567 (59, 27)
3568 (59, 28)
3569 (59, 29)
3570 (59, 30)
3571 (59, 31)
3572 (59, 32)
3573 (59, 33)
3574 (59, 34)
3575 (59, 35)
3576 (59, 36)
3577 (59, 37)
3578 (59, 38)
3579 (59, 39)
3580 (59, 40)
3581 (59, 41)
3582 (59, 42)
3583 (59, 43)
3584 (59, 44)
3585 (59, 45)
3586 (59, 46)
3587 (59, 47)
3588 (59, 48)
3589 (59, 49)
3590 (59, 50)
3591 (59, 51)
3592 (59, 52)
3593 (59, 53)
3594 (59, 54)
3595 (59, 55)
3596 (59, 56)
3597 (59, 57)
3598 (59, 58)
3599 (59, 59)
0 60
1 2 61
2 1 3 62
3 2 63
4 5 64
5 4 6 65
6 5 7 66
7 6 8 67
8 7 9 68
9 8 10 69
10 9 11 70
11 10 12 71
12 11 13 72
13 12 14 73
14 13 15 74
15 14 16
16 15 17 76
17 16 18 77
18 17 19 78
19 18 20 79
20 19 80
21 22 81
22 21 23 82
23 22 24 83
24 23 25 84
25 24 26 85
26 25 27 86
27 26 28 87
28 27 29
29 28 30
30 29 31 90
31 30 32 91
32 31 33 92
33 32 34 93
34 33 35 94
35 34 36 95
36 35 37 96
37 36 38 97
38 37 39 98
39 38 99
40 41 100
41 40 42 101
42 41 43 102
43 42 44 103
44 43 45
45 44 46 105
46 45 47 106
47 46 48 107
48 47 49 108
49 48 50 109
50 49 110
51 52 111
52 51 53 112
53 52 54 113
54 53 55 114
55 54 56 115
56 55 57 116
57 56 58 117
58 57 59 118
59 58
60 0 61 120
61 1 60 62 121
62 2 61 63 122
63 3 62 64 123
64 4 63 65 124
65 5 64 66 125
66 6 65 67 126
67 7 66 68 127
68 8 67 69 128
69 9 68 70 129
70 10 69 71 130
71 11 70 72 131
72 12 71 73 132
73 13 72 74 133
74 14 73 75 134
75 74 76 135
76 16 75 77 136
77 17 76 78
78 18 77 138
79 19 80 139
80 20 79 81 140
81 21 80 82 141
82 22 81 83 142
83 23 82 84 143
84 24 83 85 144
85 25 84 86 145
86 26 85 87 146
87 27 86 88
88 87 89 148
89 88 90 149
90 30 89 150
91 31 92 151
92 32 91 93 152
93 33 92 94 153
94 34 93 95 154
95 35 94 96 155
96 36 95 97 156
97 37 96 98 157
98 38 97 99 158
99 39 98 100
100 40 99 101 160
101 41 100 102
102 42 101 103 162
103 43 102 104 163
104 103 164
105 45 106 165
106 46 105 107 166
107 47 106 108 167
108 48 107 109 168
109 49 108 110 169
110 50 109 111 170
111 51 110 112 171
112 52 111 113 172
113 53 112 173
114 54 115 174
115 55 114 116 175
116 56 115 117 176
117 57 116 118 177
118 58 117 119 178
119 118 179
120 60 121 180
121 61 120 122 181
122 62 121 123
123 63 122 124 183
124 64 123 125 184
125 65 124 126 185
126 66 125 127 186
127 67 126 128
128 68 127 129 188
129 69 128 130 189
130 70 129 131 190
131 71 130 132 191
132 72 131 192
133 73 134
134 74 133
135 75 136 195
136 76 135 137 196
137 136 138 197
138 78 137 139 198
139 79 138 199
140 80 141 200
141 81 140 142 201
142 82 141 143 202
143 83 142 144 203
144 84 143 145 204
145 85 144 146 205
146 86 145 147 206
147 146 148
148 88 147 149 208
149 89 148 150 209
150 90 149 151 210
151 91 150 211
152 92 153 212
153 93 152 154 213
154 94 153 155 214
155 95 154 156 215
156 96 155 157 216
157 97 156 158 217
158 98 157 159 218
159 158 160 219
160 100 159 161 220
161 160 162 221
162 102 161 163 222
163 103 162 164 223
164 104 163 165
165 105 164 166 225
166 106 165 167 226
167 107 166 168 227
168 108 167 169
169 109 168 170 229
170 110 169 171 230
171 111 170 172 231
172 112 171 173 232
173 113 172 233
174 114 234
175 115 176 235
176 116 175 177 236
177 117 176 178 237
178 118 177 179 238
179 119 178 239
180 120 181 240
181 121 180 182 241
182 181 183 242
183 123 182 184 243
184 124 183 185 244
185 125 184 186 245
186 126 185 187 246
187 186 188 247
188 128 187 248
189 129 190 249
190 130 189 191
191 131 190 192 251
192 132 191 193 252
193 192 194
194 193 195 254
195 135 194 196 255
196 136 195 197 256
197 137 196 198 257
198 138 197 199 258
199 139 198 200
200 140 199 201 260
201 141 200 202 261
202 142 201 262
203 143 204 263
204 144 203 205 264
205 145 204 206 265
206 146 205 266
207 208
208 148 207 209 268
209 149 208 210 269
210 150 209 211
211 151 210 212 271
212 152 211 213 272
213 153 212 214 273
214 154 213 215 274
215 155 214 275
216 156 217 276
217 157 216 218 277
218 158 217 219 278
219 159 218 220 279
220 160 219 221 280
221 161 220 222 281
222 162 221 282
223 163 224 283
224 223 225 284
225 165 224 226
226 166 225 227 286
227 167 226 228 287
228 227 229 288
229 169 228 230 289
230 170 229 231 290
231 171 230 232 291
232 172 231 292
233 173 234 293
234 174 233 235 294
235 175 234 236 295
236 176 235 237 296
237 177 236 238 297
238 178 237 239 298
239 179 238 299
240 180 241 300
241 181 240 242 301
242 182 241 243 302
243 183 242 244 303
244 184 243 245 304
245 185 244 246 305
246 186 245 247
247 187 246 248 307
248 188 247 249 308
249 189 248 250 309
250 249 251 310
251 191 250 252
252 192 251 253 312
253 252 254 313
254 194 253 255 314
255 195 254 256 315
256 196 255 257 316
257 197 256 317
258 198 259 318
259 258 260 319
260 200 259 261 320
261 201 260 262 321
262 202 261 263 322
263 203 262 264 323
264 204 263 265 324
265 205 264 266 325
266 206 265 267 326
267 266 268 327
268 208 267 269
269 209 268 270 329
270 269 271 330
271 211 270 331
272 212 273 332
273 213 272 274 333
274 214 273 275 334
275 215 274 276 335
276 216 275 277 336
277 217 276 278 337
278 218 277 279 338
279 219 278 280 339
280 220 279 281
281 221 280 282 341
282 222 281 283 342
283 223 282 284 343
284 224 283 285 344
285 284 286 345
286 226 285 346
287 227 288 347
288 228 287
289 229 290 349
290 230 289 291 350
291 231 290 292
292 232 291 293 352
293 233 292 353
294 234 295 354
295 235 294 296 355
296 236 295 297 356
297 237 296 298 357
298 238 297 299 358
299 239 298 359
300 240 301 360
301 241 300 302 361
302 242 301 303 362
303 243 302 304 363
304 244 303 305 364
305 245 304 306 365
306 305 307 366
307 247 306 308 367
308 248 307 309
309 249 308 310 369
310 250 309 311 370
311 310 312 371
312 252 311 313 372
313 253 312 314 373
314 254 313 315 374
315 255 314 375
316 256 317 376
317 257 316 318 377
318 258 317 319 378
319 259 318 320 379
320 260 319 321 380
321 261 320 322 381
322 262 321 323 382
323 263 322 324 383
324 264 323 325 384
325 265 324 326 385
326 266 325 386
327 267
328 329 388
329 269 328 330 389
330 270 329 331 390
331 271 330 332 391
332 272 331 333
333 273 332 334 393
334 274 333 335 394
335 275 334 336 395
336 276 335 337 396
337 277 336 338 397
338 278 337 339 398
339 279 338 340 399
340 339 341 400
341 281 340 342 401
342 282 341 343 402
343 283 342 344 403
344 284 343 345 404
345 285 344 346
346 286 345 347 406
347 287 346 348 407
348 347 349 408
349 289 348 350 409
350 290 349 351 410
351 350 352 411
352 292 351 353 412
353 293 352 354 413
354 294 353 355 414
355 295 354 356 415
356 296 355 357 416
357 297 356 358 417
358 298 357 359 418
359 299 358 419
360 300 361 420
361 301 360 362 421
362 302 361 363 422
363 303 362 364
364 304 363 365 424
365 305 364 366 425
366 306 365 367 426
367 307 366 368 427
368 367 369 428
369 309 368 370 429
370 310 369 371 430
371 311 370 372
372 312 371 373 432
373 313 372 374
374 314 373 375 434
375 315 374 376 435
376 316 375 377 436
377 317 376 378 437
378 318 377 379 438
379 319 378 380 439
380 320 379 381 440
381 321 380 382 441
382 322 381 383 442
383 323 382 384 443
384 324 383 385 444
385 325 384 386 445
386 326 385 387 446
387 386 388 447
388 328 387 389 448
389 329 388 390
390 330 389 391
391 331 390 392 451
392 391 393 452
393 333 392 394 453
394 334 393 395 454
395 335 394 396 455
396 336 395 397 456
397 337 396 398 457
398 338 397 399 458
399 339 398 400 459
400 340 399 401 460
401 341 400 461
402 342 403 462
403 343 402 404 463
404 344 403 405 464
405 404 406 465
406 346 405 407 466
407 347 406 408 467
408 348 407 409
409 349 408 469
410 350 411 470
411 351 410 412 471
412 352 411 413 472
413 353 412 414 473
414 354 413 415
415 355 414 416 475
416 356 415
417 357 418 477
418 358 417 419 478
419 359 418 479
420 360 421 480
421 361 420 422 481
422 362 421 423 482
423 422 424 483
424 364 423 425 484
425 365 424 485
426 366 427 486
427 367 426 428 487
428 368 427 488
429 369 430 489
430 370 429 431 490
431 430 432 491
432 372 431 492
433 434 493
434 374 433 435 494
435 375 434 436 495
436 376 435 437 496
437 377 436 438 497
438 378 437 439 498
439 379 438 440 499
440 380 439 441 500
441 381 440 442 501
442 382 441 443 502
443 383 442 444 503
444 384 443 445
445 385 444 446 505
446 386 445 447 506
447 387 446 507
448 388 449 508
449 448 450 509
450 449 451 510
451 391 450 452 511
452 392 451 453 512
453 393 452 454 513
454 394 453 455 514
455 395 454 456 515
456 396 455 457 516
457 397 456 458 517
458 398 457 459 518
459 399 458 460 519
460 400 459 461 520
461 401 460 462 521
462 402 461 463
463 403 462 464 523
464 404 463 465 524
465 405 464 466 525
466 406 465 467 526
467 407 466 468 527
468 467 469 528
469 409 468 470 529
470 410 469 471 530
471 411 470 472 531
472 412 471 532
473 413 474 533
474 473 475 534
475 415 474 476 535
476 475 536
477 417 478 537
478 418 477 479 538
479 419 478 539
480 420 481
481 421 480 482 541
482 422 481 542
483 423 484 543
484 424 483 485 544
485 425 484 486 545
486 426 485 487 546
487 427 486 488 547
488 428 487 489
489 429 488 490 549
490 430 489 491 550
491 431 490 492 551
492 432 491 493 552
493 433 492 494 553
494 434 493 495
495 435 494 555
496 436 497 556
497 437 496 498 557
498 438 497 499 558
499 439 498 500 559
500 440 499 501 560
501 441 500 502 561
502 442 501 503 562
503 443 502 504 563
504 503 505
505 445 504 506 565
506 446 505 507 566
507 447 506 508 567
508 448 507 509 568
509 449 508 510 569
510 450 509 511 570
511 451 510 512 571
512 452 511 513 572
513 453 512 514 573
514 454 513 515 574
515 455 514 575
516 456 517 576
517 457 516 518 577
518 458 517 519 578
519 459 518 520 579
520 460 519 521 580
521 461 520 522 581
522 521 523 582
523 463 522 583
524 464 525 584
525 465 524 526 585
526 466 525 527 586
527 467 526 528 587
528 468 527 588
529 469 530 589
530 470 529 531 590
531 471 530 532 591
532 472 531 533 592
533 473 532 534 593
534 474 533 535 594
535 475 534 595
536 476 537 596
537 477 536 538 597
538 478 537 539 598
539 479 538 599
540 541 600
541 481 540 542 601
542 482 541 602
543 483 544 603
544 484 543 545 604
545 485 544 605
546 486 547 606
547 487 546 607
548 549 608
549 489 548 550 609
550 490 549 551 610
551 491 550 552 611
552 492 551 553 612
553 493 552 554 613
554 553 555 614
555 495 554 556 615
556 496 555 557 616
557 497 556 558 617
558 498 557 618
559 499 560 619
560 500 559 561 620
561 501 560 562 621
562 502 561 563
563 503 562 564 623
564 563 565 624
565 505 564 566 625
566 506 565 567 626
567 507 566 568 627
568 508 567 569 628
569 509 568 629
570 510 571 630
571 511 570 572
572 512 571 573 632
573 513 572 574 633
574 514 573 575 634
575 515 574 576 635
576 516 575 577 636
577 517 576 578 637
578 518 577 579 638
579 519 578 580 639
580 520 579 581 640
581 521 580 582 641
582 522 581 583 642
583 523 582 643
584 524 585 644
585 525 584 586 645
586 526 585 587 646
587 527 586 588 647
588 528 587 589
589 529 588 590 649
590 530 589 591 650
591 531 590 592 651
592 532 591 593 652
593 533 592 594 653
594 534 593 595 654
595 535 594 596 655
596 536 595 597 656
597 537 596 598 657
598 538 597 658
599 539 659
600 540 601
601 541 600 602 661
602 542 601 603 662
603 543 602 604 663
604 544 603 605 664
605 545 604 665
606 546 607 666
607 547 606 608 667
608 548 607 609 668
609 549 608 610 669
610 550 609 611 670
611 551 610 612 671
612 552 611 613 672
613 553 612 614 673
614 554 613 615 674
615 555 614 616 675
616 556 615 617 676
617 557 616 677
618 558 619 678
619 559 618 620 679
620 560 619 621
621 561 620 681
622 623
623 563 622 624 683
624 564 623 625 684
625 565 624 626 685
626 566 625 627 686
627 567 626 628 687
628 568 627 629 688
629 569 628 689
630 570 631 690
631 630 632 691
632 572 631 633 692
633 573 632 634 693
634 574 633 635
635 575 634 636 695
636 576 635 637 696
637 577 636 638 697
638 578 637 639 698
639 579 638 640 699
640 580 639 641 700
641 581 640 642 701
642 582 641 643 702
643 583 642 644 703
644 584 643 645 704
645 585 644 646 705
646 586 645 647 706
647 587 646 648
648 647 649 708
649 589 648 650 709
650 590 649 651 710
651 591 650 711
652 592 653 712
653 593 652 654 713
654 594 653 655 714
655 595 654 656 715
656 596 655 657 716
657 597 656 658
658 598 657 659 718
659 599 658 719
660 661 720
661 601 660 662 721
662 602 661 663 722
663 603 662 664 723
664 604 663 665 724
665 605 664
666 606 667 726
667 607 666 668 727
668 608 667 669 728
669 609 668 729
670 610 671 730
671 611 670 672 731
672 612 671 673 732
673 613 672 674 733
674 614 673 675 734
675 615 674 676 735
676 616 675 677 736
677 617 676 678 737
678 618 677 679 738
679 619 678 680 739
680 679 681 740
681 621 680 682 741
682 681 742
683 623 684 743
684 624 683 685 744
685 625 684 686 745
686 626 685 687 746
687 627 686 688 747
688 628 687 689 748
689 629 688 690 749
690 630 689 691 750
691 631 690 692
692 632 691 693 752
693 633 692 694 753
694 693 695 754
695 635 694 696 755
696 636 695 697 756
697 637 696 698 757
698 638 697 699 758
699 639 698 700 759
700 640 699 701 760
701 641 700 702 761
702 642 701 703
703 643 702 704 763
704 644 703 705 764
705 645 704 706 765
706 646 705 766
707 708 767
708 648 707 709 768
709 649 708 710
710 650 709 711 770
711 651 710 712 771
712 652 711 713 772
713 653 712 714 773
714 654 713 715 774
715 655 714 716 775
716 656 715 717 776
717 716 718 777
718 658 717 719 778
719 659 718
720 660 721
721 661 720 722 781
722 662 721 723 782
723 663 722 724 783
724 664 723 725 784
725 724 726 785
726 666 725 727 786
727 667 726 787
728 668 729 788
729 669 728 730 789
730 670 729 731 790
731 671 730 732 791
732 672 731 733 792
733 673 732 734 793
734 674 733 735 794
735 675 734 736
736 676 735 737 796
737 677 736 797
738 678 739 798
739 679 738 740 799
740 680 739 741 800
741 681 740 742
742 682 741 743 802
743 683 742 803
744 684 745 804
745 685 744 746 805
746 686 745 806
747 687 748 807
748 688 747 749 808
749 689 748 750 809
750 690 749 751 810
751 750 752 811
752 692 751 753 812
753 693 752 754
754 694 753 814
755 695 756 815
756 696 755 757 816
757 697 756 758 817
758 698 757 759 818
759 699 758 760 819
760 700 759 761 820
761 701 760 762 821
762 761 763 822
763 703 762
764 704 765 824
765 705 764 766 825
766 706 765 767 826
767 707 766
768 708 828
769 770 829
770 710 769 771 830
771 711 770 772 831
772 712 771 773 832
773 713 772 774 833
774 714 773 834
775 715 776 835
776 716 775 777 836
777 717 776 778 837
778 718 777 779 838
779 778 839
780 781
781 721 780 782
782 722 781 783 842
783 723 782 784 843
784 724 783
785 725 786 845
786 726 785 787 846
787 727 786 788 847
788 728 787 789 848
789 729 788 790 849
790 730 789 791 850
791 731 790 792 851
792 732 791 793 852
793 733 792 794 853
794 734 793 854
795 796 855
796 736 795 797 856
797 737 796 798 857
798 738 797 799
799 739 798 800 859
800 740 799 801 860
801 800 802 861
802 742 801 803 862
803 743 802 804 863
804 744 803 805 864
805 745 804 806 865
806 746 805 807 866
807 747 806 808 867
808 748 807 868
809 749 810 869
810 750 809 811 870
811 751 810 812 871
812 752 811 813 872
813 812 814 873
814 754 813 815 874
815 755 814 816 875
816 756 815 817 876
817 757 816 818 877
818 758 817 819
819 759 818 820 879
820 760 819 821 880
821 761 820 822
822 762 821 823 882
823 822 824 883
824 764 823 825 884
825 765 824
826 766 886
827 828 887
828 768 827 829 888
829 769 828 830 889
830 770 829 831 890
831 771 830 832 891
832 772 831 833 892
833 773 832 834 893
834 774 833 835 894
835 775 834 836 895
836 776 835 837 896
837 777 836 897
838 778 839 898
839 779 838 899
840 841 900
841 840 842 901
842 782 841 843
843 783 842 844 903
844 843 904
845 785 846 905
846 786 845
847 787 848 907
848 788 847 849 908
849 789 848 850 909
850 790 849 851
851 791 850 852 911
852 792 851 853 912
853 793 852 913
854 794 855 914
855 795 854 856 915
856 796 855 857 916
857 797 856 858 917
858 857 859 918
859 799 858 860 919
860 800 859 861 920
861 801 860 862 921
862 802 861 863
863 803 862 864 923
864 804 863 924
865 805 866 925
866 806 865 867 926
867 807 866 868 927
868 808 867 869 928
869 809 868 870 929
870 810 869 871 930
871 811 870 872 931
872 812 871 873 932
873 813 872 874 933
874 814 873 875 934
875 815 874 876 935
876 816 875 877
877 817 876 878 937
878 877 879 938
879 819 878 880 939
880 820 879 881 940
881 880 882 941
882 822 881 883 942
883 823 882 884 943
884 824 883 885 944
885 884 886 945
886 826 885 887 946
887 827 886 888 947
888 828 887 948
889 829 890 949
890 830 889 891 950
891 831 890 892 951
892 832 891 893 952
893 833 892 894 953
894 834 893 895 954
895 835 894 896 955
896 836 895 897 956
897 837 896 898 957
898 838 897 899 958
899 839 898 959
900 840 901
901 841 900 902 961
902 901 903 962
903 843 902 904 963
904 844 903 905 964
905 845 904 965
906 907 966
907 847 906 908 967
908 848 907 909 968
909 849 908 910 969
910 909 911
911 851 910 912 971
912 852 911 913 972
913 853 912 914 973
914 854 913 915 974
915 855 914 916
916 856 915 976
917 857 918 977
918 858 917 919 978
919 859 918 920 979
920 860 919 921 980
921 861 920 922 981
922 921 923 982
923 863 922 924 983
924 864 923 925 984
925 865 924 926 985
926 866 925 927 986
927 867 926 928 987
928 868 927 929
929 869 928 989
930 870 990
931 871 932 991
932 872 931 933
933 873 932 993
934 874 935 994
935 875 934 936 995
936 935 937 996
937 877 936 938 997
938 878 937 939 998
939 879 938 999
940 880 941 1000
941 881 940 942 1001
942 882 941 943 1002
943 883 942 944 1003
944 884 943 945
945 885 944 946 1005
946 886 945 947 1006
947 887 946 948 1007
948 888 947 949 1008
949 889 948 950 1009
950 890 949 951 1010
951 891 950 1011
952 892 953 1012
953 893 952 954 1013
954 894 953 955 1014
955 895 954 956 1015
956 896 955 957 1016
957 897 956 958 1017
958 898 957 959 1018
959 899 958 1019
960 961 1020
961 901 960 962 1021
962 902 961 963 1022
963 903 962 964 1023
964 904 963 965
965 905 964 966 1025
966 906 965 967 1026
967 907 966 968 1027
968 908 967 969 1028
969 909 968 970
970 969 971 1030
971 911 970 972 1031
972 912 971 1032
973 913 1033
974 914 975 1034
975 974 976 1035
976 916 975 977 1036
977 917 976 978 1037
978 918 977 1038
979 919 980 1039
980 920 979 981 1040
981 921 980 982 1041
982 922 981 983 1042
983 923 982 984 1043
984 924 983
985 925 986 1045
986 926 985 987 1046
987 927 986 988 1047
988 987 989 1048
989 929 988 990 1049
990 930 989 991 1050
991 931 990
992 993 1052
993 933 992 994 1053
994 934 993 995 1054
995 935 994 1055
996 936 997 1056
997 937 996 1057
998 938 999 1058
999 939 998 1000 1059
1000 940 999 1001 1060
1001 941 1000 1002 1061
1002 942 1001 1003 1062
1003 943 1002 1004 1063
1004 1003 1005 1064
1005 945 1004 1006 1065
1006 946 1005 1007 1066
1007 947 1006 1008 1067
1008 948 1007 1009 1068
1009 949 1008 1010 1069
1010 950 1009 1011 1070
1011 951 1010 1012 1071
1012 952 1011 1072
1013 953 1014 1073
1014 954 1013 1015 1074
1015 955 1014 1016 1075
1016 956 1015 1017 1076
1017 957 1016 1018 1077
1018 958 1017 1078
1019 959 1079
1020 960 1021 1080
1021 961 1020 1022 1081
1022 962 1021 1023 1082
1023 963 1022 1024 1083
1024 1023 1025 1084
1025 965 1024 1026 1085
1026 966 1025 1027 1086
1027 967 1026 1028 1087
1028 968 1027 1029 1088
1029 1028 1089
1030 970 1031 1090
1031 971 1030 1032
1032 972 1031 1033 1092
1033 973 1032 1034 1093
1034 974 1033 1035
1035 975 1034 1036
1036 976 1035 1037 1096
1037 977 1036 1038
1038 978 1037 1039 1098
1039 979 1038 1040 1099
1040 980 1039 1041 1100
1041 981 1040 1042 1101
1042 982 1041 1043 1102
1043 983 1042 1044 1103
1044 1043 1045 1104
1045 985 1044 1046
1046 986 1045 1047 1106
1047 987 1046 1048 1107
1048 988 1047 1049 1108
1049 989 1048 1050 1109
1050 990 1049 1051 1110
1051 1050
1052 992 1053 1112
1053 993 1052 1054 1113
1054 994 1053 1114
1055 995 1056 1115
1056 996 1055 1057 1116
1057 997 1056 1058 1117
1058 998 1057 1118
1059 999 1119
1060 1000 1061
1061 1001 1060 1062 1121
1062 1002 1061 1063
1063 1003 1062 1064 1123
1064 1004 1063 1065
1065 1005 1064 1066 1125
1066 1006 1065 1126
1067 1007 1068 1127
1068 1008 1067 1069 1128
1069 1009 1068
1070 1010 1071 1130
1071 1011 1070 1072 1131
1072 1012 1071 1073 1132
1073 1013 1072 1074 1133
1074 1014 1073 1075 1134
1075 1015 1074 1076 1135
1076 1016 1075 1077 1136
1077 1017 1076 1078 1137
1078 1018 1077 1079 1138
1079 1019 1078 1139
1080 1020 1081 1140
1081 1021 1080 1082 1141
1082 1022 1081 1083 1142
1083 1023 1082 1084 1143
1084 1024 1083 1085 1144
1085 1025 1084 1086 1145
1086 1026 1085 1087 1146
1087 1027 1086 1088 1147
1088 1028 1087 1089 1148
1089 1029 1088 1090 1149
1090 1030 1089 1091 1150
1091 1090 1092 1151
1092 1032 1091 1093 1152
1093 1033 1092 1094 1153
1094 1093 1095 1154
1095 1094 1096 1155
1096 1036 1095 1097 1156
1097 1096 1157
1098 1038 1099 1158
1099 1039 1098 1100 1159
1100 1040 1099 1101 1160
1101 1041 1100 1102 1161
1102 1042 1101 1103 1162
1103 1043 1102 1104 1163
1104 1044 1103 1105 1164
1105 1104 1106 1165
1106 1046 1105 1107 1166
1107 1047 1106 1108 1167
1108 1048 1107 1168
1109 1049 1110 1169
1110 1050 1109 1170
1111 1112 1171
1112 1052 1111 1172
1113 1053 1114 1173
1114 1054 1113 1115 1174
1115 1055 1114 1116 1175
1116 1056 1115 1117 1176
1117 1057 1116 1118 1177
1118 1058 1117 1119
1119 1059 1118 1120 1179
1120 1119 1121 1180
1121 1061 1120 1122 1181
1122 1121 1123 1182
1123 1063 1122 1124 1183
1124 1123 1125 1184
1125 1065 1124 1126 1185
1126 1066 1125 1127 1186
1127 1067 1126 1128
1128 1068 1127 1129
1129 1128 1130 1189
1130 1070 1129 1131 1190
1131 1071 1130 1132
1132 1072 1131 1133 1192
1133 1073 1132 1134 1193
1134 1074 1133 1135 1194
1135 1075 1134 1136 1195
1136 1076 1135 1137 1196
1137 1077 1136 1138 1197
1138 1078 1137 1139 1198
1139 1079 1138 1199
1140 1080 1141 1200
1141 1081 1140 1142
1142 1082 1141 1143 1202
1143 1083 1142 1144 1203
1144 1084 1143 1145 1204
1145 1085 1144 1146 1205
1146 1086 1145 1147 1206
1147 1087 1146 1148 1207
1148 1088 1147 1149 1208
1149 1089 1148 1150 1209
1150 1090 1149 1151 1210
1151 1091 1150 1152 1211
1152 1092 1151 1153 1212
1153 1093 1152 1154 1213
1154 1094 1153 1155 1214
1155 1095 1154 1156 1215
1156 1096 1155 1157 1216
1157 1097 1156 1158 1217
1158 1098 1157 1159
1159 1099 1158 1160
1160 1100 1159
1161 1101 1162
1162 1102 1161 1163 1222
1163 1103 1162 1164 1223
1164 1104 1163 1224
1165 1105 1166
1166 1106 1165 1167 1226
1167 1107 1166 1168 1227
1168 1108 1167 1228
1169 1109 1170 1229
1170 1110 1169 1171 1230
1171 1111 1170 1172 1231
1172 1112 1171 1173 1232
1173 1113 1172
1174 1114 1175 1234
1175 1115 1174 1176 1235
1176 1116 1175 1177
1177 1117 1176 1178
1178 1177 1179 1238
1179 1119 1178 1180
1180 1120 1179 1181 1240
1181 1121 1180 1182 1241
1182 1122 1181 1183 1242
1183 1123 1182 1184 1243
1184 1124 1183 1185 1244
1185 1125 1184 1186
1186 1126 1185 1187
1187 1186 1188 1247
1188 1187 1189 1248
1189 1129 1188 1190
1190 1130 1189 1191 1250
1191 1190 1192 1251
1192 1132 1191 1193 1252
1193 1133 1192 1194 1253
1194 1134 1193 1195 1254
1195 1135 1194 1196 1255
1196 1136 1195 1197 1256
1197 1137 1196 1198 1257
1198 1138 1197 1199 1258
1199 1139 1198 1259
1200 1140 1201 1260
1201 1200 1202 1261
1202 1142 1201 1203 1262
1203 1143 1202 1204 1263
1204 1144 1203 1205 1264
1205 1145 1204 1206 1265
1206 1146 1205 1207 1266
1207 1147 1206 1208 1267
1208 1148 1207 1209 1268
1209 1149 1208 1210 1269
1210 1150 1209 1211 1270
1211 1151 1210 1212 1271
1212 1152 1211 1213 1272
1213 1153 1212 1214 1273
1214 1154 1213 1215 1274
1215 1155 1214 1216 1275
1216 1156 1215 1217 1276
1217 1157 1216 1218 1277
1218 1217 1219 1278
1219 1218 1220 1279
1220 1219 1221 1280
1221 1220 1222
1222 1162 1221 1223 1282
1223 1163 1222 1224 1283
1224 1164 1223 1225 1284
1225 1224 1226
1226 1166 1225 1227 1286
1227 1167 1226 1228 1287
1228 1168 1227 1288
1229 1169 1230
1230 1170 1229 1231 1290
1231 1171 1230 1291
1232 1172 1233 1292
1233 1232 1234 1293
1234 1174 1233 1235 1294
1235 1175 1234 1236 1295
1236 1235 1237 1296
1237 1236 1238 1297
1238 1178 1237 1239
1239 1238 1240 1299
1240 1180 1239 1241 1300
1241 1181 1240 1242
1242 1182 1241 1243 1302
1243 1183 1242 1244 1303
1244 1184 1243 1304
1245 1305
1246 1247 1306
1247 1187 1246 1307
1248 1188 1249 1308
1249 1248 1250 1309
1250 1190 1249 1251 1310
1251 1191 1250 1252 1311
1252 1192 1251 1253 1312
1253 1193 1252 1254 1313
1254 1194 1253 1255 1314
1255 1195 1254 1256 1315
1256 1196 1255 1257 1316
1257 1197 1256 1258 1317
1258 1198 1257 1259 1318
1259 1199 1258 1319
1260 1200 1261 1320
1261 1201 1260 1262 1321
1262 1202 1261 1263
1263 1203 1262 1264 1323
1264 1204 1263 1265 1324
1265 1205 1264 1266 1325
1266 1206 1265 1267 1326
1267 1207 1266 1268 1327
1268 1208 1267 1269
1269 1209 1268 1329
1270 1210 1271 1330
1271 1211 1270 1272 1331
1272 1212 1271 1332
1273 1213 1274 1333
1274 1214 1273 1275 1334
1275 1215 1274 1276
1276 1216 1275 1277 1336
1277 1217 1276 1278 1337
1278 1218 1277 1338
1279 1219 1280 1339
1280 1220 1279 1281 1340
1281 1280 1282 1341
1282 1222 1281 1342
1283 1223 1284 1343
1284 1224 1283 1285 1344
1285 1284 1286 1345
1286 1226 1285 1287 1346
1287 1227 1286 1288 1347
1288 1228 1287 1289 1348
1289 1288 1290 1349
1290 1230 1289 1291 1350
1291 1231 1290 1292 1351
1292 1232 1291 1293 1352
1293 1233 1292 1294 1353
1294 1234 1293 1295 1354
1295 1235 1294 1296 1355
1296 1236 1295 1356
1297 1237 1298 1357
1298 1297 1299 1358
1299 1239 1298 1300 1359
1300 1240 1299 1301 1360
1301 1300 1302 1361
1302 1242 1301 1303 1362
1303 1243 1302 1304 1363
1304 1244 1303 1305
1305 1245 1304 1306 1365
1306 1246 1305 1307 1366
1307 1247 1306 1308 1367
1308 1248 1307 1309 1368
1309 1249 1308 1369
1310 1250 1311 1370
1311 1251 1310 1371
1312 1252 1372
1313 1253 1314 1373
1314 1254 1313 1315 1374
1315 1255 1314 1316 1375
1316 1256 1315 1317 1376
1317 1257 1316 1318 1377
1318 1258 1317 1319 1378
1319 1259 1318 1379
1320 1260 1321 1380
1321 1261 1320 1322 1381
1322 1321 1382
1323 1263 1324 1383
1324 1264 1323 1325 1384
1325 1265 1324 1326 1385
1326 1266 1325 1327 1386
1327 1267 1326 1328 1387
1328 1327 1329 1388
1329 1269 1328 1330 1389
1330 1270 1329 1331 1390
1331 1271 1330 1332
1332 1272 1331 1333 1392
1333 1273 1332 1334 1393
1334 1274 1333 1335 1394
1335 1334 1336 1395
1336 1276 1335 1337 1396
1337 1277 1336 1338 1397
1338 1278 1337 1339 1398
1339 1279 1338 1340 1399
1340 1280 1339 1341 1400
1341 1281 1340 1342 1401
1342 1282 1341 1402
1343 1283 1344 1403
1344 1284 1343 1345 1404
1345 1285 1344 1346
1346 1286 1345 1347 1406
1347 1287 1346 1348 1407
1348 1288 1347 1349 1408
1349 1289 1348 1350 1409
1350 1290 1349 1351 1410
1351 1291 1350 1352 1411
1352 1292 1351 1353
1353 1293 1352 1354
1354 1294 1353 1355 1414
1355 1295 1354 1356 1415
1356 1296 1355 1357 1416
1357 1297 1356 1358 1417
1358 1298 1357 1359 1418
1359 1299 1358 1360 1419
1360 1300 1359 1361 1420
1361 1301 1360 1362 1421
1362 1302 1361 1363 1422
1363 1303 1362 1423
1364 1365 1424
1365 1305 1364 1366 1425
1366 1306 1365 1367 1426
1367 1307 1366 1368 1427
1368 1308 1367 1369 1428
1369 1309 1368 1370 1429
1370 1310 1369 1371 1430
1371 1311 1370 1372 1431
1372 1312 1371 1373 1432
1373 1313 1372 1374 1433
1374 1314 1373 1434
1375 1315 1376 1435
1376 1316 1375 1377 1436
1377 1317 1376 1378 1437
1378 1318 1377 1379 1438
1379 1319 1378 1439
1380 1320 1381
1381 1321 1380 1382
1382 1322 1381 1442
1383 1323 1384 1443
1384 1324 1383 1385 1444
1385 1325 1384 1386 1445
1386 1326 1385 1446
1387 1327 1388 1447
1388 1328 1387 1389 1448
1389 1329 1388 1449
1390 1330 1391 1450
1391 1390 1392 1451
1392 1332 1391 1393
1393 1333 1392 1394 1453
1394 1334 1393 1395 1454
1395 1335 1394 1455
1396 1336 1397 1456
1397 1337 1396 1398 1457
1398 1338 1397 1399 1458
1399 1339 1398 1400 1459
1400 1340 1399 1401 1460
1401 1341 1400 1402
1402 1342 1401 1403 1462
1403 1343 1402 1404 1463
1404 1344 1403 1405 1464
1405 1404 1406 1465
1406 1346 1405 1466
1407 1347 1467
1408 1348 1409 1468
1409 1349 1408 1469
1410 1350 1411 1470
1411 1351 1410 1412 1471
1412 1411 1413 1472
1413 1412 1414 1473
1414 1354 1413 1415 1474
1415 1355 1414 1416 1475
1416 1356 1415 1476
1417 1357 1418 1477
1418 1358 1417 1419 1478
1419 1359 1418 1420 1479
1420 1360 1419 1480
1421 1361 1422 1481
1422 1362 1421 1423 1482
1423 1363 1422 1424 1483
1424 1364 1423 1425 1484
1425 1365 1424 1426 1485
1426 1366 1425 1427 1486
1427 1367 1426 1428
1428 1368 1427 1429 1488
1429 1369 1428 1430 1489
1430 1370 1429 1431 1490
1431 1371 1430 1432 1491
1432 1372 1431 1433 1492
1433 1373 1432 1434
1434 1374 1433 1435 1494
1435 1375 1434 1495
1436 1376 1437 1496
1437 1377 1436 1438 1497
1438 1378 1437 1439 1498
1439 1379 1438 1499
1440 1441 1500
1441 1440 1442 1501
1442 1382 1441 1443 1502
1443 1383 1442 1444 1503
1444 1384 1443 1445
1445 1385 1444 1446
1446 1386 1445 1447 1506
1447 1387 1446 1448
1448 1388 1447 1449 1508
1449 1389 1448 1450 1509
1450 1390 1449 1451 1510
1451 1391 1450 1452
1452 1451 1453 1512
1453 1393 1452 1454 1513
1454 1394 1453 1455 1514
1455 1395 1454 1456 1515
1456 1396 1455
1457 1397 1458
1458 1398 1457 1459 1518
1459 1399 1458 1460 1519
1460 1400 1459 1461 1520
1461 1460 1462
1462 1402 1461 1463 1522
1463 1403 1462 1464 1523
1464 1404 1463 1465 1524
1465 1405 1464 1466 1525
1466 1406 1465 1467 1526
1467 1407 1466 1468 1527
1468 1408 1467 1528
1469 1409 1470 1529
1470 1410 1469 1471 1530
1471 1411 1470 1531
1472 1412 1532
1473 1413 1474 1533
1474 1414 1473 1475 1534
1475 1415 1474 1476 1535
1476 1416 1475 1477 1536
1477 1417 1476 1537
1478 1418 1538
1479 1419 1480 1539
1480 1420 1479 1481 1540
1481 1421 1480 1482 1541
1482 1422 1481 1483 1542
1483 1423 1482 1484 1543
1484 1424 1483 1485 1544
1485 1425 1484 1486 1545
1486 1426 1485 1487 1546
1487 1486 1488 1547
1488 1428 1487 1489 1548
1489 1429 1488 1549
1490 1430 1491 1550
1491 1431 1490 1492
1492 1432 1491 1493 1552
1493 1492 1494 1553
1494 1434 1493 1495 1554
1495 1435 1494 1496 1555
1496 1436 1495 1497 1556
1497 1437 1496 1557
1498 1438 1499 1558
1499 1439 1498 1559
1500 1440 1501 1560
1501 1441 1500 1561
1502 1442 1503 1562
1503 1443 1502 1504 1563
1504 1503 1505 1564
1505 1504 1506 1565
1506 1446 1505 1507
1507 1506 1508 1567
1508 1448 1507 1509 1568
1509 1449 1508 1510 1569
1510 1450 1509 1511 1570
1511 1510 1512 1571
1512 1452 1511 1513 1572
1513 1453 1512 1514 1573
1514 1454 1513 1515 1574
1515 1455 1514 1516 1575
1516 1515 1517 1576
1517 1516 1518 1577
1518 1458 1517 1519 1578
1519 1459 1518 1520 1579
1520 1460 1519 1521 1580
1521 1520 1522 1581
1522 1462 1521 1523
1523 1463 1522 1524 1583
1524 1464 1523 1525 1584
1525 1465 1524 1526 1585
1526 1466 1525 1527 1586
1527 1467 1526 1528 1587
1528 1468 1527 1529 1588
1529 1469 1528 1530 1589
1530 1470 1529 1531 1590
1531 1471 1530 1532 1591
1532 1472 1531 1533 1592
1533 1473 1532 1534 1593
1534 1474 1533 1535 1594
1535 1475 1534 1536 1595
1536 1476 1535 1537 1596
1537 1477 1536 1538 1597
1538 1478 1537 1539 1598
1539 1479 1538 1540 1599
1540 1480 1539 1541 1600
1541 1481 1540 1542 1601
1542 1482 1541 1543 1602
1543 1483 1542 1603
1544 1484 1545 1604
1545 1485 1544 1546 1605
1546 1486 1545 1547 1606
1547 1487 1546 1548
1548 1488 1547 1549 1608
1549 1489 1548 1550 1609
1550 1490 1549 1551 1610
1551 1550 1552 1611
1552 1492 1551 1553 1612
1553 1493 1552 1554 1613
1554 1494 1553 1614
1555 1495 1556 1615
1556 1496 1555 1557 1616
1557 1497 1556 1558 1617
1558 1498 1557 1559 1618
1559 1499 1558 1619
1560 1500 1561 1620
1561 1501 1560 1562 1621
1562 1502 1561 1563
1563 1503 1562 1564 1623
1564 1504 1563 1565 1624
1565 1505 1564 1566 1625
1566 1565 1626
1567 1507 1568 1627
1568 1508 1567 1569 1628
1569 1509 1568 1570 1629
1570 1510 1569 1571 1630
1571 1511 1570 1572
1572 1512 1571 1573 1632
1573 1513 1572 1574 1633
1574 1514 1573 1575
1575 1515 1574 1576 1635
1576 1516 1575 1577 1636
1577 1517 1576 1578 1637
1578 1518 1577 1579 1638
1579 1519 1578 1580 1639
1580 1520 1579 1581 1640
1581 1521 1580 1582 1641
1582 1581 1642
1583 1523 1584 1643
1584 1524 1583 1585 1644
1585 1525 1584 1586 1645
1586 1526 1585 1587 1646
1587 1527 1586 1588 1647
1588 1528 1587 1589 1648
1589 1529 1588 1590 1649
1590 1530 1589 1591
1591 1531 1590 1592 1651
1592 1532 1591 1593
1593 1533 1592 1594 1653
1594 1534 1593 1595 1654
1595 1535 1594 1596 1655
1596 1536 1595 1597 1656
1597 1537 1596 1598 1657
1598 1538 1597 1599 1658
1599 1539 1598
1600 1540 1601 1660
1601 1541 1600 1602 1661
1602 1542 1601 1603 1662
1603 1543 1602 1604 1663
1604 1544 1603 1605 1664
1605 1545 1604 1606 1665
1606 1546 1605 1607 1666
1607 1606 1608 1667
1608 1548 1607 1609 1668
1609 1549 1608 1610 1669
1610 1550 1609 1611 1670
1611 1551 1610 1612 1671
1612 1552 1611 1613 1672
1613 1553 1612 1614 1673
1614 1554 1613 1615 1674
1615 1555 1614 1616 1675
1616 1556 1615 1676
1617 1557 1618 1677
1618 1558 1617 1619 1678
1619 1559 1618 1679
1620 1560 1621 1680
1621 1561 1620 1622 1681
1622 1621 1623 1682
1623 1563 1622 1624 1683
1624 1564 1623 1625 1684
1625 1565 1624 1626
1626 1566 1625 1627 1686
1627 1567 1626 1628 1687
1628 1568 1627 1629 1688
1629 1569 1628 1630 1689
1630 1570 1629 1631 1690
1631 1630 1632 1691
1632 1572 1631 1692
1633 1573 1634
1634 1633 1635 1694
1635 1575 1634 1636 1695
1636 1576 1635 1637 1696
1637 1577 1636 1638 1697
1638 1578 1637 1639 1698
1639 1579 1638 1640
1640 1580 1639 1641 1700
1641 1581 1640 1642
1642 1582 1641 1643 1702
1643 1583 1642 1644 1703
1644 1584 1643 1645 1704
1645 1585 1644 1646 1705
1646 1586 1645 1647 1706
1647 1587 1646 1648 1707
1648 1588 1647 1649 1708
1649 1589 1648 1650 1709
1650 1649 1651 1710
1651 1591 1650 1652 1711
1652 1651 1653 1712
1653 1593 1652 1654 1713
1654 1594 1653 1655 1714
1655 1595 1654 1656 1715
1656 1596 1655 1657 1716
1657 1597 1656 1658 1717
1658 1598 1657 1718
1659 1660 1719
1660 1600 1659 1661 1720
1661 1601 1660 1662 1721
1662 1602 1661 1663 1722
1663 1603 1662 1664 1723
1664 1604 1663 1724
1665 1605 1666 1725
1666 1606 1665 1667 1726
1667 1607 1666 1668 1727
1668 1608 1667 1669 1728
1669 1609 1668 1670 1729
1670 1610 1669 1671 1730
1671 1611 1670 1731
1672 1612 1673 1732
1673 1613 1672 1674 1733
1674 1614 1673 1675 1734
1675 1615 1674 1676
1676 1616 1675 1677 1736
1677 1617 1676 1678 1737
1678 1618 1677 1679 1738
1679 1619 1678 1739
1680 1620 1681 1740
1681 1621 1680 1682 1741
1682 1622 1681 1683 1742
1683 1623 1682 1684 1743
1684 1624 1683 1685 1744
1685 1684 1686
1686 1626 1685 1687 1746
1687 1627 1686 1688 1747
1688 1628 1687 1689
1689 1629 1688 1690
1690 1630 1689 1691 1750
1691 1631 1690 1692 1751
1692 1632 1691 1693
1693 1692 1694 1753
1694 1634 1693 1695 1754
1695 1635 1694 1696
1696 1636 1695 1697 1756
1697 1637 1696 1698 1757
1698 1638 1697 1699 1758
1699 1698 1759
1700 1640 1701 1760
1701 1700 1702
1702 1642 1701 1703 1762
1703 1643 1702 1704 1763
1704 1644 1703 1705 1764
1705 1645 1704 1706 1765
1706 1646 1705 1707
1707 1647 1706 1708
1708 1648 1707 1709 1768
1709 1649 1708 1710 1769
1710 1650 1709 1711 1770
1711 1651 1710 1712 1771
1712 1652 1711 1713 1772
1713 1653 1712 1773
1714 1654 1715 1774
1715 1655 1714 1716 1775
1716 1656 1715 1717 1776
1717 1657 1716 1718 1777
1718 1658 1717 1719 1778
1719 1659 1718 1720 1779
1720 1660 1719 1721 1780
1721 1661 1720 1722 1781
1722 1662 1721 1723 1782
1723 1663 1722 1724 1783
1724 1664 1723 1725 1784
1725 1665 1724 1726 1785
1726 1666 1725 1727 1786
1727 1667 1726 1728 1787
1728 1668 1727 1729 1788
1729 1669 1728 1730 1789
1730 1670 1729 1731 1790
1731 1671 1730
1732 1672 1733 1792
1733 1673 1732 1734 1793
1734 1674 1733 1735 1794
1735 1734 1736 1795
1736 1676 1735 1737 1796
1737 1677 1736 1738
1738 1678 1737 1739 1798
1739 1679 1738 1799
1740 1680 1741 1800
1741 1681 1740 1742 1801
1742 1682 1741 1743 1802
1743 1683 1742 1744 1803
1744 1684 1743 1745 1804
1745 1744 1746 1805
1746 1686 1745 1747
1747 1687 1746 1807
1748 1749 1808
1749 1748 1750 1809
1750 1690 1749 1751 1810
1751 1691 1750 1752 1811
1752 1751 1753 1812
1753 1693 1752 1754 1813
1754 1694 1753 1755 1814
1755 1754 1756 1815
1756 1696 1755 1757 1816
1757 1697 1756 1758 1817
1758 1698 1757 1759 1818
1759 1699 1758 1760 1819
1760 1700 1759 1761 1820
1761 1760 1762 1821
1762 1702 1761 1763 1822
1763 1703 1762 1764 1823
1764 1704 1763 1765 1824
1765 1705 1764 1766 1825
1766 1765
1767 1768 1827
1768 1708 1767 1769
1769 1709 1768 1770 1829
1770 1710 1769 1771 1830
1771 1711 1770 1772 1831
1772 1712 1771 1773
1773 1713 1772 1774 1833
1774 1714 1773 1775 1834
1775 1715 1774 1776
1776 1716 1775 1836
1777 1717 1778
1778 1718 1777 1779 1838
1779 1719 1778 1780 1839
1780 1720 1779 1781 1840
1781 1721 1780 1782 1841
1782 1722 1781 1783 1842
1783 1723 1782 1784
1784 1724 1783 1785 1844
1785 1725 1784 1786 1845
1786 1726 1785 1787 1846
1787 1727 1786 1788 1847
1788 1728 1787 1789 1848
1789 1729 1788 1790 1849
1790 1730 1789 1791 1850
1791 1790 1792 1851
1792 1732 1791 1793 1852
1793 1733 1792 1794 1853
1794 1734 1793 1795 1854
1795 1735 1794 1796 1855
1796 1736 1795 1797 1856
1797 1796 1798 1857
1798 1738 1797 1799 1858
1799 1739 1798
1800 1740 1801 1860
1801 1741 1800 1802
1802 1742 1801 1803
1803 1743 1802 1804 1863
1804 1744 1803
1805 1745 1806 1865
1806 1805 1807 1866
1807 1747 1806 1808 1867
1808 1748 1807 1809
1809 1749 1808 1810 1869
1810 1750 1809 1811 1870
1811 1751 1810 1812 1871
1812 1752 1811 1813 1872
1813 1753 1812 1814 1873
1814 1754 1813 1815 1874
1815 1755 1814 1816 1875
1816 1756 1815 1817 1876
1817 1757 1816 1818 1877
1818 1758 1817 1819
1819 1759 1818 1820 1879
1820 1760 1819 1821 1880
1821 1761 1820 1822 1881
1822 1762 1821 1823 1882
1823 1763 1822 1824 1883
1824 1764 1823 1825 1884
1825 1765 1824 1826 1885
1826 1825 1827 1886
1827 1767 1826 1828 1887
1828 1827 1829 1888
1829 1769 1828 1830 1889
1830 1770 1829 1831
1831 1771 1830 1832 1891
1832 1831 1833 1892
1833 1773 1832 1834 1893
1834 1774 1833 1835 1894
1835 1834 1836 1895
1836 1776 1835 1837 1896
1837 1836 1838 1897
1838 1778 1837 1839 1898
1839 1779 1838 1840 1899
1840 1780 1839 1841 1900
1841 1781 1840 1842 1901
1842 1782 1841 1843 1902
1843 1842 1844 1903
1844 1784 1843 1845 1904
1845 1785 1844 1846
1846 1786 1845 1847 1906
1847 1787 1846 1848 1907
1848 1788 1847 1849 1908
1849 1789 1848 1850
1850 1790 1849 1851 1910
1851 1791 1850 1852 1911
1852 1792 1851 1853 1912
1853 1793 1852 1854 1913
1854 1794 1853 1855 1914
1855 1795 1854 1856 1915
1856 1796 1855 1857 1916
1857 1797 1856 1858 1917
1858 1798 1857 1859 1918
1859 1858 1919
1860 1800 1861 1920
1861 1860 1862 1921
1862 1861 1863 1922
1863 1803 1862 1923
1864 1924
1865 1805 1866 1925
1866 1806 1865 1867 1926
1867 1807 1866 1868 1927
1868 1867 1869 1928
1869 1809 1868 1870 1929
1870 1810 1869 1871 1930
1871 1811 1870 1872 1931
1872 1812 1871 1873 1932
1873 1813 1872 1874 1933
1874 1814 1873 1875 1934
1875 1815 1874 1876 1935
1876 1816 1875 1877
1877 1817 1876 1878 1937
1878 1877 1879 1938
1879 1819 1878 1880 1939
1880 1820 1879 1881 1940
1881 1821 1880 1941
1882 1822 1883 1942
1883 1823 1882 1884 1943
1884 1824 1883 1885 1944
1885 1825 1884 1886 1945
1886 1826 1885 1887 1946
1887 1827 1886 1888 1947
1888 1828 1887 1889 1948
1889 1829 1888 1890 1949
1890 1889 1891
1891 1831 1890 1892 1951
1892 1832 1891 1893 1952
1893 1833 1892 1894 1953
1894 1834 1893 1895 1954
1895 1835 1894 1896 1955
1896 1836 1895 1897 1956
1897 1837 1896 1898 1957
1898 1838 1897 1958
1899 1839 1900 1959
1900 1840 1899 1901 1960
1901 1841 1900 1902 1961
1902 1842 1901 1903
1903 1843 1902 1904 1963
1904 1844 1903 1905 1964
1905 1904 1906 1965
1906 1846 1905 1907 1966
1907 1847 1906 1967
1908 1848 1909 1968
1909 1908 1910 1969
1910 1850 1909 1911 1970
1911 1851 1910 1912 1971
1912 1852 1911 1913 1972
1913 1853 1912 1914
1914 1854 1913 1915 1974
1915 1855 1914 1916 1975
1916 1856 1915 1917 1976
1917 1857 1916 1918 1977
1918 1858 1917 1919 1978
1919 1859 1918 1979
1920 1860 1921 1980
1921 1861 1920 1922 1981
1922 1862 1921 1923 1982
1923 1863 1922 1924 1983
1924 1864 1923 1925 1984
1925 1865 1924 1926 1985
1926 1866 1925 1927
1927 1867 1926 1928 1987
1928 1868 1927 1929 1988
1929 1869 1928 1930 1989
1930 1870 1929 1931 1990
1931 1871 1930 1932 1991
1932 1872 1931 1933 1992
1933 1873 1932 1993
1934 1874 1935 1994
1935 1875 1934 1936 1995
1936 1935 1937 1996
1937 1877 1936 1997
1938 1878 1939 1998
1939 1879 1938 1940 1999
1940 1880 1939 1941 2000
1941 1881 1940 1942 2001
1942 1882 1941 1943 2002
1943 1883 1942 1944 2003
1944 1884 1943 1945 2004
1945 1885 1944 2005
1946 1886 1947 2006
1947 1887 1946 1948 2007
1948 1888 1947 1949 2008
1949 1889 1948 1950 2009
1950 1949 1951 2010
1951 1891 1950 1952 2011
1952 1892 1951 1953 2012
1953 1893 1952 1954 2013
1954 1894 1953 2014
1955 1895 1956 2015
1956 1896 1955 1957 2016
1957 1897 1956 1958 2017
1958 1898 1957 1959 2018
1959 1899 1958 1960 2019
1960 1900 1959 1961 2020
1961 1901 1960 1962 2021
1962 1961 1963 2022
1963 1903 1962 1964
1964 1904 1963 1965 2024
1965 1905 1964 1966 2025
1966 1906 1965 1967 2026
1967 1907 1966 1968 2027
1968 1908 1967 1969 2028
1969 1909 1968 1970 2029
1970 1910 1969 1971 2030
1971 1911 1970 1972 2031
1972 1912 1971 1973 2032
1973 1972 1974 2033
1974 1914 1973 1975 2034
1975 1915 1974 1976 2035
1976 1916 1975 1977 2036
1977 1917 1976 1978 2037
1978 1918 1977 1979 2038
1979 1919 1978 2039
1980 1920 1981
1981 1921 1980 1982 2041
1982 1922 1981 1983 2042
1983 1923 1982 1984 2043
1984 1924 1983 1985 2044
1985 1925 1984 2045
1986 1987 2046
1987 1927 1986 1988 2047
1988 1928 1987 1989 2048
1989 1929 1988 1990 2049
1990 1930 1989 1991 2050
1991 1931 1990 1992 2051
1992 1932 1991 1993 2052
1993 1933 1992 1994 2053
1994 1934 1993 1995 2054
1995 1935 1994 1996
1996 1936 1995 1997 2056
1997 1937 1996 1998 2057
1998 1938 1997 1999 2058
1999 1939 1998 2000 2059
2000 1940 1999 2001 2060
2001 1941 2000 2002 2061
2002 1942 2001 2062
2003 1943 2004 2063
2004 1944 2003 2005 2064
2005 1945 2004 2006 2065
2006 1946 2005 2007 2066
2007 1947 2006 2067
2008 1948 2009 2068
2009 1949 2008 2010 2069
2010 1950 2009 2011 2070
2011 1951 2010
2012 1952 2072
2013 1953 2014
2014 1954 2013 2015 2074
2015 1955 2014 2016 2075
2016 1956 2015 2017 2076
2017 1957 2016 2018 2077
2018 1958 2017 2019 2078
2019 1959 2018 2020 2079
2020 1960 2019 2021 2080
2021 1961 2020 2022 2081
2022 1962 2021 2023 2082
2023 2022 2024 2083
2024 1964 2023 2025 2084
2025 1965 2024 2026 2085
2026 1966 2025 2086
2027 1967 2028
2028 1968 2027 2029 2088
2029 1969 2028 2030 2089
2030 1970 2029 2090
2031 1971 2032 2091
2032 1972 2031 2033 2092
2033 1973 2032 2093
2034 1974 2035 2094
2035 1975 2034 2036 2095
2036 1976 2035 2037 2096
2037 1977 2036 2038 2097
2038 1978 2037 2039 2098
2039 1979 2038 2099
2040 2041 2100
2041 1981 2040 2042 2101
2042 1982 2041 2043 2102
2043 1983 2042 2044 2103
2044 1984 2043 2045 2104
2045 1985 2044 2105
2046 1986
2047 1987 2048 2107
2048 1988 2047
2049 1989 2050 2109
2050 1990 2049 2051 2110
2051 1991 2050 2052 2111
2052 1992 2051 2053 2112
2053 1993 2052 2113
2054 1994 2055 2114
2055 2054 2056 2115
2056 1996 2055
2057 1997 2058 2117
2058 1998 2057 2118
2059 1999 2060 2119
2060 2000 2059 2061 2120
2061 2001 2060 2062 2121
2062 2002 2061 2063 2122
2063 2003 2062 2064 2123
2064 2004 2063 2065
2065 2005 2064 2066 2125
2066 2006 2065 2067 2126
2067 2007 2066 2068 2127
2068 2008 2067 2069 2128
2069 2009 2068 2129
2070 2010 2071 2130
2071 2070 2072 2131
2072 2012 2071 2073 2132
2073 2072 2074 2133
2074 2014 2073 2075 2134
2075 2015 2074 2076 2135
2076 2016 2075 2077 2136
2077 2017 2076 2078 2137
2078 2018 2077 2079 2138
2079 2019 2078 2080
2080 2020 2079 2081 2140
2081 2021 2080 2082 2141
2082 2022 2081 2142
2083 2023 2084 2143
2084 2024 2083 2085 2144
2085 2025 2084 2145
2086 2026 2087
2087 2086 2088 2147
2088 2028 2087 2089 2148
2089 2029 2088 2090 2149
2090 2030 2089 2091
2091 2031 2090 2092 2151
2092 2032 2091 2093 2152
2093 2033 2092 2094 2153
2094 2034 2093 2095 2154
2095 2035 2094 2096 2155
2096 2036 2095 2097 2156
2097 2037 2096 2157
2098 2038 2099 2158
2099 2039 2098 2159
2100 2040 2101 2160
2101 2041 2100 2102 2161
2102 2042 2101 2103 2162
2103 2043 2102 2104 2163
2104 2044 2103 2105 2164
2105 2045 2104 2106 2165
2106 2105 2107 2166
2107 2047 2106 2108 2167
2108 2107 2109 2168
2109 2049 2108 2110 2169
2110 2050 2109 2111 2170
2111 2051 2110 2112 2171
2112 2052 2111 2113 2172
2113 2053 2112 2114 2173
2114 2054 2113 2115 2174
2115 2055 2114 2116 2175
2116 2115 2117
2117 2057 2116 2118
2118 2058 2117 2119 2178
2119 2059 2118 2120 2179
2120 2060 2119 2121
2121 2061 2120 2122 2181
2122 2062 2121 2123 2182
2123 2063 2122 2124
2124 2123 2125 2184
2125 2065 2124 2126 2185
2126 2066 2125 2127
2127 2067 2126 2128
2128 2068 2127 2129 2188
2129 2069 2128 2189
2130 2070 2131 2190
2131 2071 2130 2132 2191
2132 2072 2131 2133
2133 2073 2132 2134 2193
2134 2074 2133 2135 2194
2135 2075 2134 2136 2195
2136 2076 2135 2137 2196
2137 2077 2136 2138 2197
2138 2078 2137 2139 2198
2139 2138 2140
2140 2080 2139 2141 2200
2141 2081 2140 2142 2201
2142 2082 2141 2143 2202
2143 2083 2142 2144 2203
2144 2084 2143 2145 2204
2145 2085 2144 2205
2146 2147
2147 2087 2146 2148 2207
2148 2088 2147 2149 2208
2149 2089 2148 2150 2209
2150 2149 2151 2210
2151 2091 2150 2211
2152 2092 2153 2212
2153 2093 2152 2154 2213
2154 2094 2153 2214
2155 2095 2156 2215
2156 2096 2155 2157 2216
2157 2097 2156 2158 2217
2158 2098 2157 2159 2218
2159 2099 2158 2219
2160 2100 2161 2220
2161 2101 2160 2162 2221
2162 2102 2161 2222
2163 2103 2164 2223
2164 2104 2163 2165 2224
2165 2105 2164 2166 2225
2166 2106 2165 2167 2226
2167 2107 2166 2168
2168 2108 2167 2228
2169 2109 2170 2229
2170 2110 2169 2171 2230
2171 2111 2170 2172 2231
2172 2112 2171 2173 2232
2173 2113 2172 2174 2233
2174 2114 2173 2175 2234
2175 2115 2174 2176 2235
2176 2175 2177 2236
2177 2176 2178 2237
2178 2118 2177 2238
2179 2119 2180 2239
2180 2179 2181 2240
2181 2121 2180 2182 2241
2182 2122 2181 2183 2242
2183 2182 2184 2243
2184 2124 2183 2185 2244
2185 2125 2184 2186
2186 2185 2187 2246
2187 2186 2188 2247
2188 2128 2187 2189
2189 2129 2188 2190 2249
2190 2130 2189 2191 2250
2191 2131 2190 2192 2251
2192 2191 2193 2252
2193 2133 2192 2194 2253
2194 2134 2193 2195 2254
2195 2135 2194 2196 2255
2196 2136 2195 2197 2256
2197 2137 2196 2198 2257
2198 2138 2197 2199 2258
2199 2198 2200 2259
2200 2140 2199 2201 2260
2201 2141 2200 2261
2202 2142 2203
2203 2143 2202 2204 2263
2204 2144 2203 2205 2264
2205 2145 2204 2206 2265
2206 2205 2207 2266
2207 2147 2206 2208
2208 2148 2207 2209 2268
2209 2149 2208 2210 2269
2210 2150 2209 2211 2270
2211 2151 2210 2271
2212 2152 2213 2272
2213 2153 2212 2214 2273
2214 2154 2213 2274
2215 2155 2216 2275
2216 2156 2215 2217 2276
2217 2157 2216 2218 2277
2218 2158 2217 2278
2219 2159 2279
2220 2160 2221 2280
2221 2161 2220 2222 2281
2222 2162 2221 2223 2282
2223 2163 2222 2224
2224 2164 2223 2225 2284
2225 2165 2224 2226 2285
2226 2166 2225 2227 2286
2227 2226 2228
2228 2168 2227 2229 2288
2229 2169 2228 2230 2289
2230 2170 2229 2231 2290
2231 2171 2230 2232 2291
2232 2172 2231 2233 2292
2233 2173 2232 2234 2293
2234 2174 2233 2235 2294
2235 2175 2234 2236 2295
2236 2176 2235 2237 2296
2237 2177 2236 2238 2297
2238 2178 2237 2298
2239 2179 2240 2299
2240 2180 2239 2241 2300
2241 2181 2240 2242 2301
2242 2182 2241 2243
2243 2183 2242 2244 2303
2244 2184 2243 2245
2245 2244 2305
2246 2186 2247 2306
2247 2187 2246 2248 2307
2248 2247 2249 2308
2249 2189 2248 2250 2309
2250 2190 2249 2251
2251 2191 2250 2252 2311
2252 2192 2251 2253 2312
2253 2193 2252 2254 2313
2254 2194 2253
2255 2195 2315
2256 2196 2257
2257 2197 2256 2258 2317
2258 2198 2257 2259 2318
2259 2199 2258 2260 2319
2260 2200 2259 2261
2261 2201 2260 2262 2321
2262 2261 2322
2263 2203 2264 2323
2264 2204 2263 2265 2324
2265 2205 2264 2266 2325
2266 2206 2265 2267 2326
2267 2266 2268 2327
2268 2208 2267 2269 2328
2269 2209 2268 2270 2329
2270 2210 2269 2271 2330
2271 2211 2270 2272 2331
2272 2212 2271 2273 2332
2273 2213 2272 2274 2333
2274 2214 2273 2275 2334
2275 2215 2274 2276 2335
2276 2216 2275 2277 2336
2277 2217 2276 2278 2337
2278 2218 2277 2279 2338
2279 2219 2278 2339
2280 2220 2281 2340
2281 2221 2280 2282 2341
2282 2222 2281 2283 2342
2283 2282 2284
2284 2224 2283 2285 2344
2285 2225 2284 2345
2286 2226 2287 2346
2287 2286 2288 2347
2288 2228 2287 2289 2348
2289 2229 2288 2290 2349
2290 2230 2289 2291 2350
2291 2231 2290 2292 2351
2292 2232 2291 2352
2293 2233 2294 2353
2294 2234 2293 2295 2354
2295 2235 2294 2296 2355
2296 2236 2295 2297 2356
2297 2237 2296 2298 2357
2298 2238 2297 2299 2358
2299 2239 2298 2300 2359
2300 2240 2299 2301 2360
2301 2241 2300 2302 2361
2302 2301 2303 2362
2303 2243 2302 2304 2363
2304 2303 2305
2305 2245 2304 2306 2365
2306 2246 2305 2307 2366
2307 2247 2306 2308 2367
2308 2248 2307 2309 2368
2309 2249 2308 2310 2369
2310 2309 2311 2370
2311 2251 2310 2371
2312 2252 2313 2372
2313 2253 2312 2314 2373
2314 2313 2315 2374
2315 2255 2314 2316 2375
2316 2315 2317 2376
2317 2257 2316 2318 2377
2318 2258 2317 2319
2319 2259 2318 2379
2320 2321 2380
2321 2261 2320 2322
2322 2262 2321 2323 2382
2323 2263 2322 2324
2324 2264 2323 2325 2384
2325 2265 2324 2326 2385
2326 2266 2325 2327 2386
2327 2267 2326 2328 2387
2328 2268 2327 2329 2388
2329 2269 2328 2330
2330 2270 2329 2331 2390
2331 2271 2330 2332 2391
2332 2272 2331 2333 2392
2333 2273 2332 2334 2393
2334 2274 2333 2335 2394
2335 2275 2334 2336 2395
2336 2276 2335 2337 2396
2337 2277 2336 2338 2397
2338 2278 2337 2339
2339 2279 2338 2399
2340 2280 2341
2341 2281 2340
2342 2282 2343 2402
2343 2342 2344 2403
2344 2284 2343 2345 2404
2345 2285 2344 2346 2405
2346 2286 2345 2347
2347 2287 2346 2348
2348 2288 2347 2349 2408
2349 2289 2348 2350 2409
2350 2290 2349 2351
2351 2291 2350 2352 2411
2352 2292 2351 2353 2412
2353 2293 2352 2354 2413
2354 2294 2353 2355 2414
2355 2295 2354 2356 2415
2356 2296 2355 2357 2416
2357 2297 2356 2358 2417
2358 2298 2357 2359 2418
2359 2299 2358 2360 2419
2360 2300 2359 2361 2420
2361 2301 2360 2362 2421
2362 2302 2361 2363 2422
2363 2303 2362 2364 2423
2364 2363 2365 2424
2365 2305 2364 2366 2425
2366 2306 2365 2367
2367 2307 2366 2368 2427
2368 2308 2367 2369 2428
2369 2309 2368 2370 2429
2370 2310 2369 2371 2430
2371 2311 2370 2372
2372 2312 2371 2373 2432
2373 2313 2372 2374 2433
2374 2314 2373 2375 2434
2375 2315 2374 2376 2435
2376 2316 2375 2377 2436
2377 2317 2376 2378 2437
2378 2377 2438
2379 2319 2380 2439
2380 2320 2379 2381 2440
2381 2380 2382 2441
2382 2322 2381 2383 2442
2383 2382 2384 2443
2384 2324 2383 2385 2444
2385 2325 2384 2386 2445
2386 2326 2385 2387 2446
2387 2327 2386 2447
2388 2328 2389 2448
2389 2388 2390 2449
2390 2330 2389 2391 2450
2391 2331 2390 2392 2451
2392 2332 2391 2393 2452
2393 2333 2392 2394 2453
2394 2334 2393 2395 2454
2395 2335 2394 2455
2396 2336 2456
2397 2337 2398 2457
2398 2397 2399 2458
2399 2339 2398 2459
2400 2460
2401 2402 2461
2402 2342 2401 2403
2403 2343 2402 2404 2463
2404 2344 2403 2405
2405 2345 2404 2406 2465
2406 2405 2407 2466
2407 2406 2408 2467
2408 2348 2407 2409 2468
2409 2349 2408 2410 2469
2410 2409 2411 2470
2411 2351 2410 2412 2471
2412 2352 2411 2413 2472
2413 2353 2412 2414 2473
2414 2354 2413 2474
2415 2355 2416 2475
2416 2356 2415 2417 2476
2417 2357 2416 2477
2418 2358 2419 2478
2419 2359 2418 2420 2479
2420 2360 2419 2421 2480
2421 2361 2420 2422 2481
2422 2362 2421 2423 2482
2423 2363 2422 2424 2483
2424 2364 2423 2425 2484
2425 2365 2424 2426 2485
2426 2425 2427 2486
2427 2367 2426 2428 2487
2428 2368 2427 2429 2488
2429 2369 2428 2430 2489
2430 2370 2429 2431
2431 2430 2432 2491
2432 2372 2431 2433 2492
2433 2373 2432 2434 2493
2434 2374 2433 2435 2494
2435 2375 2434 2436 2495
2436 2376 2435 2437 2496
2437 2377 2436 2438 2497
2438 2378 2437 2439 2498
2439 2379 2438 2440 2499
2440 2380 2439 2441
2441 2381 2440 2501
2442 2382 2443 2502
2443 2383 2442 2444 2503
2444 2384 2443 2445 2504
2445 2385 2444 2505
2446 2386 2447 2506
2447 2387 2446 2507
2448 2388
2449 2389 2450 2509
2450 2390 2449 2451 2510
2451 2391 2450 2452 2511
2452 2392 2451 2453
2453 2393 2452 2454
2454 2394 2453 2455 2514
2455 2395 2454 2456 2515
2456 2396 2455 2457
2457 2397 2456 2517
2458 2398 2459 2518
2459 2399 2458 2519
2460 2400 2461 2520
2461 2401 2460 2462
2462 2461 2463 2522
2463 2403 2462 2464 2523
2464 2463 2465 2524
2465 2405 2464 2466 2525
2466 2406 2465 2467 2526
2467 2407 2466 2468 2527
2468 2408 2467 2469 2528
2469 2409 2468 2470
2470 2410 2469 2530
2471 2411 2472 2531
2472 2412 2471 2473 2532
2473 2413 2472 2474 2533
2474 2414 2473 2475 2534
2475 2415 2474 2476 2535
2476 2416 2475 2536
2477 2417 2478 2537
2478 2418 2477 2479
2479 2419 2478 2480 2539
2480 2420 2479
2481 2421 2482 2541
2482 2422 2481 2483 2542
2483 2423 2482 2484 2543
2484 2424 2483
2485 2425 2486 2545
2486 2426 2485 2487 2546
2487 2427 2486 2488 2547
2488 2428 2487 2489 2548
2489 2429 2488 2490
2490 2489 2491 2550
2491 2431 2490 2492 2551
2492 2432 2491 2493 2552
2493 2433 2492 2494 2553
2494 2434 2493 2495
2495 2435 2494 2496 2555
2496 2436 2495 2497 2556
2497 2437 2496 2498 2557
2498 2438 2497 2499
2499 2439 2498 2559
2500 2501 2560
2501 2441 2500 2561
2502 2442 2562
2503 2443 2504 2563
2504 2444 2503 2505
2505 2445 2504
2506 2446 2507 2566
2507 2447 2506 2508 2567
2508 2507 2509 2568
2509 2449 2508 2510 2569
2510 2450 2509 2511 2570
2511 2451 2510 2512 2571
2512 2511 2513 2572
2513 2512 2514 2573
2514 2454 2513 2515 2574
2515 2455 2514 2516 2575
2516 2515 2517 2576
2517 2457 2516 2518 2577
2518 2458 2517 2519 2578
2519 2459 2518 2579
2520 2460 2521 2580
2521 2520 2522 2581
2522 2462 2521 2523
2523 2463 2522 2524
2524 2464 2523 2525 2584
2525 2465 2524 2526 2585
2526 2466 2525 2527 2586
2527 2467 2526 2528 2587
2528 2468 2527 2529 2588
2529 2528 2530 2589
2530 2470 2529 2531 2590
2531 2471 2530 2532 2591
2532 2472 2531 2592
2533 2473 2593
2534 2474 2594
2535 2475 2536 2595
2536 2476 2535 2537 2596
2537 2477 2536 2538 2597
2538 2537 2598
2539 2479 2540 2599
2540 2539 2541 2600
2541 2481 2540 2542 2601
2542 2482 2541 2543 2602
2543 2483 2542 2544 2603
2544 2543 2545 2604
2545 2485 2544 2546 2605
2546 2486 2545 2547 2606
2547 2487 2546 2548 2607
2548 2488 2547 2608
2549 2550 2609
2550 2490 2549 2551 2610
2551 2491 2550 2552 2611
2552 2492 2551 2553 2612
2553 2493 2552 2554 2613
2554 2553 2555 2614
2555 2495 2554 2556 2615
2556 2496 2555 2557
2557 2497 2556 2617
2558 2618
2559 2499 2560 2619
2560 2500 2559 2561
2561 2501 2560 2562
2562 2502 2561 2563 2622
2563 2503 2562 2564 2623
2564 2563 2565 2624
2565 2564 2566 2625
2566 2506 2565 2567 2626
2567 2507 2566 2568
2568 2508 2567 2569 2628
2569 2509 2568 2570 2629
2570 2510 2569 2571 2630
2571 2511 2570 2572 2631
2572 2512 2571 2573 2632
2573 2513 2572 2574 2633
2574 2514 2573 2575 2634
2575 2515 2574 2635
2576 2516 2577 2636
2577 2517 2576 2578 2637
2578 2518 2577 2638
2579 2519 2639
2580 2520 2581 2640
2581 2521 2580 2641
2582 2583 2642
2583 2582 2643
2584 2524 2585 2644
2585 2525 2584 2586 2645
2586 2526 2585 2587 2646
2587 2527 2586 2588 2647
2588 2528 2587 2589 2648
2589 2529 2588 2590 2649
2590 2530 2589 2591 2650
2591 2531 2590 2651
2592 2532 2593 2652
2593 2533 2592 2594 2653
2594 2534 2593 2654
2595 2535 2596 2655
2596 2536 2595 2597 2656
2597 2537 2596 2657
2598 2538 2599
2599 2539 2598 2600 2659
2600 2540 2599 2601 2660
2601 2541 2600 2602 2661
2602 2542 2601 2603 2662
2603 2543 2602 2604
2604 2544 2603 2605 2664
2605 2545 2604 2606 2665
2606 2546 2605 2607 2666
2607 2547 2606 2608 2667
2608 2548 2607 2609 2668
2609 2549 2608 2669
2610 2550 2611 2670
2611 2551 2610 2612 2671
2612 2552 2611 2613 2672
2613 2553 2612 2614 2673
2614 2554 2613 2615 2674
2615 2555 2614 2616 2675
2616 2615 2617 2676
2617 2557 2616 2618 2677
2618 2558 2617 2678
2619 2559 2620 2679
2620 2619 2621 2680
2621 2620 2622 2681
2622 2562 2621 2623 2682
2623 2563 2622 2624 2683
2624 2564 2623 2684
2625 2565 2626 2685
2626 2566 2625 2627 2686
2627 2626 2628 2687
2628 2568 2627 2629 2688
2629 2569 2628 2630 2689
2630 2570 2629 2631 2690
2631 2571 2630 2632 2691
2632 2572 2631 2633 2692
2633 2573 2632 2693
2634 2574 2635 2694
2635 2575 2634 2636 2695
2636 2576 2635 2637 2696
2637 2577 2636 2697
2638 2578 2639 2698
2639 2579 2638 2699
2640 2580 2700
2641 2581 2642
2642 2582 2641 2643 2702
2643 2583 2642 2644 2703
2644 2584 2643 2645 2704
2645 2585 2644 2646 2705
2646 2586 2645 2647
2647 2587 2646 2648 2707
2648 2588 2647 2649 2708
2649 2589 2648 2650 2709
2650 2590 2649 2651 2710
2651 2591 2650 2652 2711
2652 2592 2651 2653 2712
2653 2593 2652 2713
2654 2594 2655 2714
2655 2595 2654 2656
2656 2596 2655 2657 2716
2657 2597 2656 2658 2717
2658 2657 2659 2718
2659 2599 2658 2660
2660 2600 2659 2661 2720
2661 2601 2660 2721
2662 2602 2663 2722
2663 2662 2664 2723
2664 2604 2663 2665 2724
2665 2605 2664 2725
2666 2606 2667
2667 2607 2666 2668 2727
2668 2608 2667 2669 2728
2669 2609 2668 2670 2729
2670 2610 2669 2671 2730
2671 2611 2670 2672 2731
2672 2612 2671 2673 2732
2673 2613 2672 2674 2733
2674 2614 2673 2675 2734
2675 2615 2674 2676 2735
2676 2616 2675 2677
2677 2617 2676 2678 2737
2678 2618 2677 2679 2738
2679 2619 2678 2680 2739
2680 2620 2679 2681 2740
2681 2621 2680 2682 2741
2682 2622 2681 2683 2742
2683 2623 2682 2684 2743
2684 2624 2683 2744
2685 2625 2686 2745
2686 2626 2685 2687 2746
2687 2627 2686 2688
2688 2628 2687 2689
2689 2629 2688 2690 2749
2690 2630 2689 2691 2750
2691 2631 2690 2692 2751
2692 2632 2691 2693 2752
2693 2633 2692 2753
2694 2634 2695 2754
2695 2635 2694 2755
2696 2636 2697 2756
2697 2637 2696 2698 2757
2698 2638 2697 2699 2758
2699 2639 2698 2759
2700 2640 2701
2701 2700 2702 2761
2702 2642 2701 2703 2762
2703 2643 2702 2704 2763
2704 2644 2703 2705 2764
2705 2645 2704 2706 2765
2706 2705 2707 2766
2707 2647 2706 2708 2767
2708 2648 2707 2709 2768
2709 2649 2708 2710 2769
2710 2650 2709 2711 2770
2711 2651 2710 2712 2771
2712 2652 2711 2772
2713 2653 2714 2773
2714 2654 2713 2715 2774
2715 2714 2716 2775
2716 2656 2715 2717 2776
2717 2657 2716 2718 2777
2718 2658 2717 2719 2778
2719 2718 2720 2779
2720 2660 2719 2721 2780
2721 2661 2720 2722
2722 2662 2721 2723 2782
2723 2663 2722 2724 2783
2724 2664 2723 2725 2784
2725 2665 2724 2726 2785
2726 2725 2727 2786
2727 2667 2726 2787
2728 2668 2729
2729 2669 2728 2730 2789
2730 2670 2729 2731
2731 2671 2730 2732 2791
2732 2672 2731 2733 2792
2733 2673 2732 2734 2793
2734 2674 2733 2735 2794
2735 2675 2734 2736 2795
2736 2735 2737 2796
2737 2677 2736 2738 2797
2738 2678 2737 2739 2798
2739 2679 2738 2740 2799
2740 2680 2739 2741 2800
2741 2681 2740 2742 2801
2742 2682 2741 2743 2802
2743 2683 2742 2744 2803
2744 2684 2743 2745 2804
2745 2685 2744 2746 2805
2746 2686 2745 2747 2806
2747 2746 2748
2748 2747 2749 2808
2749 2689 2748 2750 2809
2750 2690 2749 2751 2810
2751 2691 2750 2752 2811
2752 2692 2751 2753 2812
2753 2693 2752 2754 2813
2754 2694 2753 2755 2814
2755 2695 2754 2756 2815
2756 2696 2755 2757 2816
2757 2697 2756 2758 2817
2758 2698 2757 2759
2759 2699 2758 2819
2760 2761 2820
2761 2701 2760 2762 2821
2762 2702 2761 2763 2822
2763 2703 2762 2764 2823
2764 2704 2763 2765 2824
2765 2705 2764 2766 2825
2766 2706 2765 2767 2826
2767 2707 2766 2768 2827
2768 2708 2767 2769 2828
2769 2709 2768 2770 2829
2770 2710 2769 2771 2830
2771 2711 2770 2772 2831
2772 2712 2771 2773 2832
2773 2713 2772 2774 2833
2774 2714 2773 2775 2834
2775 2715 2774 2776 2835
2776 2716 2775 2777 2836
2777 2717 2776 2778 2837
2778 2718 2777 2779 2838
2779 2719 2778 2839
2780 2720 2781 2840
2781 2780 2782 2841
2782 2722 2781 2783 2842
2783 2723 2782 2784 2843
2784 2724 2783 2785 2844
2785 2725 2784 2786 2845
2786 2726 2785 2787 2846
2787 2727 2786 2847
2788 2789 2848
2789 2729 2788 2790
2790 2789 2791 2850
2791 2731 2790 2792 2851
2792 2732 2791 2793 2852
2793 2733 2792 2794 2853
2794 2734 2793 2795 2854
2795 2735 2794 2796 2855
2796 2736 2795 2797 2856
2797 2737 2796 2798 2857
2798 2738 2797 2799 2858
2799 2739 2798 2800 2859
2800 2740 2799 2801 2860
2801 2741 2800 2802
2802 2742 2801 2803 2862
2803 2743 2802 2804 2863
2804 2744 2803 2805 2864
2805 2745 2804 2806 2865
2806 2746 2805 2807 2866
2807 2806 2808 2867
2808 2748 2807 2809 2868
2809 2749 2808 2810 2869
2810 2750 2809 2811 2870
2811 2751 2810 2812 2871
2812 2752 2811 2813 2872
2813 2753 2812 2814 2873
2814 2754 2813 2815 2874
2815 2755 2814 2875
2816 2756 2817 2876
2817 2757 2816 2818 2877
2818 2817 2819 2878
2819 2759 2818 2879
2820 2760 2821 2880
2821 2761 2820 2822 2881
2822 2762 2821 2823 2882
2823 2763 2822 2824 2883
2824 2764 2823 2825 2884
2825 2765 2824 2826 2885
2826 2766 2825 2827 2886
2827 2767 2826 2828
2828 2768 2827 2888
2829 2769 2830 2889
2830 2770 2829 2831 2890
2831 2771 2830 2832 2891
2832 2772 2831 2833 2892
2833 2773 2832 2834 2893
2834 2774 2833 2894
2835 2775 2836 2895
2836 2776 2835 2837 2896
2837 2777 2836 2838 2897
2838 2778 2837 2839 2898
2839 2779 2838 2899
2840 2780 2841 2900
2841 2781 2840 2842 2901
2842 2782 2841 2843 2902
2843 2783 2842 2844 2903
2844 2784 2843 2845 2904
2845 2785 2844 2846
2846 2786 2845 2906
2847 2787 2848 2907
2848 2788 2847 2849 2908
2849 2848 2850 2909
2850 2790 2849 2851
2851 2791 2850 2852 2911
2852 2792 2851 2853 2912
2853 2793 2852 2854 2913
2854 2794 2853 2855
2855 2795 2854 2856 2915
2856 2796 2855 2857 2916
2857 2797 2856 2858 2917
2858 2798 2857 2859 2918
2859 2799 2858 2860 2919
2860 2800 2859 2861 2920
2861 2860 2862 2921
2862 2802 2861 2922
2863 2803 2864 2923
2864 2804 2863 2865 2924
2865 2805 2864 2866 2925
2866 2806 2865 2867 2926
2867 2807 2866 2868 2927
2868 2808 2867 2869
2869 2809 2868 2870 2929
2870 2810 2869 2871 2930
2871 2811 2870 2872 2931
2872 2812 2871 2873 2932
2873 2813 2872 2874 2933
2874 2814 2873 2875 2934
2875 2815 2874 2876 2935
2876 2816 2875 2877 2936
2877 2817 2876 2878 2937
2878 2818 2877 2879 2938
2879 2819 2878 2939
2880 2820 2881 2940
2881 2821 2880 2882 2941
2882 2822 2881 2883 2942
2883 2823 2882 2884
2884 2824 2883 2885 2944
2885 2825 2884 2886 2945
2886 2826 2885 2887 2946
2887 2886 2947
2888 2828 2889 2948
2889 2829 2888 2890 2949
2890 2830 2889 2891 2950
2891 2831 2890 2892 2951
2892 2832 2891 2893 2952
2893 2833 2892 2894 2953
2894 2834 2893 2895 2954
2895 2835 2894 2896 2955
2896 2836 2895 2897
2897 2837 2896 2898 2957
2898 2838 2897 2899
2899 2839 2898 2900 2959
2900 2840 2899 2901
2901 2841 2900 2902 2961
2902 2842 2901 2903 2962
2903 2843 2902 2904 2963
2904 2844 2903 2905 2964
2905 2904 2906 2965
2906 2846 2905 2907 2966
2907 2847 2906 2908 2967
2908 2848 2907 2968
2909 2849 2910 2969
2910 2909 2911 2970
2911 2851 2910 2912 2971
2912 2852 2911 2913 2972
2913 2853 2912 2914 2973
2914 2913 2915 2974
2915 2855 2914 2916 2975
2916 2856 2915 2917 2976
2917 2857 2916 2918 2977
2918 2858 2917 2919 2978
2919 2859 2918 2920 2979
2920 2860 2919 2921 2980
2921 2861 2920 2922 2981
2922 2862 2921 2923 2982
2923 2863 2922 2924 2983
2924 2864 2923 2925 2984
2925 2865 2924 2926 2985
2926 2866 2925 2927 2986
2927 2867 2926 2928 2987
2928 2927 2929 2988
2929 2869 2928 2930 2989
2930 2870 2929 2931 2990
2931 2871 2930 2991
2932 2872 2933 2992
2933 2873 2932 2934 2993
2934 2874 2933 2935 2994
2935 2875 2934 2936 2995
2936 2876 2935 2937 2996
2937 2877 2936 2938 2997
2938 2878 2937 2998
2939 2879 2999
2940 2880 2941 3000
2941 2881 2940 2942 3001
2942 2882 2941 2943 3002
2943 2942 2944 3003
2944 2884 2943 2945 3004
2945 2885 2944 3005
2946 2886 2947 3006
2947 2887 2946 2948 3007
2948 2888 2947 2949 3008
2949 2889 2948 2950 3009
2950 2890 2949 2951 3010
2951 2891 2950 3011
2952 2892 2953 3012
2953 2893 2952 2954 3013
2954 2894 2953 2955 3014
2955 2895 2954 2956
2956 2955 2957
2957 2897 2956 3017
2958 2959 3018
2959 2899 2958 2960
2960 2959 2961 3020
2961 2901 2960 2962 3021
2962 2902 2961 2963 3022
2963 2903 2962 2964 3023
2964 2904 2963 2965 3024
2965 2905 2964 2966 3025
2966 2906 2965 2967 3026
2967 2907 2966 2968 3027
2968 2908 2967 2969 3028
2969 2909 2968 2970 3029
2970 2910 2969 3030
2971 2911 2972 3031
2972 2912 2971 2973 3032
2973 2913 2972 2974 3033
2974 2914 2973 2975 3034
2975 2915 2974 3035
2976 2916 2977 3036
2977 2917 2976 2978 3037
2978 2918 2977 2979 3038
2979 2919 2978 2980 3039
2980 2920 2979 2981 3040
2981 2921 2980 2982 3041
2982 2922 2981 2983 3042
2983 2923 2982 2984 3043
2984 2924 2983 2985 3044
2985 2925 2984 2986 3045
2986 2926 2985 2987 3046
2987 2927 2986 2988 3047
2988 2928 2987 2989 3048
2989 2929 2988 2990 3049
2990 2930 2989 2991 3050
2991 2931 2990 2992 3051
2992 2932 2991 2993
2993 2933 2992 2994 3053
2994 2934 2993 2995 3054
2995 2935 2994 2996 3055
2996 2936 2995 2997 3056
2997 2937 2996 3057
2998 2938 2999 3058
2999 2939 2998 3059
3000 2940 3001 3060
3001 2941 3000 3002 3061
3002 2942 3001 3003 3062
3003 2943 3002 3004 3063
3004 2944 3003 3005 3064
3005 2945 3004 3006 3065
3006 2946 3005 3007 3066
3007 2947 3006 3008 3067
3008 2948 3007 3009 3068
3009 2949 3008 3069
3010 2950 3011 3070
3011 2951 3010 3012 3071
3012 2952 3011 3013 3072
3013 2953 3012 3073
3014 2954 3015 3074
3015 3014 3016 3075
3016 3015 3076
3017 2957 3018 3077
3018 2958 3017 3019 3078
3019 3018 3020
3020 2960 3019 3021 3080
3021 2961 3020 3022 3081
3022 2962 3021 3023 3082
3023 2963 3022 3024
3024 2964 3023 3025
3025 2965 3024 3026 3085
3026 2966 3025 3027 3086
3027 2967 3026 3028 3087
3028 2968 3027 3029 3088
3029 2969 3028 3030 3089
3030 2970 3029 3031 3090
3031 2971 3030 3032 3091
3032 2972 3031 3033
3033 2973 3032 3034
3034 2974 3033 3035 3094
3035 2975 3034 3036 3095
3036 2976 3035 3037
3037 2977 3036 3038 3097
3038 2978 3037 3039 3098
3039 2979 3038 3040 3099
3040 2980 3039 3041 3100
3041 2981 3040 3042 3101
3042 2982 3041 3043 3102
3043 2983 3042 3044 3103
3044 2984 3043 3045 3104
3045 2985 3044 3046 3105
3046 2986 3045 3047 3106
3047 2987 3046 3048 3107
3048 2988 3047 3049 3108
3049 2989 3048 3050 3109
3050 2990 3049 3051 3110
3051 2991 3050 3052 3111
3052 3051 3053 3112
3053 2993 3052 3054 3113
3054 2994 3053 3055 3114
3055 2995 3054 3056 3115
3056 2996 3055 3057 3116
3057 2997 3056 3058 3117
3058 2998 3057 3059 3118
3059 2999 3058 3119
3060 3000 3061 3120
3061 3001 3060 3062 3121
3062 3002 3061 3063 3122
3063 3003 3062 3064 3123
3064 3004 3063 3065
3065 3005 3064 3066 3125
3066 3006 3065 3126
3067 3007 3068 3127
3068 3008 3067 3069 3128
3069 3009 3068 3070 3129
3070 3010 3069 3071 3130
3071 3011 3070 3072 3131
3072 3012 3071 3073 3132
3073 3013 3072 3074 3133
3074 3014 3073 3075 3134
3075 3015 3074 3076 3135
3076 3016 3075 3077 3136
3077 3017 3076 3137
3078 3018 3079 3138
3079 3078 3139
3080 3020 3081 3140
3081 3021 3080 3082 3141
3082 3022 3081 3083 3142
3083 3082 3084 3143
3084 3083 3085 3144
3085 3025 3084 3086 3145
3086 3026 3085 3087 3146
3087 3027 3086 3147
3088 3028 3148
3089 3029 3090 3149
3090 3030 3089 3091
3091 3031 3090 3092 3151
3092 3091 3093 3152
3093 3092 3094 3153
3094 3034 3093 3095 3154
3095 3035 3094 3096 3155
3096 3095 3097 3156
3097 3037 3096 3098 3157
3098 3038 3097 3099 3158
3099 3039 3098 3100 3159
3100 3040 3099 3101 3160
3101 3041 3100 3102 3161
3102 3042 3101 3103 3162
3103 3043 3102 3104 3163
3104 3044 3103 3105 3164
3105 3045 3104 3106 3165
3106 3046 3105 3107 3166
3107 3047 3106 3167
3108 3048 3109 3168
3109 3049 3108 3110 3169
3110 3050 3109 3111
3111 3051 3110 3112 3171
3112 3052 3111 3172
3113 3053 3114
3114 3054 3113 3115 3174
3115 3055 3114 3116 3175
3116 3056 3115 3117 3176
3117 3057 3116 3118 3177
3118 3058 3117 3119 3178
3119 3059 3118 3179
3120 3060 3121 3180
3121 3061 3120 3122 3181
3122 3062 3121 3123 3182
3123 3063 3122 3124 3183
3124 3123 3184
3125 3065 3185
3126 3066 3127
3127 3067 3126 3128
3128 3068 3127 3129 3188
3129 3069 3128 3130 3189
3130 3070 3129 3190
3131 3071 3132 3191
3132 3072 3131 3133 3192
3133 3073 3132 3134 3193
3134 3074 3133 3135
3135 3075 3134 3195
3136 3076 3137 3196
3137 3077 3136 3138 3197
3138 3078 3137 3139 3198
3139 3079 3138 3140 3199
3140 3080 3139 3141
3141 3081 3140 3142 3201
3142 3082 3141 3202
3143 3083 3144 3203
3144 3084 3143 3145 3204
3145 3085 3144 3146
3146 3086 3145 3147 3206
3147 3087 3146 3148
3148 3088 3147 3149 3208
3149 3089 3148 3150 3209
3150 3149 3151
3151 3091 3150
3152 3092 3212
3153 3093 3154 3213
3154 3094 3153 3155 3214
3155 3095 3154 3156 3215
3156 3096 3155 3157 3216
3157 3097 3156 3158
3158 3098 3157 3159 3218
3159 3099 3158 3160 3219
3160 3100 3159 3161
3161 3101 3160 3221
3162 3102 3163 3222
3163 3103 3162 3164 3223
3164 3104 3163 3165 3224
3165 3105 3164 3166 3225
3166 3106 3165 3167 3226
3167 3107 3166 3227
3168 3108 3169 3228
3169 3109 3168 3229
3170 3171 3230
3171 3111 3170 3231
3172 3112 3173 3232
3173 3172 3233
3174 3114 3175 3234
3175 3115 3174 3176 3235
3176 3116 3175 3236
3177 3117 3178 3237
3178 3118 3177 3179 3238
3179 3119 3178 3239
3180 3120 3240
3181 3121 3182 3241
3182 3122 3181 3183 3242
3183 3123 3182 3184 3243
3184 3124 3183 3185 3244
3185 3125 3184 3186
3186 3185 3187 3246
3187 3186 3188 3247
3188 3128 3187 3248
3189 3129 3190 3249
3190 3130 3189 3191 3250
3191 3131 3190 3192 3251
3192 3132 3191 3193 3252
3193 3133 3192 3253
3194 3195 3254
3195 3135 3194 3196 3255
3196 3136 3195 3197 3256
3197 3137 3196 3198 3257
3198 3138 3197 3199 3258
3199 3139 3198 3200 3259
3200 3199 3260
3201 3141 3202 3261
3202 3142 3201 3262
3203 3143 3204
3204 3144 3203 3205 3264
3205 3204
3206 3146 3207 3266
3207 3206 3267
3208 3148 3209 3268
3209 3149 3208 3210 3269
3210 3209 3211
3211 3210 3212 3271
3212 3152 3211 3213 3272
3213 3153 3212 3214 3273
3214 3154 3213 3215 3274
3215 3155 3214 3216 3275
3216 3156 3215 3217 3276
3217 3216
3218 3158 3219 3278
3219 3159 3218 3220 3279
3220 3219 3221 3280
3221 3161 3220 3222 3281
3222 3162 3221 3223 3282
3223 3163 3222 3224 3283
3224 3164 3223 3225 3284
3225 3165 3224 3226 3285
3226 3166 3225 3227 3286
3227 3167 3226 3228 3287
3228 3168 3227 3229 3288
3229 3169 3228 3230 3289
3230 3170 3229 3231
3231 3171 3230 3232 3291
3232 3172 3231 3233 3292
3233 3173 3232 3234 3293
3234 3174 3233 3294
3235 3175 3236 3295
3236 3176 3235 3237 3296
3237 3177 3236 3238 3297
3238 3178 3237 3239 3298
3239 3179 3238 3299
3240 3180 3241 3300
3241 3181 3240 3301
3242 3182 3243 3302
3243 3183 3242 3244 3303
3244 3184 3243 3245 3304
3245 3244 3246 3305
3246 3186 3245 3247 3306
3247 3187 3246 3248 3307
3248 3188 3247 3249 3308
3249 3189 3248 3309
3250 3190 3251 3310
3251 3191 3250 3252 3311
3252 3192 3251 3253 3312
3253 3193 3252 3254 3313
3254 3194 3253 3255 3314
3255 3195 3254 3256 3315
3256 3196 3255 3257
3257 3197 3256 3258 3317
3258 3198 3257 3259 3318
3259 3199 3258 3319
3260 3200 3261 3320
3261 3201 3260 3262 3321
3262 3202 3261 3322
3263 3323
3264 3204 3265 3324
3265 3264 3266 3325
3266 3206 3265 3267 3326
3267 3207 3266 3268 3327
3268 3208 3267 3269 3328
3269 3209 3268 3329
3270 3271 3330
3271 3211 3270 3272 3331
3272 3212 3271 3273 3332
3273 3213 3272 3274 3333
3274 3214 3273 3275 3334
3275 3215 3274 3335
3276 3216 3277 3336
3277 3276 3278 3337
3278 3218 3277 3279 3338
3279 3219 3278 3280 3339
3280 3220 3279 3281 3340
3281 3221 3280 3282 3341
3282 3222 3281 3283 3342
3283 3223 3282 3284
3284 3224 3283 3285 3344
3285 3225 3284 3286 3345
3286 3226 3285 3287 3346
3287 3227 3286 3288 3347
3288 3228 3287 3289 3348
3289 3229 3288 3290
3290 3289 3291 3350
3291 3231 3290 3292 3351
3292 3232 3291 3293 3352
3293 3233 3292 3294 3353
3294 3234 3293 3295 3354
3295 3235 3294 3355
3296 3236 3297 3356
3297 3237 3296 3357
3298 3238 3299 3358
3299 3239 3298 3359
3300 3240 3301
3301 3241 3300 3302 3361
3302 3242 3301 3303
3303 3243 3302 3304 3363
3304 3244 3303 3305 3364
3305 3245 3304 3306 3365
3306 3246 3305 3307 3366
3307 3247 3306 3308 3367
3308 3248 3307 3309 3368
3309 3249 3308 3310 3369
3310 3250 3309 3311
3311 3251 3310 3312 3371
3312 3252 3311 3313 3372
3313 3253 3312 3314 3373
3314 3254 3313 3315 3374
3315 3255 3314 3316 3375
3316 3315 3317 3376
3317 3257 3316 3318 3377
3318 3258 3317 3319 3378
3319 3259 3318 3320 3379
3320 3260 3319 3321 3380
3321 3261 3320 3322 3381
3322 3262 3321 3323 3382
3323 3263 3322 3383
3324 3264 3325 3384
3325 3265 3324 3326
3326 3266 3325 3327 3386
3327 3267 3326 3328 3387
3328 3268 3327 3388
3329 3269 3330
3330 3270 3329 3331 3390
3331 3271 3330 3332 3391
3332 3272 3331 3392
3333 3273 3334 3393
3334 3274 3333 3335 3394
3335 3275 3334 3336 3395
3336 3276 3335 3337 3396
3337 3277 3336 3338 3397
3338 3278 3337 3339 3398
3339 3279 3338 3340 3399
3340 3280 3339 3341 3400
3341 3281 3340 3342 3401
3342 3282 3341 3343 3402
3343 3342 3344 3403
3344 3284 3343 3345 3404
3345 3285 3344 3346 3405
3346 3286 3345 3347 3406
3347 3287 3346 3348 3407
3348 3288 3347 3349 3408
3349 3348 3350 3409
3350 3290 3349 3351 3410
3351 3291 3350 3352
3352 3292 3351 3353 3412
3353 3293 3352 3354 3413
3354 3294 3353 3355 3414
3355 3295 3354 3356 3415
3356 3296 3355 3357 3416
3357 3297 3356 3358 3417
3358 3298 3357 3359 3418
3359 3299 3358 3419
3360 3361 3420
3361 3301 3360 3362 3421
3362 3361 3363 3422
3363 3303 3362 3364 3423
3364 3304 3363 3365 3424
3365 3305 3364 3425
3366 3306 3367 3426
3367 3307 3366 3368 3427
3368 3308 3367
3369 3309 3370 3429
3370 3369 3371 3430
3371 3311 3370 3372 3431
3372 3312 3371 3373 3432
3373 3313 3372 3374 3433
3374 3314 3373 3375 3434
3375 3315 3374 3376 3435
3376 3316 3375 3377 3436
3377 3317 3376 3378 3437
3378 3318 3377 3379 3438
3379 3319 3378 3380 3439
3380 3320 3379 3381 3440
3381 3321 3380 3382 3441
3382 3322 3381 3383
3383 3323 3382 3384 3443
3384 3324 3383 3385 3444
3385 3384 3386
3386 3326 3385 3387 3446
3387 3327 3386 3388 3447
3388 3328 3387 3389 3448
3389 3388 3390 3449
3390 3330 3389 3391 3450
3391 3331 3390 3451
3392 3332 3452
3393 3333 3394 3453
3394 3334 3393 3395 3454
3395 3335 3394 3396 3455
3396 3336 3395 3397 3456
3397 3337 3396 3398 3457
3398 3338 3397 3458
3399 3339 3400 3459
3400 3340 3399 3401
3401 3341 3400 3402 3461
3402 3342 3401 3403 3462
3403 3343 3402 3404 3463
3404 3344 3403 3405 3464
3405 3345 3404 3406 3465
3406 3346 3405 3407 3466
3407 3347 3406 3467
3408 3348
3409 3349 3410 3469
3410 3350 3409 3411 3470
3411 3410 3412 3471
3412 3352 3411 3413 3472
3413 3353 3412 3414 3473
3414 3354 3413 3415 3474
3415 3355 3414 3416 3475
3416 3356 3415 3417
3417 3357 3416 3418
3418 3358 3417 3419
3419 3359 3418 3479
3420 3360 3421 3480
3421 3361 3420 3481
3422 3362 3423 3482
3423 3363 3422 3424 3483
3424 3364 3423
3425 3365 3426 3485
3426 3366 3425 3427 3486
3427 3367 3426 3428 3487
3428 3427 3429 3488
3429 3369 3428 3430 3489
3430 3370 3429 3431 3490
3431 3371 3430 3432 3491
3432 3372 3431 3433 3492
3433 3373 3432 3434 3493
3434 3374 3433 3435 3494
3435 3375 3434 3436 3495
3436 3376 3435 3496
3437 3377 3438
3438 3378 3437 3439 3498
3439 3379 3438 3440 3499
3440 3380 3439 3441 3500
3441 3381 3440 3442 3501
3442 3441 3443 3502
3443 3383 3442 3444 3503
3444 3384 3443 3445
3445 3444 3446 3505
3446 3386 3445 3447 3506
3447 3387 3446 3448 3507
3448 3388 3447 3449 3508
3449 3389 3448 3450 3509
3450 3390 3449 3451 3510
3451 3391 3450 3452 3511
3452 3392 3451 3453 3512
3453 3393 3452 3454 3513
3454 3394 3453 3455 3514
3455 3395 3454 3456 3515
3456 3396 3455 3457 3516
3457 3397 3456 3458 3517
3458 3398 3457 3518
3459 3399 3460 3519
3460 3459 3461 3520
3461 3401 3460 3462 3521
3462 3402 3461 3522
3463 3403 3464 3523
3464 3404 3463 3465
3465 3405 3464 3466 3525
3466 3406 3465 3467 3526
3467 3407 3466 3468 3527
3468 3467 3469 3528
3469 3409 3468 3470 3529
3470 3410 3469 3530
3471 3411 3472 3531
3472 3412 3471 3473 3532
3473 3413 3472 3474 3533
3474 3414 3473 3475 3534
3475 3415 3474 3476 3535
3476 3475 3477 3536
3477 3476 3478 3537
3478 3477 3479 3538
3479 3419 3478 3539
3480 3420 3481 3540
3481 3421 3480 3482 3541
3482 3422 3481 3483 3542
3483 3423 3482 3484 3543
3484 3483 3485 3544
3485 3425 3484 3545
3486 3426 3487 3546
3487 3427 3486 3488 3547
3488 3428 3487 3489 3548
3489 3429 3488 3490 3549
3490 3430 3489 3491 3550
3491 3431 3490 3492
3492 3432 3491 3493 3552
3493 3433 3492 3494 3553
3494 3434 3493 3554
3495 3435 3496 3555
3496 3436 3495 3556
3497 3498 3557
3498 3438 3497 3499 3558
3499 3439 3498 3500 3559
3500 3440 3499 3501 3560
3501 3441 3500 3502 3561
3502 3442 3501 3503 3562
3503 3443 3502 3504 3563
3504 3503 3505 3564
3505 3445 3504 3506
3506 3446 3505 3566
3507 3447
3508 3448 3509 3568
3509 3449 3508 3510 3569
3510 3450 3509 3511 3570
3511 3451 3510 3512 3571
3512 3452 3511 3572
3513 3453 3514 3573
3514 3454 3513 3515 3574
3515 3455 3514 3516 3575
3516 3456 3515 3517 3576
3517 3457 3516 3518
3518 3458 3517 3519 3578
3519 3459 3518 3520 3579
3520 3460 3519 3521 3580
3521 3461 3520 3522 3581
3522 3462 3521 3523 3582
3523 3463 3522 3524 3583
3524 3523 3525 3584
3525 3465 3524 3526
3526 3466 3525 3527 3586
3527 3467 3526 3528 3587
3528 3468 3527 3529 3588
3529 3469 3528 3530 3589
3530 3470 3529 3531 3590
3531 3471 3530 3532 3591
3532 3472 3531 3533 3592
3533 3473 3532 3534 3593
3534 3474 3533 3535 3594
3535 3475 3534 3536 3595
3536 3476 3535 3596
3537 3477 3538 3597
3538 3478 3537 3539 3598
3539 3479 3538 3599
3540 3480 3541
3541 3481 3540 3542
3542 3482 3541 3543
3543 3483 3542 3544
3544 3484 3543
3545 3485 3546
3546 3486 3545 3547
3547 3487 3546
3548 3488 3549
3549 3489 3548 3550
3550 3490 3549 3551
3551 3550 3552
3552 3492 3551
3553 3493 3554
3554 3494 3553 3555
3555 3495 3554 3556
3556 3496 3555 3557
3557 3497 3556 3558
3558 3498 3557 3559
3559 3499 3558 3560
3560 3500 3559 3561
3561 3501 3560 3562
3562 3502 3561 3563
3563 3503 3562 3564
3564 3504 3563 3565
3565 3564 3566
3566 3506 3565 3567
3567 3566 3568
3568 3508 3567 3569
3569 3509 3568
3570 3510
3571 3511 3572
3572 3512 3571 3573
3573 3513 3572 3574
3574 3514 3573 3575
3575 3515 3574 3576
3576 3516 3575 3577
3577 3576 3578
3578 3518 3577 3579
3579 3519 3578 3580
3580 3520 3579 3581
3581 3521 3580 3582
3582 3522 3581 3583
3583 3523 3582 3584
3584 3524 3583 3585
3585 3584 3586
3586 3526 3585 3587
3587 3527 3586 3588
3588 3528 3587 3589
3589 3529 3588 3590
3590 3530 3589 3591
3591 3531 3590 3592
3592 3532 3591 3593
3593 3533 3592 3594
3594 3534 3593 3595
3595 3535 3594 3596
3596 3536 3595 3597
3597 3537 3596 3598
3598 3538 3597 3599
3599 3539 3598
