70
0 (0, 0)
1 (0, 1)
2 (0, 2)
3 (0, 3)
4 (0, 4)
5 (0, 5)
6 (0, 6)
7 (0, 7)
8 (0, 8)
9 (0, 9)
10 (0, 10)
11 (0, 11)
12 (0, 12)
13 (0, 13)
14 (0, 14)
15 (0, 15)
16 (0, 16)
17 (0, 17)
18 (0, 18)
19 (0, 19)
20 (0, 20)
21 (0, 21)
22 (0, 22)
23 (0, 23)
24 (0, 24)
25 (0, 25)
26 (0, 26)
27 (0, 27)
28 (0, 28)
29 (0, 29)
30 (0, 30)
31 (0, 31)
32 (0, 32)
33 (0, 33)
34 (0, 34)
35 (0, 35)
36 (0, 36)
37 (0, 37)
38 (0, 38)
39 (0, 39)
40 (0, 40)
41 (0, 41)
42 (0, 42)
43 (0, 43)
44 (0, 44)
45 (0, 45)
46 (0, 46)
47 (0, 47)
48 (0, 48)
49 (0, 49)
50 (0, 50)
51 (0, 51)
52 (0, 52)
53 (0, 53)
54 (0, 54)
55 (0, 55)
56 (0, 56)
57 (0, 57)
58 (0, 58)
59 (0, 59)
60 (0, 60)
61 (0, 61)
62 (0, 62)
63 (0, 63)
64 (0, 64)
65 (0, 65)
66 (0, 66)
67 (0, 67)
68 (0, 68)
69 (0, 69)
70 (1, 0)
71 (1, 1)
72 (1, 2)
73 (1, 3)
74 (1, 4)
75 (1, 5)
76 (1, 6)
77 (1, 7)
78 (1, 8)
79 (1, 9)
80 (1, 10)
81 (1, 11)
82 (1, 12)
83 (1, 13)
84 (1, 14)
85 (1, 15)
86 (1, 16)
87 (1, 17)
88 (1, 18)
89 (1, 19)
90 (1, 20)
91 (1, 21)
92 (1, 22)
93 (1, 23)
94 (1, 24)
95 (1, 25)
96 (1, 26)
97 (1, 27)
98 (1, 28)
99 (1, 29)
100 (1, 30)
101 (1, 31)
102 (1, 32)
103 (1, 33)
104 (1, 34)
105 (1, 35)
106 (1, 36)
107 (1, 37)
108 (1, 38)
109 (1, 39)
110 (1, 40)
111 (1, 41)
112 (1, 42)
113 (1, 43)
114 (1, 44)
115 (1, 45)
116 (1, 46)
117 (1, 47)
118 (1, 48)
119 (1, 49)
120 (1, 50)
121 (1, 51)
122 (1, 52)
123 (1, 53)
124 (1, 54)
125 (1, 55)
126 (1, 56)
127 (1, 57)
128 (1, 58)
129 (1, 59)
130 (1, 60)
131 (1, 61)
132 (1, 62)
133 (1, 63)
134 (1, 64)
135 (1, 65)
136 (1, 66)
137 (1, 67)
138 (1, 68)
139 (1, 69)
140 (2, 0)
141 (2, 1)
142 (2, 2)
143 (2, 3)
144 (2, 4)
145 (2, 5)
146 (2, 6)
147 (2, 7)
148 (2, 8)
149 (2, 9)
150 (2, 10)
151 (2, 11)
152 (2, 12)
153 (2, 13)
154 (2, 14)
155 (2, 15)
156 (2, 16)
157 (2, 17)
158 (2, 18)
159 (2, 19)
160 (2, 20)
161 (2, 21)
162 (2, 22)
163 (2, 23)
164 (2, 24)
165 (2, 25)
166 (2, 26)
167 (2, 27)
168 (2, 28)
169 (2, 29)
170 (2, 30)
171 (2, 31)
172 (2, 32)
173 (2, 33)
174 (2, 34)
175 (2, 35)
176 (2, 36)
177 (2, 37)
178 (2, 38)
179 (2, 39)
180 (2, 40)
181 (2, 41)
182 (2, 42)
183 (2, 43)
184 (2, 44)
185 (2, 45)
186 (2, 46)
187 (2, 47)
188 (2, 48)
189 (2, 49)
190 (2, 50)
191 (2, 51)
192 (2, 52)
193 (2, 53)
194 (2, 54)
195 (2, 55)
196 (2, 56)
197 (2, 57)
198 (2, 58)
199 (2, 59)
200 (2, 60)
201 (2, 61)
202 (2, 62)
203 (2, 63)
204 (2, 64)
205 (2, 65)
206 (2, 66)
207 (2, 67)
208 (2, 68)
209 (2, 69)
210 (3, 0)
211 (3, 1)
212 (3, 2)
213 (3, 3)
214 (3, 4)
215 (3, 5)
216 (3, 6)
217 (3, 7)
218 (3, 8)
219 (3, 9)
220 (3, 10)
221 (3, 11)
222 (3, 12)
223 (3, 13)
224 (3, 14)
225 (3, 15)
226 (3, 16)
227 (3, 17)
228 (3, 18)
229 (3, 19)
230 (3, 20)
231 (3, 21)
232 (3, 22)
233 (3, 23)
234 (3, 24)
235 (3, 25)
236 (3, 26)
237 (3, 27)
238 (3, 28)
239 (3, 29)
240 (3, 30)
241 (3, 31)
242 (3, 32)
243 (3, 33)
244 (3, 34)
245 (3, 35)
246 (3, 36)
247 (3, 37)
248 (3, 38)
249 (3, 39)
250 (3, 40)
251 (3, 41)
252 (3, 42)
253 (3, 43)
254 (3, 44)
255 (3, 45)
256 (3, 46)
257 (3, 47)
258 (3, 48)
259 (3, 49)
260 (3, 50)
261 (3, 51)
262 (3, 52)
263 (3, 53)
264 (3, 54)
265 (3, 55)
266 (3, 56)
267 (3, 57)
268 (3, 58)
269 (3, 59)
270 (3, 60)
271 (3, 61)
272 (3, 62)
273 (3, 63)
274 (3, 64)
275 (3, 65)
276 (3, 66)
277 (3, 67)
278 (3, 68)
279 (3, 69)
280 (4, 0)
281 (4, 1)
282 (4, 2)
283 (4, 3)
284 (4, 4)
285 (4, 5)
286 (4, 6)
287 (4, 7)
288 (4, 8)
289 (4, 9)
290 (4, 10)
291 (4, 11)
292 (4, 12)
293 (4, 13)
294 (4, 14)
295 (4, 15)
296 (4, 16)
297 (4, 17)
298 (4, 18)
299 (4, 19)
300 (4, 20)
301 (4, 21)
302 (4, 22)
303 (4, 23)
304 (4, 24)
305 (4, 25)
306 (4, 26)
307 (4, 27)
308 (4, 28)
309 (4, 29)
310 (4, 30)
311 (4, 31)
312 (4, 32)
313 (4, 33)
314 (4, 34)
315 (4, 35)
316 (4, 36)
317 (4, 37)
318 (4, 38)
319 (4, 39)
320 (4, 40)
321 (4, 41)
322 (4, 42)
323 (4, 43)
324 (4, 44)
325 (4, 45)
326 (4, 46)
327 (4, 47)
328 (4, 48)
329 (4, 49)
330 (4, 50)
331 (4, 51)
332 (4, 52)
333 (4, 53)
334 (4, 54)
335 (4, 55)
336 (4, 56)
337 (4, 57)
338 (4, 58)
339 (4, 59)
340 (4, 60)
341 (4, 61)
342 (4, 62)
343 (4, 63)
344 (4, 64)
345 (4, 65)
346 (4, 66)
347 (4, 67)
348 (4, 68)
349 (4, 69)
350 (5, 0)
351 (5, 1)
352 (5, 2)
353 (5, 3)
354 (5, 4)
355 (5, 5)
356 (5, 6)
357 (5, 7)
358 (5, 8)
359 (5, 9)
360 (5, 10)
361 (5, 11)
362 (5, 12)
363 (5, 13)
364 (5, 14)
365 (5, 15)
366 (5, 16)
367 (5, 17)
368 (5, 18)
369 (5, 19)
370 (5, 20)
371 (5, 21)
372 (5, 22)
373 (5, 23)
374 (5, 24)
375 (5, 25)
376 (5, 26)
377 (5, 27)
378 (5, 28)
379 (5, 29)
380 (5, 30)
381 (5, 31)
382 (5, 32)
383 (5, 33)
384 (5, 34)
385 (5, 35)
386 (5, 36)
387 (5, 37)
388 (5, 38)
389 (5, 39)
390 (5, 40)
391 (5, 41)
392 (5, 42)
393 (5, 43)
394 (5, 44)
395 (5, 45)
396 (5, 46)
397 (5, 47)
398 (5, 48)
399 (5, 49)
400 (5, 50)
401 (5, 51)
402 (5, 52)
403 (5, 53)
404 (5, 54)
405 (5, 55)
406 (5, 56)
407 (5, 57)
408 (5, 58)
409 (5, 59)
410 (5, 60)
411 (5, 61)
412 (5, 62)
413 (5, 63)
414 (5, 64)
415 (5, 65)
416 (5, 66)
417 (5, 67)
418 (5, 68)
419 (5, 69)
420 (6, 0)
421 (6, 1)
422 (6, 2)
423 (6, 3)
424 (6, 4)
425 (6, 5)
426 (6, 6)
427 (6, 7)
428 (6, 8)
429 (6, 9)
430 (6, 10)
431 (6, 11)
432 (6, 12)
433 (6, 13)
434 (6, 14)
435 (6, 15)
436 (6, 16)
437 (6, 17)
438 (6, 18)
439 (6, 19)
440 (6, 20)
441 (6, 21)
442 (6, 22)
443 (6, 23)
444 (6, 24)
445 (6, 25)
446 (6, 26)
447 (6, 27)
448 (6, 28)
449 (6, 29)
450 (6, 30)
451 (6, 31)
452 (6, 32)
453 (6, 33)
454 (6, 34)
455 (6, 35)
456 (6, 36)
457 (6, 37)
458 (6, 38)
459 (6, 39)
460 (6, 40)
461 (6, 41)
462 (6, 42)
463 (6, 43)
464 (6, 44)
465 (6, 45)
466 (6, 46)
467 (6, 47)
468 (6, 48)
469 (6, 49)
470 (6, 50)
471 (6, 51)
472 (6, 52)
473 (6, 53)
474 (6, 54)
475 (6, 55)
476 (6, 56)
477 (6, 57)
478 (6, 58)
479 (6, 59)
480 (6, 60)
481 (6, 61)
482 (6, 62)
483 (6, 63)
484 (6, 64)
485 (6, 65)
486 (6, 66)
487 (6, 67)
488 (6, 68)
489 (6, 69)
490 (7, 0)
491 (7, 1)
492 (7, 2)
493 (7, 3)
494 (7, 4)
495 (7, 5)
496 (7, 6)
497 (7, 7)
498 (7, 8)
499 (7, 9)
500 (7, 10)
501 (7, 11)
502 (7, 12)
503 (7, 13)
504 (7, 14)
505 (7, 15)
506 (7, 16)
507 (7, 17)
508 (7, 18)
509 (7, 19)
510 (7, 20)
511 (7, 21)
512 (7, 22)
513 (7, 23)
514 (7, 24)
515 (7, 25)
516 (7, 26)
517 (7, 27)
518 (7, 28)
519 (7, 29)
520 (7, 30)
521 (7, 31)
522 (7, 32)
523 (7, 33)
524 (7, 34)
525 (7, 35)
526 (7, 36)
527 (7, 37)
528 (7, 38)
529 (7, 39)
530 (7, 40)
531 (7, 41)
532 (7, 42)
533 (7, 43)
534 (7, 44)
535 (7, 45)
536 (7, 46)
537 (7, 47)
538 (7, 48)
539 (7, 49)
540 (7, 50)
541 (7, 51)
542 (7, 52)
543 (7, 53)
544 (7, 54)
545 (7, 55)
546 (7, 56)
547 (7, 57)
548 (7, 58)
549 (7, 59)
550 (7, 60)
551 (7, 61)
552 (7, 62)
553 (7, 63)
554 (7, 64)
555 (7, 65)
556 (7, 66)
557 (7, 67)
558 (7, 68)
559 (7, 69)
560 (8, 0)
561 (8, 1)
562 (8, 2)
563 (8, 3)
564 (8, 4)
565 (8, 5)
566 (8, 6)
567 (8, 7)
568 (8, 8)
569 (8, 9)
570 (8, 10)
571 (8, 11)
572 (8, 12)
573 (8, 13)
574 (8, 14)
575 (8, 15)
576 (8, 16)
577 (8, 17)
578 (8, 18)
579 (8, 19)
580 (8, 20)
581 (8, 21)
582 (8, 22)
583 (8, 23)
584 (8, 24)
585 (8, 25)
586 (8, 26)
587 (8, 27)
588 (8, 28)
589 (8, 29)
590 (8, 30)
591 (8, 31)
592 (8, 32)
593 (8, 33)
594 (8, 34)
595 (8, 35)
596 (8, 36)
597 (8, 37)
598 (8, 38)
599 (8, 39)
600 (8, 40)
601 (8, 41)
602 (8, 42)
603 (8, 43)
604 (8, 44)
605 (8, 45)
606 (8, 46)
607 (8, 47)
608 (8, 48)
609 (8, 49)
610 (8, 50)
611 (8, 51)
612 (8, 52)
613 (8, 53)
614 (8, 54)
615 (8, 55)
616 (8, 56)
617 (8, 57)
618 (8, 58)
619 (8, 59)
620 (8, 60)
621 (8, 61)
622 (8, 62)
623 (8, 63)
624 (8, 64)
625 (8, 65)
626 (8, 66)
627 (8, 67)
628 (8, 68)
629 (8, 69)
630 (9, 0)
631 (9, 1)
632 (9, 2)
633 (9, 3)
634 (9, 4)
635 (9, 5)
636 (9, 6)
637 (9, 7)
638 (9, 8)
639 (9, 9)
640 (9, 10)
641 (9, 11)
642 (9, 12)
643 (9, 13)
644 (9, 14)
645 (9, 15)
646 (9, 16)
647 (9, 17)
648 (9, 18)
649 (9, 19)
650 (9, 20)
651 (9, 21)
652 (9, 22)
653 (9, 23)
654 (9, 24)
655 (9, 25)
656 (9, 26)
657 (9, 27)
658 (9, 28)
659 (9, 29)
660 (9, 30)
661 (9, 31)
662 (9, 32)
663 (9, 33)
664 (9, 34)
665 (9, 35)
666 (9, 36)
667 (9, 37)
668 (9, 38)
669 (9, 39)
670 (9, 40)
671 (9, 41)
672 (9, 42)
673 (9, 43)
674 (9, 44)
675 (9, 45)
676 (9, 46)
677 (9, 47)
678 (9, 48)
679 (9, 49)
680 (9, 50)
681 (9, 51)
682 (9, 52)
683 (9, 53)
684 (9, 54)
685 (9, 55)
686 (9, 56)
687 (9, 57)
688 (9, 58)
689 (9, 59)
690 (9, 60)
691 (9, 61)
692 (9, 62)
693 (9, 63)
694 (9, 64)
695 (9, 65)
696 (9, 66)
697 (9, 67)
698 (9, 68)
699 (9, 69)
700 (10, 0)
701 (10, 1)
702 (10, 2)
703 (10, 3)
704 (10, 4)
705 (10, 5)
706 (10, 6)
707 (10, 7)
708 (10, 8)
709 (10, 9)
710 (10, 10)
711 (10, 11)
712 (10, 12)
713 (10, 13)
714 (10, 14)
715 (10, 15)
716 (10, 16)
717 (10, 17)
718 (10, 18)
719 (10, 19)
720 (10, 20)
721 (10, 21)
722 (10, 22)
723 (10, 23)
724 (10, 24)
725 (10, 25)
726 (10, 26)
727 (10, 27)
728 (10, 28)
729 (10, 29)
730 (10, 30)
731 (10, 31)
732 (10, 32)
733 (10, 33)
734 (10, 34)
735 (10, 35)
736 (10, 36)
737 (10, 37)
738 (10, 38)
739 (10, 39)
740 (10, 40)
741 (10, 41)
742 (10, 42)
743 (10, 43)
744 (10, 44)
745 (10, 45)
746 (10, 46)
747 (10, 47)
748 (10, 48)
749 (10, 49)
750 (10, 50)
751 (10, 51)
752 (10, 52)
753 (10, 53)
754 (10, 54)
755 (10, 55)
756 (10, 56)
757 (10, 57)
758 (10, 58)
759 (10, 59)
760 (10, 60)
761 (10, 61)
762 (10, 62)
763 (10, 63)
764 (10, 64)
765 (10, 65)
766 (10, 66)
767 (10, 67)
768 (10, 68)
769 (10, 69)
770 (11, 0)
771 (11, 1)
772 (11, 2)
773 (11, 3)
774 (11, 4)
775 (11, 5)
776 (11, 6)
777 (11, 7)
778 (11, 8)
779 (11, 9)
780 (11, 10)
781 (11, 11)
782 (11, 12)
783 (11, 13)
784 (11, 14)
785 (11, 15)
786 (11, 16)
787 (11, 17)
788 (11, 18)
789 (11, 19)
790 (11, 20)
791 (11, 21)
792 (11, 22)
793 (11, 23)
794 (11, 24)
795 (11, 25)
796 (11, 26)
797 (11, 27)
798 (11, 28)
799 (11, 29)
800 (11, 30)
801 (11, 31)
802 (11, 32)
803 (11, 33)
804 (11, 34)
805 (11, 35)
806 (11, 36)
807 (11, 37)
808 (11, 38)
809 (11, 39)
810 (11, 40)
811 (11, 41)
812 (11, 42)
813 (11, 43)
814 (11, 44)
815 (11, 45)
816 (11, 46)
817 (11, 47)
818 (11, 48)
819 (11, 49)
820 (11, 50)
821 (11, 51)
822 (11, 52)
823 (11, 53)
824 (11, 54)
825 (11, 55)
826 (11, 56)
827 (11, 57)
828 (11, 58)
829 (11, 59)
830 (11, 60)
831 (11, 61)
832 (11, 62)
833 (11, 63)
834 (11, 64)
835 (11, 65)
836 (11, 66)
837 (11, 67)
838 (11, 68)
839 (11, 69)
840 (12, 0)
841 (12, 1)
842 (12, 2)
843 (12, 3)
844 (12, 4)
845 (12, 5)
846 (12, 6)
847 (12, 7)
848 (12, 8)
849 (12, 9)
850 (12, 10)
851 (12, 11)
852 (12, 12)
853 (12, 13)
854 (12, 14)
855 (12, 15)
856 (12, 16)
857 (12, 17)
858 (12, 18)
859 (12, 19)
860 (12, 20)
861 (12, 21)
862 (12, 22)
863 (12, 23)
864 (12, 24)
865 (12, 25)
866 (12, 26)
867 (12, 27)
868 (12, 28)
869 (12, 29)
870 (12, 30)
871 (12, 31)
872 (12, 32)
873 (12, 33)
874 (12, 34)
875 (12, 35)
876 (12, 36)
877 (12, 37)
878 (12, 38)
879 (12, 39)
880 (12, 40)
881 (12, 41)
882 (12, 42)
883 (12, 43)
884 (12, 44)
885 (12, 45)
886 (12, 46)
887 (12, 47)
888 (12, 48)
889 (12, 49)
890 (12, 50)
891 (12, 51)
892 (12, 52)
893 (12, 53)
894 (12, 54)
895 (12, 55)
896 (12, 56)
897 (12, 57)
898 (12, 58)
899 (12, 59)
900 (12, 60)
901 (12, 61)
902 (12, 62)
903 (12, 63)
904 (12, 64)
905 (12, 65)
906 (12, 66)
907 (12, 67)
908 (12, 68)
909 (12, 69)
910 (13, 0)
911 (13, 1)
912 (13, 2)
913 (13, 3)
914 (13, 4)
915 (13, 5)
916 (13, 6)
917 (13, 7)
918 (13, 8)
919 (13, 9)
920 (13, 10)
921 (13, 11)
922 (13, 12)
923 (13, 13)
924 (13, 14)
925 (13, 15)
926 (13, 16)
927 (13, 17)
928 (13, 18)
929 (13, 19)
930 (13, 20)
931 (13, 21)
932 (13, 22)
933 (13, 23)
934 (13, 24)
935 (13, 25)
936 (13, 26)
937 (13, 27)
938 (13, 28)
939 (13, 29)
940 (13, 30)
941 (13, 31)
942 (13, 32)
943 (13, 33)
944 (13, 34)
945 (13, 35)
946 (13, 36)
947 (13, 37)
948 (13, 38)
949 (13, 39)
950 (13, 40)
951 (13, 41)
952 (13, 42)
953 (13, 43)
954 (13, 44)
955 (13, 45)
956 (13, 46)
957 (13, 47)
958 (13, 48)
959 (13, 49)
960 (13, 50)
961 (13, 51)
962 (13, 52)
963 (13, 53)
964 (13, 54)
965 (13, 55)
966 (13, 56)
967 (13, 57)
968 (13, 58)
969 (13, 59)
970 (13, 60)
971 (13, 61)
972 (13, 62)
973 (13, 63)
974 (13, 64)
975 (13, 65)
976 (13, 66)
977 (13, 67)
978 (13, 68)
979 (13, 69)
980 (14, 0)
981 (14, 1)
982 (14, 2)
983 (14, 3)
984 (14, 4)
985 (14, 5)
986 (14, 6)
987 (14, 7)
988 (14, 8)
989 (14, 9)
990 (14, 10)
991 (14, 11)
992 (14, 12)
993 (14, 13)
994 (14, 14)
995 (14, 15)
996 (14, 16)
997 (14, 17)
998 (14, 18)
999 (14, 19)
1000 (14, 20)
1001 (14, 21)
1002 (14, 22)
1003 (14, 23)
1004 (14, 24)
1005 (14, 25)
1006 (14, 26)
1007 (14, 27)
1008 (14, 28)
1009 (14, 29)
1010 (14, 30)
1011 (14, 31)
1012 (14, 32)
1013 (14, 33)
1014 (14, 34)
1015 (14, 35)
1016 (14, 36)
1017 (14, 37)
1018 (14, 38)
1019 (14, 39)
1020 (14, 40)
1021 (14, 41)
1022 (14, 42)
1023 (14, 43)
1024 (14, 44)
1025 (14, 45)
1026 (14, 46)
1027 (14, 47)
1028 (14, 48)
1029 (14, 49)
1030 (14, 50)
1031 (14, 51)
1032 (14, 52)
1033 (14, 53)
1034 (14, 54)
1035 (14, 55)
1036 (14, 56)
1037 (14, 57)
1038 (14, 58)
1039 (14, 59)
1040 (14, 60)
1041 (14, 61)
1042 (14, 62)
1043 (14, 63)
1044 (14, 64)
1045 (14, 65)
1046 (14, 66)
1047 (14, 67)
1048 (14, 68)
1049 (14, 69)
1050 (15, 0)
1051 (15, 1)
1052 (15, 2)
1053 (15, 3)
1054 (15, 4)
1055 (15, 5)
1056 (15, 6)
1057 (15, 7)
1058 (15, 8)
1059 (15, 9)
1060 (15, 10)
1061 (15, 11)
1062 (15, 12)
1063 (15, 13)
1064 (15, 14)
1065 (15, 15)
1066 (15, 16)
1067 (15, 17)
1068 (15, 18)
1069 (15, 19)
1070 (15, 20)
1071 (15, 21)
1072 (15, 22)
1073 (15, 23)
1074 (15, 24)
1075 (15, 25)
1076 (15, 26)
1077 (15, 27)
1078 (15, 28)
1079 (15, 29)
1080 (15, 30)
1081 (15, 31)
1082 (15, 32)
1083 (15, 33)
1084 (15, 34)
1085 (15, 35)
1086 (15, 36)
1087 (15, 37)
1088 (15, 38)
1089 (15, 39)
1090 (15, 40)
1091 (15, 41)
1092 (15, 42)
1093 (15, 43)
1094 (15, 44)
1095 (15, 45)
1096 (15, 46)
1097 (15, 47)
1098 (15, 48)
1099 (15, 49)
1100 (15, 50)
1101 (15, 51)
1102 (15, 52)
1103 (15, 53)
1104 (15, 54)
1105 (15, 55)
1106 (15, 56)
1107 (15, 57)
1108 (15, 58)
1109 (15, 59)
1110 (15, 60)
1111 (15, 61)
1112 (15, 62)
1113 (15, 63)
1114 (15, 64)
1115 (15, 65)
1116 (15, 66)
1117 (15, 67)
1118 (15, 68)
1119 (15, 69)
1120 (16, 0)
1121 (16, 1)
1122 (16, 2)
1123 (16, 3)
1124 (16, 4)
1125 (16, 5)
1126 (16, 6)
1127 (16, 7)
1128 (16, 8)
1129 (16, 9)
1130 (16, 10)
1131 (16, 11)
1132 (16, 12)
1133 (16, 13)
1134 (16, 14)
1135 (16, 15)
1136 (16, 16)
1137 (16, 17)
1138 (16, 18)
1139 (16, 19)
1140 (16, 20)
1141 (16, 21)
1142 (16, 22)
1143 (16, 23)
1144 (16, 24)
1145 (16, 25)
1146 (16, 26)
1147 (16, 27)
1148 (16, 28)
1149 (16, 29)
1150 (16, 30)
1151 (16, 31)
1152 (16, 32)
1153 (16, 33)
1154 (16, 34)
1155 (16, 35)
1156 (16, 36)
1157 (16, 37)
1158 (16, 38)
1159 (16, 39)
1160 (16, 40)
1161 (16, 41)
1162 (16, 42)
1163 (16, 43)
1164 (16, 44)
1165 (16, 45)
1166 (16, 46)
1167 (16, 47)
1168 (16, 48)
1169 (16, 49)
1170 (16, 50)
1171 (16, 51)
1172 (16, 52)
1173 (16, 53)
1174 (16, 54)
1175 (16, 55)
1176 (16, 56)
1177 (16, 57)
1178 (16, 58)
1179 (16, 59)
1180 (16, 60)
1181 (16, 61)
1182 (16, 62)
1183 (16, 63)
1184 (16, 64)
1185 (16, 65)
1186 (16, 66)
1187 (16, 67)
1188 (16, 68)
1189 (16, 69)
1190 (17, 0)
1191 (17, 1)
1192 (17, 2)
1193 (17, 3)
1194 (17, 4)
1195 (17, 5)
1196 (17, 6)
1197 (17, 7)
1198 (17, 8)
1199 (17, 9)
1200 (17, 10)
1201 (17, 11)
1202 (17, 12)
1203 (17, 13)
1204 (17, 14)
1205 (17, 15)
1206 (17, 16)
1207 (17, 17)
1208 (17, 18)
1209 (17, 19)
1210 (17, 20)
1211 (17, 21)
1212 (17, 22)
1213 (17, 23)
1214 (17, 24)
1215 (17, 25)
1216 (17, 26)
1217 (17, 27)
1218 (17, 28)
1219 (17, 29)
1220 (17, 30)
1221 (17, 31)
1222 (17, 32)
1223 (17, 33)
1224 (17, 34)
1225 (17, 35)
1226 (17, 36)
1227 (17, 37)
1228 (17, 38)
1229 (17, 39)
1230 (17, 40)
1231 (17, 41)
1232 (17, 42)
1233 (17, 43)
1234 (17, 44)
1235 (17, 45)
1236 (17, 46)
1237 (17, 47)
1238 (17, 48)
1239 (17, 49)
1240 (17, 50)
1241 (17, 51)
1242 (17, 52)
1243 (17, 53)
1244 (17, 54)
1245 (17, 55)
1246 (17, 56)
1247 (17, 57)
1248 (17, 58)
1249 (17, 59)
1250 (17, 60)
1251 (17, 61)
1252 (17, 62)
1253 (17, 63)
1254 (17, 64)
1255 (17, 65)
1256 (17, 66)
1257 (17, 67)
1258 (17, 68)
1259 (17, 69)
1260 (18, 0)
1261 (18, 1)
1262 (18, 2)
1263 (18, 3)
1264 (18, 4)
1265 (18, 5)
1266 (18, 6)
1267 (18, 7)
1268 (18, 8)
1269 (18, 9)
1270 (18, 10)
1271 (18, 11)
1272 (18, 12)
1273 (18, 13)
1274 (18, 14)
1275 (18, 15)
1276 (18, 16)
1277 (18, 17)
1278 (18, 18)
1279 (18, 19)
1280 (18, 20)
1281 (18, 21)
1282 (18, 22)
1283 (18, 23)
1284 (18, 24)
1285 (18, 25)
1286 (18, 26)
1287 (18, 27)
1288 (18, 28)
1289 (18, 29)
1290 (18, 30)
1291 (18, 31)
1292 (18, 32)
1293 (18, 33)
1294 (18, 34)
1295 (18, 35)
1296 (18, 36)
1297 (18, 37)
1298 (18, 38)
1299 (18, 39)
1300 (18, 40)
1301 (18, 41)
1302 (18, 42)
1303 (18, 43)
1304 (18, 44)
1305 (18, 45)
1306 (18, 46)
1307 (18, 47)
1308 (18, 48)
1309 (18, 49)
1310 (18, 50)
1311 (18, 51)
1312 (18, 52)
1313 (18, 53)
1314 (18, 54)
1315 (18, 55)
1316 (18, 56)
1317 (18, 57)
1318 (18, 58)
1319 (18, 59)
1320 (18, 60)
1321 (18, 61)
1322 (18, 62)
1323 (18, 63)
1324 (18, 64)
1325 (18, 65)
1326 (18, 66)
1327 (18, 67)
1328 (18, 68)
1329 (18, 69)
1330 (19, 0)
1331 (19, 1)
1332 (19, 2)
1333 (19, 3)
1334 (19, 4)
1335 (19, 5)
1336 (19, 6)
1337 (19, 7)
1338 (19, 8)
1339 (19, 9)
1340 (19, 10)
1341 (19, 11)
1342 (19, 12)
1343 (19, 13)
1344 (19, 14)
1345 (19, 15)
1346 (19, 16)
1347 (19, 17)
1348 (19, 18)
1349 (19, 19)
1350 (19, 20)
1351 (19, 21)
1352 (19, 22)
1353 (19, 23)
1354 (19, 24)
1355 (19, 25)
1356 (19, 26)
1357 (19, 27)
1358 (19, 28)
1359 (19, 29)
1360 (19, 30)
1361 (19, 31)
1362 (19, 32)
1363 (19, 33)
1364 (19, 34)
1365 (19, 35)
1366 (19, 36)
1367 (19, 37)
1368 (19, 38)
1369 (19, 39)
1370 (19, 40)
1371 (19, 41)
1372 (19, 42)
1373 (19, 43)
1374 (19, 44)
1375 (19, 45)
1376 (19, 46)
1377 (19, 47)
1378 (19, 48)
1379 (19, 49)
1380 (19, 50)
1381 (19, 51)
1382 (19, 52)
1383 (19, 53)
1384 (19, 54)
1385 (19, 55)
1386 (19, 56)
1387 (19, 57)
1388 (19, 58)
1389 (19, 59)
1390 (19, 60)
1391 (19, 61)
1392 (19, 62)
1393 (19, 63)
1394 (19, 64)
1395 (19, 65)
1396 (19, 66)
1397 (19, 67)
1398 (19, 68)
1399 (19, 69)
1400 (20, 0)
1401 (20, 1)
1402 (20, 2)
1403 (20, 3)
1404 (20, 4)
1405 (20, 5)
1406 (20, 6)
1407 (20, 7)
1408 (20, 8)
1409 (20, 9)
1410 (20, 10)
1411 (20, 11)
1412 (20, 12)
1413 (20, 13)
1414 (20, 14)
1415 (20, 15)
1416 (20, 16)
1417 (20, 17)
1418 (20, 18)
1419 (20, 19)
1420 (20, 20)
1421 (20, 21)
1422 (20, 22)
1423 (20, 23)
1424 (20, 24)
1425 (20, 25)
1426 (20, 26)
1427 (20, 27)
1428 (20, 28)
1429 (20, 29)
1430 (20, 30)
1431 (20, 31)
1432 (20, 32)
1433 (20, 33)
1434 (20, 34)
1435 (20, 35)
1436 (20, 36)
1437 (20, 37)
1438 (20, 38)
1439 (20, 39)
1440 (20, 40)
1441 (20, 41)
1442 (20, 42)
1443 (20, 43)
1444 (20, 44)
1445 (20, 45)
1446 (20, 46)
1447 (20, 47)
1448 (20, 48)
1449 (20, 49)
1450 (20, 50)
1451 (20, 51)
1452 (20, 52)
1453 (20, 53)
1454 (20, 54)
1455 (20, 55)
1456 (20, 56)
1457 (20, 57)
1458 (20, 58)
1459 (20, 59)
1460 (20, 60)
1461 (20, 61)
1462 (20, 62)
1463 (20, 63)
1464 (20, 64)
1465 (20, 65)
1466 (20, 66)
1467 (20, 67)
1468 (20, 68)
1469 (20, 69)
1470 (21, 0)
1471 (21, 1)
1472 (21, 2)
1473 (21, 3)
1474 (21, 4)
1475 (21, 5)
1476 (21, 6)
1477 (21, 7)
1478 (21, 8)
1479 (21, 9)
1480 (21, 10)
1481 (21, 11)
1482 (21, 12)
1483 (21, 13)
1484 (21, 14)
1485 (21, 15)
1486 (21, 16)
1487 (21, 17)
1488 (21, 18)
1489 (21, 19)
1490 (21, 20)
1491 (21, 21)
1492 (21, 22)
1493 (21, 23)
1494 (21, 24)
1495 (21, 25)
1496 (21, 26)
1497 (21, 27)
1498 (21, 28)
1499 (21, 29)
1500 (21, 30)
1501 (21, 31)
1502 (21, 32)
1503 (21, 33)
1504 (21, 34)
1505 (21, 35)
1506 (21, 36)
1507 (21, 37)
1508 (21, 38)
1509 (21, 39)
1510 (21, 40)
1511 (21, 41)
1512 (21, 42)
1513 (21, 43)
1514 (21, 44)
1515 (21, 45)
1516 (21, 46)
1517 (21, 47)
1518 (21, 48)
1519 (21, 49)
1520 (21, 50)
1521 (21, 51)
1522 (21, 52)
1523 (21, 53)
1524 (21, 54)
1525 (21, 55)
1526 (21, 56)
1527 (21, 57)
1528 (21, 58)
1529 (21, 59)
1530 (21, 60)
1531 (21, 61)
1532 (21, 62)
1533 (21, 63)
1534 (21, 64)
1535 (21, 65)
1536 (21, 66)
1537 (21, 67)
1538 (21, 68)
1539 (21, 69)
1540 (22, 0)
1541 (22, 1)
1542 (22, 2)
1543 (22, 3)
1544 (22, 4)
1545 (22, 5)
1546 (22, 6)
1547 (22, 7)
1548 (22, 8)
1549 (22, 9)
1550 (22, 10)
1551 (22, 11)
1552 (22, 12)
1553 (22, 13)
1554 (22, 14)
1555 (22, 15)
1556 (22, 16)
1557 (22, 17)
1558 (22, 18)
1559 (22, 19)
1560 (22, 20)
1561 (22, 21)
1562 (22, 22)
1563 (22, 23)
1564 (22, 24)
1565 (22, 25)
1566 (22, 26)
1567 (22, 27)
1568 (22, 28)
1569 (22, 29)
1570 (22, 30)
1571 (22, 31)
1572 (22, 32)
1573 (22, 33)
1574 (22, 34)
1575 (22, 35)
1576 (22, 36)
1577 (22, 37)
1578 (22, 38)
1579 (22, 39)
1580 (22, 40)
1581 (22, 41)
1582 (22, 42)
1583 (22, 43)
1584 (22, 44)
1585 (22, 45)
1586 (22, 46)
1587 (22, 47)
1588 (22, 48)
1589 (22, 49)
1590 (22, 50)
1591 (22, 51)
1592 (22, 52)
1593 (22, 53)
1594 (22, 54)
1595 (22, 55)
1596 (22, 56)
1597 (22, 57)
1598 (22, 58)
1599 (22, 59)
1600 (22, 60)
1601 (22, 61)
1602 (22, 62)
1603 (22, 63)
1604 (22, 64)
1605 (22, 65)
1606 (22, 66)
1607 (22, 67)
1608 (22, 68)
1609 (22, 69)
1610 (23, 0)
1611 (23, 1)
1612 (23, 2)
1613 (23, 3)
1614 (23, 4)
1615 (23, 5)
1616 (23, 6)
1617 (23, 7)
1618 (23, 8)
1619 (23, 9)
1620 (23, 10)
1621 (23, 11)
1622 (23, 12)
1623 (23, 13)
1624 (23, 14)
1625 (23, 15)
1626 (23, 16)
1627 (23, 17)
1628 (23, 18)
1629 (23, 19)
1630 (23, 20)
1631 (23, 21)
1632 (23, 22)
1633 (23, 23)
1634 (23, 24)
1635 (23, 25)
1636 (23, 26)
1637 (23, 27)
1638 (23, 28)
1639 (23, 29)
1640 (23, 30)
1641 (23, 31)
1642 (23, 32)
1643 (23, 33)
1644 (23, 34)
1645 (23, 35)
1646 (23, 36)
1647 (23, 37)
1648 (23, 38)
1649 (23, 39)
1650 (23, 40)
1651 (23, 41)
1652 (23, 42)
1653 (23, 43)
1654 (23, 44)
1655 (23, 45)
1656 (23, 46)
1657 (23, 47)
1658 (23, 48)
1659 (23, 49)
1660 (23, 50)
1661 (23, 51)
1662 (23, 52)
1663 (23, 53)
1664 (23, 54)
1665 (23, 55)
1666 (23, 56)
1667 (23, 57)
1668 (23, 58)
1669 (23, 59)
1670 (23, 60)
1671 (23, 61)
1672 (23, 62)
1673 (23, 63)
1674 (23, 64)
1675 (23, 65)
1676 (23, 66)
1677 (23, 67)
1678 (23, 68)
1679 (23, 69)
1680 (24, 0)
1681 (24, 1)
1682 (24, 2)
1683 (24, 3)
1684 (24, 4)
1685 (24, 5)
1686 (24, 6)
1687 (24, 7)
1688 (24, 8)
1689 (24, 9)
1690 (24, 10)
1691 (24, 11)
1692 (24, 12)
1693 (24, 13)
1694 (24, 14)
1695 (24, 15)
1696 (24, 16)
1697 (24, 17)
1698 (24, 18)
1699 (24, 19)
1700 (24, 20)
1701 (24, 21)
1702 (24, 22)
1703 (24, 23)
1704 (24, 24)
1705 (24, 25)
1706 (24, 26)
1707 (24, 27)
1708 (24, 28)
1709 (24, 29)
1710 (24, 30)
1711 (24, 31)
1712 (24, 32)
1713 (24, 33)
1714 (24, 34)
1715 (24, 35)
1716 (24, 36)
1717 (24, 37)
1718 (24, 38)
1719 (24, 39)
1720 (24, 40)
1721 (24, 41)
1722 (24, 42)
1723 (24, 43)
1724 (24, 44)
1725 (24, 45)
1726 (24, 46)
1727 (24, 47)
1728 (24, 48)
1729 (24, 49)
1730 (24, 50)
1731 (24, 51)
1732 (24, 52)
1733 (24, 53)
1734 (24, 54)
1735 (24, 55)
1736 (24, 56)
1737 (24, 57)
1738 (24, 58)
1739 (24, 59)
1740 (24, 60)
1741 (24, 61)
1742 (24, 62)
1743 (24, 63)
1744 (24, 64)
1745 (24, 65)
1746 (24, 66)
1747 (24, 67)
1748 (24, 68)
1749 (24, 69)
1750 (25, 0)
1751 (25, 1)
1752 (25, 2)
1753 (25, 3)
1754 (25, 4)
1755 (25, 5)
1756 (25, 6)
1757 (25, 7)
1758 (25, 8)
1759 (25, 9)
1760 (25, 10)
1761 (25, 11)
1762 (25, 12)
1763 (25, 13)
1764 (25, 14)
1765 (25, 15)
1766 (25, 16)
1767 (25, 17)
1768 (25, 18)
1769 (25, 19)
1770 (25, 20)
1771 (25, 21)
1772 (25, 22)
1773 (25, 23)
1774 (25, 24)
1775 (25, 25)
1776 (25, 26)
1777 (25, 27)
1778 (25, 28)
1779 (25, 29)
1780 (25, 30)
1781 (25, 31)
1782 (25, 32)
1783 (25, 33)
1784 (25, 34)
1785 (25, 35)
1786 (25, 36)
1787 (25, 37)
1788 (25, 38)
1789 (25, 39)
1790 (25, 40)
1791 (25, 41)
1792 (25, 42)
1793 (25, 43)
1794 (25, 44)
1795 (25, 45)
1796 (25, 46)
1797 (25, 47)
1798 (25, 48)
1799 (25, 49)
1800 (25, 50)
1801 (25, 51)
1802 (25, 52)
1803 (25, 53)
1804 (25, 54)
1805 (25, 55)
1806 (25, 56)
1807 (25, 57)
1808 (25, 58)
1809 (25, 59)
1810 (25, 60)
1811 (25, 61)
1812 (25, 62)
1813 (25, 63)
1814 (25, 64)
1815 (25, 65)
1816 (25, 66)
1817 (25, 67)
1818 (25, 68)
1819 (25, 69)
1820 (26, 0)
1821 (26, 1)
1822 (26, 2)
1823 (26, 3)
1824 (26, 4)
1825 (26, 5)
1826 (26, 6)
1827 (26, 7)
1828 (26, 8)
1829 (26, 9)
1830 (26, 10)
1831 (26, 11)
1832 (26, 12)
1833 (26, 13)
1834 (26, 14)
1835 (26, 15)
1836 (26, 16)
1837 (26, 17)
1838 (26, 18)
1839 (26, 19)
1840 (26, 20)
1841 (26, 21)
1842 (26, 22)
1843 (26, 23)
1844 (26, 24)
1845 (26, 25)
1846 (26, 26)
1847 (26, 27)
1848 (26, 28)
1849 (26, 29)
1850 (26, 30)
1851 (26, 31)
1852 (26, 32)
1853 (26, 33)
1854 (26, 34)
1855 (26, 35)
1856 (26, 36)
1857 (26, 37)
1858 (26, 38)
1859 (26, 39)
1860 (26, 40)
1861 (26, 41)
1862 (26, 42)
1863 (26, 43)
1864 (26, 44)
1865 (26, 45)
1866 (26, 46)
1867 (26, 47)
1868 (26, 48)
1869 (26, 49)
1870 (26, 50)
1871 (26, 51)
1872 (26, 52)
1873 (26, 53)
1874 (26, 54)
1875 (26, 55)
1876 (26, 56)
1877 (26, 57)
1878 (26, 58)
1879 (26, 59)
1880 (26, 60)
1881 (26, 61)
1882 (26, 62)
1883 (26, 63)
1884 (26, 64)
1885 (26, 65)
1886 (26, 66)
1887 (26, 67)
1888 (26, 68)
1889 (26, 69)
1890 (27, 0)
1891 (27, 1)
1892 (27, 2)
1893 (27, 3)
1894 (27, 4)
1895 (27, 5)
1896 (27, 6)
1897 (27, 7)
1898 (27, 8)
1899 (27, 9)
1900 (27, 10)
1901 (27, 11)
1902 (27, 12)
1903 (27, 13)
1904 (27, 14)
1905 (27, 15)
1906 (27, 16)
1907 (27, 17)
1908 (27, 18)
1909 (27, 19)
1910 (27, 20)
1911 (27, 21)
1912 (27, 22)
1913 (27, 23)
1914 (27, 24)
1915 (27, 25)
1916 (27, 26)
1917 (27, 27)
1918 (27, 28)
1919 (27, 29)
1920 (27, 30)
1921 (27, 31)
1922 (27, 32)
1923 (27, 33)
1924 (27, 34)
1925 (27, 35)
1926 (27, 36)
1927 (27, 37)
1928 (27, 38)
1929 (27, 39)
1930 (27, 40)
1931 (27, 41)
1932 (27, 42)
1933 (27, 43)
1934 (27, 44)
1935 (27, 45)
1936 (27, 46)
1937 (27, 47)
1938 (27, 48)
1939 (27, 49)
1940 (27, 50)
1941 (27, 51)
1942 (27, 52)
1943 (27, 53)
1944 (27, 54)
1945 (27, 55)
1946 (27, 56)
1947 (27, 57)
1948 (27, 58)
1949 (27, 59)
1950 (27, 60)
1951 (27, 61)
1952 (27, 62)
1953 (27, 63)
1954 (27, 64)
1955 (27, 65)
1956 (27, 66)
1957 (27, 67)
1958 (27, 68)
1959 (27, 69)
1960 (28, 0)
1961 (28, 1)
1962 (28, 2)
1963 (28, 3)
1964 (28, 4)
1965 (28, 5)
1966 (28, 6)
1967 (28, 7)
1968 (28, 8)
1969 (28, 9)
1970 (28, 10)
1971 (28, 11)
1972 (28, 12)
1973 (28, 13)
1974 (28, 14)
1975 (28, 15)
1976 (28, 16)
1977 (28, 17)
1978 (28, 18)
1979 (28, 19)
1980 (28, 20)
1981 (28, 21)
1982 (28, 22)
1983 (28, 23)
1984 (28, 24)
1985 (28, 25)
1986 (28, 26)
1987 (28, 27)
1988 (28, 28)
1989 (28, 29)
1990 (28, 30)
1991 (28, 31)
1992 (28, 32)
1993 (28, 33)
1994 (28, 34)
1995 (28, 35)
1996 (28, 36)
1997 (28, 37)
1998 (28, 38)
1999 (28, 39)
2000 (28, 40)
2001 (28, 41)
2002 (28, 42)
2003 (28, 43)
2004 (28, 44)
2005 (28, 45)
2006 (28, 46)
2007 (28, 47)
2008 (28, 48)
2009 (28, 49)
2010 (28, 50)
2011 (28, 51)
2012 (28, 52)
2013 (28, 53)
2014 (28, 54)
2015 (28, 55)
2016 (28, 56)
2017 (28, 57)
2018 (28, 58)
2019 (28, 59)
2020 (28, 60)
2021 (28, 61)
2022 (28, 62)
2023 (28, 63)
2024 (28, 64)
2025 (28, 65)
2026 (28, 66)
2027 (28, 67)
2028 (28, 68)
2029 (28, 69)
2030 (29, 0)
2031 (29, 1)
2032 (29, 2)
2033 (29, 3)
2034 (29, 4)
2035 (29, 5)
2036 (29, 6)
2037 (29, 7)
2038 (29, 8)
2039 (29, 9)
2040 (29, 10)
2041 (29, 11)
2042 (29, 12)
2043 (29, 13)
2044 (29, 14)
2045 (29, 15)
2046 (29, 16)
2047 (29, 17)
2048 (29, 18)
2049 (29, 19)
2050 (29, 20)
2051 (29, 21)
2052 (29, 22)
2053 (29, 23)
2054 (29, 24)
2055 (29, 25)
2056 (29, 26)
2057 (29, 27)
2058 (29, 28)
2059 (29, 29)
2060 (29, 30)
2061 (29, 31)
2062 (29, 32)
2063 (29, 33)
2064 (29, 34)
2065 (29, 35)
2066 (29, 36)
2067 (29, 37)
2068 (29, 38)
2069 (29, 39)
2070 (29, 40)
2071 (29, 41)
2072 (29, 42)
2073 (29, 43)
2074 (29, 44)
2075 (29, 45)
2076 (29, 46)
2077 (29, 47)
2078 (29, 48)
2079 (29, 49)
2080 (29, 50)
2081 (29, 51)
2082 (29, 52)
2083 (29, 53)
2084 (29, 54)
2085 (29, 55)
2086 (29, 56)
2087 (29, 57)
2088 (29, 58)
2089 (29, 59)
2090 (29, 60)
2091 (29, 61)
2092 (29, 62)
2093 (29, 63)
2094 (29, 64)
2095 (29, 65)
2096 (29, 66)
2097 (29, 67)
2098 (29, 68)
2099 (29, 69)
2100 (30, 0)
2101 (30, 1)
2102 (30, 2)
2103 (30, 3)
2104 (30, 4)
2105 (30, 5)
2106 (30, 6)
2107 (30, 7)
2108 (30, 8)
2109 (30, 9)
2110 (30, 10)
2111 (30, 11)
2112 (30, 12)
2113 (30, 13)
2114 (30, 14)
2115 (30, 15)
2116 (30, 16)
2117 (30, 17)
2118 (30, 18)
2119 (30, 19)
2120 (30, 20)
2121 (30, 21)
2122 (30, 22)
2123 (30, 23)
2124 (30, 24)
2125 (30, 25)
2126 (30, 26)
2127 (30, 27)
2128 (30, 28)
2129 (30, 29)
2130 (30, 30)
2131 (30, 31)
2132 (30, 32)
2133 (30, 33)
2134 (30, 34)
2135 (30, 35)
2136 (30, 36)
2137 (30, 37)
2138 (30, 38)
2139 (30, 39)
2140 (30, 40)
2141 (30, 41)
2142 (30, 42)
2143 (30, 43)
2144 (30, 44)
2145 (30, 45)
2146 (30, 46)
2147 (30, 47)
2148 (30, 48)
2149 (30, 49)
2150 (30, 50)
2151 (30, 51)
2152 (30, 52)
2153 (30, 53)
2154 (30, 54)
2155 (30, 55)
2156 (30, 56)
2157 (30, 57)
2158 (30, 58)
2159 (30, 59)
2160 (30, 60)
2161 (30, 61)
2162 (30, 62)
2163 (30, 63)
2164 (30, 64)
2165 (30, 65)
2166 (30, 66)
2167 (30, 67)
2168 (30, 68)
2169 (30, 69)
2170 (31, 0)
2171 (31, 1)
2172 (31, 2)
2173 (31, 3)
2174 (31, 4)
2175 (31, 5)
2176 (31, 6)
2177 (31, 7)
2178 (31, 8)
2179 (31, 9)
2180 (31, 10)
2181 (31, 11)
2182 (31, 12)
2183 (31, 13)
2184 (31, 14)
2185 (31, 15)
2186 (31, 16)
2187 (31, 17)
2188 (31, 18)
2189 (31, 19)
2190 (31, 20)
2191 (31, 21)
2192 (31, 22)
2193 (31, 23)
2194 (31, 24)
2195 (31, 25)
2196 (31, 26)
2197 (31, 27)
2198 (31, 28)
2199 (31, 29)
2200 (31, 30)
2201 (31, 31)
2202 (31, 32)
2203 (31, 33)
2204 (31, 34)
2205 (31, 35)
2206 (31, 36)
2207 (31, 37)
2208 (31, 38)
2209 (31, 39)
2210 (31, 40)
2211 (31, 41)
2212 (31, 42)
2213 (31, 43)
2214 (31, 44)
2215 (31, 45)
2216 (31, 46)
2217 (31, 47)
2218 (31, 48)
2219 (31, 49)
2220 (31, 50)
2221 (31, 51)
2222 (31, 52)
2223 (31, 53)
2224 (31, 54)
2225 (31, 55)
2226 (31, 56)
2227 (31, 57)
2228 (31, 58)
2229 (31, 59)
2230 (31, 60)
2231 (31, 61)
2232 (31, 62)
2233 (31, 63)
2234 (31, 64)
2235 (31, 65)
2236 (31, 66)
2237 (31, 67)
2238 (31, 68)
2239 (31, 69)
2240 (32, 0)
2241 (32, 1)
2242 (32, 2)
2243 (32, 3)
2244 (32, 4)
2245 (32, 5)
2246 (32, 6)
2247 (32, 7)
2248 (32, 8)
2249 (32, 9)
2250 (32, 10)
2251 (32, 11)
2252 (32, 12)
2253 (32, 13)
2254 (32, 14)
2255 (32, 15)
2256 (32, 16)
2257 (32, 17)
2258 (32, 18)
2259 (32, 19)
2260 (32, 20)
2261 (32, 21)
2262 (32, 22)
2263 (32, 23)
2264 (32, 24)
2265 (32, 25)
2266 (32, 26)
2267 (32, 27)
2268 (32, 28)
2269 (32, 29)
2270 (32, 30)
2271 (32, 31)
2272 (32, 32)
2273 (32, 33)
2274 (32, 34)
2275 (32, 35)
2276 (32, 36)
2277 (32, 37)
2278 (32, 38)
2279 (32, 39)
2280 (32, 40)
2281 (32, 41)
2282 (32, 42)
2283 (32, 43)
2284 (32, 44)
2285 (32, 45)
2286 (32, 46)
2287 (32, 47)
2288 (32, 48)
2289 (32, 49)
2290 (32, 50)
2291 (32, 51)
2292 (32, 52)
2293 (32, 53)
2294 (32, 54)
2295 (32, 55)
2296 (32, 56)
2297 (32, 57)
2298 (32, 58)
2299 (32, 59)
2300 (32, 60)
2301 (32, 61)
2302 (32, 62)
2303 (32, 63)
2304 (32, 64)
2305 (32, 65)
2306 (32, 66)
2307 (32, 67)
2308 (32, 68)
2309 (32, 69)
2310 (33, 0)
2311 (33, 1)
2312 (33, 2)
2313 (33, 3)
2314 (33, 4)
2315 (33, 5)
2316 (33, 6)
2317 (33, 7)
2318 (33, 8)
2319 (33, 9)
2320 (33, 10)
2321 (33, 11)
2322 (33, 12)
2323 (33, 13)
2324 (33, 14)
2325 (33, 15)
2326 (33, 16)
2327 (33, 17)
2328 (33, 18)
2329 (33, 19)
2330 (33, 20)
2331 (33, 21)
2332 (33, 22)
2333 (33, 23)
2334 (33, 24)
2335 (33, 25)
2336 (33, 26)
2337 (33, 27)
2338 (33, 28)
2339 (33, 29)
2340 (33, 30)
2341 (33, 31)
2342 (33, 32)
2343 (33, 33)
2344 (33, 34)
2345 (33, 35)
2346 (33, 36)
2347 (33, 37)
2348 (33, 38)
2349 (33, 39)
2350 (33, 40)
2351 (33, 41)
2352 (33, 42)
2353 (33, 43)
2354 (33, 44)
2355 (33, 45)
2356 (33, 46)
2357 (33, 47)
2358 (33, 48)
2359 (33, 49)
2360 (33, 50)
2361 (33, 51)
2362 (33, 52)
2363 (33, 53)
2364 (33, 54)
2365 (33, 55)
2366 (33, 56)
2367 (33, 57)
2368 (33, 58)
2369 (33, 59)
2370 (33, 60)
2371 (33, 61)
2372 (33, 62)
2373 (33, 63)
2374 (33, 64)
2375 (33, 65)
2376 (33, 66)
2377 (33, 67)
2378 (33, 68)
2379 (33, 69)
2380 (34, 0)
2381 (34, 1)
2382 (34, 2)
2383 (34, 3)
2384 (34, 4)
2385 (34, 5)
2386 (34, 6)
2387 (34, 7)
2388 (34, 8)
2389 (34, 9)
2390 (34, 10)
2391 (34, 11)
2392 (34, 12)
2393 (34, 13)
2394 (34, 14)
2395 (34, 15)
2396 (34, 16)
2397 (34, 17)
2398 (34, 18)
2399 (34, 19)
2400 (34, 20)
2401 (34, 21)
2402 (34, 22)
2403 (34, 23)
2404 (34, 24)
2405 (34, 25)
2406 (34, 26)
2407 (34, 27)
2408 (34, 28)
2409 (34, 29)
2410 (34, 30)
2411 (34, 31)
2412 (34, 32)
2413 (34, 33)
2414 (34, 34)
2415 (34, 35)
2416 (34, 36)
2417 (34, 37)
2418 (34, 38)
2419 (34, 39)
2420 (34, 40)
2421 (34, 41)
2422 (34, 42)
2423 (34, 43)
2424 (34, 44)
2425 (34, 45)
2426 (34, 46)
2427 (34, 47)
2428 (34, 48)
2429 (34, 49)
2430 (34, 50)
2431 (34, 51)
2432 (34, 52)
2433 (34, 53)
2434 (34, 54)
2435 (34, 55)
2436 (34, 56)
2437 (34, 57)
2438 (34, 58)
2439 (34, 59)
2440 (34, 60)
2441 (34, 61)
2442 (34, 62)
2443 (34, 63)
2444 (34, 64)
2445 (34, 65)
2446 (34, 66)
2447 (34, 67)
2448 (34, 68)
2449 (34, 69)
2450 (35, 0)
2451 (35, 1)
2452 (35, 2)
2453 (35, 3)
2454 (35, 4)
2455 (35, 5)
2456 (35, 6)
2457 (35, 7)
2458 (35, 8)
2459 (35, 9)
2460 (35, 10)
2461 (35, 11)
2462 (35, 12)
2463 (35, 13)
2464 (35, 14)
2465 (35, 15)
2466 (35, 16)
2467 (35, 17)
2468 (35, 18)
2469 (35, 19)
2470 (35, 20)
2471 (35, 21)
2472 (35, 22)
2473 (35, 23)
2474 (35, 24)
2475 (35, 25)
2476 (35, 26)
2477 (35, 27)
2478 (35, 28)
2479 (35, 29)
2480 (35, 30)
2481 (35, 31)
2482 (35, 32)
2483 (35, 33)
2484 (35, 34)
2485 (35, 35)
2486 (35, 36)
2487 (35, 37)
2488 (35, 38)
2489 (35, 39)
2490 (35, 40)
2491 (35, 41)
2492 (35, 42)
2493 (35, 43)
2494 (35, 44)
2495 (35, 45)
2496 (35, 46)
2497 (35, 47)
2498 (35, 48)
2499 (35, 49)
2500 (35, 50)
2501 (35, 51)
2502 (35, 52)
2503 (35, 53)
2504 (35, 54)
2505 (35, 55)
2506 (35, 56)
2507 (35, 57)
2508 (35, 58)
2509 (35, 59)
2510 (35, 60)
2511 (35, 61)
2512 (35, 62)
2513 (35, 63)
2514 (35, 64)
2515 (35, 65)
2516 (35, 66)
2517 (35, 67)
2518 (35, 68)
2519 (35, 69)
2520 (36, 0)
2521 (36, 1)
2522 (36, 2)
2523 (36, 3)
2524 (36, 4)
2525 (36, 5)
2526 (36, 6)
2527 (36, 7)
2528 (36, 8)
2529 (36, 9)
2530 (36, 10)
2531 (36, 11)
2532 (36, 12)
2533 (36, 13)
2534 (36, 14)
2535 (36, 15)
2536 (36, 16)
2537 (36, 17)
2538 (36, 18)
2539 (36, 19)
2540 (36, 20)
2541 (36, 21)
2542 (36, 22)
2543 (36, 23)
2544 (36, 24)
2545 (36, 25)
2546 (36, 26)
2547 (36, 27)
2548 (36, 28)
2549 (36, 29)
2550 (36, 30)
2551 (36, 31)
2552 (36, 32)
2553 (36, 33)
2554 (36, 34)
2555 (36, 35)
2556 (36, 36)
2557 (36, 37)
2558 (36, 38)
2559 (36, 39)
2560 (36, 40)
2561 (36, 41)
2562 (36, 42)
2563 (36, 43)
2564 (36, 44)
2565 (36, 45)
2566 (36, 46)
2567 (36, 47)
2568 (36, 48)
2569 (36, 49)
2570 (36, 50)
2571 (36, 51)
2572 (36, 52)
2573 (36, 53)
2574 (36, 54)
2575 (36, 55)
2576 (36, 56)
2577 (36, 57)
2578 (36, 58)
2579 (36, 59)
2580 (36, 60)
2581 (36, 61)
2582 (36, 62)
2583 (36, 63)
2584 (36, 64)
2585 (36, 65)
2586 (36, 66)
2587 (36, 67)
2588 (36, 68)
2589 (36, 69)
2590 (37, 0)
2591 (37, 1)
2592 (37, 2)
2593 (37, 3)
2594 (37, 4)
2595 (37, 5)
2596 (37, 6)
2597 (37, 7)
2598 (37, 8)
2599 (37, 9)
2600 (37, 10)
2601 (37, 11)
2602 (37, 12)
2603 (37, 13)
2604 (37, 14)
2605 (37, 15)
2606 (37, 16)
2607 (37, 17)
2608 (37, 18)
2609 (37, 19)
2610 (37, 20)
2611 (37, 21)
2612 (37, 22)
2613 (37, 23)
2614 (37, 24)
2615 (37, 25)
2616 (37, 26)
2617 (37, 27)
2618 (37, 28)
2619 (37, 29)
2620 (37, 30)
2621 (37, 31)
2622 (37, 32)
2623 (37, 33)
2624 (37, 34)
2625 (37, 35)
2626 (37, 36)
2627 (37, 37)
2628 (37, 38)
2629 (37, 39)
2630 (37, 40)
2631 (37, 41)
2632 (37, 42)
2633 (37, 43)
2634 (37, 44)
2635 (37, 45)
2636 (37, 46)
2637 (37, 47)
2638 (37, 48)
2639 (37, 49)
2640 (37, 50)
2641 (37, 51)
2642 (37, 52)
2643 (37, 53)
2644 (37, 54)
2645 (37, 55)
2646 (37, 56)
2647 (37, 57)
2648 (37, 58)
2649 (37, 59)
2650 (37, 60)
2651 (37, 61)
2652 (37, 62)
2653 (37, 63)
2654 (37, 64)
2655 (37, 65)
2656 (37, 66)
2657 (37, 67)
2658 (37, 68)
2659 (37, 69)
2660 (38, 0)
2661 (38, 1)
2662 (38, 2)
2663 (38, 3)
2664 (38, 4)
2665 (38, 5)
2666 (38, 6)
2667 (38, 7)
2668 (38, 8)
2669 (38, 9)
2670 (38, 10)
2671 (38, 11)
2672 (38, 12)
2673 (38, 13)
2674 (38, 14)
2675 (38, 15)
2676 (38, 16)
2677 (38, 17)
2678 (38, 18)
2679 (38, 19)
2680 (38, 20)
2681 (38, 21)
2682 (38, 22)
2683 (38, 23)
2684 (38, 24)
2685 (38, 25)
2686 (38, 26)
2687 (38, 27)
2688 (38, 28)
2689 (38, 29)
2690 (38, 30)
2691 (38, 31)
2692 (38, 32)
2693 (38, 33)
2694 (38, 34)
2695 (38, 35)
2696 (38, 36)
2697 (38, 37)
2698 (38, 38)
2699 (38, 39)
2700 (38, 40)
2701 (38, 41)
2702 (38, 42)
2703 (38, 43)
2704 (38, 44)
2705 (38, 45)
2706 (38, 46)
2707 (38, 47)
2708 (38, 48)
2709 (38, 49)
2710 (38, 50)
2711 (38, 51)
2712 (38, 52)
2713 (38, 53)
2714 (38, 54)
2715 (38, 55)
2716 (38, 56)
2717 (38, 57)
2718 (38, 58)
2719 (38, 59)
2720 (38, 60)
2721 (38, 61)
2722 (38, 62)
2723 (38, 63)
2724 (38, 64)
2725 (38, 65)
2726 (38, 66)
2727 (38, 67)
2728 (38, 68)
2729 (38, 69)
2730 (39, 0)
2731 (39, 1)
2732 (39, 2)
2733 (39, 3)
2734 (39, 4)
2735 (39, 5)
2736 (39, 6)
2737 (39, 7)
2738 (39, 8)
2739 (39, 9)
2740 (39, 10)
2741 (39, 11)
2742 (39, 12)
2743 (39, 13)
2744 (39, 14)
2745 (39, 15)
2746 (39, 16)
2747 (39, 17)
2748 (39, 18)
2749 (39, 19)
2750 (39, 20)
2751 (39, 21)
2752 (39, 22)
2753 (39, 23)
2754 (39, 24)
2755 (39, 25)
2756 (39, 26)
2757 (39, 27)
2758 (39, 28)
2759 (39, 29)
2760 (39, 30)
2761 (39, 31)
2762 (39, 32)
2763 (39, 33)
2764 (39, 34)
2765 (39, 35)
2766 (39, 36)
2767 (39, 37)
2768 (39, 38)
2769 (39, 39)
2770 (39, 40)
2771 (39, 41)
2772 (39, 42)
2773 (39, 43)
2774 (39, 44)
2775 (39, 45)
2776 (39, 46)
2777 (39, 47)
2778 (39, 48)
2779 (39, 49)
2780 (39, 50)
2781 (39, 51)
2782 (39, 52)
2783 (39, 53)
2784 (39, 54)
2785 (39, 55)
2786 (39, 56)
2787 (39, 57)
2788 (39, 58)
2789 (39, 59)
2790 (39, 60)
2791 (39, 61)
2792 (39, 62)
2793 (39, 63)
2794 (39, 64)
2795 (39, 65)
2796 (39, 66)
2797 (39, 67)
2798 (39, 68)
2799 (39, 69)
2800 (40, 0)
2801 (40, 1)
2802 (40, 2)
2803 (40, 3)
2804 (40, 4)
2805 (40, 5)
2806 (40, 6)
2807 (40, 7)
2808 (40, 8)
2809 (40, 9)
2810 (40, 10)
2811 (40, 11)
2812 (40, 12)
2813 (40, 13)
2814 (40, 14)
2815 (40, 15)
2816 (40, 16)
2817 (40, 17)
2818 (40, 18)
2819 (40, 19)
2820 (40, 20)
2821 (40, 21)
2822 (40, 22)
2823 (40, 23)
2824 (40, 24)
2825 (40, 25)
2826 (40, 26)
2827 (40, 27)
2828 (40, 28)
2829 (40, 29)
2830 (40, 30)
2831 (40, 31)
2832 (40, 32)
2833 (40, 33)
2834 (40, 34)
2835 (40, 35)
2836 (40, 36)
2837 (40, 37)
2838 (40, 38)
2839 (40, 39)
2840 (40, 40)
2841 (40, 41)
2842 (40, 42)
2843 (40, 43)
2844 (40, 44)
2845 (40, 45)
2846 (40, 46)
2847 (40, 47)
2848 (40, 48)
2849 (40, 49)
2850 (40, 50)
2851 (40, 51)
2852 (40, 52)
2853 (40, 53)
2854 (40, 54)
2855 (40, 55)
2856 (40, 56)
2857 (40, 57)
2858 (40, 58)
2859 (40, 59)
2860 (40, 60)
2861 (40, 61)
2862 (40, 62)
2863 (40, 63)
2864 (40, 64)
2865 (40, 65)
2866 (40, 66)
2867 (40, 67)
2868 (40, 68)
2869 (40, 69)
2870 (41, 0)
2871 (41, 1)
2872 (41, 2)
2873 (41, 3)
2874 (41, 4)
2875 (41, 5)
2876 (41, 6)
2877 (41, 7)
2878 (41, 8)
2879 (41, 9)
2880 (41, 10)
2881 (41, 11)
2882 (41, 12)
2883 (41, 13)
2884 (41, 14)
2885 (41, 15)
2886 (41, 16)
2887 (41, 17)
2888 (41, 18)
2889 (41, 19)
2890 (41, 20)
2891 (41, 21)
2892 (41, 22)
2893 (41, 23)
2894 (41, 24)
2895 (41, 25)
2896 (41, 26)
2897 (41, 27)
2898 (41, 28)
2899 (41, 29)
2900 (41, 30)
2901 (41, 31)
2902 (41, 32)
2903 (41, 33)
2904 (41, 34)
2905 (41, 35)
2906 (41, 36)
2907 (41, 37)
2908 (41, 38)
2909 (41, 39)
2910 (41, 40)
2911 (41, 41)
2912 (41, 42)
2913 (41, 43)
2914 (41, 44)
2915 (41, 45)
2916 (41, 46)
2917 (41, 47)
2918 (41, 48)
2919 (41, 49)
2920 (41, 50)
2921 (41, 51)
2922 (41, 52)
2923 (41, 53)
2924 (41, 54)
2925 (41, 55)
2926 (41, 56)
2927 (41, 57)
2928 (41, 58)
2929 (41, 59)
2930 (41, 60)
2931 (41, 61)
2932 (41, 62)
2933 (41, 63)
2934 (41, 64)
2935 (41, 65)
2936 (41, 66)
2937 (41, 67)
2938 (41, 68)
2939 (41, 69)
2940 (42, 0)
2941 (42, 1)
2942 (42, 2)
2943 (42, 3)
2944 (42, 4)
2945 (42, 5)
2946 (42, 6)
2947 (42, 7)
2948 (42, 8)
2949 (42, 9)
2950 (42, 10)
2951 (42, 11)
2952 (42, 12)
2953 (42, 13)
2954 (42, 14)
2955 (42, 15)
2956 (42, 16)
2957 (42, 17)
2958 (42, 18)
2959 (42, 19)
2960 (42, 20)
2961 (42, 21)
2962 (42, 22)
2963 (42, 23)
2964 (42, 24)
2965 (42, 25)
2966 (42, 26)
2967 (42, 27)
2968 (42, 28)
2969 (42, 29)
2970 (42, 30)
2971 (42, 31)
2972 (42, 32)
2973 (42, 33)
2974 (42, 34)
2975 (42, 35)
2976 (42, 36)
2977 (42, 37)
2978 (42, 38)
2979 (42, 39)
2980 (42, 40)
2981 (42, 41)
2982 (42, 42)
2983 (42, 43)
2984 (42, 44)
2985 (42, 45)
2986 (42, 46)
2987 (42, 47)
2988 (42, 48)
2989 (42, 49)
2990 (42, 50)
2991 (42, 51)
2992 (42, 52)
2993 (42, 53)
2994 (42, 54)
2995 (42, 55)
2996 (42, 56)
2997 (42, 57)
2998 (42, 58)
2999 (42, 59)
3000 (42, 60)
3001 (42, 61)
3002 (42, 62)
3003 (42, 63)
3004 (42, 64)
3005 (42, 65)
3006 (42, 66)
3007 (42, 67)
3008 (42, 68)
3009 (42, 69)
3010 (43, 0)
3011 (43, 1)
3012 (43, 2)
3013 (43, 3)
3014 (43, 4)
3015 (43, 5)
3016 (43, 6)
3017 (43, 7)
3018 (43, 8)
3019 (43, 9)
3020 (43, 10)
3021 (43, 11)
3022 (43, 12)
3023 (43, 13)
3024 (43, 14)
3025 (43, 15)
3026 (43, 16)
3027 (43, 17)
3028 (43, 18)
3029 (43, 19)
3030 (43, 20)
3031 (43, 21)
3032 (43, 22)
3033 (43, 23)
3034 (43, 24)
3035 (43, 25)
3036 (43, 26)
3037 (43, 27)
3038 (43, 28)
3039 (43, 29)
3040 (43, 30)
3041 (43, 31)
3042 (43, 32)
3043 (43, 33)
3044 (43, 34)
3045 (43, 35)
3046 (43, 36)
3047 (43, 37)
3048 (43, 38)
3049 (43, 39)
3050 (43, 40)
3051 (43, 41)
3052 (43, 42)
3053 (43, 43)
3054 (43, 44)
3055 (43, 45)
3056 (43, 46)
3057 (43, 47)
3058 (43, 48)
3059 (43, 49)
3060 (43, 50)
3061 (43, 51)
3062 (43, 52)
3063 (43, 53)
3064 (43, 54)
3065 (43, 55)
3066 (43, 56)
3067 (43, 57)
3068 (43, 58)
3069 (43, 59)
3070 (43, 60)
3071 (43, 61)
3072 (43, 62)
3073 (43, 63)
3074 (43, 64)
3075 (43, 65)
3076 (43, 66)
3077 (43, 67)
3078 (43, 68)
3079 (43, 69)
3080 (44, 0)
3081 (44, 1)
3082 (44, 2)
3083 (44, 3)
3084 (44, 4)
3085 (44, 5)
3086 (44, 6)
3087 (44, 7)
3088 (44, 8)
3089 (44, 9)
3090 (44, 10)
3091 (44, 11)
3092 (44, 12)
3093 (44, 13)
3094 (44, 14)
3095 (44, 15)
3096 (44, 16)
3097 (44, 17)
3098 (44, 18)
3099 (44, 19)
3100 (44, 20)
3101 (44, 21)
3102 (44, 22)
3103 (44, 23)
3104 (44, 24)
3105 (44, 25)
3106 (44, 26)
3107 (44, 27)
3108 (44, 28)
3109 (44, 29)
3110 (44, 30)
3111 (44, 31)
3112 (44, 32)
3113 (44, 33)
3114 (44, 34)
3115 (44, 35)
3116 (44, 36)
3117 (44, 37)
3118 (44, 38)
3119 (44, 39)
3120 (44, 40)
3121 (44, 41)
3122 (44, 42)
3123 (44, 43)
3124 (44, 44)
3125 (44, 45)
3126 (44, 46)
3127 (44, 47)
3128 (44, 48)
3129 (44, 49)
3130 (44, 50)
3131 (44, 51)
3132 (44, 52)
3133 (44, 53)
3134 (44, 54)
3135 (44, 55)
3136 (44, 56)
3137 (44, 57)
3138 (44, 58)
3139 (44, 59)
3140 (44, 60)
3141 (44, 61)
3142 (44, 62)
3143 (44, 63)
3144 (44, 64)
3145 (44, 65)
3146 (44, 66)
3147 (44, 67)
3148 (44, 68)
3149 (44, 69)
3150 (45, 0)
3151 (45, 1)
3152 (45, 2)
3153 (45, 3)
3154 (45, 4)
3155 (45, 5)
3156 (45, 6)
3157 (45, 7)
3158 (45, 8)
3159 (45, 9)
3160 (45, 10)
3161 (45, 11)
3162 (45, 12)
3163 (45, 13)
3164 (45, 14)
3165 (45, 15)
3166 (45, 16)
3167 (45, 17)
3168 (45, 18)
3169 (45, 19)
3170 (45, 20)
3171 (45, 21)
3172 (45, 22)
3173 (45, 23)
3174 (45, 24)
3175 (45, 25)
3176 (45, 26)
3177 (45, 27)
3178 (45, 28)
3179 (45, 29)
3180 (45, 30)
3181 (45, 31)
3182 (45, 32)
3183 (45, 33)
3184 (45, 34)
3185 (45, 35)
3186 (45, 36)
3187 (45, 37)
3188 (45, 38)
3189 (45, 39)
3190 (45, 40)
3191 (45, 41)
3192 (45, 42)
3193 (45, 43)
3194 (45, 44)
3195 (45, 45)
3196 (45, 46)
3197 (45, 47)
3198 (45, 48)
3199 (45, 49)
3200 (45, 50)
3201 (45, 51)
3202 (45, 52)
3203 (45, 53)
3204 (45, 54)
3205 (45, 55)
3206 (45, 56)
3207 (45, 57)
3208 (45, 58)
3209 (45, 59)
3210 (45, 60)
3211 (45, 61)
3212 (45, 62)
3213 (45, 63)
3214 (45, 64)
3215 (45, 65)
3216 (45, 66)
3217 (45, 67)
3218 (45, 68)
3219 (45, 69)
3220 (46, 0)
3221 (46, 1)
3222 (46, 2)
3223 (46, 3)
3224 (46, 4)
3225 (46, 5)
3226 (46, 6)
3227 (46, 7)
3228 (46, 8)
3229 (46, 9)
3230 (46, 10)
3231 (46, 11)
3232 (46, 12)
3233 (46, 13)
3234 (46, 14)
3235 (46, 15)
3236 (46, 16)
3237 (46, 17)
3238 (46, 18)
3239 (46, 19)
3240 (46, 20)
3241 (46, 21)
3242 (46, 22)
3243 (46, 23)
3244 (46, 24)
3245 (46, 25)
3246 (46, 26)
3247 (46, 27)
3248 (46, 28)
3249 (46, 29)
3250 (46, 30)
3251 (46, 31)
3252 (46, 32)
3253 (46, 33)
3254 (46, 34)
3255 (46, 35)
3256 (46, 36)
3257 (46, 37)
3258 (46, 38)
3259 (46, 39)
3260 (46, 40)
3261 (46, 41)
3262 (46, 42)
3263 (46, 43)
3264 (46, 44)
3265 (46, 45)
3266 (46, 46)
3267 (46, 47)
3268 (46, 48)
3269 (46, 49)
3270 (46, 50)
3271 (46, 51)
3272 (46, 52)
3273 (46, 53)
3274 (46, 54)
3275 (46, 55)
3276 (46, 56)
3277 (46, 57)
3278 (46, 58)
3279 (46, 59)
3280 (46, 60)
3281 (46, 61)
3282 (46, 62)
3283 (46, 63)
3284 (46, 64)
3285 (46, 65)
3286 (46, 66)
3287 (46, 67)
3288 (46, 68)
3289 (46, 69)
3290 (47, 0)
3291 (47, 1)
3292 (47, 2)
3293 (47, 3)
3294 (47, 4)
3295 (47, 5)
3296 (47, 6)
3297 (47, 7)
3298 (47, 8)
3299 (47, 9)
3300 (47, 10)
3301 (47, 11)
3302 (47, 12)
3303 (47, 13)
3304 (47, 14)
3305 (47, 15)
3306 (47, 16)
3307 (47, 17)
3308 (47, 18)
3309 (47, 19)
3310 (47, 20)
3311 (47, 21)
3312 (47, 22)
3313 (47, 23)
3314 (47, 24)
3315 (47, 25)
3316 (47, 26)
3317 (47, 27)
3318 (47, 28)
3319 (47, 29)
3320 (47, 30)
3321 (47, 31)
3322 (47, 32)
3323 (47, 33)
3324 (47, 34)
3325 (47, 35)
3326 (47, 36)
3327 (47, 37)
3328 (47, 38)
3329 (47, 39)
3330 (47, 40)
3331 (47, 41)
3332 (47, 42)
3333 (47, 43)
3334 (47, 44)
3335 (47, 45)
3336 (47, 46)
3337 (47, 47)
3338 (47, 48)
3339 (47, 49)
3340 (47, 50)
3341 (47, 51)
3342 (47, 52)
3343 (47, 53)
3344 (47, 54)
3345 (47, 55)
3346 (47, 56)
3347 (47, 57)
3348 (47, 58)
3349 (47, 59)
3350 (47, 60)
3351 (47, 61)
3352 (47, 62)
3353 (47, 63)
3354 (47, 64)
3355 (47, 65)
3356 (47, 66)
3357 (47, 67)
3358 (47, 68)
3359 (47, 69)
3360 (48, 0)
3361 (48, 1)
3362 (48, 2)
3363 (48, 3)
3364 (48, 4)
3365 (48, 5)
3366 (48, 6)
3367 (48, 7)
3368 (48, 8)
3369 (48, 9)
3370 (48, 10)
3371 (48, 11)
3372 (48, 12)
3373 (48, 13)
3374 (48, 14)
3375 (48, 15)
3376 (48, 16)
3377 (48, 17)
3378 (48, 18)
3379 (48, 19)
3380 (48, 20)
3381 (48, 21)
3382 (48, 22)
3383 (48, 23)
3384 (48, 24)
3385 (48, 25)
3386 (48, 26)
3387 (48, 27)
3388 (48, 28)
3389 (48, 29)
3390 (48, 30)
3391 (48, 31)
3392 (48, 32)
3393 (48, 33)
3394 (48, 34)
3395 (48, 35)
3396 (48, 36)
3397 (48, 37)
3398 (48, 38)
3399 (48, 39)
3400 (48, 40)
3401 (48, 41)
3402 (48, 42)
3403 (48, 43)
3404 (48, 44)
3405 (48, 45)
3406 (48, 46)
3407 (48, 47)
3408 (48, 48)
3409 (48, 49)
3410 (48, 50)
3411 (48, 51)
3412 (48, 52)
3413 (48, 53)
3414 (48, 54)
3415 (48, 55)
3416 (48, 56)
3417 (48, 57)
3418 (48, 58)
3419 (48, 59)
3420 (48, 60)
3421 (48, 61)
3422 (48, 62)
3423 (48, 63)
3424 (48, 64)
3425 (48, 65)
3426 (48, 66)
3427 (48, 67)
3428 (48, 68)
3429 (48, 69)
3430 (49, 0)
3431 (49, 1)
3432 (49, 2)
3433 (49, 3)
3434 (49, 4)
3435 (49, 5)
3436 (49, 6)
3437 (49, 7)
3438 (49, 8)
3439 (49, 9)
3440 (49, 10)
3441 (49, 11)
3442 (49, 12)
3443 (49, 13)
3444 (49, 14)
3445 (49, 15)
3446 (49, 16)
3447 (49, 17)
3448 (49, 18)
3449 (49, 19)
3450 (49, 20)
3451 (49, 21)
3452 (49, 22)
3453 (49, 23)
3454 (49, 24)
3455 (49, 25)
3456 (49, 26)
3457 (49, 27)
3458 (49, 28)
3459 (49, 29)
3460 (49, 30)
3461 (49, 31)
3462 (49, 32)
3463 (49, 33)
3464 (49, 34)
3465 (49, 35)
3466 (49, 36)
3467 (49, 37)
3468 (49, 38)
3469 (49, 39)
3470 (49, 40)
3471 (49, 41)
3472 (49, 42)
3473 (49, 43)
3474 (49, 44)
3475 (49, 45)
3476 (49, 46)
3477 (49, 47)
3478 (49, 48)
3479 (49, 49)
3480 (49, 50)
3481 (49, 51)
3482 (49, 52)
3483 (49, 53)
3484 (49, 54)
3485 (49, 55)
3486 (49, 56)
3487 (49, 57)
3488 (49, 58)
3489 (49, 59)
3490 (49, 60)
3491 (49, 61)
3492 (49, 62)
3493 (49, 63)
3494 (49, 64)
3495 (49, 65)
3496 (49, 66)
3497 (49, 67)
3498 (49, 68)
3499 (49, 69)
3500 (50, 0)
3501 (50, 1)
3502 (50, 2)
3503 (50, 3)
3504 (50, 4)
3505 (50, 5)
3506 (50, 6)
3507 (50, 7)
3508 (50, 8)
3509 (50, 9)
3510 (50, 10)
3511 (50, 11)
3512 (50, 12)
3513 (50, 13)
3514 (50, 14)
3515 (50, 15)
3516 (50, 16)
3517 (50, 17)
3518 (50, 18)
3519 (50, 19)
3520 (50, 20)
3521 (50, 21)
3522 (50, 22)
3523 (50, 23)
3524 (50, 24)
3525 (50, 25)
3526 (50, 26)
3527 (50, 27)
3528 (50, 28)
3529 (50, 29)
3530 (50, 30)
3531 (50, 31)
3532 (50, 32)
3533 (50, 33)
3534 (50, 34)
3535 (50, 35)
3536 (50, 36)
3537 (50, 37)
3538 (50, 38)
3539 (50, 39)
3540 (50, 40)
3541 (50, 41)
3542 (50, 42)
3543 (50, 43)
3544 (50, 44)
3545 (50, 45)
3546 (50, 46)
3547 (50, 47)
3548 (50, 48)
3549 (50, 49)
3550 (50, 50)
3551 (50, 51)
3552 (50, 52)
3553 (50, 53)
3554 (50, 54)
3555 (50, 55)
3556 (50, 56)
3557 (50, 57)
3558 (50, 58)
3559 (50, 59)
3560 (50, 60)
3561 (50, 61)
3562 (50, 62)
3563 (50, 63)
3564 (50, 64)
3565 (50, 65)
3566 (50, 66)
3567 (50, 67)
3568 (50, 68)
3569 (50, 69)
3570 (51, 0)
3571 (51, 1)
3572 (51, 2)
3573 (51, 3)
3574 (51, 4)
3575 (51, 5)
3576 (51, 6)
3577 (51, 7)
3578 (51, 8)
3579 (51, 9)
3580 (51, 10)
3581 (51, 11)
3582 (51, 12)
3583 (51, 13)
3584 (51, 14)
3585 (51, 15)
3586 (51, 16)
3587 (51, 17)
3588 (51, 18)
3589 (51, 19)
3590 (51, 20)
3591 (51, 21)
3592 (51, 22)
3593 (51, 23)
3594 (51, 24)
3595 (51, 25)
3596 (51, 26)
3597 (51, 27)
3598 (51, 28)
3599 (51, 29)
3600 (51, 30)
3601 (51, 31)
3602 (51, 32)
3603 (51, 33)
3604 (51, 34)
3605 (51, 35)
3606 (51, 36)
3607 (51, 37)
3608 (51, 38)
3609 (51, 39)
3610 (51, 40)
3611 (51, 41)
3612 (51, 42)
3613 (51, 43)
3614 (51, 44)
3615 (51, 45)
3616 (51, 46)
3617 (51, 47)
3618 (51, 48)
3619 (51, 49)
3620 (51, 50)
3621 (51, 51)
3622 (51, 52)
3623 (51, 53)
3624 (51, 54)
3625 (51, 55)
3626 (51, 56)
3627 (51, 57)
3628 (51, 58)
3629 (51, 59)
3630 (51, 60)
3631 (51, 61)
3632 (51, 62)
3633 (51, 63)
3634 (51, 64)
3635 (51, 65)
3636 (51, 66)
3637 (51, 67)
3638 (51, 68)
3639 (51, 69)
3640 (52, 0)
3641 (52, 1)
3642 (52, 2)
3643 (52, 3)
3644 (52, 4)
3645 (52, 5)
3646 (52, 6)
3647 (52, 7)
3648 (52, 8)
3649 (52, 9)
3650 (52, 10)
3651 (52, 11)
3652 (52, 12)
3653 (52, 13)
3654 (52, 14)
3655 (52, 15)
3656 (52, 16)
3657 (52, 17)
3658 (52, 18)
3659 (52, 19)
3660 (52, 20)
3661 (52, 21)
3662 (52, 22)
3663 (52, 23)
3664 (52, 24)
3665 (52, 25)
3666 (52, 26)
3667 (52, 27)
3668 (52, 28)
3669 (52, 29)
3670 (52, 30)
3671 (52, 31)
3672 (52, 32)
3673 (52, 33)
3674 (52, 34)
3675 (52, 35)
3676 (52, 36)
3677 (52, 37)
3678 (52, 38)
3679 (52, 39)
3680 (52, 40)
3681 (52, 41)
3682 (52, 42)
3683 (52, 43)
3684 (52, 44)
3685 (52, 45)
3686 (52, 46)
3687 (52, 47)
3688 (52, 48)
3689 (52, 49)
3690 (52, 50)
3691 (52, 51)
3692 (52, 52)
3693 (52, 53)
3694 (52, 54)
3695 (52, 55)
3696 (52, 56)
3697 (52, 57)
3698 (52, 58)
3699 (52, 59)
3700 (52, 60)
3701 (52, 61)
3702 (52, 62)
3703 (52, 63)
3704 (52, 64)
3705 (52, 65)
3706 (52, 66)
3707 (52, 67)
3708 (52, 68)
3709 (52, 69)
3710 (53, 0)
3711 (53, 1)
3712 (53, 2)
3713 (53, 3)
3714 (53, 4)
3715 (53, 5)
3716 (53, 6)
3717 (53, 7)
3718 (53, 8)
3719 (53, 9)
3720 (53, 10)
3721 (53, 11)
3722 (53, 12)
3723 (53, 13)
3724 (53, 14)
3725 (53, 15)
3726 (53, 16)
3727 (53, 17)
3728 (53, 18)
3729 (53, 19)
3730 (53, 20)
3731 (53, 21)
3732 (53, 22)
3733 (53, 23)
3734 (53, 24)
3735 (53, 25)
3736 (53, 26)
3737 (53, 27)
3738 (53, 28)
3739 (53, 29)
3740 (53, 30)
3741 (53, 31)
3742 (53, 32)
3743 (53, 33)
3744 (53, 34)
3745 (53, 35)
3746 (53, 36)
3747 (53, 37)
3748 (53, 38)
3749 (53, 39)
3750 (53, 40)
3751 (53, 41)
3752 (53, 42)
3753 (53, 43)
3754 (53, 44)
3755 (53, 45)
3756 (53, 46)
3757 (53, 47)
3758 (53, 48)
3759 (53, 49)
3760 (53, 50)
3761 (53, 51)
3762 (53, 52)
3763 (53, 53)
3764 (53, 54)
3765 (53, 55)
3766 (53, 56)
3767 (53, 57)
3768 (53, 58)
3769 (53, 59)
3770 (53, 60)
3771 (53, 61)
3772 (53, 62)
3773 (53, 63)
3774 (53, 64)
3775 (53, 65)
3776 (53, 66)
3777 (53, 67)
3778 (53, 68)
3779 (53, 69)
3780 (54, 0)
3781 (54, 1)
3782 (54, 2)
3783 (54, 3)
3784 (54, 4)
3785 (54, 5)
3786 (54, 6)
3787 (54, 7)
3788 (54, 8)
3789 (54, 9)
3790 (54, 10)
3791 (54, 11)
3792 (54, 12)
3793 (54, 13)
3794 (54, 14)
3795 (54, 15)
3796 (54, 16)
3797 (54, 17)
3798 (54, 18)
3799 (54, 19)
3800 (54, 20)
3801 (54, 21)
3802 (54, 22)
3803 (54, 23)
3804 (54, 24)
3805 (54, 25)
3806 (54, 26)
3807 (54, 27)
3808 (54, 28)
3809 (54, 29)
3810 (54, 30)
3811 (54, 31)
3812 (54, 32)
3813 (54, 33)
3814 (54, 34)
3815 (54, 35)
3816 (54, 36)
3817 (54, 37)
3818 (54, 38)
3819 (54, 39)
3820 (54, 40)
3821 (54, 41)
3822 (54, 42)
3823 (54, 43)
3824 (54, 44)
3825 (54, 45)
3826 (54, 46)
3827 (54, 47)
3828 (54, 48)
3829 (54, 49)
3830 (54, 50)
3831 (54, 51)
3832 (54, 52)
3833 (54, 53)
3834 (54, 54)
3835 (54, 55)
3836 (54, 56)
3837 (54, 57)
3838 (54, 58)
3839 (54, 59)
3840 (54, 60)
3841 (54, 61)
3842 (54, 62)
3843 (54, 63)
3844 (54, 64)
3845 (54, 65)
3846 (54, 66)
3847 (54, 67)
3848 (54, 68)
3849 (54, 69)
3850 (55, 0)
3851 (55, 1)
3852 (55, 2)
3853 (55, 3)
3854 (55, 4)
3855 (55, 5)
3856 (55, 6)
3857 (55, 7)
3858 (55, 8)
3859 (55, 9)
3860 (55, 10)
3861 (55, 11)
3862 (55, 12)
3863 (55, 13)
3864 (55, 14)
3865 (55, 15)
3866 (55, 16)
3867 (55, 17)
3868 (55, 18)
3869 (55, 19)
3870 (55, 20)
3871 (55, 21)
3872 (55, 22)
3873 (55, 23)
3874 (55, 24)
3875 (55, 25)
3876 (55, 26)
3877 (55, 27)
3878 (55, 28)
3879 (55, 29)
3880 (55, 30)
3881 (55, 31)
3882 (55, 32)
3883 (55, 33)
3884 (55, 34)
3885 (55, 35)
3886 (55, 36)
3887 (55, 37)
3888 (55, 38)
3889 (55, 39)
3890 (55, 40)
3891 (55, 41)
3892 (55, 42)
3893 (55, 43)
3894 (55, 44)
3895 (55, 45)
3896 (55, 46)
3897 (55, 47)
3898 (55, 48)
3899 (55, 49)
3900 (55, 50)
3901 (55, 51)
3902 (55, 52)
3903 (55, 53)
3904 (55, 54)
3905 (55, 55)
3906 (55, 56)
3907 (55, 57)
3908 (55, 58)
3909 (55, 59)
3910 (55, 60)
3911 (55, 61)
3912 (55, 62)
3913 (55, 63)
3914 (55, 64)
3915 (55, 65)
3916 (55, 66)
3917 (55, 67)
3918 (55, 68)
3919 (55, 69)
3920 (56, 0)
3921 (56, 1)
3922 (56, 2)
3923 (56, 3)
3924 (56, 4)
3925 (56, 5)
3926 (56, 6)
3927 (56, 7)
3928 (56, 8)
3929 (56, 9)
3930 (56, 10)
3931 (56, 11)
3932 (56, 12)
3933 (56, 13)
3934 (56, 14)
3935 (56, 15)
3936 (56, 16)
3937 (56, 17)
3938 (56, 18)
3939 (56, 19)
3940 (56, 20)
3941 (56, 21)
3942 (56, 22)
3943 (56, 23)
3944 (56, 24)
3945 (56, 25)
3946 (56, 26)
3947 (56, 27)
3948 (56, 28)
3949 (56, 29)
3950 (56, 30)
3951 (56, 31)
3952 (56, 32)
3953 (56, 33)
3954 (56, 34)
3955 (56, 35)
3956 (56, 36)
3957 (56, 37)
3958 (56, 38)
3959 (56, 39)
3960 (56, 40)
3961 (56, 41)
3962 (56, 42)
3963 (56, 43)
3964 (56, 44)
3965 (56, 45)
3966 (56, 46)
3967 (56, 47)
3968 (56, 48)
3969 (56, 49)
3970 (56, 50)
3971 (56, 51)
3972 (56, 52)
3973 (56, 53)
3974 (56, 54)
3975 (56, 55)
3976 (56, 56)
3977 (56, 57)
3978 (56, 58)
3979 (56, 59)
3980 (56, 60)
3981 (56, 61)
3982 (56, 62)
3983 (56, 63)
3984 (56, 64)
3985 (56, 65)
3986 (56, 66)
3987 (56, 67)
3988 (56, 68)
3989 (56, 69)
3990 (57, 0)
3991 (57, 1)
3992 (57, 2)
3993 (57, 3)
3994 (57, 4)
3995 (57, 5)
3996 (57, 6)
3997 (57, 7)
3998 (57, 8)
3999 (57, 9)
4000 (57, 10)
4001 (57, 11)
4002 (57, 12)
4003 (57, 13)
4004 (57, 14)
4005 (57, 15)
4006 (57, 16)
4007 (57, 17)
4008 (57, 18)
4009 (57, 19)
4010 (57, 20)
4011 (57, 21)
4012 (57, 22)
4013 (57, 23)
4014 (57, 24)
4015 (57, 25)
4016 (57, 26)
4017 (57, 27)
4018 (57, 28)
4019 (57, 29)
4020 (57, 30)
4021 (57, 31)
4022 (57, 32)
4023 (57, 33)
4024 (57, 34)
4025 (57, 35)
4026 (57, 36)
4027 (57, 37)
4028 (57, 38)
4029 (57, 39)
4030 (57, 40)
4031 (57, 41)
4032 (57, 42)
4033 (57, 43)
4034 (57, 44)
4035 (57, 45)
4036 (57, 46)
4037 (57, 47)
4038 (57, 48)
4039 (57, 49)
4040 (57, 50)
4041 (57, 51)
4042 (57, 52)
4043 (57, 53)
4044 (57, 54)
4045 (57, 55)
4046 (57, 56)
4047 (57, 57)
4048 (57, 58)
4049 (57, 59)
4050 (57, 60)
4051 (57, 61)
4052 (57, 62)
4053 (57, 63)
4054 (57, 64)
4055 (57, 65)
4056 (57, 66)
4057 (57, 67)
4058 (57, 68)
4059 (57, 69)
4060 (58, 0)
4061 (58, 1)
4062 (58, 2)
4063 (58, 3)
4064 (58, 4)
4065 (58, 5)
4066 (58, 6)
4067 (58, 7)
4068 (58, 8)
4069 (58, 9)
4070 (58, 10)
4071 (58, 11)
4072 (58, 12)
4073 (58, 13)
4074 (58, 14)
4075 (58, 15)
4076 (58, 16)
4077 (58, 17)
4078 (58, 18)
4079 (58, 19)
4080 (58, 20)
4081 (58, 21)
4082 (58, 22)
4083 (58, 23)
4084 (58, 24)
4085 (58, 25)
4086 (58, 26)
4087 (58, 27)
4088 (58, 28)
4089 (58, 29)
4090 (58, 30)
4091 (58, 31)
4092 (58, 32)
4093 (58, 33)
4094 (58, 34)
4095 (58, 35)
4096 (58, 36)
4097 (58, 37)
4098 (58, 38)
4099 (58, 39)
4100 (58, 40)
4101 (58, 41)
4102 (58, 42)
4103 (58, 43)
4104 (58, 44)
4105 (58, 45)
4106 (58, 46)
4107 (58, 47)
4108 (58, 48)
4109 (58, 49)
4110 (58, 50)
4111 (58, 51)
4112 (58, 52)
4113 (58, 53)
4114 (58, 54)
4115 (58, 55)
4116 (58, 56)
4117 (58, 57)
4118 (58, 58)
4119 (58, 59)
4120 (58, 60)
4121 (58, 61)
4122 (58, 62)
4123 (58, 63)
4124 (58, 64)
4125 (58, 65)
4126 (58, 66)
4127 (58, 67)
4128 (58, 68)
4129 (58, 69)
4130 (59, 0)
4131 (59, 1)
4132 (59, 2)
4133 (59, 3)
4134 (59, 4)
4135 (59, 5)
4136 (59, 6)
4137 (59, 7)
4138 (59, 8)
4139 (59, 9)
4140 (59, 10)
4141 (59, 11)
4142 (59, 12)
4143 (59, 13)
4144 (59, 14)
4145 (59, 15)
4146 (59, 16)
4147 (59, 17)
4148 (59, 18)
4149 (59, 19)
4150 (59, 20)
4151 (59, 21)
4152 (59, 22)
4153 (59, 23)
4154 (59, 24)
4155 (59, 25)
4156 (59, 26)
4157 (59, 27)
4158 (59, 28)
4159 (59, 29)
4160 (59, 30)
4161 (59, 31)
4162 (59, 32)
4163 (59, 33)
4164 (59, 34)
4165 (59, 35)
4166 (59, 36)
4167 (59, 37)
4168 (59, 38)
4169 (59, 39)
4170 (59, 40)
4171 (59, 41)
4172 (59, 42)
4173 (59, 43)
4174 (59, 44)
4175 (59, 45)
4176 (59, 46)
4177 (59, 47)
4178 (59, 48)
4179 (59, 49)
4180 (59, 50)
4181 (59, 51)
4182 (59, 52)
4183 (59, 53)
4184 (59, 54)
4185 (59, 55)
4186 (59, 56)
4187 (59, 57)
4188 (59, 58)
4189 (59, 59)
4190 (59, 60)
4191 (59, 61)
4192 (59, 62)
4193 (59, 63)
4194 (59, 64)
4195 (59, 65)
4196 (59, 66)
4197 (59, 67)
4198 (59, 68)
4199 (59, 69)
4200 (60, 0)
4201 (60, 1)
4202 (60, 2)
4203 (60, 3)
4204 (60, 4)
4205 (60, 5)
4206 (60, 6)
4207 (60, 7)
4208 (60, 8)
4209 (60, 9)
4210 (60, 10)
4211 (60, 11)
4212 (60, 12)
4213 (60, 13)
4214 (60, 14)
4215 (60, 15)
4216 (60, 16)
4217 (60, 17)
4218 (60, 18)
4219 (60, 19)
4220 (60, 20)
4221 (60, 21)
4222 (60, 22)
4223 (60, 23)
4224 (60, 24)
4225 (60, 25)
4226 (60, 26)
4227 (60, 27)
4228 (60, 28)
4229 (60, 29)
4230 (60, 30)
4231 (60, 31)
4232 (60, 32)
4233 (60, 33)
4234 (60, 34)
4235 (60, 35)
4236 (60, 36)
4237 (60, 37)
4238 (60, 38)
4239 (60, 39)
4240 (60, 40)
4241 (60, 41)
4242 (60, 42)
4243 (60, 43)
4244 (60, 44)
4245 (60, 45)
4246 (60, 46)
4247 (60, 47)
4248 (60, 48)
4249 (60, 49)
4250 (60, 50)
4251 (60, 51)
4252 (60, 52)
4253 (60, 53)
4254 (60, 54)
4255 (60, 55)
4256 (60, 56)
4257 (60, 57)
4258 (60, 58)
4259 (60, 59)
4260 (60, 60)
4261 (60, 61)
4262 (60, 62)
4263 (60, 63)
4264 (60, 64)
4265 (60, 65)
4266 (60, 66)
4267 (60, 67)
4268 (60, 68)
4269 (60, 69)
4270 (61, 0)
4271 (61, 1)
4272 (61, 2)
4273 (61, 3)
4274 (61, 4)
4275 (61, 5)
4276 (61, 6)
4277 (61, 7)
4278 (61, 8)
4279 (61, 9)
4280 (61, 10)
4281 (61, 11)
4282 (61, 12)
4283 (61, 13)
4284 (61, 14)
4285 (61, 15)
4286 (61, 16)
4287 (61, 17)
4288 (61, 18)
4289 (61, 19)
4290 (61, 20)
4291 (61, 21)
4292 (61, 22)
4293 (61, 23)
4294 (61, 24)
4295 (61, 25)
4296 (61, 26)
4297 (61, 27)
4298 (61, 28)
4299 (61, 29)
4300 (61, 30)
4301 (61, 31)
4302 (61, 32)
4303 (61, 33)
4304 (61, 34)
4305 (61, 35)
4306 (61, 36)
4307 (61, 37)
4308 (61, 38)
4309 (61, 39)
4310 (61, 40)
4311 (61, 41)
4312 (61, 42)
4313 (61, 43)
4314 (61, 44)
4315 (61, 45)
4316 (61, 46)
4317 (61, 47)
4318 (61, 48)
4319 (61, 49)
4320 (61, 50)
4321 (61, 51)
4322 (61, 52)
4323 (61, 53)
4324 (61, 54)
4325 (61, 55)
4326 (61, 56)
4327 (61, 57)
4328 (61, 58)
4329 (61, 59)
4330 (61, 60)
4331 (61, 61)
4332 (61, 62)
4333 (61, 63)
4334 (61, 64)
4335 (61, 65)
4336 (61, 66)
4337 (61, 67)
4338 (61, 68)
4339 (61, 69)
4340 (62, 0)
4341 (62, 1)
4342 (62, 2)
4343 (62, 3)
4344 (62, 4)
4345 (62, 5)
4346 (62, 6)
4347 (62, 7)
4348 (62, 8)
4349 (62, 9)
4350 (62, 10)
4351 (62, 11)
4352 (62, 12)
4353 (62, 13)
4354 (62, 14)
4355 (62, 15)
4356 (62, 16)
4357 (62, 17)
4358 (62, 18)
4359 (62, 19)
4360 (62, 20)
4361 (62, 21)
4362 (62, 22)
4363 (62, 23)
4364 (62, 24)
4365 (62, 25)
4366 (62, 26)
4367 (62, 27)
4368 (62, 28)
4369 (62, 29)
4370 (62, 30)
4371 (62, 31)
4372 (62, 32)
4373 (62, 33)
4374 (62, 34)
4375 (62, 35)
4376 (62, 36)
4377 (62, 37)
4378 (62, 38)
4379 (62, 39)
4380 (62, 40)
4381 (62, 41)
4382 (62, 42)
4383 (62, 43)
4384 (62, 44)
4385 (62, 45)
4386 (62, 46)
4387 (62, 47)
4388 (62, 48)
4389 (62, 49)
4390 (62, 50)
4391 (62, 51)
4392 (62, 52)
4393 (62, 53)
4394 (62, 54)
4395 (62, 55)
4396 (62, 56)
4397 (62, 57)
4398 (62, 58)
4399 (62, 59)
4400 (62, 60)
4401 (62, 61)
4402 (62, 62)
4403 (62, 63)
4404 (62, 64)
4405 (62, 65)
4406 (62, 66)
4407 (62, 67)
4408 (62, 68)
4409 (62, 69)
4410 (63, 0)
4411 (63, 1)
4412 (63, 2)
4413 (63, 3)
4414 (63, 4)
4415 (63, 5)
4416 (63, 6)
4417 (63, 7)
4418 (63, 8)
4419 (63, 9)
4420 (63, 10)
4421 (63, 11)
4422 (63, 12)
4423 (63, 13)
4424 (63, 14)
4425 (63, 15)
4426 (63, 16)
4427 (63, 17)
4428 (63, 18)
4429 (63, 19)
4430 (63, 20)
4431 (63, 21)
4432 (63, 22)
4433 (63, 23)
4434 (63, 24)
4435 (63, 25)
4436 (63, 26)
4437 (63, 27)
4438 (63, 28)
4439 (63, 29)
4440 (63, 30)
4441 (63, 31)
4442 (63, 32)
4443 (63, 33)
4444 (63, 34)
4445 (63, 35)
4446 (63, 36)
4447 (63, 37)
4448 (63, 38)
4449 (63, 39)
4450 (63, 40)
4451 (63, 41)
4452 (63, 42)
4453 (63, 43)
4454 (63, 44)
4455 (63, 45)
4456 (63, 46)
4457 (63, 47)
4458 (63, 48)
4459 (63, 49)
4460 (63, 50)
4461 (63, 51)
4462 (63, 52)
4463 (63, 53)
4464 (63, 54)
4465 (63, 55)
4466 (63, 56)
4467 (63, 57)
4468 (63, 58)
4469 (63, 59)
4470 (63, 60)
4471 (63, 61)
4472 (63, 62)
4473 (63, 63)
4474 (63, 64)
4475 (63, 65)
4476 (63, 66)
4477 (63, 67)
4478 (63, 68)
4479 (63, 69)
4480 (64, 0)
4481 (64, 1)
4482 (64, 2)
4483 (64, 3)
4484 (64, 4)
4485 (64, 5)
4486 (64, 6)
4487 (64, 7)
4488 (64, 8)
4489 (64, 9)
4490 (64, 10)
4491 (64, 11)
4492 (64, 12)
4493 (64, 13)
4494 (64, 14)
4495 (64, 15)
4496 (64, 16)
4497 (64, 17)
4498 (64, 18)
4499 (64, 19)
4500 (64, 20)
4501 (64, 21)
4502 (64, 22)
4503 (64, 23)
4504 (64, 24)
4505 (64, 25)
4506 (64, 26)
4507 (64, 27)
4508 (64, 28)
4509 (64, 29)
4510 (64, 30)
4511 (64, 31)
4512 (64, 32)
4513 (64, 33)
4514 (64, 34)
4515 (64, 35)
4516 (64, 36)
4517 (64, 37)
4518 (64, 38)
4519 (64, 39)
4520 (64, 40)
4521 (64, 41)
4522 (64, 42)
4523 (64, 43)
4524 (64, 44)
4525 (64, 45)
4526 (64, 46)
4527 (64, 47)
4528 (64, 48)
4529 (64, 49)
4530 (64, 50)
4531 (64, 51)
4532 (64, 52)
4533 (64, 53)
4534 (64, 54)
4535 (64, 55)
4536 (64, 56)
4537 (64, 57)
4538 (64, 58)
4539 (64, 59)
4540 (64, 60)
4541 (64, 61)
4542 (64, 62)
4543 (64, 63)
4544 (64, 64)
4545 (64, 65)
4546 (64, 66)
4547 (64, 67)
4548 (64, 68)
4549 (64, 69)
4550 (65, 0)
4551 (65, 1)
4552 (65, 2)
4553 (65, 3)
4554 (65, 4)
4555 (65, 5)
4556 (65, 6)
4557 (65, 7)
4558 (65, 8)
4559 (65, 9)
4560 (65, 10)
4561 (65, 11)
4562 (65, 12)
4563 (65, 13)
4564 (65, 14)
4565 (65, 15)
4566 (65, 16)
4567 (65, 17)
4568 (65, 18)
4569 (65, 19)
4570 (65, 20)
4571 (65, 21)
4572 (65, 22)
4573 (65, 23)
4574 (65, 24)
4575 (65, 25)
4576 (65, 26)
4577 (65, 27)
4578 (65, 28)
4579 (65, 29)
4580 (65, 30)
4581 (65, 31)
4582 (65, 32)
4583 (65, 33)
4584 (65, 34)
4585 (65, 35)
4586 (65, 36)
4587 (65, 37)
4588 (65, 38)
4589 (65, 39)
4590 (65, 40)
4591 (65, 41)
4592 (65, 42)
4593 (65, 43)
4594 (65, 44)
4595 (65, 45)
4596 (65, 46)
4597 (65, 47)
4598 (65, 48)
4599 (65, 49)
4600 (65, 50)
4601 (65, 51)
4602 (65, 52)
4603 (65, 53)
4604 (65, 54)
4605 (65, 55)
4606 (65, 56)
4607 (65, 57)
4608 (65, 58)
4609 (65, 59)
4610 (65, 60)
4611 (65, 61)
4612 (65, 62)
4613 (65, 63)
4614 (65, 64)
4615 (65, 65)
4616 (65, 66)
4617 (65, 67)
4618 (65, 68)
4619 (65, 69)
4620 (66, 0)
4621 (66, 1)
4622 (66, 2)
4623 (66, 3)
4624 (66, 4)
4625 (66, 5)
4626 (66, 6)
4627 (66, 7)
4628 (66, 8)
4629 (66, 9)
4630 (66, 10)
4631 (66, 11)
4632 (66, 12)
4633 (66, 13)
4634 (66, 14)
4635 (66, 15)
4636 (66, 16)
4637 (66, 17)
4638 (66, 18)
4639 (66, 19)
4640 (66, 20)
4641 (66, 21)
4642 (66, 22)
4643 (66, 23)
4644 (66, 24)
4645 (66, 25)
4646 (66, 26)
4647 (66, 27)
4648 (66, 28)
4649 (66, 29)
4650 (66, 30)
4651 (66, 31)
4652 (66, 32)
4653 (66, 33)
4654 (66, 34)
4655 (66, 35)
4656 (66, 36)
4657 (66, 37)
4658 (66, 38)
4659 (66, 39)
4660 (66, 40)
4661 (66, 41)
4662 (66, 42)
4663 (66, 43)
4664 (66, 44)
4665 (66, 45)
4666 (66, 46)
4667 (66, 47)
4668 (66, 48)
4669 (66, 49)
4670 (66, 50)
4671 (66, 51)
4672 (66, 52)
4673 (66, 53)
4674 (66, 54)
4675 (66, 55)
4676 (66, 56)
4677 (66, 57)
4678 (66, 58)
4679 (66, 59)
4680 (66, 60)
4681 (66, 61)
4682 (66, 62)
4683 (66, 63)
4684 (66, 64)
4685 (66, 65)
4686 (66, 66)
4687 (66, 67)
4688 (66, 68)
4689 (66, 69)
4690 (67, 0)
4691 (67, 1)
4692 (67, 2)
4693 (67, 3)
4694 (67, 4)
4695 (67, 5)
4696 (67, 6)
4697 (67, 7)
4698 (67, 8)
4699 (67, 9)
4700 (67, 10)
4701 (67, 11)
4702 (67, 12)
4703 (67, 13)
4704 (67, 14)
4705 (67, 15)
4706 (67, 16)
4707 (67, 17)
4708 (67, 18)
4709 (67, 19)
4710 (67, 20)
4711 (67, 21)
4712 (67, 22)
4713 (67, 23)
4714 (67, 24)
4715 (67, 25)
4716 (67, 26)
4717 (67, 27)
4718 (67, 28)
4719 (67, 29)
4720 (67, 30)
4721 (67, 31)
4722 (67, 32)
4723 (67, 33)
4724 (67, 34)
4725 (67, 35)
4726 (67, 36)
4727 (67, 37)
4728 (67, 38)
4729 (67, 39)
4730 (67, 40)
4731 (67, 41)
4732 (67, 42)
4733 (67, 43)
4734 (67, 44)
4735 (67, 45)
4736 (67, 46)
4737 (67, 47)
4738 (67, 48)
4739 (67, 49)
4740 (67, 50)
4741 (67, 51)
4742 (67, 52)
4743 (67, 53)
4744 (67, 54)
4745 (67, 55)
4746 (67, 56)
4747 (67, 57)
4748 (67, 58)
4749 (67, 59)
4750 (67, 60)
4751 (67, 61)
4752 (67, 62)
4753 (67, 63)
4754 (67, 64)
4755 (67, 65)
4756 (67, 66)
4757 (67, 67)
4758 (67, 68)
4759 (67, 69)
4760 (68, 0)
4761 (68, 1)
4762 (68, 2)
4763 (68, 3)
4764 (68, 4)
4765 (68, 5)
4766 (68, 6)
4767 (68, 7)
4768 (68, 8)
4769 (68, 9)
4770 (68, 10)
4771 (68, 11)
4772 (68, 12)
4773 (68, 13)
4774 (68, 14)
4775 (68, 15)
4776 (68, 16)
4777 (68, 17)
4778 (68, 18)
4779 (68, 19)
4780 (68, 20)
4781 (68, 21)
4782 (68, 22)
4783 (68, 23)
4784 (68, 24)
4785 (68, 25)
4786 (68, 26)
4787 (68, 27)
4788 (68, 28)
4789 (68, 29)
4790 (68, 30)
4791 (68, 31)
4792 (68, 32)
4793 (68, 33)
4794 (68, 34)
4795 (68, 35)
4796 (68, 36)
4797 (68, 37)
4798 (68, 38)
4799 (68, 39)
4800 (68, 40)
4801 (68, 41)
4802 (68, 42)
4803 (68, 43)
4804 (68, 44)
4805 (68, 45)
4806 (68, 46)
4807 (68, 47)
4808 (68, 48)
4809 (68, 49)
4810 (68, 50)
4811 (68, 51)
4812 (68, 52)
4813 (68, 53)
4814 (68, 54)
4815 (68, 55)
4816 (68, 56)
4817 (68, 57)
4818 (68, 58)
4819 (68, 59)
4820 (68, 60)
4821 (68, 61)
4822 (68, 62)
4823 (68, 63)
4824 (68, 64)
4825 (68, 65)
4826 (68, 66)
4827 (68, 67)
4828 (68, 68)
4829 (68, 69)
4830 (69, 0)
4831 (69, 1)
4832 (69, 2)
4833 (69, 3)
4834 (69, 4)
4835 (69, 5)
4836 (69, 6)
4837 (69, 7)
4838 (69, 8)
4839 (69, 9)
4840 (69, 10)
4841 (69, 11)
4842 (69, 12)
4843 (69, 13)
4844 (69, 14)
4845 (69, 15)
4846 (69, 16)
4847 (69, 17)
4848 (69, 18)
4849 (69, 19)
4850 (69, 20)
4851 (69, 21)
4852 (69, 22)
4853 (69, 23)
4854 (69, 24)
4855 (69, 25)
4856 (69, 26)
4857 (69, 27)
4858 (69, 28)
4859 (69, 29)
4860 (69, 30)
4861 (69, 31)
4862 (69, 32)
4863 (69, 33)
4864 (69, 34)
4865 (69, 35)
4866 (69, 36)
4867 (69, 37)
4868 (69, 38)
4869 (69, 39)
4870 (69, 40)
4871 (69, 41)
4872 (69, 42)
4873 (69, 43)
4874 (69, 44)
4875 (69, 45)
4876 (69, 46)
4877 (69, 47)
4878 (69, 48)
4879 (69, 49)
4880 (69, 50)
4881 (69, 51)
4882 (69, 52)
4883 (69, 53)
4884 (69, 54)
4885 (69, 55)
4886 (69, 56)
4887 (69, 57)
4888 (69, 58)
4889 (69, 59)
4890 (69, 60)
4891 (69, 61)
4892 (69, 62)
4893 (69, 63)
4894 (69, 64)
4895 (69, 65)
4896 (69, 66)
4897 (69, 67)
4898 (69, 68)
4899 (69, 69)
0 1 70
1 0 2 71
2 1 3 72
3 2 4 73
4 3 5 74
5 4 6 75
6 5 7 76
7 6 8 77
8 7 9 78
9 8 10 79
10 9 11 80
11 10 12 81
12 11 13 82
13 12 83
14 15 84
15 14 16 85
16 15 86
17 18 87
18 17 19 88
19 18 20 89
20 19 21
21 20 22 91
22 21 23 92
23 22 24 93
24 23 25 94
25 24 95
26 27 96
27 26 28
28 27 29 98
29 28 30 99
30 29 31 100
31 30 32 101
32 31 33 102
33 32 34 103
34 33 35
35 34 36
36 35 37 106
37 36 38 107
38 37 39 108
39 38 40 109
40 39 41 110
41 40 42 111
42 41 43 112
43 42 44 113
44 43 45 114
45 44 46 115
46 45 47 116
47 46 48 117
48 47 49 118
49 48 50 119
50 49 51 120
51 50 52
52 51 53 122
53 52 54 123
54 53 55 124
55 54 56 125
56 55 126
57 58 127
58 57 59 128
59 58 60 129
60 59 130
61 62 131
62 61 63 132
63 62 64 133
64 63 65 134
65 64 66 135
66 65
67 68
68 67 69 138
69 68 139
70 0 71
71 1 70 141
72 2 73 142
73 3 72 74 143
74 4 73 75 144
75 5 74 76 145
76 6 75 77
77 7 76 78 147
78 8 77 79 148
79 9 78 80 149
80 10 79 81 150
81 11 80 82 151
82 12 81 83 152
83 13 82 84 153
84 14 83 85 154
85 15 84 86 155
86 16 85 87 156
87 17 86 88 157
88 18 87 89 158
89 19 88 90 159
90 89 91 160
91 21 90 92
92 22 91 93 162
93 23 92 163
94 24 95 164
95 25 94 96 165
96 26 95 97 166
97 96 98
98 28 97 99 168
99 29 98 100 169
100 30 99 101 170
101 31 100 102 171
102 32 101 103 172
103 33 102 104 173
104 103 105 174
105 104 106 175
106 36 105 107 176
107 37 106 108 177
108 38 107 109 178
109 39 108 110 179
110 40 109 111 180
111 41 110 112 181
112 42 111 113 182
113 43 112 114 183
114 44 113 115 184
115 45 114 116 185
116 46 115 117 186
117 47 116 187
118 48 119 188
119 49 118 120
120 50 119 190
121 122 191
122 52 121 123 192
123 53 122 124
124 54 123 125 194
125 55 124 126 195
126 56 125 127 196
127 57 126 128 197
128 58 127 129
129 59 128 130 199
130 60 129 131 200
131 61 130 132 201
132 62 131 133 202
133 63 132 134 203
134 64 133 135 204
135 65 134 205
136 137 206
137 136 207
138 68 208
139 69 209
140 141 210
141 71 140 142 211
142 72 141 143 212
143 73 142 144 213
144 74 143 145 214
145 75 144 146 215
146 145 216
147 77 148 217
148 78 147 149
149 79 148 150
150 80 149 151
151 81 150 152 221
152 82 151 153 222
153 83 152 154
154 84 153 155 224
155 85 154 156 225
156 86 155 157 226
157 87 156 158 227
158 88 157 159 228
159 89 158 160 229
160 90 159 161 230
161 160 162 231
162 92 161 163 232
163 93 162 164 233
164 94 163 165 234
165 95 164 166 235
166 96 165 167 236
167 166 237
168 98 169 238
169 99 168 170 239
170 100 169 171 240
171 101 170 172 241
172 102 171 242
173 103 174 243
174 104 173 175 244
175 105 174 176 245
176 106 175 177
177 107 176
178 108 179 248
179 109 178 180 249
180 110 179 181 250
181 111 180 182 251
182 112 181 183 252
183 113 182 184 253
184 114 183 185 254
185 115 184 186 255
186 116 185 187
187 117 186 188 257
188 118 187 258
189 190 259
190 120 189 191 260
191 121 190 192 261
192 122 191 193 262
193 192 194 263
194 124 193 195 264
195 125 194 196 265
196 126 195 197 266
197 127 196 198 267
198 197 268
199 129 200 269
200 130 199 201 270
201 131 200 202 271
202 132 201 203 272
203 133 202 204 273
204 134 203 205 274
205 135 204 206 275
206 136 205 207 276
207 137 206 208 277
208 138 207 209 278
209 139 208 279
210 140 280
211 141 281
212 142 213 282
213 143 212 214 283
214 144 213 215 284
215 145 214 216 285
216 146 215 217 286
217 147 216 218 287
218 217 219 288
219 218 220 289
220 219 221 290
221 151 220 222 291
222 152 221 223 292
223 222 224 293
224 154 223 225 294
225 155 224 226 295
226 156 225 227 296
227 157 226 228 297
228 158 227 229 298
229 159 228 230 299
230 160 229 231 300
231 161 230 232 301
232 162 231 233 302
233 163 232 234 303
234 164 233 235 304
235 165 234 236
236 166 235 237 306
237 167 236 238 307
238 168 237 239 308
239 169 238 240 309
240 170 239 241 310
241 171 240 242 311
242 172 241 243 312
243 173 242 313
244 174 245
245 175 244 246 315
246 245 247 316
247 246 248 317
248 178 247 318
249 179 250 319
250 180 249 251 320
251 181 250 252 321
252 182 251 253
253 183 252 323
254 184 324
255 185 325
256 257 326
257 187 256 327
258 188 259 328
259 189 258 260 329
260 190 259 261
261 191 260 262 331
262 192 261 263 332
263 193 262 264 333
264 194 263 265 334
265 195 264 266 335
266 196 265 267 336
267 197 266 268 337
268 198 267 338
269 199 270 339
270 200 269 271 340
271 201 270 272 341
272 202 271 273 342
273 203 272 274 343
274 204 273 275
275 205 274 276 345
276 206 275 277 346
277 207 276 278 347
278 208 277 279 348
279 209 278 349
280 210 281 350
281 211 280 282 351
282 212 281 283 352
283 213 282 284 353
284 214 283 285 354
285 215 284 286 355
286 216 285 287
287 217 286 288 357
288 218 287 289 358
289 219 288 290 359
290 220 289 291 360
291 221 290 292 361
292 222 291 293 362
293 223 292 363
294 224 295 364
295 225 294 365
296 226 297 366
297 227 296 298 367
298 228 297
299 229 300 369
300 230 299 301 370
301 231 300 302 371
302 232 301 303 372
303 233 302 304 373
304 234 303 305 374
305 304 306 375
306 236 305 307 376
307 237 306 308 377
308 238 307 378
309 239 379
310 240 311 380
311 241 310
312 242 313 382
313 243 312 314 383
314 313 315 384
315 245 314 316 385
316 246 315 317 386
317 247 316 318 387
318 248 317 319 388
319 249 318 320 389
320 250 319 321
321 251 320 322 391
322 321 323 392
323 253 322 324 393
324 254 323 325 394
325 255 324 326 395
326 256 325 396
327 257 328 397
328 258 327 329 398
329 259 328 399
330 331 400
331 261 330 332 401
332 262 331 333 402
333 263 332 334 403
334 264 333 404
335 265 336
336 266 335 337 406
337 267 336 338 407
338 268 337 339 408
339 269 338 340
340 270 339 410
341 271 342
342 272 341 343 412
343 273 342 344 413
344 343 345 414
345 275 344 346
346 276 345 347 416
347 277 346 348 417
348 278 347 349 418
349 279 348 419
350 280 351 420
351 281 350 352 421
352 282 351 353 422
353 283 352 354 423
354 284 353 355 424
355 285 354 356
356 355 357 426
357 287 356 358 427
358 288 357 359 428
359 289 358 360 429
360 290 359 361 430
361 291 360 362 431
362 292 361 363 432
363 293 362 433
364 294 365 434
365 295 364 366 435
366 296 365
367 297 368 437
368 367 369 438
369 299 368 370 439
370 300 369 371 440
371 301 370 372 441
372 302 371 373 442
373 303 372 374 443
374 304 373 375 444
375 305 374 376 445
376 306 375 377 446
377 307 376 378 447
378 308 377 379 448
379 309 378 380 449
380 310 379 381 450
381 380 382 451
382 312 381 383 452
383 313 382 384 453
384 314 383 385
385 315 384 455
386 316 387 456
387 317 386 388 457
388 318 387 389 458
389 319 388 390
390 389 391 460
391 321 390 392 461
392 322 391 393 462
393 323 392 394 463
394 324 393 395 464
395 325 394 396 465
396 326 395 397 466
397 327 396 398 467
398 328 397 399 468
399 329 398 400 469
400 330 399 401 470
401 331 400 402
402 332 401 403 472
403 333 402 404 473
404 334 403 405 474
405 404 406
406 336 405 407 476
407 337 406 408 477
408 338 407 409 478
409 408 410 479
410 340 409 411 480
411 410 412 481
412 342 411 413 482
413 343 412 414 483
414 344 413 415 484
415 414 416 485
416 346 415 417 486
417 347 416 418 487
418 348 417 488
419 349 489
420 350 421 490
421 351 420 422 491
422 352 421 423 492
423 353 422 424 493
424 354 423 425 494
425 424 426 495
426 356 425 427 496
427 357 426 428 497
428 358 427 429 498
429 359 428 430 499
430 360 429 431 500
431 361 430 432 501
432 362 431 433 502
433 363 432 434 503
434 364 433 435 504
435 365 434 436 505
436 435 437 506
437 367 436 438 507
438 368 437 508
439 369 440 509
440 370 439 510
441 371 442 511
442 372 441 443 512
443 373 442 444 513
444 374 443 445 514
445 375 444 446 515
446 376 445 516
447 377 448 517
448 378 447 449 518
449 379 448 450 519
450 380 449 451 520
451 381 450 452 521
452 382 451 453 522
453 383 452 454
454 453 455 524
455 385 454 456 525
456 386 455 457 526
457 387 456 458 527
458 388 457 528
459 460 529
460 390 459 461 530
461 391 460 531
462 392 532
463 393 464 533
464 394 463 465 534
465 395 464 466 535
466 396 465 467 536
467 397 466 468 537
468 398 467 469 538
469 399 468 539
470 400 471 540
471 470 472
472 402 471 473 542
473 403 472 543
474 404 544
475 476 545
476 406 475 477 546
477 407 476 478 547
478 408 477 548
479 409 480 549
480 410 479 481 550
481 411 480 482 551
482 412 481 483 552
483 413 482 484 553
484 414 483 485 554
485 415 484 486 555
486 416 485 487 556
487 417 486 488 557
488 418 487 489 558
489 419 488 559
490 420 491
491 421 490 492
492 422 491 493
493 423 492 563
494 424 495 564
495 425 494 496 565
496 426 495 497 566
497 427 496 498 567
498 428 497 499 568
499 429 498 500 569
500 430 499 501 570
501 431 500 571
502 432 503 572
503 433 502 504 573
504 434 503 505 574
505 435 504 506 575
506 436 505 576
507 437 508 577
508 438 507 509 578
509 439 508 510 579
510 440 509 580
511 441 512 581
512 442 511 513 582
513 443 512 514 583
514 444 513 515 584
515 445 514 516 585
516 446 515 517 586
517 447 516 518 587
518 448 517 588
519 449 520 589
520 450 519 521 590
521 451 520 522 591
522 452 521 523 592
523 522 524 593
524 454 523 525 594
525 455 524 526 595
526 456 525 527 596
527 457 526 528 597
528 458 527 529 598
529 459 528 530 599
530 460 529 531 600
531 461 530 532 601
532 462 531 533 602
533 463 532 534 603
534 464 533 604
535 465 536 605
536 466 535 537 606
537 467 536 538 607
538 468 537 539 608
539 469 538 540 609
540 470 539 541 610
541 540 542 611
542 472 541 543 612
543 473 542 544 613
544 474 543 545 614
545 475 544 546 615
546 476 545 547 616
547 477 546 548 617
548 478 547 549 618
549 479 548 550 619
550 480 549 551 620
551 481 550 552 621
552 482 551 553 622
553 483 552 554 623
554 484 553 555 624
555 485 554 556 625
556 486 555 557 626
557 487 556 558 627
558 488 557 559 628
559 489 558 629
560 561 630
561 560 562 631
562 561 563 632
563 493 562 564 633
564 494 563 634
565 495 566 635
566 496 565 567 636
567 497 566 568 637
568 498 567 569
569 499 568 570
570 500 569 571
571 501 570 572 641
572 502 571 573 642
573 503 572 574 643
574 504 573 575 644
575 505 574 576 645
576 506 575 577 646
577 507 576 578 647
578 508 577 579 648
579 509 578 580 649
580 510 579 581 650
581 511 580 651
582 512 583 652
583 513 582 584 653
584 514 583 585
585 515 584 586 655
586 516 585 587 656
587 517 586 588 657
588 518 587 589 658
589 519 588 590 659
590 520 589 591 660
591 521 590 592 661
592 522 591 593 662
593 523 592 594
594 524 593 595 664
595 525 594 596 665
596 526 595 597 666
597 527 596 598 667
598 528 597 599 668
599 529 598 600 669
600 530 599 601
601 531 600 602 671
602 532 601 603 672
603 533 602 604 673
604 534 603 605 674
605 535 604 606 675
606 536 605 607 676
607 537 606 608 677
608 538 607 609 678
609 539 608 610 679
610 540 609 611 680
611 541 610 612 681
612 542 611 613 682
613 543 612 614 683
614 544 613 615 684
615 545 614 616 685
616 546 615 686
617 547 618 687
618 548 617 619 688
619 549 618 620 689
620 550 619 621 690
621 551 620 691
622 552 623 692
623 553 622 624 693
624 554 623 625 694
625 555 624 626 695
626 556 625 627 696
627 557 626 628 697
628 558 627 629
629 559 628 699
630 560 700
631 561 632 701
632 562 631 633 702
633 563 632 634
634 564 633 635 704
635 565 634 636 705
636 566 635 637 706
637 567 636 638 707
638 637 639 708
639 638 640 709
640 639 641 710
641 571 640 642 711
642 572 641 643 712
643 573 642 644 713
644 574 643 645 714
645 575 644 646 715
646 576 645 647 716
647 577 646 648 717
648 578 647 649 718
649 579 648 650 719
650 580 649 651 720
651 581 650 652 721
652 582 651 653 722
653 583 652 654 723
654 653 655 724
655 585 654 656 725
656 586 655
657 587 658 727
658 588 657 659
659 589 658 660 729
660 590 659 730
661 591 662 731
662 592 661 663 732
663 662 664 733
664 594 663 665 734
665 595 664 666 735
666 596 665 667 736
667 597 666 668 737
668 598 667 669 738
669 599 668 739
670 671 740
671 601 670 672 741
672 602 671 673 742
673 603 672 743
674 604 675 744
675 605 674 676
676 606 675 677 746
677 607 676 678 747
678 608 677 679 748
679 609 678 749
680 610 681 750
681 611 680 682 751
682 612 681 683 752
683 613 682 684 753
684 614 683 685 754
685 615 684 686
686 616 685 687
687 617 686 688 757
688 618 687 689 758
689 619 688 690 759
690 620 689 691 760
691 621 690 692 761
692 622 691 693 762
693 623 692 694 763
694 624 693 695 764
695 625 694 696 765
696 626 695 697
697 627 696 698
698 697 699 768
699 629 698 769
700 630 701 770
701 631 700 771
702 632 703 772
703 702 704 773
704 634 703 705 774
705 635 704 706 775
706 636 705 707 776
707 637 706 708 777
708 638 707 778
709 639
710 640 711 780
711 641 710 712 781
712 642 711 713
713 643 712 714 783
714 644 713 715 784
715 645 714 716 785
716 646 715 717 786
717 647 716 718
718 648 717 719 788
719 649 718 720 789
720 650 719 721 790
721 651 720 722 791
722 652 721 723 792
723 653 722 724 793
724 654 723 725 794
725 655 724 726 795
726 725 727
727 657 726 728 797
728 727 729 798
729 659 728 730 799
730 660 729 731 800
731 661 730 801
732 662 733 802
733 663 732 734
734 664 733 735 804
735 665 734 736 805
736 666 735 737 806
737 667 736 738 807
738 668 737 739 808
739 669 738 740 809
740 670 739 741 810
741 671 740 742 811
742 672 741 812
743 673 813
744 674 745 814
745 744 746 815
746 676 745 747 816
747 677 746 748 817
748 678 747 749 818
749 679 748 750 819
750 680 749 751
751 681 750 752 821
752 682 751 753 822
753 683 752 754 823
754 684 753 755 824
755 754 756 825
756 755 757 826
757 687 756 758 827
758 688 757 759 828
759 689 758 760 829
760 690 759 830
761 691 762 831
762 692 761 763 832
763 693 762 764 833
764 694 763 834
765 695 766 835
766 765 767 836
767 766 768
768 698 767 769 838
769 699 768 839
770 700 771 840
771 701 770 841
772 702 773 842
773 703 772 774 843
774 704 773 775 844
775 705 774 776 845
776 706 775 777 846
777 707 776 778 847
778 708 777 779 848
779 778 780
780 710 779 781 850
781 711 780 782 851
782 781 783 852
783 713 782 784 853
784 714 783 785 854
785 715 784 786 855
786 716 785 787 856
787 786 788 857
788 718 787 789 858
789 719 788 790 859
790 720 789 791 860
791 721 790 861
792 722 793 862
793 723 792 794 863
794 724 793 795 864
795 725 794 796 865
796 795 797 866
797 727 796 798 867
798 728 797 799 868
799 729 798 800 869
800 730 799 801 870
801 731 800 871
802 732 803 872
803 802 804 873
804 734 803 805
805 735 804 806 875
806 736 805 807 876
807 737 806 808 877
808 738 807
809 739 810 879
810 740 809 811 880
811 741 810 812 881
812 742 811 813 882
813 743 812 814 883
814 744 813 815 884
815 745 814 816 885
816 746 815 817 886
817 747 816 818 887
818 748 817 819 888
819 749 818 820 889
820 819 821 890
821 751 820 822 891
822 752 821 823 892
823 753 822 824 893
824 754 823 825 894
825 755 824 826 895
826 756 825 827 896
827 757 826 828 897
828 758 827 829 898
829 759 828 830 899
830 760 829 831
831 761 830 832 901
832 762 831 833 902
833 763 832 834 903
834 764 833 835 904
835 765 834 836 905
836 766 835 837 906
837 836 907
838 768 839 908
839 769 838 909
840 770 841 910
841 771 840 842
842 772 841 843 912
843 773 842 844 913
844 774 843 845 914
845 775 844 846 915
846 776 845 847 916
847 777 846 848 917
848 778 847 849
849 848 850 919
850 780 849 851
851 781 850 852 921
852 782 851 853
853 783 852 923
854 784 855 924
855 785 854 856 925
856 786 855 857 926
857 787 856 858 927
858 788 857 859 928
859 789 858 860 929
860 790 859 861 930
861 791 860 862 931
862 792 861 863 932
863 793 862 864 933
864 794 863 865 934
865 795 864 866 935
866 796 865 867 936
867 797 866 868 937
868 798 867 869 938
869 799 868 870 939
870 800 869 940
871 801 872 941
872 802 871 873 942
873 803 872 874 943
874 873 875 944
875 805 874 876 945
876 806 875 877 946
877 807 876 878 947
878 877 879 948
879 809 878 880 949
880 810 879 881 950
881 811 880 882 951
882 812 881 883 952
883 813 882 884 953
884 814 883 885 954
885 815 884 886 955
886 816 885 887 956
887 817 886 888 957
888 818 887 889 958
889 819 888 890
890 820 889 891 960
891 821 890 892
892 822 891 893 962
893 823 892 894 963
894 824 893 964
895 825 896 965
896 826 895 897 966
897 827 896 898 967
898 828 897 899 968
899 829 898 900 969
900 899 901 970
901 831 900 902 971
902 832 901 972
903 833 973
904 834 974
905 835 906
906 836 905 976
907 837 908 977
908 838 907 909 978
909 839 908 979
910 840 911
911 910 912 981
912 842 911 913
913 843 912 914 983
914 844 913 915 984
915 845 914 916 985
916 846 915 917 986
917 847 916 918 987
918 917 919 988
919 849 918
920 921 990
921 851 920 922 991
922 921 923 992
923 853 922 993
924 854 925 994
925 855 924 926 995
926 856 925 927 996
927 857 926 928 997
928 858 927 929 998
929 859 928 930 999
930 860 929 931 1000
931 861 930 932 1001
932 862 931 933 1002
933 863 932 934 1003
934 864 933 1004
935 865 936 1005
936 866 935 937 1006
937 867 936 938 1007
938 868 937 939 1008
939 869 938 940 1009
940 870 939 941 1010
941 871 940 942 1011
942 872 941 943 1012
943 873 942 944 1013
944 874 943 945 1014
945 875 944 1015
946 876 947 1016
947 877 946 948
948 878 947 949 1018
949 879 948 1019
950 880 951 1020
951 881 950 952 1021
952 882 951 953 1022
953 883 952 954 1023
954 884 953 955 1024
955 885 954 1025
956 886 957 1026
957 887 956 958 1027
958 888 957 959 1028
959 958 960 1029
960 890 959 961 1030
961 960 962 1031
962 892 961 963 1032
963 893 962 1033
964 894 965 1034
965 895 964 966 1035
966 896 965 967 1036
967 897 966 968 1037
968 898 967 1038
969 899 970 1039
970 900 969 971 1040
971 901 970 972 1041
972 902 971 973 1042
973 903 972 974 1043
974 904 973 975 1044
975 974 976 1045
976 906 975 977 1046
977 907 976 978 1047
978 908 977 979 1048
979 909 978 1049
980 981 1050
981 911 980 982 1051
982 981 983 1052
983 913 982 984 1053
984 914 983 985 1054
985 915 984 986 1055
986 916 985 987 1056
987 917 986 1057
988 918 1058
989 990 1059
990 920 989 1060
991 921 992 1061
992 922 991 993
993 923 992 994 1063
994 924 993 995 1064
995 925 994 996 1065
996 926 995 997 1066
997 927 996 998 1067
998 928 997 999 1068
999 929 998 1000
1000 930 999 1001 1070
1001 931 1000 1002 1071
1002 932 1001 1003 1072
1003 933 1002 1004 1073
1004 934 1003 1005 1074
1005 935 1004 1006
1006 936 1005 1007 1076
1007 937 1006 1008 1077
1008 938 1007 1009 1078
1009 939 1008 1010 1079
1010 940 1009 1011 1080
1011 941 1010 1012 1081
1012 942 1011 1013 1082
1013 943 1012 1014 1083
1014 944 1013 1015 1084
1015 945 1014 1016 1085
1016 946 1015 1017 1086
1017 1016 1018 1087
1018 948 1017 1019 1088
1019 949 1018 1020 1089
1020 950 1019 1021 1090
1021 951 1020 1022 1091
1022 952 1021 1023
1023 953 1022 1024 1093
1024 954 1023 1025 1094
1025 955 1024 1026
1026 956 1025 1027 1096
1027 957 1026 1028
1028 958 1027 1029 1098
1029 959 1028 1030 1099
1030 960 1029 1031 1100
1031 961 1030 1032 1101
1032 962 1031 1033
1033 963 1032 1034 1103
1034 964 1033 1035 1104
1035 965 1034 1036 1105
1036 966 1035 1106
1037 967 1038 1107
1038 968 1037 1039 1108
1039 969 1038 1040 1109
1040 970 1039 1041 1110
1041 971 1040 1042 1111
1042 972 1041 1043 1112
1043 973 1042 1044 1113
1044 974 1043 1045 1114
1045 975 1044 1046 1115
1046 976 1045 1047 1116
1047 977 1046 1048
1048 978 1047 1049
1049 979 1048 1119
1050 980 1051 1120
1051 981 1050 1052 1121
1052 982 1051 1053 1122
1053 983 1052
1054 984 1055 1124
1055 985 1054 1056 1125
1056 986 1055 1057 1126
1057 987 1056 1058 1127
1058 988 1057 1059 1128
1059 989 1058 1060 1129
1060 990 1059 1061 1130
1061 991 1060 1062 1131
1062 1061 1063 1132
1063 993 1062 1064
1064 994 1063 1065 1134
1065 995 1064 1066 1135
1066 996 1065 1067 1136
1067 997 1066 1068 1137
1068 998 1067 1069 1138
1069 1068 1070 1139
1070 1000 1069 1071 1140
1071 1001 1070 1072
1072 1002 1071 1142
1073 1003 1143
1074 1004 1075 1144
1075 1074 1076 1145
1076 1006 1075 1077 1146
1077 1007 1076 1078 1147
1078 1008 1077 1079 1148
1079 1009 1078
1080 1010 1150
1081 1011 1082 1151
1082 1012 1081 1083 1152
1083 1013 1082 1084 1153
1084 1014 1083 1085 1154
1085 1015 1084 1086 1155
1086 1016 1085 1087 1156
1087 1017 1086 1088 1157
1088 1018 1087 1089
1089 1019 1088 1090 1159
1090 1020 1089 1091
1091 1021 1090 1092 1161
1092 1091 1093 1162
1093 1023 1092 1094 1163
1094 1024 1093 1095 1164
1095 1094 1096 1165
1096 1026 1095 1097 1166
1097 1096 1098 1167
1098 1028 1097 1168
1099 1029 1100 1169
1100 1030 1099 1101 1170
1101 1031 1100 1102
1102 1101 1103
1103 1033 1102 1104 1173
1104 1034 1103 1105 1174
1105 1035 1104 1175
1106 1036 1107 1176
1107 1037 1106 1108 1177
1108 1038 1107 1109 1178
1109 1039 1108 1110 1179
1110 1040 1109 1180
1111 1041 1112
1112 1042 1111 1113 1182
1113 1043 1112 1114 1183
1114 1044 1113 1115 1184
1115 1045 1114 1116 1185
1116 1046 1115 1117 1186
1117 1116 1118 1187
1118 1117 1119 1188
1119 1049 1118 1189
1120 1050 1121 1190
1121 1051 1120 1122 1191
1122 1052 1121 1123 1192
1123 1122 1124 1193
1124 1054 1123 1125 1194
1125 1055 1124 1126 1195
1126 1056 1125 1127
1127 1057 1126 1128 1197
1128 1058 1127 1129 1198
1129 1059 1128 1130 1199
1130 1060 1129 1131 1200
1131 1061 1130 1132 1201
1132 1062 1131
1133 1134 1203
1134 1064 1133 1135 1204
1135 1065 1134 1136 1205
1136 1066 1135 1206
1137 1067 1138 1207
1138 1068 1137 1139 1208
1139 1069 1138 1140 1209
1140 1070 1139 1141 1210
1141 1140 1142 1211
1142 1072 1141 1143 1212
1143 1073 1142 1144 1213
1144 1074 1143 1145 1214
1145 1075 1144 1146
1146 1076 1145 1147 1216
1147 1077 1146 1148 1217
1148 1078 1147 1149
1149 1148 1150 1219
1150 1080 1149 1151 1220
1151 1081 1150 1152 1221
1152 1082 1151 1153 1222
1153 1083 1152 1154 1223
1154 1084 1153 1155
1155 1085 1154 1156 1225
1156 1086 1155 1157 1226
1157 1087 1156 1227
1158 1159 1228
1159 1089 1158 1160 1229
1160 1159 1161 1230
1161 1091 1160
1162 1092 1163 1232
1163 1093 1162 1164 1233
1164 1094 1163 1165 1234
1165 1095 1164 1166 1235
1166 1096 1165 1167 1236
1167 1097 1166 1168 1237
1168 1098 1167 1169 1238
1169 1099 1168 1170 1239
1170 1100 1169 1171 1240
1171 1170 1172 1241
1172 1171 1173 1242
1173 1103 1172 1174 1243
1174 1104 1173 1175 1244
1175 1105 1174 1176 1245
1176 1106 1175 1177 1246
1177 1107 1176 1178
1178 1108 1177 1179 1248
1179 1109 1178 1180 1249
1180 1110 1179 1181 1250
1181 1180 1182 1251
1182 1112 1181 1183 1252
1183 1113 1182 1184 1253
1184 1114 1183 1185 1254
1185 1115 1184 1186
1186 1116 1185 1187 1256
1187 1117 1186 1188 1257
1188 1118 1187 1189
1189 1119 1188 1259
1190 1120 1191 1260
1191 1121 1190 1192 1261
1192 1122 1191 1193
1193 1123 1192 1194 1263
1194 1124 1193 1195 1264
1195 1125 1194 1196 1265
1196 1195 1197 1266
1197 1127 1196 1198 1267
1198 1128 1197 1268
1199 1129 1200 1269
1200 1130 1199 1201 1270
1201 1131 1200 1202 1271
1202 1201 1203
1203 1133 1202 1204 1273
1204 1134 1203 1205 1274
1205 1135 1204 1206 1275
1206 1136 1205 1207
1207 1137 1206 1208 1277
1208 1138 1207 1209 1278
1209 1139 1208 1210 1279
1210 1140 1209 1211 1280
1211 1141 1210 1212 1281
1212 1142 1211 1213 1282
1213 1143 1212 1214 1283
1214 1144 1213 1284
1215 1216 1285
1216 1146 1215 1217 1286
1217 1147 1216 1218 1287
1218 1217 1219 1288
1219 1149 1218 1220 1289
1220 1150 1219 1221 1290
1221 1151 1220 1222 1291
1222 1152 1221 1292
1223 1153 1224 1293
1224 1223 1294
1225 1155 1226 1295
1226 1156 1225 1227 1296
1227 1157 1226 1228 1297
1228 1158 1227 1229
1229 1159 1228 1230
1230 1160 1229 1231 1300
1231 1230 1232 1301
1232 1162 1231 1233 1302
1233 1163 1232 1234 1303
1234 1164 1233 1235 1304
1235 1165 1234 1236 1305
1236 1166 1235 1237 1306
1237 1167 1236 1238 1307
1238 1168 1237 1239
1239 1169 1238 1240 1309
1240 1170 1239 1241 1310
1241 1171 1240 1242 1311
1242 1172 1241 1243 1312
1243 1173 1242 1244 1313
1244 1174 1243 1245 1314
1245 1175 1244 1315
1246 1176 1247 1316
1247 1246 1248 1317
1248 1178 1247 1249 1318
1249 1179 1248 1250 1319
1250 1180 1249 1251 1320
1251 1181 1250 1252 1321
1252 1182 1251 1253 1322
1253 1183 1252 1254 1323
1254 1184 1253 1255 1324
1255 1254
1256 1186 1257 1326
1257 1187 1256 1258 1327
1258 1257 1259 1328
1259 1189 1258 1329
1260 1190 1261 1330
1261 1191 1260 1262 1331
1262 1261 1263 1332
1263 1193 1262 1333
1264 1194 1265 1334
1265 1195 1264 1335
1266 1196 1336
1267 1197 1268 1337
1268 1198 1267 1269 1338
1269 1199 1268 1270 1339
1270 1200 1269 1340
1271 1201 1272 1341
1272 1271 1273 1342
1273 1203 1272 1274 1343
1274 1204 1273 1275 1344
1275 1205 1274 1276 1345
1276 1275 1277 1346
1277 1207 1276 1278 1347
1278 1208 1277 1279 1348
1279 1209 1278 1280 1349
1280 1210 1279 1281 1350
1281 1211 1280 1282 1351
1282 1212 1281 1283 1352
1283 1213 1282 1353
1284 1214 1285 1354
1285 1215 1284 1286 1355
1286 1216 1285 1287 1356
1287 1217 1286 1357
1288 1218 1289 1358
1289 1219 1288 1290 1359
1290 1220 1289 1291 1360
1291 1221 1290 1361
1292 1222 1293 1362
1293 1223 1292 1294 1363
1294 1224 1293 1295 1364
1295 1225 1294 1296 1365
1296 1226 1295 1366
1297 1227 1298
1298 1297 1299 1368
1299 1298 1300 1369
1300 1230 1299 1301 1370
1301 1231 1300 1302 1371
1302 1232 1301 1372
1303 1233 1304 1373
1304 1234 1303 1305 1374
1305 1235 1304 1306 1375
1306 1236 1305 1307 1376
1307 1237 1306 1308 1377
1308 1307 1309 1378
1309 1239 1308 1310 1379
1310 1240 1309 1311 1380
1311 1241 1310
1312 1242 1313 1382
1313 1243 1312 1314 1383
1314 1244 1313 1315 1384
1315 1245 1314 1316 1385
1316 1246 1315 1317 1386
1317 1247 1316 1387
1318 1248 1319 1388
1319 1249 1318 1320 1389
1320 1250 1319 1321 1390
1321 1251 1320 1322
1322 1252 1321 1323 1392
1323 1253 1322 1324 1393
1324 1254 1323 1325 1394
1325 1324 1395
1326 1256 1327 1396
1327 1257 1326 1328 1397
1328 1258 1327 1329 1398
1329 1259 1328 1399
1330 1260 1400
1331 1261 1332 1401
1332 1262 1331 1333 1402
1333 1263 1332 1334 1403
1334 1264 1333 1335 1404
1335 1265 1334 1336 1405
1336 1266 1335 1337 1406
1337 1267 1336 1338 1407
1338 1268 1337 1408
1339 1269 1340 1409
1340 1270 1339 1341 1410
1341 1271 1340 1342 1411
1342 1272 1341 1343
1343 1273 1342 1344 1413
1344 1274 1343 1345 1414
1345 1275 1344 1346 1415
1346 1276 1345 1347 1416
1347 1277 1346 1348 1417
1348 1278 1347 1418
1349 1279 1350
1350 1280 1349 1351 1420
1351 1281 1350 1352 1421
1352 1282 1351 1353 1422
1353 1283 1352 1354 1423
1354 1284 1353 1355 1424
1355 1285 1354 1356 1425
1356 1286 1355 1357 1426
1357 1287 1356 1358 1427
1358 1288 1357 1428
1359 1289 1360 1429
1360 1290 1359 1361
1361 1291 1360 1362 1431
1362 1292 1361 1363 1432
1363 1293 1362 1364 1433
1364 1294 1363 1365 1434
1365 1295 1364 1366 1435
1366 1296 1365 1367 1436
1367 1366 1368
1368 1298 1367 1369 1438
1369 1299 1368 1370 1439
1370 1300 1369 1371 1440
1371 1301 1370 1372 1441
1372 1302 1371 1373 1442
1373 1303 1372 1443
1374 1304 1375 1444
1375 1305 1374 1445
1376 1306 1377 1446
1377 1307 1376 1378 1447
1378 1308 1377 1379 1448
1379 1309 1378 1380 1449
1380 1310 1379 1381 1450
1381 1380 1382 1451
1382 1312 1381 1383 1452
1383 1313 1382 1384 1453
1384 1314 1383 1385 1454
1385 1315 1384 1386 1455
1386 1316 1385 1387 1456
1387 1317 1386 1388 1457
1388 1318 1387 1389
1389 1319 1388 1390 1459
1390 1320 1389 1460
1391 1392 1461
1392 1322 1391 1393
1393 1323 1392 1394 1463
1394 1324 1393 1395 1464
1395 1325 1394 1465
1396 1326 1397 1466
1397 1327 1396 1398 1467
1398 1328 1397 1399 1468
1399 1329 1398 1469
1400 1330 1401
1401 1331 1400 1402 1471
1402 1332 1401 1403 1472
1403 1333 1402 1404 1473
1404 1334 1403 1405 1474
1405 1335 1404 1406 1475
1406 1336 1405 1407 1476
1407 1337 1406 1408 1477
1408 1338 1407 1409 1478
1409 1339 1408 1410 1479
1410 1340 1409 1411 1480
1411 1341 1410 1412 1481
1412 1411 1413 1482
1413 1343 1412 1414 1483
1414 1344 1413 1415 1484
1415 1345 1414 1416 1485
1416 1346 1415 1417 1486
1417 1347 1416 1418 1487
1418 1348 1417 1419 1488
1419 1418 1420
1420 1350 1419 1421
1421 1351 1420 1422 1491
1422 1352 1421 1423 1492
1423 1353 1422 1424 1493
1424 1354 1423 1425 1494
1425 1355 1424 1426 1495
1426 1356 1425 1427 1496
1427 1357 1426 1497
1428 1358 1429 1498
1429 1359 1428 1430 1499
1430 1429 1431 1500
1431 1361 1430 1432 1501
1432 1362 1431 1433 1502
1433 1363 1432 1434 1503
1434 1364 1433 1435 1504
1435 1365 1434 1436 1505
1436 1366 1435 1437 1506
1437 1436 1438 1507
1438 1368 1437 1439 1508
1439 1369 1438 1440 1509
1440 1370 1439
1441 1371 1442 1511
1442 1372 1441 1443
1443 1373 1442 1444 1513
1444 1374 1443 1445 1514
1445 1375 1444 1446 1515
1446 1376 1445 1447 1516
1447 1377 1446 1448 1517
1448 1378 1447 1449 1518
1449 1379 1448 1450 1519
1450 1380 1449 1451 1520
1451 1381 1450 1452 1521
1452 1382 1451 1453 1522
1453 1383 1452 1454 1523
1454 1384 1453 1524
1455 1385 1456 1525
1456 1386 1455 1457 1526
1457 1387 1456 1458 1527
1458 1457 1459 1528
1459 1389 1458 1460 1529
1460 1390 1459 1530
1461 1391 1462 1531
1462 1461 1463 1532
1463 1393 1462 1464
1464 1394 1463 1465 1534
1465 1395 1464 1466 1535
1466 1396 1465 1467 1536
1467 1397 1466 1468 1537
1468 1398 1467 1469 1538
1469 1399 1468 1539
1470 1471
1471 1401 1470 1472 1541
1472 1402 1471 1473 1542
1473 1403 1472 1543
1474 1404 1475 1544
1475 1405 1474 1476 1545
1476 1406 1475 1477 1546
1477 1407 1476 1478 1547
1478 1408 1477 1479 1548
1479 1409 1478 1480
1480 1410 1479 1550
1481 1411 1482 1551
1482 1412 1481 1483 1552
1483 1413 1482 1484 1553
1484 1414 1483 1485 1554
1485 1415 1484 1486 1555
1486 1416 1485 1487 1556
1487 1417 1486 1488
1488 1418 1487 1558
1489 1490 1559
1490 1489 1491 1560
1491 1421 1490 1492 1561
1492 1422 1491 1493 1562
1493 1423 1492 1494 1563
1494 1424 1493 1495 1564
1495 1425 1494 1496 1565
1496 1426 1495 1497 1566
1497 1427 1496 1498 1567
1498 1428 1497 1499 1568
1499 1429 1498 1500 1569
1500 1430 1499 1501 1570
1501 1431 1500 1502 1571
1502 1432 1501 1503 1572
1503 1433 1502 1504 1573
1504 1434 1503 1505 1574
1505 1435 1504 1506 1575
1506 1436 1505 1507 1576
1507 1437 1506 1508 1577
1508 1438 1507 1509 1578
1509 1439 1508 1579
1510 1511 1580
1511 1441 1510 1512 1581
1512 1511 1513 1582
1513 1443 1512 1514 1583
1514 1444 1513 1515 1584
1515 1445 1514 1516 1585
1516 1446 1515 1517 1586
1517 1447 1516 1518 1587
1518 1448 1517
1519 1449 1520 1589
1520 1450 1519 1521
1521 1451 1520 1522 1591
1522 1452 1521 1523 1592
1523 1453 1522 1524 1593
1524 1454 1523 1525 1594
1525 1455 1524 1526 1595
1526 1456 1525 1527 1596
1527 1457 1526 1528 1597
1528 1458 1527 1529 1598
1529 1459 1528 1530 1599
1530 1460 1529 1531 1600
1531 1461 1530 1532 1601
1532 1462 1531 1533 1602
1533 1532 1534 1603
1534 1464 1533 1535 1604
1535 1465 1534 1536 1605
1536 1466 1535 1537 1606
1537 1467 1536 1538 1607
1538 1468 1537 1539 1608
1539 1469 1538 1609
1540 1541 1610
1541 1471 1540 1542 1611
1542 1472 1541 1543 1612
1543 1473 1542 1544
1544 1474 1543 1545 1614
1545 1475 1544 1546 1615
1546 1476 1545 1547 1616
1547 1477 1546 1548 1617
1548 1478 1547 1549 1618
1549 1548 1550 1619
1550 1480 1549 1551 1620
1551 1481 1550 1552 1621
1552 1482 1551 1553 1622
1553 1483 1552 1554
1554 1484 1553 1555 1624
1555 1485 1554 1556
1556 1486 1555 1557 1626
1557 1556 1558 1627
1558 1488 1557 1559 1628
1559 1489 1558 1560 1629
1560 1490 1559 1561 1630
1561 1491 1560 1562 1631
1562 1492 1561 1563 1632
1563 1493 1562 1564 1633
1564 1494 1563 1565 1634
1565 1495 1564 1566 1635
1566 1496 1565 1567 1636
1567 1497 1566 1637
1568 1498 1638
1569 1499 1570 1639
1570 1500 1569 1571 1640
1571 1501 1570 1572 1641
1572 1502 1571 1573 1642
1573 1503 1572 1574
1574 1504 1573 1575 1644
1575 1505 1574 1576 1645
1576 1506 1575 1646
1577 1507 1578 1647
1578 1508 1577 1579 1648
1579 1509 1578 1580 1649
1580 1510 1579 1581 1650
1581 1511 1580 1582 1651
1582 1512 1581 1583 1652
1583 1513 1582 1584 1653
1584 1514 1583 1654
1585 1515 1586 1655
1586 1516 1585 1656
1587 1517 1588 1657
1588 1587 1589 1658
1589 1519 1588 1590 1659
1590 1589 1591 1660
1591 1521 1590 1592
1592 1522 1591 1593 1662
1593 1523 1592 1594 1663
1594 1524 1593 1595 1664
1595 1525 1594 1596 1665
1596 1526 1595 1597 1666
1597 1527 1596 1598 1667
1598 1528 1597 1599 1668
1599 1529 1598 1600 1669
1600 1530 1599 1601 1670
1601 1531 1600 1602 1671
1602 1532 1601 1603 1672
1603 1533 1602 1604
1604 1534 1603 1605 1674
1605 1535 1604 1606
1606 1536 1605 1607 1676
1607 1537 1606 1608 1677
1608 1538 1607 1609 1678
1609 1539 1608 1679
1610 1540 1611 1680
1611 1541 1610 1612
1612 1542 1611 1613 1682
1613 1612 1614 1683
1614 1544 1613 1615 1684
1615 1545 1614 1616 1685
1616 1546 1615 1617 1686
1617 1547 1616 1687
1618 1548 1619 1688
1619 1549 1618 1620 1689
1620 1550 1619 1621 1690
1621 1551 1620 1622 1691
1622 1552 1621 1623 1692
1623 1622 1693
1624 1554 1625 1694
1625 1624 1626 1695
1626 1556 1625
1627 1557 1628 1697
1628 1558 1627 1629 1698
1629 1559 1628 1630 1699
1630 1560 1629 1631 1700
1631 1561 1630 1632 1701
1632 1562 1631 1633 1702
1633 1563 1632 1634 1703
1634 1564 1633 1635 1704
1635 1565 1634 1636 1705
1636 1566 1635 1637 1706
1637 1567 1636 1638 1707
1638 1568 1637 1639 1708
1639 1569 1638 1640 1709
1640 1570 1639 1641 1710
1641 1571 1640 1642 1711
1642 1572 1641 1643 1712
1643 1642 1644 1713
1644 1574 1643 1645 1714
1645 1575 1644 1715
1646 1576 1647 1716
1647 1577 1646 1648 1717
1648 1578 1647 1649 1718
1649 1579 1648 1650 1719
1650 1580 1649 1720
1651 1581 1721
1652 1582 1653 1722
1653 1583 1652 1654 1723
1654 1584 1653
1655 1585 1656 1725
1656 1586 1655 1657 1726
1657 1587 1656 1658 1727
1658 1588 1657 1659
1659 1589 1658 1660 1729
1660 1590 1659 1661 1730
1661 1660 1662 1731
1662 1592 1661 1663 1732
1663 1593 1662 1664 1733
1664 1594 1663 1665 1734
1665 1595 1664 1666 1735
1666 1596 1665 1667
1667 1597 1666 1668 1737
1668 1598 1667 1669 1738
1669 1599 1668 1670 1739
1670 1600 1669 1671 1740
1671 1601 1670 1672 1741
1672 1602 1671 1673 1742
1673 1672 1674 1743
1674 1604 1673 1675 1744
1675 1674 1676 1745
1676 1606 1675 1677 1746
1677 1607 1676 1678 1747
1678 1608 1677 1679 1748
1679 1609 1678 1749
1680 1610 1681 1750
1681 1680 1682 1751
1682 1612 1681 1683 1752
1683 1613 1682 1684 1753
1684 1614 1683 1685 1754
1685 1615 1684 1686 1755
1686 1616 1685 1687 1756
1687 1617 1686 1688
1688 1618 1687 1689 1758
1689 1619 1688 1690
1690 1620 1689 1691 1760
1691 1621 1690 1692 1761
1692 1622 1691 1762
1693 1623 1694 1763
1694 1624 1693 1695 1764
1695 1625 1694 1696 1765
1696 1695 1697 1766
1697 1627 1696 1698 1767
1698 1628 1697 1699 1768
1699 1629 1698 1700 1769
1700 1630 1699 1701 1770
1701 1631 1700 1771
1702 1632 1703 1772
1703 1633 1702 1704 1773
1704 1634 1703 1705 1774
1705 1635 1704 1706 1775
1706 1636 1705 1707 1776
1707 1637 1706 1708 1777
1708 1638 1707 1709
1709 1639 1708 1710 1779
1710 1640 1709 1711 1780
1711 1641 1710 1712 1781
1712 1642 1711 1713 1782
1713 1643 1712 1714 1783
1714 1644 1713 1715
1715 1645 1714 1716 1785
1716 1646 1715 1717 1786
1717 1647 1716 1718 1787
1718 1648 1717 1719 1788
1719 1649 1718 1789
1720 1650 1721
1721 1651 1720 1722 1791
1722 1652 1721 1723 1792
1723 1653 1722 1793
1724 1725 1794
1725 1655 1724 1726
1726 1656 1725 1727 1796
1727 1657 1726 1728 1797
1728 1727 1729
1729 1659 1728 1730 1799
1730 1660 1729 1731 1800
1731 1661 1730 1732 1801
1732 1662 1731 1733 1802
1733 1663 1732 1734 1803
1734 1664 1733 1735 1804
1735 1665 1734 1736 1805
1736 1735 1737 1806
1737 1667 1736 1738 1807
1738 1668 1737 1739 1808
1739 1669 1738 1740 1809
1740 1670 1739 1741 1810
1741 1671 1740 1742 1811
1742 1672 1741 1743 1812
1743 1673 1742 1744 1813
1744 1674 1743 1745 1814
1745 1675 1744 1746 1815
1746 1676 1745 1747 1816
1747 1677 1746 1748 1817
1748 1678 1747 1749 1818
1749 1679 1748 1819
1750 1680 1751 1820
1751 1681 1750 1752 1821
1752 1682 1751 1753 1822
1753 1683 1752 1754 1823
1754 1684 1753 1755 1824
1755 1685 1754 1756 1825
1756 1686 1755 1757 1826
1757 1756 1758 1827
1758 1688 1757 1759 1828
1759 1758 1760 1829
1760 1690 1759 1761 1830
1761 1691 1760 1831
1762 1692 1763 1832
1763 1693 1762 1764 1833
1764 1694 1763 1765 1834
1765 1695 1764 1766 1835
1766 1696 1765 1767 1836
1767 1697 1766 1768 1837
1768 1698 1767
1769 1699 1770 1839
1770 1700 1769 1771 1840
1771 1701 1770 1772 1841
1772 1702 1771 1773 1842
1773 1703 1772 1843
1774 1704 1844
1775 1705 1776 1845
1776 1706 1775 1777 1846
1777 1707 1776 1778 1847
1778 1777 1779 1848
1779 1709 1778 1849
1780 1710 1781 1850
1781 1711 1780 1782
1782 1712 1781 1783 1852
1783 1713 1782 1784 1853
1784 1783 1785 1854
1785 1715 1784 1786 1855
1786 1716 1785 1787 1856
1787 1717 1786 1788 1857
1788 1718 1787 1789 1858
1789 1719 1788 1790 1859
1790 1789 1791 1860
1791 1721 1790 1792 1861
1792 1722 1791 1793 1862
1793 1723 1792 1794
1794 1724 1793 1864
1795 1796 1865
1796 1726 1795 1797 1866
1797 1727 1796 1798 1867
1798 1797 1799 1868
1799 1729 1798 1800 1869
1800 1730 1799 1801 1870
1801 1731 1800 1802 1871
1802 1732 1801 1803 1872
1803 1733 1802 1804 1873
1804 1734 1803 1805 1874
1805 1735 1804 1875
1806 1736 1807 1876
1807 1737 1806 1808 1877
1808 1738 1807 1809 1878
1809 1739 1808 1810 1879
1810 1740 1809 1811 1880
1811 1741 1810 1812 1881
1812 1742 1811 1813 1882
1813 1743 1812 1814 1883
1814 1744 1813 1815
1815 1745 1814 1885
1816 1746 1817 1886
1817 1747 1816 1818 1887
1818 1748 1817 1819 1888
1819 1749 1818 1889
1820 1750 1821 1890
1821 1751 1820 1822 1891
1822 1752 1821 1823
1823 1753 1822 1824 1893
1824 1754 1823 1825 1894
1825 1755 1824 1826
1826 1756 1825 1827 1896
1827 1757 1826 1828
1828 1758 1827 1829 1898
1829 1759 1828 1830
1830 1760 1829 1831 1900
1831 1761 1830 1832 1901
1832 1762 1831 1833 1902
1833 1763 1832 1834 1903
1834 1764 1833 1835 1904
1835 1765 1834 1836 1905
1836 1766 1835 1837 1906
1837 1767 1836 1838 1907
1838 1837 1839 1908
1839 1769 1838 1840 1909
1840 1770 1839 1841 1910
1841 1771 1840 1842 1911
1842 1772 1841 1843 1912
1843 1773 1842 1844 1913
1844 1774 1843 1845 1914
1845 1775 1844 1846 1915
1846 1776 1845 1847 1916
1847 1777 1846 1848 1917
1848 1778 1847 1849 1918
1849 1779 1848 1850
1850 1780 1849 1851 1920
1851 1850 1852 1921
1852 1782 1851 1853 1922
1853 1783 1852 1854 1923
1854 1784 1853 1855 1924
1855 1785 1854 1856 1925
1856 1786 1855 1926
1857 1787 1858 1927
1858 1788 1857 1859 1928
1859 1789 1858 1929
1860 1790 1861 1930
1861 1791 1860 1931
1862 1792 1863 1932
1863 1862 1864 1933
1864 1794 1863 1865 1934
1865 1795 1864 1866 1935
1866 1796 1865 1867 1936
1867 1797 1866 1868 1937
1868 1798 1867 1869 1938
1869 1799 1868 1870 1939
1870 1800 1869 1871 1940
1871 1801 1870 1872 1941
1872 1802 1871 1942
1873 1803 1874 1943
1874 1804 1873 1875 1944
1875 1805 1874 1876
1876 1806 1875 1877 1946
1877 1807 1876 1878 1947
1878 1808 1877 1879 1948
1879 1809 1878 1880 1949
1880 1810 1879 1881 1950
1881 1811 1880 1882 1951
1882 1812 1881 1883 1952
1883 1813 1882 1884 1953
1884 1883 1885 1954
1885 1815 1884 1955
1886 1816 1887 1956
1887 1817 1886 1888 1957
1888 1818 1887 1889 1958
1889 1819 1888 1959
1890 1820 1891 1960
1891 1821 1890 1892
1892 1891 1893 1962
1893 1823 1892 1894 1963
1894 1824 1893 1964
1895 1896 1965
1896 1826 1895 1897 1966
1897 1896 1967
1898 1828 1899 1968
1899 1898 1900 1969
1900 1830 1899 1901 1970
1901 1831 1900 1902 1971
1902 1832 1901 1972
1903 1833 1904 1973
1904 1834 1903 1905 1974
1905 1835 1904 1906 1975
1906 1836 1905 1907 1976
1907 1837 1906 1977
1908 1838 1909
1909 1839 1908 1910
1910 1840 1909 1911 1980
1911 1841 1910 1912 1981
1912 1842 1911 1913 1982
1913 1843 1912 1914 1983
1914 1844 1913 1915 1984
1915 1845 1914
1916 1846 1917 1986
1917 1847 1916 1918 1987
1918 1848 1917 1919 1988
1919 1918 1920 1989
1920 1850 1919 1921 1990
1921 1851 1920 1922 1991
1922 1852 1921 1923 1992
1923 1853 1922 1924
1924 1854 1923 1925 1994
1925 1855 1924 1926 1995
1926 1856 1925 1927 1996
1927 1857 1926 1928 1997
1928 1858 1927 1929 1998
1929 1859 1928 1930 1999
1930 1860 1929 1931 2000
1931 1861 1930 1932 2001
1932 1862 1931 1933 2002
1933 1863 1932 1934 2003
1934 1864 1933 1935 2004
1935 1865 1934 1936 2005
1936 1866 1935 1937 2006
1937 1867 1936 1938 2007
1938 1868 1937 1939 2008
1939 1869 1938 1940
1940 1870 1939 1941 2010
1941 1871 1940 1942 2011
1942 1872 1941 1943 2012
1943 1873 1942 1944 2013
1944 1874 1943 1945 2014
1945 1944 1946 2015
1946 1876 1945 1947 2016
1947 1877 1946 1948 2017
1948 1878 1947 1949
1949 1879 1948 1950 2019
1950 1880 1949 2020
1951 1881 1952 2021
1952 1882 1951 1953 2022
1953 1883 1952 1954 2023
1954 1884 1953 1955 2024
1955 1885 1954 1956 2025
1956 1886 1955 1957 2026
1957 1887 1956 1958 2027
1958 1888 1957 1959 2028
1959 1889 1958 2029
1960 1890 1961 2030
1961 1960 1962 2031
1962 1892 1961 2032
1963 1893 1964 2033
1964 1894 1963 1965 2034
1965 1895 1964 1966 2035
1966 1896 1965 1967 2036
1967 1897 1966 1968 2037
1968 1898 1967 1969 2038
1969 1899 1968 1970 2039
1970 1900 1969 1971 2040
1971 1901 1970 1972 2041
1972 1902 1971 1973 2042
1973 1903 1972 1974 2043
1974 1904 1973 1975 2044
1975 1905 1974 1976
1976 1906 1975 1977 2046
1977 1907 1976 1978 2047
1978 1977 1979 2048
1979 1978 1980
1980 1910 1979 1981 2050
1981 1911 1980 1982 2051
1982 1912 1981 1983 2052
1983 1913 1982 1984 2053
1984 1914 1983 1985 2054
1985 1984
1986 1916 1987
1987 1917 1986 1988 2057
1988 1918 1987 1989 2058
1989 1919 1988 1990 2059
1990 1920 1989 1991 2060
1991 1921 1990 1992 2061
1992 1922 1991 1993 2062
1993 1992 1994
1994 1924 1993 1995 2064
1995 1925 1994 1996 2065
1996 1926 1995 1997 2066
1997 1927 1996 1998 2067
1998 1928 1997 1999 2068
1999 1929 1998 2000 2069
2000 1930 1999 2001
2001 1931 2000 2071
2002 1932 2003 2072
2003 1933 2002 2004 2073
2004 1934 2003 2005 2074
2005 1935 2004 2006 2075
2006 1936 2005 2007 2076
2007 1937 2006 2008 2077
2008 1938 2007 2009 2078
2009 2008 2010 2079
2010 1940 2009 2011
2011 1941 2010 2012 2081
2012 1942 2011 2013 2082
2013 1943 2012 2014 2083
2014 1944 2013 2015 2084
2015 1945 2014 2016 2085
2016 1946 2015
2017 1947 2018 2087
2018 2017 2019 2088
2019 1949 2018 2020 2089
2020 1950 2019 2021 2090
2021 1951 2020 2022 2091
2022 1952 2021 2023 2092
2023 1953 2022 2024 2093
2024 1954 2023 2025 2094
2025 1955 2024 2026 2095
2026 1956 2025 2096
2027 1957 2028 2097
2028 1958 2027 2029 2098
2029 1959 2028 2099
2030 1960 2031
2031 1961 2030 2032 2101
2032 1962 2031 2033 2102
2033 1963 2032 2034 2103
2034 1964 2033 2035
2035 1965 2034 2036 2105
2036 1966 2035 2037 2106
2037 1967 2036 2038 2107
2038 1968 2037 2108
2039 1969 2040 2109
2040 1970 2039 2041 2110
2041 1971 2040 2042 2111
2042 1972 2041 2043 2112
2043 1973 2042 2044 2113
2044 1974 2043 2045 2114
2045 2044 2046
2046 1976 2045 2116
2047 1977 2048 2117
2048 1978 2047 2049 2118
2049 2048 2050 2119
2050 1980 2049 2051 2120
2051 1981 2050 2052 2121
2052 1982 2051 2053 2122
2053 1983 2052 2054 2123
2054 1984 2053 2055 2124
2055 2054 2056 2125
2056 2055 2057 2126
2057 1987 2056 2058 2127
2058 1988 2057 2059 2128
2059 1989 2058 2060 2129
2060 1990 2059 2061 2130
2061 1991 2060 2131
2062 1992 2063 2132
2063 2062 2064 2133
2064 1994 2063 2065 2134
2065 1995 2064 2066 2135
2066 1996 2065 2067 2136
2067 1997 2066 2068 2137
2068 1998 2067 2069 2138
2069 1999 2068 2070 2139
2070 2069 2071 2140
2071 2001 2070 2072 2141
2072 2002 2071 2073 2142
2073 2003 2072 2074 2143
2074 2004 2073 2075 2144
2075 2005 2074 2076 2145
2076 2006 2075 2077 2146
2077 2007 2076 2078 2147
2078 2008 2077 2079 2148
2079 2009 2078 2080 2149
2080 2079 2081 2150
2081 2011 2080 2082 2151
2082 2012 2081
2083 2013 2084 2153
2084 2014 2083 2085 2154
2085 2015 2084 2086 2155
2086 2085 2087 2156
2087 2017 2086 2088 2157
2088 2018 2087 2089
2089 2019 2088 2159
2090 2020 2091 2160
2091 2021 2090 2092 2161
2092 2022 2091 2162
2093 2023 2094 2163
2094 2024 2093
2095 2025 2096 2165
2096 2026 2095 2097 2166
2097 2027 2096
2098 2028 2099 2168
2099 2029 2098 2169
2100 2101
2101 2031 2100 2102 2171
2102 2032 2101 2103 2172
2103 2033 2102 2104 2173
2104 2103 2105 2174
2105 2035 2104 2106
2106 2036 2105
2107 2037 2108 2177
2108 2038 2107 2109
2109 2039 2108 2110 2179
2110 2040 2109 2111 2180
2111 2041 2110 2112 2181
2112 2042 2111 2182
2113 2043 2114 2183
2114 2044 2113 2115 2184
2115 2114 2185
2116 2046 2117 2186
2117 2047 2116 2118 2187
2118 2048 2117 2119 2188
2119 2049 2118 2120 2189
2120 2050 2119 2121 2190
2121 2051 2120 2122
2122 2052 2121 2123 2192
2123 2053 2122 2124 2193
2124 2054 2123 2125 2194
2125 2055 2124 2126 2195
2126 2056 2125 2196
2127 2057 2128 2197
2128 2058 2127 2129 2198
2129 2059 2128 2130 2199
2130 2060 2129 2131 2200
2131 2061 2130 2132 2201
2132 2062 2131 2133 2202
2133 2063 2132 2134 2203
2134 2064 2133 2135 2204
2135 2065 2134 2136 2205
2136 2066 2135 2137 2206
2137 2067 2136 2138 2207
2138 2068 2137 2139 2208
2139 2069 2138 2140 2209
2140 2070 2139 2141 2210
2141 2071 2140 2211
2142 2072 2143
2143 2073 2142 2144 2213
2144 2074 2143 2145 2214
2145 2075 2144 2146 2215
2146 2076 2145 2147 2216
2147 2077 2146 2148 2217
2148 2078 2147 2149 2218
2149 2079 2148 2150 2219
2150 2080 2149 2151
2151 2081 2150 2152 2221
2152 2151 2153 2222
2153 2083 2152 2154 2223
2154 2084 2153 2155 2224
2155 2085 2154 2156 2225
2156 2086 2155 2157 2226
2157 2087 2156 2158 2227
2158 2157 2159 2228
2159 2089 2158 2160 2229
2160 2090 2159 2161 2230
2161 2091 2160 2162 2231
2162 2092 2161 2163 2232
2163 2093 2162 2164 2233
2164 2163 2165 2234
2165 2095 2164 2166 2235
2166 2096 2165 2167 2236
2167 2166 2168 2237
2168 2098 2167 2169 2238
2169 2099 2168 2239
2170 2171
2171 2101 2170 2172 2241
2172 2102 2171 2173
2173 2103 2172 2174 2243
2174 2104 2173 2175
2175 2174 2176 2245
2176 2175 2177 2246
2177 2107 2176 2178 2247
2178 2177 2179 2248
2179 2109 2178 2180 2249
2180 2110 2179 2181 2250
2181 2111 2180 2182 2251
2182 2112 2181 2183 2252
2183 2113 2182 2184 2253
2184 2114 2183 2185 2254
2185 2115 2184 2186 2255
2186 2116 2185 2187
2187 2117 2186 2188 2257
2188 2118 2187 2189 2258
2189 2119 2188 2190 2259
2190 2120 2189 2191 2260
2191 2190 2192 2261
2192 2122 2191 2193 2262
2193 2123 2192 2194 2263
2194 2124 2193 2195 2264
2195 2125 2194 2196 2265
2196 2126 2195 2197 2266
2197 2127 2196 2198 2267
2198 2128 2197 2199 2268
2199 2129 2198 2200 2269
2200 2130 2199 2201
2201 2131 2200 2202
2202 2132 2201 2203 2272
2203 2133 2202 2204 2273
2204 2134 2203 2205 2274
2205 2135 2204 2275
2206 2136 2276
2207 2137 2208 2277
2208 2138 2207 2209 2278
2209 2139 2208 2210 2279
2210 2140 2209 2211 2280
2211 2141 2210 2212 2281
2212 2211 2213 2282
2213 2143 2212 2283
2214 2144 2215 2284
2215 2145 2214 2216 2285
2216 2146 2215 2217 2286
2217 2147 2216 2218 2287
2218 2148 2217 2219 2288
2219 2149 2218 2289
2220 2221 2290
2221 2151 2220 2222 2291
2222 2152 2221 2223 2292
2223 2153 2222 2224 2293
2224 2154 2223 2225 2294
2225 2155 2224 2226 2295
2226 2156 2225 2296
2227 2157 2228 2297
2228 2158 2227 2229 2298
2229 2159 2228 2230 2299
2230 2160 2229 2231 2300
2231 2161 2230 2232 2301
2232 2162 2231 2233 2302
2233 2163 2232
2234 2164 2304
2235 2165 2305
2236 2166 2237 2306
2237 2167 2236 2307
2238 2168 2239 2308
2239 2169 2238 2309
2240 2241 2310
2241 2171 2240 2311
2242 2243 2312
2243 2173 2242 2244 2313
2244 2243 2245 2314
2245 2175 2244
2246 2176 2247 2316
2247 2177 2246 2248 2317
2248 2178 2247 2249 2318
2249 2179 2248 2250 2319
2250 2180 2249 2251 2320
2251 2181 2250 2252 2321
2252 2182 2251 2253 2322
2253 2183 2252 2254 2323
2254 2184 2253
2255 2185 2325
2256 2257 2326
2257 2187 2256 2258 2327
2258 2188 2257 2259 2328
2259 2189 2258 2260 2329
2260 2190 2259 2261 2330
2261 2191 2260 2262 2331
2262 2192 2261 2263 2332
2263 2193 2262 2264 2333
2264 2194 2263 2265 2334
2265 2195 2264 2266 2335
2266 2196 2265 2267 2336
2267 2197 2266 2268 2337
2268 2198 2267 2269 2338
2269 2199 2268 2270
2270 2269 2271
2271 2270 2272 2341
2272 2202 2271 2273 2342
2273 2203 2272 2274 2343
2274 2204 2273 2275 2344
2275 2205 2274 2276 2345
2276 2206 2275 2277 2346
2277 2207 2276 2347
2278 2208 2348
2279 2209 2280
2280 2210 2279 2281 2350
2281 2211 2280 2282 2351
2282 2212 2281 2283 2352
2283 2213 2282 2284 2353
2284 2214 2283 2285 2354
2285 2215 2284 2286 2355
2286 2216 2285 2356
2287 2217 2288 2357
2288 2218 2287 2289 2358
2289 2219 2288 2290
2290 2220 2289 2291 2360
2291 2221 2290 2292 2361
2292 2222 2291 2293 2362
2293 2223 2292 2294 2363
2294 2224 2293 2295 2364
2295 2225 2294 2296 2365
2296 2226 2295 2297 2366
2297 2227 2296 2298 2367
2298 2228 2297 2299 2368
2299 2229 2298 2300 2369
2300 2230 2299 2301 2370
2301 2231 2300 2302 2371
2302 2232 2301 2303 2372
2303 2302 2304 2373
2304 2234 2303 2305
2305 2235 2304 2306 2375
2306 2236 2305 2307 2376
2307 2237 2306 2308 2377
2308 2238 2307 2309 2378
2309 2239 2308 2379
2310 2240 2311 2380
2311 2241 2310 2312 2381
2312 2242 2311 2313 2382
2313 2243 2312 2314 2383
2314 2244 2313 2315
2315 2314 2316 2385
2316 2246 2315 2317 2386
2317 2247 2316 2318 2387
2318 2248 2317 2319 2388
2319 2249 2318
2320 2250 2321 2390
2321 2251 2320 2322
2322 2252 2321 2323
2323 2253 2322 2324 2393
2324 2323 2325
2325 2255 2324 2326 2395
2326 2256 2325 2327 2396
2327 2257 2326 2328 2397
2328 2258 2327 2329 2398
2329 2259 2328 2330 2399
2330 2260 2329 2331 2400
2331 2261 2330 2332 2401
2332 2262 2331 2333 2402
2333 2263 2332 2334 2403
2334 2264 2333 2335 2404
2335 2265 2334 2336
2336 2266 2335 2337 2406
2337 2267 2336 2338
2338 2268 2337 2408
2339 2340 2409
2340 2339 2341 2410
2341 2271 2340 2342
2342 2272 2341 2343 2412
2343 2273 2342 2344
2344 2274 2343 2345 2414
2345 2275 2344 2346 2415
2346 2276 2345 2347 2416
2347 2277 2346 2417
2348 2278 2349 2418
2349 2348 2350 2419
2350 2280 2349 2351 2420
2351 2281 2350 2352 2421
2352 2282 2351 2353 2422
2353 2283 2352 2354 2423
2354 2284 2353 2355
2355 2285 2354 2356 2425
2356 2286 2355 2357
2357 2287 2356 2358 2427
2358 2288 2357 2359 2428
2359 2358 2360 2429
2360 2290 2359 2361 2430
2361 2291 2360 2362 2431
2362 2292 2361
2363 2293 2364 2433
2364 2294 2363 2365 2434
2365 2295 2364 2366 2435
2366 2296 2365 2367 2436
2367 2297 2366 2368 2437
2368 2298 2367 2369 2438
2369 2299 2368
2370 2300 2440
2371 2301 2372 2441
2372 2302 2371 2373
2373 2303 2372 2374 2443
2374 2373 2375 2444
2375 2305 2374 2376 2445
2376 2306 2375 2377 2446
2377 2307 2376 2378 2447
2378 2308 2377 2379 2448
2379 2309 2378 2449
2380 2310 2381 2450
2381 2311 2380 2382 2451
2382 2312 2381 2452
2383 2313 2384 2453
2384 2383 2385 2454
2385 2315 2384 2386 2455
2386 2316 2385 2387 2456
2387 2317 2386 2388 2457
2388 2318 2387 2389 2458
2389 2388 2390 2459
2390 2320 2389 2391 2460
2391 2390 2392 2461
2392 2391 2393 2462
2393 2323 2392 2394 2463
2394 2393 2395 2464
2395 2325 2394 2396 2465
2396 2326 2395 2397 2466
2397 2327 2396 2398 2467
2398 2328 2397 2399 2468
2399 2329 2398 2469
2400 2330 2401 2470
2401 2331 2400 2402 2471
2402 2332 2401 2403 2472
2403 2333 2402 2404 2473
2404 2334 2403 2405 2474
2405 2404 2406 2475
2406 2336 2405 2407 2476
2407 2406 2408 2477
2408 2338 2407 2409 2478
2409 2339 2408 2410 2479
2410 2340 2409 2411 2480
2411 2410 2412 2481
2412 2342 2411 2413 2482
2413 2412 2414 2483
2414 2344 2413 2415 2484
2415 2345 2414 2485
2416 2346 2417 2486
2417 2347 2416 2418 2487
2418 2348 2417 2419 2488
2419 2349 2418 2420 2489
2420 2350 2419 2421 2490
2421 2351 2420 2422 2491
2422 2352 2421 2492
2423 2353 2424 2493
2424 2423 2425 2494
2425 2355 2424 2426 2495
2426 2425 2427 2496
2427 2357 2426 2428 2497
2428 2358 2427 2429 2498
2429 2359 2428 2430 2499
2430 2360 2429 2431 2500
2431 2361 2430 2432 2501
2432 2431 2433
2433 2363 2432 2434 2503
2434 2364 2433 2435 2504
2435 2365 2434 2436 2505
2436 2366 2435 2437 2506
2437 2367 2436 2438 2507
2438 2368 2437 2439 2508
2439 2438 2440 2509
2440 2370 2439 2441 2510
2441 2371 2440 2442 2511
2442 2441 2443 2512
2443 2373 2442 2444
2444 2374 2443 2445 2514
2445 2375 2444 2446 2515
2446 2376 2445 2447 2516
2447 2377 2446 2448 2517
2448 2378 2447 2449 2518
2449 2379 2448 2519
2450 2380 2451 2520
2451 2381 2450 2452 2521
2452 2382 2451 2453 2522
2453 2383 2452 2454 2523
2454 2384 2453
2455 2385 2456 2525
2456 2386 2455 2457 2526
2457 2387 2456 2458 2527
2458 2388 2457 2459 2528
2459 2389 2458 2460 2529
2460 2390 2459 2461 2530
2461 2391 2460 2531
2462 2392 2463 2532
2463 2393 2462 2464 2533
2464 2394 2463 2465 2534
2465 2395 2464 2466 2535
2466 2396 2465 2467 2536
2467 2397 2466 2468 2537
2468 2398 2467 2469 2538
2469 2399 2468 2470 2539
2470 2400 2469 2471
2471 2401 2470 2472 2541
2472 2402 2471 2473 2542
2473 2403 2472 2474 2543
2474 2404 2473 2475 2544
2475 2405 2474 2476 2545
2476 2406 2475 2546
2477 2407 2478 2547
2478 2408 2477 2479 2548
2479 2409 2478 2480 2549
2480 2410 2479 2481 2550
2481 2411 2480 2482 2551
2482 2412 2481 2483 2552
2483 2413 2482 2484 2553
2484 2414 2483 2554
2485 2415 2486 2555
2486 2416 2485 2487
2487 2417 2486 2488 2557
2488 2418 2487 2489 2558
2489 2419 2488 2490
2490 2420 2489 2491 2560
2491 2421 2490 2561
2492 2422 2493 2562
2493 2423 2492 2494 2563
2494 2424 2493 2495 2564
2495 2425 2494 2496
2496 2426 2495 2497 2566
2497 2427 2496 2498 2567
2498 2428 2497 2499 2568
2499 2429 2498 2500 2569
2500 2430 2499 2501
2501 2431 2500 2502 2571
2502 2501 2503 2572
2503 2433 2502 2573
2504 2434 2505 2574
2505 2435 2504 2506 2575
2506 2436 2505 2576
2507 2437 2508 2577
2508 2438 2507 2509 2578
2509 2439 2508 2579
2510 2440 2511 2580
2511 2441 2510 2512 2581
2512 2442 2511 2513 2582
2513 2512 2583
2514 2444 2584
2515 2445 2516 2585
2516 2446 2515 2517 2586
2517 2447 2516 2518
2518 2448 2517 2519 2588
2519 2449 2518 2589
2520 2450 2521 2590
2521 2451 2520 2522 2591
2522 2452 2521 2523 2592
2523 2453 2522 2524 2593
2524 2523 2525
2525 2455 2524 2526 2595
2526 2456 2525 2527 2596
2527 2457 2526 2597
2528 2458 2529 2598
2529 2459 2528 2530 2599
2530 2460 2529 2531 2600
2531 2461 2530 2532 2601
2532 2462 2531 2533 2602
2533 2463 2532 2534 2603
2534 2464 2533 2535 2604
2535 2465 2534 2536 2605
2536 2466 2535 2537 2606
2537 2467 2536 2538 2607
2538 2468 2537 2539 2608
2539 2469 2538 2540 2609
2540 2539 2541 2610
2541 2471 2540 2542 2611
2542 2472 2541 2543 2612
2543 2473 2542 2544
2544 2474 2543 2545 2614
2545 2475 2544 2546 2615
2546 2476 2545 2547 2616
2547 2477 2546 2548 2617
2548 2478 2547 2618
2549 2479 2550 2619
2550 2480 2549 2551 2620
2551 2481 2550 2552 2621
2552 2482 2551 2553 2622
2553 2483 2552 2554 2623
2554 2484 2553 2555 2624
2555 2485 2554 2556 2625
2556 2555 2557 2626
2557 2487 2556 2558 2627
2558 2488 2557 2559 2628
2559 2558 2560 2629
2560 2490 2559 2561 2630
2561 2491 2560 2562 2631
2562 2492 2561 2563 2632
2563 2493 2562 2564 2633
2564 2494 2563 2565 2634
2565 2564 2635
2566 2496
2567 2497 2568
2568 2498 2567 2569 2638
2569 2499 2568 2570 2639
2570 2569 2571
2571 2501 2570 2572 2641
2572 2502 2571 2573 2642
2573 2503 2572 2574 2643
2574 2504 2573 2575 2644
2575 2505 2574 2576 2645
2576 2506 2575 2646
2577 2507
2578 2508 2579 2648
2579 2509 2578 2580
2580 2510 2579 2581 2650
2581 2511 2580 2582 2651
2582 2512 2581 2583 2652
2583 2513 2582 2584 2653
2584 2514 2583 2585 2654
2585 2515 2584 2586 2655
2586 2516 2585 2587 2656
2587 2586 2588 2657
2588 2518 2587 2589
2589 2519 2588 2659
2590 2520 2591 2660
2591 2521 2590 2661
2592 2522 2593 2662
2593 2523 2592 2594
2594 2593
2595 2525 2596 2665
2596 2526 2595 2597
2597 2527 2596 2598 2667
2598 2528 2597 2599 2668
2599 2529 2598 2600 2669
2600 2530 2599 2601 2670
2601 2531 2600 2602 2671
2602 2532 2601 2603 2672
2603 2533 2602 2604 2673
2604 2534 2603 2605 2674
2605 2535 2604 2606 2675
2606 2536 2605 2607 2676
2607 2537 2606 2677
2608 2538 2609 2678
2609 2539 2608 2610
2610 2540 2609 2611 2680
2611 2541 2610 2612 2681
2612 2542 2611 2613 2682
2613 2612 2614 2683
2614 2544 2613 2615 2684
2615 2545 2614 2685
2616 2546 2617 2686
2617 2547 2616 2618
2618 2548 2617 2619
2619 2549 2618 2620 2689
2620 2550 2619 2621 2690
2621 2551 2620 2622 2691
2622 2552 2621 2623 2692
2623 2553 2622 2624 2693
2624 2554 2623 2625 2694
2625 2555 2624 2626 2695
2626 2556 2625 2627 2696
2627 2557 2626 2697
2628 2558 2629 2698
2629 2559 2628 2630 2699
2630 2560 2629 2631 2700
2631 2561 2630 2632 2701
2632 2562 2631 2633 2702
2633 2563 2632 2634 2703
2634 2564 2633 2635 2704
2635 2565 2634 2636 2705
2636 2635 2637 2706
2637 2636 2638 2707
2638 2568 2637 2639 2708
2639 2569 2638 2640
2640 2639 2641 2710
2641 2571 2640 2642 2711
2642 2572 2641 2643 2712
2643 2573 2642 2644 2713
2644 2574 2643 2645 2714
2645 2575 2644 2646 2715
2646 2576 2645 2716
2647 2648 2717
2648 2578 2647 2649 2718
2649 2648 2650 2719
2650 2580 2649 2651 2720
2651 2581 2650 2652 2721
2652 2582 2651 2653 2722
2653 2583 2652 2654 2723
2654 2584 2653 2655 2724
2655 2585 2654 2656 2725
2656 2586 2655 2657 2726
2657 2587 2656 2658 2727
2658 2657 2659 2728
2659 2589 2658 2729
2660 2590 2661 2730
2661 2591 2660 2662 2731
2662 2592 2661 2663 2732
2663 2662 2664 2733
2664 2663 2665 2734
2665 2595 2664 2666 2735
2666 2665 2667 2736
2667 2597 2666 2668 2737
2668 2598 2667 2738
2669 2599 2670 2739
2670 2600 2669 2671 2740
2671 2601 2670 2672 2741
2672 2602 2671 2673 2742
2673 2603 2672 2674 2743
2674 2604 2673
2675 2605 2676
2676 2606 2675 2677 2746
2677 2607 2676 2678 2747
2678 2608 2677 2679 2748
2679 2678 2680
2680 2610 2679 2681
2681 2611 2680 2682 2751
2682 2612 2681 2683 2752
2683 2613 2682 2684 2753
2684 2614 2683 2685 2754
2685 2615 2684 2686
2686 2616 2685 2687 2756
2687 2686 2757
2688 2689 2758
2689 2619 2688 2690 2759
2690 2620 2689 2691
2691 2621 2690 2692 2761
2692 2622 2691 2762
2693 2623 2694 2763
2694 2624 2693 2695 2764
2695 2625 2694 2696 2765
2696 2626 2695 2697 2766
2697 2627 2696 2698 2767
2698 2628 2697 2699 2768
2699 2629 2698 2700
2700 2630 2699 2701 2770
2701 2631 2700 2702 2771
2702 2632 2701 2703 2772
2703 2633 2702 2704 2773
2704 2634 2703 2705
2705 2635 2704 2706 2775
2706 2636 2705 2707 2776
2707 2637 2706 2708 2777
2708 2638 2707 2709 2778
2709 2708 2710 2779
2710 2640 2709 2711 2780
2711 2641 2710 2712 2781
2712 2642 2711 2713 2782
2713 2643 2712 2783
2714 2644 2715 2784
2715 2645 2714 2716 2785
2716 2646 2715 2717 2786
2717 2647 2716 2718 2787
2718 2648 2717 2719 2788
2719 2649 2718 2720 2789
2720 2650 2719 2721 2790
2721 2651 2720 2722 2791
2722 2652 2721 2723 2792
2723 2653 2722 2724 2793
2724 2654 2723 2725 2794
2725 2655 2724 2726 2795
2726 2656 2725 2727 2796
2727 2657 2726 2728 2797
2728 2658 2727 2729
2729 2659 2728 2799
2730 2660 2731 2800
2731 2661 2730 2732 2801
2732 2662 2731 2733 2802
2733 2663 2732 2734 2803
2734 2664 2733 2735 2804
2735 2665 2734 2736 2805
2736 2666 2735 2737 2806
2737 2667 2736 2738 2807
2738 2668 2737 2739 2808
2739 2669 2738 2740 2809
2740 2670 2739 2741 2810
2741 2671 2740 2742 2811
2742 2672 2741 2743 2812
2743 2673 2742 2744 2813
2744 2743 2745 2814
2745 2744 2746 2815
2746 2676 2745 2747 2816
2747 2677 2746 2748 2817
2748 2678 2747 2749 2818
2749 2748 2750 2819
2750 2749 2751 2820
2751 2681 2750 2752
2752 2682 2751 2753 2822
2753 2683 2752 2823
2754 2684 2755 2824
2755 2754 2756 2825
2756 2686 2755 2757 2826
2757 2687 2756 2758 2827
2758 2688 2757 2759 2828
2759 2689 2758 2760 2829
2760 2759 2830
2761 2691 2762 2831
2762 2692 2761 2763 2832
2763 2693 2762 2764 2833
2764 2694 2763 2765
2765 2695 2764 2766 2835
2766 2696 2765 2767 2836
2767 2697 2766 2768 2837
2768 2698 2767 2769 2838
2769 2768 2770 2839
2770 2700 2769 2771 2840
2771 2701 2770 2772 2841
2772 2702 2771 2773 2842
2773 2703 2772 2774 2843
2774 2773 2775 2844
2775 2705 2774 2776 2845
2776 2706 2775 2777 2846
2777 2707 2776 2778 2847
2778 2708 2777 2779
2779 2709 2778 2849
2780 2710 2850
2781 2711 2782 2851
2782 2712 2781 2783 2852
2783 2713 2782 2784 2853
2784 2714 2783 2785 2854
2785 2715 2784 2786 2855
2786 2716 2785 2787 2856
2787 2717 2786 2788 2857
2788 2718 2787 2789 2858
2789 2719 2788 2790
2790 2720 2789 2791 2860
2791 2721 2790 2792 2861
2792 2722 2791 2862
2793 2723 2794 2863
2794 2724 2793 2795 2864
2795 2725 2794 2796 2865
2796 2726 2795 2866
2797 2727 2867
2798 2799 2868
2799 2729 2798 2869
2800 2730 2801
2801 2731 2800 2802 2871
2802 2732 2801 2872
2803 2733 2804
2804 2734 2803 2805 2874
2805 2735 2804 2806 2875
2806 2736 2805 2807 2876
2807 2737 2806 2808 2877
2808 2738 2807 2809 2878
2809 2739 2808 2810 2879
2810 2740 2809 2811 2880
2811 2741 2810 2881
2812 2742 2882
2813 2743 2814 2883
2814 2744 2813 2815 2884
2815 2745 2814 2816 2885
2816 2746 2815 2817 2886
2817 2747 2816 2818 2887
2818 2748 2817 2819 2888
2819 2749 2818 2889
2820 2750 2821 2890
2821 2820 2822 2891
2822 2752 2821 2823 2892
2823 2753 2822 2824 2893
2824 2754 2823 2825 2894
2825 2755 2824 2826 2895
2826 2756 2825 2827 2896
2827 2757 2826 2828 2897
2828 2758 2827 2829 2898
2829 2759 2828 2830 2899
2830 2760 2829 2831 2900
2831 2761 2830 2832 2901
2832 2762 2831 2833 2902
2833 2763 2832 2834 2903
2834 2833 2835 2904
2835 2765 2834 2836 2905
2836 2766 2835 2837 2906
2837 2767 2836 2838 2907
2838 2768 2837 2839 2908
2839 2769 2838 2840
2840 2770 2839 2841 2910
2841 2771 2840 2842 2911
2842 2772 2841 2843 2912
2843 2773 2842 2844 2913
2844 2774 2843 2845 2914
2845 2775 2844 2915
2846 2776 2847 2916
2847 2777 2846 2848 2917
2848 2847 2849 2918
2849 2779 2848 2850 2919
2850 2780 2849 2851 2920
2851 2781 2850 2852 2921
2852 2782 2851 2853 2922
2853 2783 2852 2854
2854 2784 2853 2855 2924
2855 2785 2854 2856 2925
2856 2786 2855 2857 2926
2857 2787 2856 2927
2858 2788 2859 2928
2859 2858 2860 2929
2860 2790 2859 2861 2930
2861 2791 2860 2862 2931
2862 2792 2861 2863 2932
2863 2793 2862 2864 2933
2864 2794 2863 2865 2934
2865 2795 2864 2866 2935
2866 2796 2865 2867
2867 2797 2866 2868 2937
2868 2798 2867 2869 2938
2869 2799 2868
2870 2871 2940
2871 2801 2870 2872
2872 2802 2871 2873
2873 2872 2874
2874 2804 2873 2875 2944
2875 2805 2874 2876 2945
2876 2806 2875 2877 2946
2877 2807 2876 2878 2947
2878 2808 2877 2879 2948
2879 2809 2878 2880 2949
2880 2810 2879 2881 2950
2881 2811 2880 2882 2951
2882 2812 2881 2883 2952
2883 2813 2882 2884 2953
2884 2814 2883 2885 2954
2885 2815 2884 2886 2955
2886 2816 2885 2887 2956
2887 2817 2886 2888 2957
2888 2818 2887 2889 2958
2889 2819 2888 2890 2959
2890 2820 2889 2891 2960
2891 2821 2890 2892 2961
2892 2822 2891 2893 2962
2893 2823 2892 2894 2963
2894 2824 2893 2895
2895 2825 2894 2896 2965
2896 2826 2895 2897 2966
2897 2827 2896 2898 2967
2898 2828 2897 2899 2968
2899 2829 2898 2969
2900 2830 2901 2970
2901 2831 2900 2902 2971
2902 2832 2901 2903 2972
2903 2833 2902 2904 2973
2904 2834 2903 2905 2974
2905 2835 2904 2906 2975
2906 2836 2905 2907 2976
2907 2837 2906 2977
2908 2838 2909 2978
2909 2908 2910 2979
2910 2840 2909 2980
2911 2841 2912 2981
2912 2842 2911 2913 2982
2913 2843 2912 2914 2983
2914 2844 2913 2915 2984
2915 2845 2914 2916 2985
2916 2846 2915 2917 2986
2917 2847 2916 2918 2987
2918 2848 2917 2919 2988
2919 2849 2918 2920
2920 2850 2919 2921 2990
2921 2851 2920 2922
2922 2852 2921 2923 2992
2923 2922 2924 2993
2924 2854 2923 2925 2994
2925 2855 2924 2926 2995
2926 2856 2925 2927 2996
2927 2857 2926 2928 2997
2928 2858 2927 2929 2998
2929 2859 2928 2930 2999
2930 2860 2929 2931 3000
2931 2861 2930 2932 3001
2932 2862 2931 2933 3002
2933 2863 2932 2934 3003
2934 2864 2933 2935 3004
2935 2865 2934 2936 3005
2936 2935 2937 3006
2937 2867 2936 2938
2938 2868 2937 2939 3008
2939 2938 3009
2940 2870 2941 3010
2941 2940 2942 3011
2942 2941 2943 3012
2943 2942 2944 3013
2944 2874 2943 2945 3014
2945 2875 2944 2946 3015
2946 2876 2945 2947 3016
2947 2877 2946 2948 3017
2948 2878 2947 3018
2949 2879 2950 3019
2950 2880 2949 2951 3020
2951 2881 2950 2952 3021
2952 2882 2951 2953 3022
2953 2883 2952 2954 3023
2954 2884 2953 2955 3024
2955 2885 2954 2956 3025
2956 2886 2955 3026
2957 2887 2958 3027
2958 2888 2957 2959 3028
2959 2889 2958 2960 3029
2960 2890 2959 2961 3030
2961 2891 2960 2962 3031
2962 2892 2961 2963 3032
2963 2893 2962 2964 3033
2964 2963 2965 3034
2965 2895 2964 2966 3035
2966 2896 2965 2967 3036
2967 2897 2966 2968 3037
2968 2898 2967 2969 3038
2969 2899 2968 2970 3039
2970 2900 2969 2971 3040
2971 2901 2970 2972 3041
2972 2902 2971 2973 3042
2973 2903 2972 2974
2974 2904 2973 2975 3044
2975 2905 2974 2976 3045
2976 2906 2975 2977 3046
2977 2907 2976 2978
2978 2908 2977 2979 3048
2979 2909 2978 2980 3049
2980 2910 2979 3050
2981 2911 3051
2982 2912 2983 3052
2983 2913 2982 2984 3053
2984 2914 2983 3054
2985 2915 2986
2986 2916 2985 2987 3056
2987 2917 2986 2988 3057
2988 2918 2987 2989
2989 2988 2990 3059
2990 2920 2989 2991 3060
2991 2990 2992 3061
2992 2922 2991 2993 3062
2993 2923 2992 2994 3063
2994 2924 2993 2995 3064
2995 2925 2994 2996 3065
2996 2926 2995 2997 3066
2997 2927 2996 2998 3067
2998 2928 2997 2999 3068
2999 2929 2998 3000 3069
3000 2930 2999 3001 3070
3001 2931 3000 3002 3071
3002 2932 3001 3003 3072
3003 2933 3002 3004 3073
3004 2934 3003 3005 3074
3005 2935 3004 3006 3075
3006 2936 3005 3007 3076
3007 3006 3008 3077
3008 2938 3007 3009 3078
3009 2939 3008 3079
3010 2940 3011 3080
3011 2941 3010 3012 3081
3012 2942 3011 3013 3082
3013 2943 3012 3083
3014 2944 3015 3084
3015 2945 3014 3016 3085
3016 2946 3015 3017
3017 2947 3016 3018 3087
3018 2948 3017 3019 3088
3019 2949 3018 3020
3020 2950 3019 3090
3021 2951 3022 3091
3022 2952 3021 3023 3092
3023 2953 3022 3024 3093
3024 2954 3023 3094
3025 2955 3026 3095
3026 2956 3025 3027 3096
3027 2957 3026 3028 3097
3028 2958 3027 3029 3098
3029 2959 3028 3030 3099
3030 2960 3029 3031 3100
3031 2961 3030 3032 3101
3032 2962 3031 3033 3102
3033 2963 3032 3034 3103
3034 2964 3033 3035 3104
3035 2965 3034 3105
3036 2966 3037 3106
3037 2967 3036 3038 3107
3038 2968 3037 3039 3108
3039 2969 3038 3040 3109
3040 2970 3039
3041 2971 3042 3111
3042 2972 3041 3043
3043 3042 3044
3044 2974 3043 3045 3114
3045 2975 3044 3046 3115
3046 2976 3045 3047 3116
3047 3046 3048 3117
3048 2978 3047 3049 3118
3049 2979 3048 3050
3050 2980 3049 3051 3120
3051 2981 3050 3121
3052 2982 3053 3122
3053 2983 3052 3123
3054 2984 3055 3124
3055 3054 3056 3125
3056 2986 3055 3057 3126
3057 2987 3056 3058
3058 3057 3059 3128
3059 2989 3058 3060 3129
3060 2990 3059 3061 3130
3061 2991 3060 3062 3131
3062 2992 3061 3063 3132
3063 2993 3062 3064 3133
3064 2994 3063 3065
3065 2995 3064 3066 3135
3066 2996 3065 3067
3067 2997 3066 3068 3137
3068 2998 3067 3069 3138
3069 2999 3068 3070 3139
3070 3000 3069 3071 3140
3071 3001 3070 3141
3072 3002 3073 3142
3073 3003 3072 3143
3074 3004 3075
3075 3005 3074 3076
3076 3006 3075 3077 3146
3077 3007 3076 3078 3147
3078 3008 3077 3079 3148
3079 3009 3078 3149
3080 3010 3081 3150
3081 3011 3080 3082 3151
3082 3012 3081 3083 3152
3083 3013 3082 3084 3153
3084 3014 3083 3085
3085 3015 3084 3086 3155
3086 3085 3087 3156
3087 3017 3086 3088
3088 3018 3087 3089 3158
3089 3088 3090 3159
3090 3020 3089 3091 3160
3091 3021 3090 3092 3161
3092 3022 3091 3162
3093 3023 3094 3163
3094 3024 3093 3095 3164
3095 3025 3094 3096 3165
3096 3026 3095 3097 3166
3097 3027 3096 3098 3167
3098 3028 3097 3099 3168
3099 3029 3098 3100 3169
3100 3030 3099 3101
3101 3031 3100 3102 3171
3102 3032 3101 3103 3172
3103 3033 3102 3104 3173
3104 3034 3103 3105 3174
3105 3035 3104 3106 3175
3106 3036 3105 3107 3176
3107 3037 3106 3108 3177
3108 3038 3107 3109 3178
3109 3039 3108 3179
3110 3111 3180
3111 3041 3110 3112 3181
3112 3111 3113 3182
3113 3112 3114 3183
3114 3044 3113 3115 3184
3115 3045 3114 3116 3185
3116 3046 3115 3117 3186
3117 3047 3116 3118 3187
3118 3048 3117 3119 3188
3119 3118 3120 3189
3120 3050 3119 3121 3190
3121 3051 3120 3191
3122 3052 3123
3123 3053 3122 3124 3193
3124 3054 3123 3125 3194
3125 3055 3124 3195
3126 3056 3127 3196
3127 3126 3128 3197
3128 3058 3127 3129 3198
3129 3059 3128 3130 3199
3130 3060 3129 3131 3200
3131 3061 3130 3132 3201
3132 3062 3131 3202
3133 3063 3134 3203
3134 3133 3135 3204
3135 3065 3134 3136
3136 3135 3137 3206
3137 3067 3136 3138 3207
3138 3068 3137 3139 3208
3139 3069 3138 3140 3209
3140 3070 3139 3141 3210
3141 3071 3140 3142 3211
3142 3072 3141 3143 3212
3143 3073 3142 3144 3213
3144 3143 3145 3214
3145 3144 3146 3215
3146 3076 3145 3147 3216
3147 3077 3146 3148 3217
3148 3078 3147 3149 3218
3149 3079 3148 3219
3150 3080 3151 3220
3151 3081 3150 3221
3152 3082 3153 3222
3153 3083 3152 3154 3223
3154 3153
3155 3085 3156 3225
3156 3086 3155 3157 3226
3157 3156 3158
3158 3088 3157 3159
3159 3089 3158 3229
3160 3090 3161 3230
3161 3091 3160 3162 3231
3162 3092 3161 3163 3232
3163 3093 3162 3164 3233
3164 3094 3163 3165 3234
3165 3095 3164 3166
3166 3096 3165 3167 3236
3167 3097 3166 3168 3237
3168 3098 3167 3238
3169 3099 3239
3170 3171 3240
3171 3101 3170 3172 3241
3172 3102 3171 3173 3242
3173 3103 3172 3174 3243
3174 3104 3173 3175 3244
3175 3105 3174 3176 3245
3176 3106 3175 3177 3246
3177 3107 3176 3178 3247
3178 3108 3177 3248
3179 3109 3180 3249
3180 3110 3179 3181 3250
3181 3111 3180 3182
3182 3112 3181 3183 3252
3183 3113 3182 3184 3253
3184 3114 3183 3185
3185 3115 3184 3186 3255
3186 3116 3185 3187 3256
3187 3117 3186 3188 3257
3188 3118 3187 3189 3258
3189 3119 3188 3190 3259
3190 3120 3189 3191 3260
3191 3121 3190 3192 3261
3192 3191 3193 3262
3193 3123 3192 3194 3263
3194 3124 3193 3195 3264
3195 3125 3194 3196
3196 3126 3195 3197 3266
3197 3127 3196 3198 3267
3198 3128 3197 3268
3199 3129 3200 3269
3200 3130 3199 3201 3270
3201 3131 3200 3202 3271
3202 3132 3201 3203 3272
3203 3133 3202 3204 3273
3204 3134 3203 3205 3274
3205 3204 3206 3275
3206 3136 3205 3207 3276
3207 3137 3206 3208 3277
3208 3138 3207 3209
3209 3139 3208 3210 3279
3210 3140 3209 3211 3280
3211 3141 3210 3212 3281
3212 3142 3211 3213 3282
3213 3143 3212 3214 3283
3214 3144 3213 3215 3284
3215 3145 3214 3216
3216 3146 3215 3217
3217 3147 3216 3218
3218 3148 3217 3219 3288
3219 3149 3218 3289
3220 3150 3221 3290
3221 3151 3220 3222 3291
3222 3152 3221 3223 3292
3223 3153 3222 3224 3293
3224 3223 3225 3294
3225 3155 3224 3226 3295
3226 3156 3225 3227 3296
3227 3226 3228 3297
3228 3227 3229 3298
3229 3159 3228 3299
3230 3160 3231 3300
3231 3161 3230 3232 3301
3232 3162 3231 3233 3302
3233 3163 3232 3234 3303
3234 3164 3233 3235 3304
3235 3234 3236 3305
3236 3166 3235 3237 3306
3237 3167 3236 3238 3307
3238 3168 3237 3239 3308
3239 3169 3238 3240 3309
3240 3170 3239 3241 3310
3241 3171 3240
3242 3172 3312
3243 3173 3313
3244 3174 3314
3245 3175 3246 3315
3246 3176 3245 3247 3316
3247 3177 3246 3248 3317
3248 3178 3247 3249 3318
3249 3179 3248 3250 3319
3250 3180 3249 3251 3320
3251 3250 3252 3321
3252 3182 3251 3253
3253 3183 3252 3254 3323
3254 3253 3255 3324
3255 3185 3254 3256 3325
3256 3186 3255 3257 3326
3257 3187 3256 3258 3327
3258 3188 3257 3259 3328
3259 3189 3258 3260 3329
3260 3190 3259 3261 3330
3261 3191 3260 3262 3331
3262 3192 3261 3332
3263 3193
3264 3194 3265 3334
3265 3264 3266 3335
3266 3196 3265 3267 3336
3267 3197 3266 3337
3268 3198 3269 3338
3269 3199 3268 3270 3339
3270 3200 3269 3271 3340
3271 3201 3270 3272 3341
3272 3202 3271 3273 3342
3273 3203 3272 3343
3274 3204 3275 3344
3275 3205 3274 3276 3345
3276 3206 3275 3277 3346
3277 3207 3276 3278 3347
3278 3277 3279 3348
3279 3209 3278 3280 3349
3280 3210 3279 3281 3350
3281 3211 3280 3282 3351
3282 3212 3281 3283 3352
3283 3213 3282 3284 3353
3284 3214 3283 3285 3354
3285 3284 3286 3355
3286 3285 3287 3356
3287 3286 3288 3357
3288 3218 3287 3358
3289 3219 3359
3290 3220 3291 3360
3291 3221 3290 3292 3361
3292 3222 3291 3293 3362
3293 3223 3292 3294
3294 3224 3293 3295 3364
3295 3225 3294 3296 3365
3296 3226 3295 3297 3366
3297 3227 3296 3298 3367
3298 3228 3297 3299 3368
3299 3229 3298 3300 3369
3300 3230 3299 3301 3370
3301 3231 3300 3302 3371
3302 3232 3301 3372
3303 3233 3304 3373
3304 3234 3303 3305 3374
3305 3235 3304 3306
3306 3236 3305 3307 3376
3307 3237 3306 3308 3377
3308 3238 3307 3309 3378
3309 3239 3308 3310 3379
3310 3240 3309 3311 3380
3311 3310 3312 3381
3312 3242 3311 3313 3382
3313 3243 3312 3314 3383
3314 3244 3313 3315 3384
3315 3245 3314 3385
3316 3246 3317 3386
3317 3247 3316 3387
3318 3248 3319 3388
3319 3249 3318 3320 3389
3320 3250 3319 3321 3390
3321 3251 3320 3322 3391
3322 3321 3323
3323 3253 3322 3324 3393
3324 3254 3323 3325 3394
3325 3255 3324 3395
3326 3256 3327 3396
3327 3257 3326 3328 3397
3328 3258 3327 3329 3398
3329 3259 3328 3330 3399
3330 3260 3329 3331 3400
3331 3261 3330 3332 3401
3332 3262 3331 3402
3333 3334 3403
3334 3264 3333 3335 3404
3335 3265 3334 3336 3405
3336 3266 3335 3337 3406
3337 3267 3336 3338
3338 3268 3337 3339 3408
3339 3269 3338 3340 3409
3340 3270 3339 3410
3341 3271 3411
3342 3272 3343 3412
3343 3273 3342 3344 3413
3344 3274 3343 3345 3414
3345 3275 3344 3346 3415
3346 3276 3345 3347 3416
3347 3277 3346 3348 3417
3348 3278 3347 3349 3418
3349 3279 3348 3350 3419
3350 3280 3349 3351 3420
3351 3281 3350
3352 3282 3353 3422
3353 3283 3352 3354 3423
3354 3284 3353 3355
3355 3285 3354 3356
3356 3286 3355 3357 3426
3357 3287 3356 3358 3427
3358 3288 3357 3359 3428
3359 3289 3358 3429
3360 3290 3361 3430
3361 3291 3360 3362 3431
3362 3292 3361 3363 3432
3363 3362 3364 3433
3364 3294 3363 3365 3434
3365 3295 3364 3366 3435
3366 3296 3365 3367 3436
3367 3297 3366 3437
3368 3298 3369 3438
3369 3299 3368 3370 3439
3370 3300 3369 3371 3440
3371 3301 3370 3372 3441
3372 3302 3371 3373
3373 3303 3372 3374 3443
3374 3304 3373 3375 3444
3375 3374 3376 3445
3376 3306 3375 3377 3446
3377 3307 3376 3378 3447
3378 3308 3377 3379 3448
3379 3309 3378 3380 3449
3380 3310 3379 3381 3450
3381 3311 3380 3382 3451
3382 3312 3381 3383 3452
3383 3313 3382 3453
3384 3314 3385 3454
3385 3315 3384 3455
3386 3316 3387 3456
3387 3317 3386 3388 3457
3388 3318 3387 3458
3389 3319 3390 3459
3390 3320 3389 3460
3391 3321 3392 3461
3392 3391 3393 3462
3393 3323 3392 3394 3463
3394 3324 3393 3395 3464
3395 3325 3394 3465
3396 3326 3397 3466
3397 3327 3396 3398
3398 3328 3397 3399
3399 3329 3398 3400 3469
3400 3330 3399 3401 3470
3401 3331 3400 3402 3471
3402 3332 3401 3403 3472
3403 3333 3402 3473
3404 3334 3405
3405 3335 3404 3406 3475
3406 3336 3405 3407 3476
3407 3406 3408 3477
3408 3338 3407 3409 3478
3409 3339 3408 3410 3479
3410 3340 3409 3411
3411 3341 3410 3412 3481
3412 3342 3411 3413 3482
3413 3343 3412 3414 3483
3414 3344 3413 3415 3484
3415 3345 3414 3416 3485
3416 3346 3415 3486
3417 3347 3487
3418 3348 3419 3488
3419 3349 3418 3420 3489
3420 3350 3419 3490
3421 3422 3491
3422 3352 3421 3423 3492
3423 3353 3422 3424 3493
3424 3423 3494
3425 3426 3495
3426 3356 3425 3496
3427 3357 3428 3497
3428 3358 3427 3429 3498
3429 3359 3428 3499
3430 3360 3431 3500
3431 3361 3430 3432 3501
3432 3362 3431 3502
3433 3363 3434 3503
3434 3364 3433 3435 3504
3435 3365 3434 3436 3505
3436 3366 3435 3437
3437 3367 3436 3438
3438 3368 3437 3508
3439 3369 3440 3509
3440 3370 3439 3441 3510
3441 3371 3440 3442
3442 3441 3443 3512
3443 3373 3442 3444 3513
3444 3374 3443 3445 3514
3445 3375 3444 3446 3515
3446 3376 3445 3447 3516
3447 3377 3446 3448
3448 3378 3447 3449 3518
3449 3379 3448 3450 3519
3450 3380 3449 3451 3520
3451 3381 3450 3452 3521
3452 3382 3451 3453 3522
3453 3383 3452 3454 3523
3454 3384 3453 3455 3524
3455 3385 3454 3456 3525
3456 3386 3455 3457 3526
3457 3387 3456 3458 3527
3458 3388 3457 3459 3528
3459 3389 3458 3529
3460 3390 3530
3461 3391 3462 3531
3462 3392 3461 3463 3532
3463 3393 3462 3464 3533
3464 3394 3463 3465 3534
3465 3395 3464 3466 3535
3466 3396 3465 3467 3536
3467 3466 3468 3537
3468 3467 3469 3538
3469 3399 3468 3470 3539
3470 3400 3469 3471 3540
3471 3401 3470 3472 3541
3472 3402 3471 3473
3473 3403 3472 3474 3543
3474 3473 3475
3475 3405 3474 3476 3545
3476 3406 3475 3477 3546
3477 3407 3476 3478 3547
3478 3408 3477 3548
3479 3409 3480 3549
3480 3479 3481 3550
3481 3411 3480 3482 3551
3482 3412 3481 3483 3552
3483 3413 3482 3484 3553
3484 3414 3483 3485 3554
3485 3415 3484 3486 3555
3486 3416 3485 3487 3556
3487 3417 3486 3488
3488 3418 3487 3489 3558
3489 3419 3488 3559
3490 3420 3491 3560
3491 3421 3490 3492
3492 3422 3491 3493 3562
3493 3423 3492 3494 3563
3494 3424 3493 3495 3564
3495 3425 3494 3496 3565
3496 3426 3495 3497 3566
3497 3427 3496
3498 3428 3499
3499 3429 3498
3500 3430 3501 3570
3501 3431 3500 3502 3571
3502 3432 3501 3503 3572
3503 3433 3502 3504
3504 3434 3503 3505 3574
3505 3435 3504 3506 3575
3506 3505 3507 3576
3507 3506 3577
3508 3438 3509 3578
3509 3439 3508 3510 3579
3510 3440 3509 3511 3580
3511 3510 3512 3581
3512 3442 3511 3513 3582
3513 3443 3512 3583
3514 3444 3515 3584
3515 3445 3514 3516 3585
3516 3446 3515 3517 3586
3517 3516 3518 3587
3518 3448 3517 3519 3588
3519 3449 3518 3520
3520 3450 3519 3521 3590
3521 3451 3520 3522 3591
3522 3452 3521 3523 3592
3523 3453 3522 3524 3593
3524 3454 3523 3525 3594
3525 3455 3524 3526 3595
3526 3456 3525 3527 3596
3527 3457 3526 3528 3597
3528 3458 3527 3529 3598
3529 3459 3528 3530 3599
3530 3460 3529 3531 3600
3531 3461 3530 3532 3601
3532 3462 3531 3533
3533 3463 3532 3534 3603
3534 3464 3533 3535 3604
3535 3465 3534 3536 3605
3536 3466 3535 3537 3606
3537 3467 3536 3538 3607
3538 3468 3537 3539 3608
3539 3469 3538 3540 3609
3540 3470 3539 3541 3610
3541 3471 3540 3542 3611
3542 3541 3543 3612
3543 3473 3542 3613
3544 3545
3545 3475 3544 3546
3546 3476 3545 3547 3616
3547 3477 3546 3617
3548 3478 3549 3618
3549 3479 3548 3550 3619
3550 3480 3549 3551 3620
3551 3481 3550 3552 3621
3552 3482 3551 3553 3622
3553 3483 3552 3554 3623
3554 3484 3553 3555
3555 3485 3554 3556 3625
3556 3486 3555 3557 3626
3557 3556 3558 3627
3558 3488 3557 3559 3628
3559 3489 3558 3560 3629
3560 3490 3559 3561 3630
3561 3560 3562 3631
3562 3492 3561 3563 3632
3563 3493 3562 3564 3633
3564 3494 3563 3565 3634
3565 3495 3564 3566 3635
3566 3496 3565 3636
3567 3568 3637
3568 3567 3569 3638
3569 3568 3639
3570 3500 3571 3640
3571 3501 3570 3572 3641
3572 3502 3571 3573 3642
3573 3572 3574 3643
3574 3504 3573 3575 3644
3575 3505 3574 3576 3645
3576 3506 3575 3577 3646
3577 3507 3576 3578 3647
3578 3508 3577 3579 3648
3579 3509 3578 3580 3649
3580 3510 3579 3581
3581 3511 3580 3582 3651
3582 3512 3581 3583 3652
3583 3513 3582 3584 3653
3584 3514 3583 3585 3654
3585 3515 3584 3586 3655
3586 3516 3585 3587 3656
3587 3517 3586 3588 3657
3588 3518 3587 3658
3589 3590 3659
3590 3520 3589 3591 3660
3591 3521 3590 3592 3661
3592 3522 3591 3662
3593 3523 3594 3663
3594 3524 3593 3595 3664
3595 3525 3594 3596 3665
3596 3526 3595 3597 3666
3597 3527 3596 3598 3667
3598 3528 3597 3599 3668
3599 3529 3598 3600 3669
3600 3530 3599 3601 3670
3601 3531 3600
3602 3603 3672
3603 3533 3602 3604 3673
3604 3534 3603 3605 3674
3605 3535 3604 3606 3675
3606 3536 3605 3607 3676
3607 3537 3606 3608 3677
3608 3538 3607 3678
3609 3539 3610 3679
3610 3540 3609 3611 3680
3611 3541 3610 3612 3681
3612 3542 3611 3613 3682
3613 3543 3612 3614 3683
3614 3613 3615 3684
3615 3614 3616 3685
3616 3546 3615 3617 3686
3617 3547 3616 3618 3687
3618 3548 3617 3619
3619 3549 3618 3620 3689
3620 3550 3619 3621 3690
3621 3551 3620 3622 3691
3622 3552 3621 3623
3623 3553 3622 3624 3693
3624 3623 3625 3694
3625 3555 3624 3626 3695
3626 3556 3625 3627 3696
3627 3557 3626 3697
3628 3558 3629 3698
3629 3559 3628 3630 3699
3630 3560 3629 3631 3700
3631 3561 3630 3701
3632 3562 3633 3702
3633 3563 3632 3634 3703
3634 3564 3633 3635
3635 3565 3634 3636 3705
3636 3566 3635 3637 3706
3637 3567 3636 3638 3707
3638 3568 3637 3639 3708
3639 3569 3638 3709
3640 3570 3641 3710
3641 3571 3640 3642 3711
3642 3572 3641 3643 3712
3643 3573 3642 3644
3644 3574 3643 3645 3714
3645 3575 3644 3646 3715
3646 3576 3645 3647 3716
3647 3577 3646
3648 3578 3649 3718
3649 3579 3648 3650
3650 3649 3651 3720
3651 3581 3650 3652 3721
3652 3582 3651 3653 3722
3653 3583 3652 3654 3723
3654 3584 3653 3655 3724
3655 3585 3654 3656
3656 3586 3655 3657 3726
3657 3587 3656 3658 3727
3658 3588 3657 3659 3728
3659 3589 3658 3660 3729
3660 3590 3659 3661
3661 3591 3660 3662 3731
3662 3592 3661 3732
3663 3593 3664 3733
3664 3594 3663 3665
3665 3595 3664 3666 3735
3666 3596 3665 3667 3736
3667 3597 3666 3668 3737
3668 3598 3667 3669 3738
3669 3599 3668 3670 3739
3670 3600 3669 3671 3740
3671 3670 3672 3741
3672 3602 3671 3673 3742
3673 3603 3672 3674 3743
3674 3604 3673 3675 3744
3675 3605 3674 3676 3745
3676 3606 3675 3677 3746
3677 3607 3676 3678 3747
3678 3608 3677 3679 3748
3679 3609 3678 3680
3680 3610 3679 3681 3750
3681 3611 3680 3682 3751
3682 3612 3681 3683 3752
3683 3613 3682 3684 3753
3684 3614 3683 3685 3754
3685 3615 3684 3686 3755
3686 3616 3685 3687 3756
3687 3617 3686 3688
3688 3687 3689
3689 3619 3688 3690 3759
3690 3620 3689 3691 3760
3691 3621 3690 3692 3761
3692 3691 3693 3762
3693 3623 3692 3694 3763
3694 3624 3693 3695 3764
3695 3625 3694 3696 3765
3696 3626 3695 3766
3697 3627 3698 3767
3698 3628 3697 3699 3768
3699 3629 3698 3700 3769
3700 3630 3699 3701 3770
3701 3631 3700 3702 3771
3702 3632 3701 3772
3703 3633 3773
3704 3705 3774
3705 3635 3704 3706 3775
3706 3636 3705 3707 3776
3707 3637 3706 3708
3708 3638 3707 3709 3778
3709 3639 3708 3779
3710 3640 3711 3780
3711 3641 3710 3712
3712 3642 3711 3713 3782
3713 3712 3714 3783
3714 3644 3713 3784
3715 3645 3716 3785
3716 3646 3715 3717 3786
3717 3716 3718 3787
3718 3648 3717 3719 3788
3719 3718 3720 3789
3720 3650 3719 3721 3790
3721 3651 3720 3722 3791
3722 3652 3721 3723 3792
3723 3653 3722 3724 3793
3724 3654 3723 3725 3794
3725 3724 3726
3726 3656 3725 3727
3727 3657 3726 3728 3797
3728 3658 3727 3729 3798
3729 3659 3728 3730 3799
3730 3729 3731 3800
3731 3661 3730 3732 3801
3732 3662 3731 3733 3802
3733 3663 3732 3734
3734 3733 3735 3804
3735 3665 3734 3736 3805
3736 3666 3735 3737
3737 3667 3736 3738 3807
3738 3668 3737 3739 3808
3739 3669 3738 3740 3809
3740 3670 3739 3810
3741 3671 3742 3811
3742 3672 3741 3743 3812
3743 3673 3742 3813
3744 3674 3745 3814
3745 3675 3744 3746
3746 3676 3745 3747 3816
3747 3677 3746 3748 3817
3748 3678 3747 3749 3818
3749 3748 3750 3819
3750 3680 3749 3820
3751 3681 3752 3821
3752 3682 3751 3753 3822
3753 3683 3752 3754 3823
3754 3684 3753 3755 3824
3755 3685 3754 3756 3825
3756 3686 3755 3757 3826
3757 3756 3758 3827
3758 3757 3759 3828
3759 3689 3758 3760 3829
3760 3690 3759 3761 3830
3761 3691 3760 3762 3831
3762 3692 3761 3763 3832
3763 3693 3762 3764
3764 3694 3763 3765 3834
3765 3695 3764 3766
3766 3696 3765 3767 3836
3767 3697 3766 3768 3837
3768 3698 3767 3769 3838
3769 3699 3768 3770
3770 3700 3769 3840
3771 3701 3772 3841
3772 3702 3771 3773 3842
3773 3703 3772
3774 3704 3775 3844
3775 3705 3774 3776 3845
3776 3706 3775 3777 3846
3777 3776 3778 3847
3778 3708 3777 3779 3848
3779 3709 3778 3849
3780 3710 3781 3850
3781 3780 3782 3851
3782 3712 3781 3783 3852
3783 3713 3782 3784 3853
3784 3714 3783 3785 3854
3785 3715 3784 3786 3855
3786 3716 3785 3787 3856
3787 3717 3786 3788 3857
3788 3718 3787 3789 3858
3789 3719 3788 3790 3859
3790 3720 3789 3791
3791 3721 3790 3792 3861
3792 3722 3791 3793 3862
3793 3723 3792 3794 3863
3794 3724 3793 3795 3864
3795 3794 3796 3865
3796 3795 3797 3866
3797 3727 3796 3798 3867
3798 3728 3797 3799 3868
3799 3729 3798 3800 3869
3800 3730 3799 3801 3870
3801 3731 3800 3802 3871
3802 3732 3801 3803 3872
3803 3802 3804 3873
3804 3734 3803 3805 3874
3805 3735 3804 3806 3875
3806 3805 3876
3807 3737 3808 3877
3808 3738 3807 3878
3809 3739 3879
3810 3740 3811 3880
3811 3741 3810 3812 3881
3812 3742 3811 3882
3813 3743 3814 3883
3814 3744 3813 3815 3884
3815 3814 3816 3885
3816 3746 3815 3817 3886
3817 3747 3816 3818 3887
3818 3748 3817 3819
3819 3749 3818 3820 3889
3820 3750 3819 3821
3821 3751 3820 3822
3822 3752 3821 3823 3892
3823 3753 3822 3824 3893
3824 3754 3823 3825
3825 3755 3824 3826 3895
3826 3756 3825 3896
3827 3757 3828 3897
3828 3758 3827 3829 3898
3829 3759 3828 3899
3830 3760 3831
3831 3761 3830 3832 3901
3832 3762 3831 3833 3902
3833 3832 3834 3903
3834 3764 3833 3835 3904
3835 3834 3836 3905
3836 3766 3835 3837 3906
3837 3767 3836 3838 3907
3838 3768 3837 3839 3908
3839 3838 3909
3840 3770 3841 3910
3841 3771 3840 3842 3911
3842 3772 3841 3843 3912
3843 3842 3844 3913
3844 3774 3843 3914
3845 3775 3846 3915
3846 3776 3845 3916
3847 3777 3848 3917
3848 3778 3847 3849 3918
3849 3779 3848
3850 3780 3851 3920
3851 3781 3850 3852 3921
3852 3782 3851 3853 3922
3853 3783 3852 3854 3923
3854 3784 3853 3855 3924
3855 3785 3854 3856 3925
3856 3786 3855 3857 3926
3857 3787 3856 3858 3927
3858 3788 3857 3859 3928
3859 3789 3858 3860 3929
3860 3859 3861 3930
3861 3791 3860 3862 3931
3862 3792 3861 3863 3932
3863 3793 3862 3864 3933
3864 3794 3863 3865 3934
3865 3795 3864 3866 3935
3866 3796 3865 3867 3936
3867 3797 3866 3868 3937
3868 3798 3867 3869 3938
3869 3799 3868 3870 3939
3870 3800 3869 3871 3940
3871 3801 3870 3872 3941
3872 3802 3871 3873 3942
3873 3803 3872 3874 3943
3874 3804 3873 3875 3944
3875 3805 3874 3945
3876 3806 3877 3946
3877 3807 3876 3878 3947
3878 3808 3877 3879 3948
3879 3809 3878 3880 3949
3880 3810 3879 3881 3950
3881 3811 3880 3882 3951
3882 3812 3881 3883 3952
3883 3813 3882 3884 3953
3884 3814 3883 3885 3954
3885 3815 3884 3886 3955
3886 3816 3885 3887
3887 3817 3886 3888 3957
3888 3887 3889 3958
3889 3819 3888 3890 3959
3890 3889 3891 3960
3891 3890 3892 3961
3892 3822 3891 3893
3893 3823 3892
3894 3895 3964
3895 3825 3894 3896 3965
3896 3826 3895 3897 3966
3897 3827 3896 3898 3967
3898 3828 3897 3899 3968
3899 3829 3898 3900 3969
3900 3899 3901
3901 3831 3900 3902 3971
3902 3832 3901 3903
3903 3833 3902 3904 3973
3904 3834 3903 3905 3974
3905 3835 3904 3975
3906 3836 3907 3976
3907 3837 3906 3908 3977
3908 3838 3907 3909
3909 3839 3908 3910 3979
3910 3840 3909 3911 3980
3911 3841 3910 3912 3981
3912 3842 3911 3913 3982
3913 3843 3912 3914 3983
3914 3844 3913 3915 3984
3915 3845 3914 3916 3985
3916 3846 3915 3917 3986
3917 3847 3916 3918 3987
3918 3848 3917 3919 3988
3919 3918 3989
3920 3850 3921 3990
3921 3851 3920 3922 3991
3922 3852 3921 3923 3992
3923 3853 3922 3924 3993
3924 3854 3923 3925 3994
3925 3855 3924 3926 3995
3926 3856 3925 3927 3996
3927 3857 3926 3997
3928 3858 3929 3998
3929 3859 3928 3930 3999
3930 3860 3929 3931 4000
3931 3861 3930 4001
3932 3862 3933 4002
3933 3863 3932 3934
3934 3864 3933 3935 4004
3935 3865 3934 3936 4005
3936 3866 3935 3937 4006
3937 3867 3936 3938 4007
3938 3868 3937 3939 4008
3939 3869 3938 3940
3940 3870 3939 4010
3941 3871 3942
3942 3872 3941 3943 4012
3943 3873 3942 3944 4013
3944 3874 3943 3945 4014
3945 3875 3944 3946 4015
3946 3876 3945 3947 4016
3947 3877 3946 3948 4017
3948 3878 3947 3949 4018
3949 3879 3948 3950 4019
3950 3880 3949 3951 4020
3951 3881 3950 3952 4021
3952 3882 3951 3953
3953 3883 3952 3954 4023
3954 3884 3953 3955 4024
3955 3885 3954 3956 4025
3956 3955 3957 4026
3957 3887 3956 3958 4027
3958 3888 3957 3959 4028
3959 3889 3958 4029
3960 3890 3961 4030
3961 3891 3960 4031
3962 3963 4032
3963 3962 3964 4033
3964 3894 3963 3965 4034
3965 3895 3964 3966 4035
3966 3896 3965 3967 4036
3967 3897 3966 3968 4037
3968 3898 3967 4038
3969 3899 3970 4039
3970 3969 3971 4040
3971 3901 3970 3972 4041
3972 3971 4042
3973 3903 4043
3974 3904 3975 4044
3975 3905 3974 3976 4045
3976 3906 3975 4046
3977 3907 3978 4047
3978 3977 3979 4048
3979 3909 3978 3980
3980 3910 3979 3981 4050
3981 3911 3980 3982 4051
3982 3912 3981 3983
3983 3913 3982 3984 4053
3984 3914 3983 3985 4054
3985 3915 3984 3986 4055
3986 3916 3985 3987 4056
3987 3917 3986 3988 4057
3988 3918 3987 3989
3989 3919 3988 4059
3990 3920 3991 4060
3991 3921 3990 3992 4061
3992 3922 3991 4062
3993 3923 4063
3994 3924 3995 4064
3995 3925 3994 3996 4065
3996 3926 3995 3997 4066
3997 3927 3996 3998 4067
3998 3928 3997 3999
3999 3929 3998 4000 4069
4000 3930 3999 4001 4070
4001 3931 4000 4002 4071
4002 3932 4001 4003 4072
4003 4002 4004 4073
4004 3934 4003 4005 4074
4005 3935 4004 4075
4006 3936 4007
4007 3937 4006 4008 4077
4008 3938 4007 4009
4009 4008 4010 4079
4010 3940 4009 4011 4080
4011 4010 4081
4012 3942 4013 4082
4013 3943 4012 4014 4083
4014 3944 4013 4015 4084
4015 3945 4014 4016 4085
4016 3946 4015 4017 4086
4017 3947 4016 4018 4087
4018 3948 4017 4088
4019 3949 4020 4089
4020 3950 4019 4090
4021 3951 4022 4091
4022 4021 4023 4092
4023 3953 4022 4093
4024 3954 4025 4094
4025 3955 4024 4026 4095
4026 3956 4025 4027 4096
4027 3957 4026 4028 4097
4028 3958 4027 4029 4098
4029 3959 4028 4030
4030 3960 4029 4031 4100
4031 3961 4030 4032 4101
4032 3962 4031 4033
4033 3963 4032 4034 4103
4034 3964 4033 4035 4104
4035 3965 4034 4036 4105
4036 3966 4035 4037 4106
4037 3967 4036 4038 4107
4038 3968 4037 4108
4039 3969 4040 4109
4040 3970 4039 4041 4110
4041 3971 4040 4042 4111
4042 3972 4041 4043 4112
4043 3973 4042 4044 4113
4044 3974 4043 4045 4114
4045 3975 4044 4046 4115
4046 3976 4045 4047 4116
4047 3977 4046 4048 4117
4048 3978 4047 4049
4049 4048 4050 4119
4050 3980 4049 4051 4120
4051 3981 4050 4052
4052 4051 4053 4122
4053 3983 4052 4054 4123
4054 3984 4053 4055 4124
4055 3985 4054 4125
4056 3986 4057 4126
4057 3987 4056 4058 4127
4058 4057 4059 4128
4059 3989 4058 4129
4060 3990 4061
4061 3991 4060 4062 4131
4062 3992 4061 4063 4132
4063 3993 4062 4064 4133
4064 3994 4063 4134
4065 3995
4066 3996 4136
4067 3997 4068 4137
4068 4067 4138
4069 3999 4070 4139
4070 4000 4069 4071 4140
4071 4001 4070 4072 4141
4072 4002 4071 4073
4073 4003 4072 4074 4143
4074 4004 4073 4075 4144
4075 4005 4074 4076 4145
4076 4075 4077 4146
4077 4007 4076 4078 4147
4078 4077 4079
4079 4009 4078 4080
4080 4010 4079 4150
4081 4011 4082 4151
4082 4012 4081 4083 4152
4083 4013 4082 4084 4153
4084 4014 4083 4085 4154
4085 4015 4084 4086 4155
4086 4016 4085 4087 4156
4087 4017 4086 4157
4088 4018 4089 4158
4089 4019 4088 4090 4159
4090 4020 4089 4091 4160
4091 4021 4090 4092 4161
4092 4022 4091 4093 4162
4093 4023 4092 4094 4163
4094 4024 4093 4095
4095 4025 4094 4096 4165
4096 4026 4095 4097 4166
4097 4027 4096 4098 4167
4098 4028 4097 4099 4168
4099 4098 4100 4169
4100 4030 4099 4101 4170
4101 4031 4100 4171
4102 4103 4172
4103 4033 4102 4104 4173
4104 4034 4103 4105 4174
4105 4035 4104 4106 4175
4106 4036 4105 4107 4176
4107 4037 4106 4108 4177
4108 4038 4107 4109 4178
4109 4039 4108 4110 4179
4110 4040 4109 4111
4111 4041 4110 4112 4181
4112 4042 4111 4113 4182
4113 4043 4112 4114 4183
4114 4044 4113 4115 4184
4115 4045 4114 4116 4185
4116 4046 4115 4117
4117 4047 4116 4118 4187
4118 4117 4119 4188
4119 4049 4118 4120 4189
4120 4050 4119 4121 4190
4121 4120 4122 4191
4122 4052 4121 4123 4192
4123 4053 4122 4124 4193
4124 4054 4123 4125 4194
4125 4055 4124 4126 4195
4126 4056 4125 4127 4196
4127 4057 4126 4128
4128 4058 4127 4129
4129 4059 4128 4199
4130 4131 4200
4131 4061 4130 4132 4201
4132 4062 4131 4133 4202
4133 4063 4132 4134 4203
4134 4064 4133 4135 4204
4135 4134 4136 4205
4136 4066 4135 4137
4137 4067 4136 4138 4207
4138 4068 4137 4139 4208
4139 4069 4138 4140 4209
4140 4070 4139 4141 4210
4141 4071 4140 4211
4142 4143 4212
4143 4073 4142 4144 4213
4144 4074 4143 4145 4214
4145 4075 4144 4146 4215
4146 4076 4145 4147 4216
4147 4077 4146 4148 4217
4148 4147 4149
4149 4148 4219
4150 4080 4151 4220
4151 4081 4150 4152
4152 4082 4151 4153 4222
4153 4083 4152 4154 4223
4154 4084 4153 4155 4224
4155 4085 4154 4225
4156 4086 4157 4226
4157 4087 4156 4158 4227
4158 4088 4157 4228
4159 4089 4160 4229
4160 4090 4159 4161 4230
4161 4091 4160 4162
4162 4092 4161 4163 4232
4163 4093 4162 4164 4233
4164 4163 4165 4234
4165 4095 4164 4166
4166 4096 4165 4167 4236
4167 4097 4166 4168 4237
4168 4098 4167 4169 4238
4169 4099 4168 4170 4239
4170 4100 4169 4240
4171 4101 4172 4241
4172 4102 4171 4242
4173 4103 4174 4243
4174 4104 4173 4175 4244
4175 4105 4174 4176 4245
4176 4106 4175 4177 4246
4177 4107 4176 4247
4178 4108 4179 4248
4179 4109 4178 4249
4180 4181 4250
4181 4111 4180 4251
4182 4112 4252
4183 4113 4184 4253
4184 4114 4183 4185 4254
4185 4115 4184 4186
4186 4185 4187 4256
4187 4117 4186 4188 4257
4188 4118 4187 4189 4258
4189 4119 4188 4190 4259
4190 4120 4189 4191 4260
4191 4121 4190 4192 4261
4192 4122 4191 4193 4262
4193 4123 4192 4194
4194 4124 4193 4195 4264
4195 4125 4194 4196
4196 4126 4195 4197 4266
4197 4196 4198 4267
4198 4197 4199 4268
4199 4129 4198 4269
4200 4130 4201 4270
4201 4131 4200 4202 4271
4202 4132 4201 4203 4272
4203 4133 4202 4204 4273
4204 4134 4203 4205 4274
4205 4135 4204 4206 4275
4206 4205 4207 4276
4207 4137 4206 4208 4277
4208 4138 4207 4209 4278
4209 4139 4208 4210 4279
4210 4140 4209 4211 4280
4211 4141 4210 4212 4281
4212 4142 4211 4213 4282
4213 4143 4212 4283
4214 4144 4215
4215 4145 4214 4216 4285
4216 4146 4215 4217 4286
4217 4147 4216 4218 4287
4218 4217 4219 4288
4219 4149 4218 4220 4289
4220 4150 4219 4221 4290
4221 4220 4291
4222 4152 4223 4292
4223 4153 4222 4224 4293
4224 4154 4223 4225
4225 4155 4224 4226 4295
4226 4156 4225 4227
4227 4157 4226 4228 4297
4228 4158 4227 4229 4298
4229 4159 4228 4230 4299
4230 4160 4229 4231 4300
4231 4230 4232 4301
4232 4162 4231 4302
4233 4163 4234 4303
4234 4164 4233 4304
4235 4236 4305
4236 4166 4235 4237 4306
4237 4167 4236 4238 4307
4238 4168 4237 4239 4308
4239 4169 4238 4240 4309
4240 4170 4239 4241 4310
4241 4171 4240 4242 4311
4242 4172 4241 4312
4243 4173 4244 4313
4244 4174 4243 4245 4314
4245 4175 4244 4246 4315
4246 4176 4245 4247 4316
4247 4177 4246 4317
4248 4178 4249
4249 4179 4248 4250 4319
4250 4180 4249 4251 4320
4251 4181 4250 4252 4321
4252 4182 4251 4253 4322
4253 4183 4252 4254
4254 4184 4253 4255 4324
4255 4254 4256 4325
4256 4186 4255 4257 4326
4257 4187 4256 4258 4327
4258 4188 4257 4259 4328
4259 4189 4258 4260 4329
4260 4190 4259 4261 4330
4261 4191 4260 4262
4262 4192 4261 4263 4332
4263 4262 4264 4333
4264 4194 4263 4265 4334
4265 4264 4266
4266 4196 4265 4267 4336
4267 4197 4266 4268 4337
4268 4198 4267 4338
4269 4199 4339
4270 4200 4340
4271 4201 4272 4341
4272 4202 4271 4273 4342
4273 4203 4272 4274 4343
4274 4204 4273 4275 4344
4275 4205 4274 4276 4345
4276 4206 4275 4277
4277 4207 4276 4278 4347
4278 4208 4277 4279 4348
4279 4209 4278 4280 4349
4280 4210 4279 4281 4350
4281 4211 4280 4282 4351
4282 4212 4281 4283 4352
4283 4213 4282 4353
4284 4285 4354
4285 4215 4284 4286 4355
4286 4216 4285 4287
4287 4217 4286 4288 4357
4288 4218 4287 4289
4289 4219 4288 4290 4359
4290 4220 4289 4291 4360
4291 4221 4290 4292 4361
4292 4222 4291 4293 4362
4293 4223 4292 4294 4363
4294 4293 4295 4364
4295 4225 4294 4296 4365
4296 4295 4297 4366
4297 4227 4296 4298 4367
4298 4228 4297 4299 4368
4299 4229 4298 4300
4300 4230 4299 4301
4301 4231 4300 4302
4302 4232 4301 4303 4372
4303 4233 4302 4304 4373
4304 4234 4303 4305 4374
4305 4235 4304 4306 4375
4306 4236 4305 4307 4376
4307 4237 4306 4308 4377
4308 4238 4307 4309 4378
4309 4239 4308 4310 4379
4310 4240 4309 4311 4380
4311 4241 4310 4312 4381
4312 4242 4311 4313 4382
4313 4243 4312 4314 4383
4314 4244 4313 4315
4315 4245 4314 4316 4385
4316 4246 4315 4317 4386
4317 4247 4316 4318
4318 4317 4319 4388
4319 4249 4318 4320 4389
4320 4250 4319 4321 4390
4321 4251 4320 4322 4391
4322 4252 4321 4323 4392
4323 4322 4324 4393
4324 4254 4323 4325 4394
4325 4255 4324 4326 4395
4326 4256 4325 4327 4396
4327 4257 4326 4328 4397
4328 4258 4327 4398
4329 4259
4330 4260 4331 4400
4331 4330 4332 4401
4332 4262 4331 4333 4402
4333 4263 4332 4403
4334 4264 4335 4404
4335 4334 4336 4405
4336 4266 4335 4337 4406
4337 4267 4336 4338 4407
4338 4268 4337 4339 4408
4339 4269 4338 4409
4340 4270 4410
4341 4271 4342 4411
4342 4272 4341 4343 4412
4343 4273 4342 4344 4413
4344 4274 4343 4345 4414
4345 4275 4344 4346 4415
4346 4345 4416
4347 4277 4348 4417
4348 4278 4347 4349 4418
4349 4279 4348 4350 4419
4350 4280 4349 4351 4420
4351 4281 4350 4352 4421
4352 4282 4351 4353 4422
4353 4283 4352 4423
4354 4284 4355 4424
4355 4285 4354 4356 4425
4356 4355 4357 4426
4357 4287 4356 4358 4427
4358 4357 4359 4428
4359 4289 4358 4360 4429
4360 4290 4359 4361 4430
4361 4291 4360 4362 4431
4362 4292 4361 4432
4363 4293 4364 4433
4364 4294 4363 4365 4434
4365 4295 4364 4366
4366 4296 4365 4367 4436
4367 4297 4366 4368 4437
4368 4298 4367 4369 4438
4369 4368 4370 4439
4370 4369 4371
4371 4370 4441
4372 4302 4442
4373 4303 4374 4443
4374 4304 4373 4375 4444
4375 4305 4374 4445
4376 4306 4377 4446
4377 4307 4376 4378 4447
4378 4308 4377 4379 4448
4379 4309 4378 4449
4380 4310 4381 4450
4381 4311 4380 4382 4451
4382 4312 4381 4383 4452
4383 4313 4382 4384 4453
4384 4383 4454
4385 4315 4386 4455
4386 4316 4385 4387 4456
4387 4386 4388 4457
4388 4318 4387 4389 4458
4389 4319 4388 4390 4459
4390 4320 4389 4391 4460
4391 4321 4390 4392 4461
4392 4322 4391 4393 4462
4393 4323 4392 4394 4463
4394 4324 4393 4395 4464
4395 4325 4394 4396
4396 4326 4395 4397 4466
4397 4327 4396 4398 4467
4398 4328 4397 4399 4468
4399 4398 4400 4469
4400 4330 4399 4401 4470
4401 4331 4400 4402 4471
4402 4332 4401 4403
4403 4333 4402 4404 4473
4404 4334 4403 4405 4474
4405 4335 4404 4406 4475
4406 4336 4405 4407 4476
4407 4337 4406 4408 4477
4408 4338 4407 4409 4478
4409 4339 4408 4479
4410 4340 4411 4480
4411 4341 4410 4412 4481
4412 4342 4411 4482
4413 4343 4414 4483
4414 4344 4413 4415 4484
4415 4345 4414 4416 4485
4416 4346 4415 4486
4417 4347 4418 4487
4418 4348 4417 4419 4488
4419 4349 4418 4420 4489
4420 4350 4419 4421 4490
4421 4351 4420 4422 4491
4422 4352 4421 4423 4492
4423 4353 4422 4424 4493
4424 4354 4423 4494
4425 4355 4426 4495
4426 4356 4425 4427 4496
4427 4357 4426 4428 4497
4428 4358 4427 4429 4498
4429 4359 4428 4499
4430 4360 4431 4500
4431 4361 4430 4501
4432 4362 4433 4502
4433 4363 4432 4434 4503
4434 4364 4433 4504
4435 4436 4505
4436 4366 4435 4437 4506
4437 4367 4436 4507
4438 4368 4508
4439 4369 4440 4509
4440 4439 4441
4441 4371 4440 4511
4442 4372 4443 4512
4443 4373 4442 4444 4513
4444 4374 4443 4445 4514
4445 4375 4444 4446 4515
4446 4376 4445 4447 4516
4447 4377 4446 4448 4517
4448 4378 4447 4449 4518
4449 4379 4448 4450 4519
4450 4380 4449 4451 4520
4451 4381 4450 4452 4521
4452 4382 4451 4453 4522
4453 4383 4452 4454 4523
4454 4384 4453 4455 4524
4455 4385 4454 4456 4525
4456 4386 4455 4457 4526
4457 4387 4456 4458 4527
4458 4388 4457
4459 4389 4460 4529
4460 4390 4459 4461 4530
4461 4391 4460 4462 4531
4462 4392 4461 4463 4532
4463 4393 4462 4464 4533
4464 4394 4463 4465 4534
4465 4464 4466 4535
4466 4396 4465 4467 4536
4467 4397 4466 4468
4468 4398 4467 4469 4538
4469 4399 4468 4470 4539
4470 4400 4469 4471 4540
4471 4401 4470 4541
4472 4473 4542
4473 4403 4472 4474 4543
4474 4404 4473 4475 4544
4475 4405 4474 4476 4545
4476 4406 4475 4477 4546
4477 4407 4476 4478 4547
4478 4408 4477 4548
4479 4409 4549
4480 4410 4481 4550
4481 4411 4480 4482 4551
4482 4412 4481 4483 4552
4483 4413 4482 4484 4553
4484 4414 4483 4485 4554
4485 4415 4484 4486 4555
4486 4416 4485 4487 4556
4487 4417 4486 4488 4557
4488 4418 4487 4489
4489 4419 4488 4490 4559
4490 4420 4489 4491 4560
4491 4421 4490 4492 4561
4492 4422 4491 4493 4562
4493 4423 4492 4494 4563
4494 4424 4493 4564
4495 4425 4496 4565
4496 4426 4495 4497 4566
4497 4427 4496 4498 4567
4498 4428 4497 4499 4568
4499 4429 4498 4500 4569
4500 4430 4499 4570
4501 4431 4502 4571
4502 4432 4501 4503 4572
4503 4433 4502 4504 4573
4504 4434 4503 4505 4574
4505 4435 4504 4506 4575
4506 4436 4505 4507 4576
4507 4437 4506 4508 4577
4508 4438 4507 4509 4578
4509 4439 4508 4510
4510 4509 4511 4580
4511 4441 4510 4512 4581
4512 4442 4511 4513
4513 4443 4512 4514 4583
4514 4444 4513 4515 4584
4515 4445 4514 4516 4585
4516 4446 4515 4517 4586
4517 4447 4516 4518 4587
4518 4448 4517 4519 4588
4519 4449 4518 4520 4589
4520 4450 4519 4521 4590
4521 4451 4520 4522 4591
4522 4452 4521 4523
4523 4453 4522 4524 4593
4524 4454 4523
4525 4455 4595
4526 4456 4527 4596
4527 4457 4526 4528 4597
4528 4527 4529 4598
4529 4459 4528 4530 4599
4530 4460 4529 4600
4531 4461 4532
4532 4462 4531 4533 4602
4533 4463 4532 4603
4534 4464 4535 4604
4535 4465 4534 4536 4605
4536 4466 4535 4606
4537 4538 4607
4538 4468 4537 4539 4608
4539 4469 4538 4540 4609
4540 4470 4539 4541 4610
4541 4471 4540 4611
4542 4472 4543 4612
4543 4473 4542 4544 4613
4544 4474 4543 4614
4545 4475 4615
4546 4476 4616
4547 4477 4548 4617
4548 4478 4547 4549 4618
4549 4479 4548 4619
4550 4480 4551 4620
4551 4481 4550 4552 4621
4552 4482 4551 4553 4622
4553 4483 4552 4554 4623
4554 4484 4553 4555 4624
4555 4485 4554 4556 4625
4556 4486 4555 4557 4626
4557 4487 4556 4558 4627
4558 4557 4559 4628
4559 4489 4558 4560 4629
4560 4490 4559 4561
4561 4491 4560 4562 4631
4562 4492 4561 4563 4632
4563 4493 4562 4564 4633
4564 4494 4563 4565 4634
4565 4495 4564 4566 4635
4566 4496 4565 4567 4636
4567 4497 4566 4568 4637
4568 4498 4567 4569
4569 4499 4568 4570 4639
4570 4500 4569 4571 4640
4571 4501 4570 4572 4641
4572 4502 4571 4573 4642
4573 4503 4572 4574 4643
4574 4504 4573 4575 4644
4575 4505 4574 4576 4645
4576 4506 4575
4577 4507 4578 4647
4578 4508 4577 4579 4648
4579 4578 4580 4649
4580 4510 4579 4581 4650
4581 4511 4580 4582
4582 4581 4583 4652
4583 4513 4582 4584
4584 4514 4583 4585 4654
4585 4515 4584 4586
4586 4516 4585 4587 4656
4587 4517 4586 4588 4657
4588 4518 4587 4589
4589 4519 4588 4590 4659
4590 4520 4589 4591 4660
4591 4521 4590 4592 4661
4592 4591 4593 4662
4593 4523 4592 4594 4663
4594 4593 4595 4664
4595 4525 4594 4596 4665
4596 4526 4595 4597 4666
4597 4527 4596 4598 4667
4598 4528 4597 4599 4668
4599 4529 4598 4669
4600 4530 4601 4670
4601 4600 4602 4671
4602 4532 4601 4603
4603 4533 4602 4604 4673
4604 4534 4603 4674
4605 4535 4606 4675
4606 4536 4605 4607 4676
4607 4537 4606 4608 4677
4608 4538 4607 4678
4609 4539 4610 4679
4610 4540 4609 4611 4680
4611 4541 4610 4612 4681
4612 4542 4611 4613 4682
4613 4543 4612 4614 4683
4614 4544 4613
4615 4545 4616 4685
4616 4546 4615 4617 4686
4617 4547 4616 4618 4687
4618 4548 4617 4688
4619 4549 4689
4620 4550 4621 4690
4621 4551 4620 4622 4691
4622 4552 4621 4623 4692
4623 4553 4622 4624 4693
4624 4554 4623 4625 4694
4625 4555 4624 4695
4626 4556 4627 4696
4627 4557 4626 4628 4697
4628 4558 4627 4629
4629 4559 4628 4630 4699
4630 4629 4631 4700
4631 4561 4630 4632 4701
4632 4562 4631 4633 4702
4633 4563 4632 4634 4703
4634 4564 4633 4635 4704
4635 4565 4634 4636 4705
4636 4566 4635 4637 4706
4637 4567 4636 4638 4707
4638 4637 4639 4708
4639 4569 4638 4640 4709
4640 4570 4639 4641 4710
4641 4571 4640 4642 4711
4642 4572 4641 4643 4712
4643 4573 4642 4644 4713
4644 4574 4643 4645 4714
4645 4575 4644 4646 4715
4646 4645 4647
4647 4577 4646 4648 4717
4648 4578 4647 4649 4718
4649 4579 4648 4650 4719
4650 4580 4649 4651 4720
4651 4650 4721
4652 4582 4653 4722
4653 4652 4654 4723
4654 4584 4653 4655 4724
4655 4654 4656 4725
4656 4586 4655 4657 4726
4657 4587 4656 4658 4727
4658 4657 4659 4728
4659 4589 4658 4660 4729
4660 4590 4659 4661 4730
4661 4591 4660 4731
4662 4592 4663 4732
4663 4593 4662 4664 4733
4664 4594 4663 4665 4734
4665 4595 4664 4666 4735
4666 4596 4665 4667 4736
4667 4597 4666 4668 4737
4668 4598 4667 4669 4738
4669 4599 4668 4739
4670 4600 4671 4740
4671 4601 4670 4672 4741
4672 4671 4673 4742
4673 4603 4672 4674 4743
4674 4604 4673 4675 4744
4675 4605 4674 4676 4745
4676 4606 4675 4677 4746
4677 4607 4676 4678 4747
4678 4608 4677 4679 4748
4679 4609 4678 4749
4680 4610 4681 4750
4681 4611 4680 4682 4751
4682 4612 4681 4752
4683 4613 4684 4753
4684 4683 4685 4754
4685 4615 4684 4686 4755
4686 4616 4685 4687 4756
4687 4617 4686 4688 4757
4688 4618 4687 4689 4758
4689 4619 4688
4690 4620 4760
4691 4621 4692 4761
4692 4622 4691 4693 4762
4693 4623 4692 4694 4763
4694 4624 4693 4695 4764
4695 4625 4694 4696 4765
4696 4626 4695 4766
4697 4627 4698 4767
4698 4697 4768
4699 4629 4700 4769
4700 4630 4699 4701 4770
4701 4631 4700 4702 4771
4702 4632 4701 4703 4772
4703 4633 4702 4704 4773
4704 4634 4703 4705 4774
4705 4635 4704 4775
4706 4636 4707 4776
4707 4637 4706 4708
4708 4638 4707 4709
4709 4639 4708 4779
4710 4640 4711 4780
4711 4641 4710 4712 4781
4712 4642 4711 4713 4782
4713 4643 4712 4714 4783
4714 4644 4713 4715 4784
4715 4645 4714 4716 4785
4716 4715 4717 4786
4717 4647 4716 4718 4787
4718 4648 4717 4719 4788
4719 4649 4718 4720
4720 4650 4719 4721 4790
4721 4651 4720 4722 4791
4722 4652 4721 4723 4792
4723 4653 4722 4724 4793
4724 4654 4723 4725 4794
4725 4655 4724 4795
4726 4656 4727 4796
4727 4657 4726 4728 4797
4728 4658 4727 4729 4798
4729 4659 4728 4730 4799
4730 4660 4729 4731
4731 4661 4730 4732
4732 4662 4731 4733 4802
4733 4663 4732 4734 4803
4734 4664 4733 4735 4804
4735 4665 4734
4736 4666 4737 4806
4737 4667 4736 4738 4807
4738 4668 4737 4739 4808
4739 4669 4738 4740 4809
4740 4670 4739 4741 4810
4741 4671 4740 4742 4811
4742 4672 4741 4743 4812
4743 4673 4742 4813
4744 4674 4745
4745 4675 4744 4746
4746 4676 4745 4747 4816
4747 4677 4746 4748 4817
4748 4678 4747 4749
4749 4679 4748 4750 4819
4750 4680 4749 4751 4820
4751 4681 4750 4752 4821
4752 4682 4751 4753 4822
4753 4683 4752 4754 4823
4754 4684 4753 4755 4824
4755 4685 4754 4756 4825
4756 4686 4755 4757 4826
4757 4687 4756
4758 4688 4759 4828
4759 4758 4829
4760 4690 4761 4830
4761 4691 4760 4762 4831
4762 4692 4761 4763 4832
4763 4693 4762 4764 4833
4764 4694 4763 4765 4834
4765 4695 4764 4766 4835
4766 4696 4765 4767 4836
4767 4697 4766 4768 4837
4768 4698 4767 4769 4838
4769 4699 4768 4770 4839
4770 4700 4769 4771 4840
4771 4701 4770 4772 4841
4772 4702 4771 4773 4842
4773 4703 4772 4774 4843
4774 4704 4773 4775 4844
4775 4705 4774 4776 4845
4776 4706 4775 4777 4846
4777 4776 4778 4847
4778 4777 4779 4848
4779 4709 4778 4780 4849
4780 4710 4779 4781 4850
4781 4711 4780 4782 4851
4782 4712 4781 4783 4852
4783 4713 4782 4784 4853
4784 4714 4783 4785 4854
4785 4715 4784 4786 4855
4786 4716 4785 4856
4787 4717 4788 4857
4788 4718 4787 4789 4858
4789 4788 4790 4859
4790 4720 4789 4791 4860
4791 4721 4790 4792 4861
4792 4722 4791 4862
4793 4723 4794 4863
4794 4724 4793 4795 4864
4795 4725 4794 4796 4865
4796 4726 4795 4797 4866
4797 4727 4796 4798 4867
4798 4728 4797 4799 4868
4799 4729 4798 4869
4800 4801 4870
4801 4800 4802 4871
4802 4732 4801 4803 4872
4803 4733 4802 4804 4873
4804 4734 4803 4805 4874
4805 4804 4806 4875
4806 4736 4805 4807 4876
4807 4737 4806 4808 4877
4808 4738 4807 4809 4878
4809 4739 4808 4810 4879
4810 4740 4809 4811
4811 4741 4810 4881
4812 4742 4813 4882
4813 4743 4812 4814 4883
4814 4813 4815 4884
4815 4814 4816
4816 4746 4815 4817 4886
4817 4747 4816 4818 4887
4818 4817 4819 4888
4819 4749 4818 4820 4889
4820 4750 4819 4821 4890
4821 4751 4820 4822 4891
4822 4752 4821 4823 4892
4823 4753 4822
4824 4754 4825 4894
4825 4755 4824 4826 4895
4826 4756 4825 4827 4896
4827 4826 4828 4897
4828 4758 4827 4829
4829 4759 4828 4899
4830 4760 4831
4831 4761 4830 4832
4832 4762 4831 4833
4833 4763 4832 4834
4834 4764 4833 4835
4835 4765 4834 4836
4836 4766 4835 4837
4837 4767 4836 4838
4838 4768 4837
4839 4769 4840
4840 4770 4839 4841
4841 4771 4840 4842
4842 4772 4841 4843
4843 4773 4842
4844 4774 4845
4845 4775 4844 4846
4846 4776 4845 4847
4847 4777 4846 4848
4848 4778 4847 4849
4849 4779 4848 4850
4850 4780 4849
4851 4781 4852
4852 4782 4851 4853
4853 4783 4852
4854 4784 4855
4855 4785 4854 4856
4856 4786 4855 4857
4857 4787 4856 4858
4858 4788 4857 4859
4859 4789 4858 4860
4860 4790 4859
4861 4791 4862
4862 4792 4861
4863 4793 4864
4864 4794 4863
4865 4795
4866 4796
4867 4797
4868 4798 4869
4869 4799 4868 4870
4870 4800 4869 4871
4871 4801 4870 4872
4872 4802 4871 4873
4873 4803 4872 4874
4874 4804 4873 4875
4875 4805 4874 4876
4876 4806 4875 4877
4877 4807 4876
4878 4808 4879
4879 4809 4878 4880
4880 4879 4881
4881 4811 4880 4882
4882 4812 4881
4883 4813 4884
4884 4814 4883 4885
4885 4884 4886
4886 4816 4885
4887 4817 4888
4888 4818 4887 4889
4889 4819 4888 4890
4890 4820 4889 4891
4891 4821 4890 4892
4892 4822 4891 4893
4893 4892 4894
4894 4824 4893 4895
4895 4825 4894 4896
4896 4826 4895 4897
4897 4827 4896 4898
4898 4897 4899
4899 4829 4898
