80
0 (0, 0)
1 (0, 1)
2 (0, 2)
3 (0, 3)
4 (0, 4)
5 (0, 5)
6 (0, 6)
7 (0, 7)
8 (0, 8)
9 (0, 9)
10 (0, 10)
11 (0, 11)
12 (0, 12)
13 (0, 13)
14 (0, 14)
15 (0, 15)
16 (0, 16)
17 (0, 17)
18 (0, 18)
19 (0, 19)
20 (0, 20)
21 (0, 21)
22 (0, 22)
23 (0, 23)
24 (0, 24)
25 (0, 25)
26 (0, 26)
27 (0, 27)
28 (0, 28)
29 (0, 29)
30 (0, 30)
31 (0, 31)
32 (0, 32)
33 (0, 33)
34 (0, 34)
35 (0, 35)
36 (0, 36)
37 (0, 37)
38 (0, 38)
39 (0, 39)
40 (0, 40)
41 (0, 41)
42 (0, 42)
43 (0, 43)
44 (0, 44)
45 (0, 45)
46 (0, 46)
47 (0, 47)
48 (0, 48)
49 (0, 49)
50 (0, 50)
51 (0, 51)
52 (0, 52)
53 (0, 53)
54 (0, 54)
55 (0, 55)
56 (0, 56)
57 (0, 57)
58 (0, 58)
59 (0, 59)
60 (0, 60)
61 (0, 61)
62 (0, 62)
63 (0, 63)
64 (0, 64)
65 (0, 65)
66 (0, 66)
67 (0, 67)
68 (0, 68)
69 (0, 69)
70 (0, 70)
71 (0, 71)
72 (0, 72)
73 (0, 73)
74 (0, 74)
75 (0, 75)
76 (0, 76)
77 (0, 77)
78 (0, 78)
79 (0, 79)
80 (1, 0)
81 (1, 1)
82 (1, 2)
83 (1, 3)
84 (1, 4)
85 (1, 5)
86 (1, 6)
87 (1, 7)
88 (1, 8)
89 (1, 9)
90 (1, 10)
91 (1, 11)
92 (1, 12)
93 (1, 13)
94 (1, 14)
95 (1, 15)
96 (1, 16)
97 (1, 17)
98 (1, 18)
99 (1, 19)
100 (1, 20)
101 (1, 21)
102 (1, 22)
103 (1, 23)
104 (1, 24)
105 (1, 25)
106 (1, 26)
107 (1, 27)
108 (1, 28)
109 (1, 29)
110 (1, 30)
111 (1, 31)
112 (1, 32)
113 (1, 33)
114 (1, 34)
115 (1, 35)
116 (1, 36)
117 (1, 37)
118 (1, 38)
119 (1, 39)
120 (1, 40)
121 (1, 41)
122 (1, 42)
123 (1, 43)
124 (1, 44)
125 (1, 45)
126 (1, 46)
127 (1, 47)
128 (1, 48)
129 (1, 49)
130 (1, 50)
131 (1, 51)
132 (1, 52)
133 (1, 53)
134 (1, 54)
135 (1, 55)
136 (1, 56)
137 (1, 57)
138 (1, 58)
139 (1, 59)
140 (1, 60)
141 (1, 61)
142 (1, 62)
143 (1, 63)
144 (1, 64)
145 (1, 65)
146 (1, 66)
147 (1, 67)
148 (1, 68)
149 (1, 69)
150 (1, 70)
151 (1, 71)
152 (1, 72)
153 (1, 73)
154 (1, 74)
155 (1, 75)
156 (1, 76)
157 (1, 77)
158 (1, 78)
159 (1, 79)
160 (2, 0)
161 (2, 1)
162 (2, 2)
163 (2, 3)
164 (2, 4)
165 (2, 5)
166 (2, 6)
167 (2, 7)
168 (2, 8)
169 (2, 9)
170 (2, 10)
171 (2, 11)
172 (2, 12)
173 (2, 13)
174 (2, 14)
175 (2, 15)
176 (2, 16)
177 (2, 17)
178 (2, 18)
179 (2, 19)
180 (2, 20)
181 (2, 21)
182 (2, 22)
183 (2, 23)
184 (2, 24)
185 (2, 25)
186 (2, 26)
187 (2, 27)
188 (2, 28)
189 (2, 29)
190 (2, 30)
191 (2, 31)
192 (2, 32)
193 (2, 33)
194 (2, 34)
195 (2, 35)
196 (2, 36)
197 (2, 37)
198 (2, 38)
199 (2, 39)
200 (2, 40)
201 (2, 41)
202 (2, 42)
203 (2, 43)
204 (2, 44)
205 (2, 45)
206 (2, 46)
207 (2, 47)
208 (2, 48)
209 (2, 49)
210 (2, 50)
211 (2, 51)
212 (2, 52)
213 (2, 53)
214 (2, 54)
215 (2, 55)
216 (2, 56)
217 (2, 57)
218 (2, 58)
219 (2, 59)
220 (2, 60)
221 (2, 61)
222 (2, 62)
223 (2, 63)
224 (2, 64)
225 (2, 65)
226 (2, 66)
227 (2, 67)
228 (2, 68)
229 (2, 69)
230 (2, 70)
231 (2, 71)
232 (2, 72)
233 (2, 73)
234 (2, 74)
235 (2, 75)
236 (2, 76)
237 (2, 77)
238 (2, 78)
239 (2, 79)
240 (3, 0)
241 (3, 1)
242 (3, 2)
243 (3, 3)
244 (3, 4)
245 (3, 5)
246 (3, 6)
247 (3, 7)
248 (3, 8)
249 (3, 9)
250 (3, 10)
251 (3, 11)
252 (3, 12)
253 (3, 13)
254 (3, 14)
255 (3, 15)
256 (3, 16)
257 (3, 17)
258 (3, 18)
259 (3, 19)
260 (3, 20)
261 (3, 21)
262 (3, 22)
263 (3, 23)
264 (3, 24)
265 (3, 25)
266 (3, 26)
267 (3, 27)
268 (3, 28)
269 (3, 29)
270 (3, 30)
271 (3, 31)
272 (3, 32)
273 (3, 33)
274 (3, 34)
275 (3, 35)
276 (3, 36)
277 (3, 37)
278 (3, 38)
279 (3, 39)
280 (3, 40)
281 (3, 41)
282 (3, 42)
283 (3, 43)
284 (3, 44)
285 (3, 45)
286 (3, 46)
287 (3, 47)
288 (3, 48)
289 (3, 49)
290 (3, 50)
291 (3, 51)
292 (3, 52)
293 (3, 53)
294 (3, 54)
295 (3, 55)
296 (3, 56)
297 (3, 57)
298 (3, 58)
299 (3, 59)
300 (3, 60)
301 (3, 61)
302 (3, 62)
303 (3, 63)
304 (3, 64)
305 (3, 65)
306 (3, 66)
307 (3, 67)
308 (3, 68)
309 (3, 69)
310 (3, 70)
311 (3, 71)
312 (3, 72)
313 (3, 73)
314 (3, 74)
315 (3, 75)
316 (3, 76)
317 (3, 77)
318 (3, 78)
319 (3, 79)
320 (4, 0)
321 (4, 1)
322 (4, 2)
323 (4, 3)
324 (4, 4)
325 (4, 5)
326 (4, 6)
327 (4, 7)
328 (4, 8)
329 (4, 9)
330 (4, 10)
331 (4, 11)
332 (4, 12)
333 (4, 13)
334 (4, 14)
335 (4, 15)
336 (4, 16)
337 (4, 17)
338 (4, 18)
339 (4, 19)
340 (4, 20)
341 (4, 21)
342 (4, 22)
343 (4, 23)
344 (4, 24)
345 (4, 25)
346 (4, 26)
347 (4, 27)
348 (4, 28)
349 (4, 29)
350 (4, 30)
351 (4, 31)
352 (4, 32)
353 (4, 33)
354 (4, 34)
355 (4, 35)
356 (4, 36)
357 (4, 37)
358 (4, 38)
359 (4, 39)
360 (4, 40)
361 (4, 41)
362 (4, 42)
363 (4, 43)
364 (4, 44)
365 (4, 45)
366 (4, 46)
367 (4, 47)
368 (4, 48)
369 (4, 49)
370 (4, 50)
371 (4, 51)
372 (4, 52)
373 (4, 53)
374 (4, 54)
375 (4, 55)
376 (4, 56)
377 (4, 57)
378 (4, 58)
379 (4, 59)
380 (4, 60)
381 (4, 61)
382 (4, 62)
383 (4, 63)
384 (4, 64)
385 (4, 65)
386 (4, 66)
387 (4, 67)
388 (4, 68)
389 (4, 69)
390 (4, 70)
391 (4, 71)
392 (4, 72)
393 (4, 73)
394 (4, 74)
395 (4, 75)
396 (4, 76)
397 (4, 77)
398 (4, 78)
399 (4, 79)
400 (5, 0)
401 (5, 1)
402 (5, 2)
403 (5, 3)
404 (5, 4)
405 (5, 5)
406 (5, 6)
407 (5, 7)
408 (5, 8)
409 (5, 9)
410 (5, 10)
411 (5, 11)
412 (5, 12)
413 (5, 13)
414 (5, 14)
415 (5, 15)
416 (5, 16)
417 (5, 17)
418 (5, 18)
419 (5, 19)
420 (5, 20)
421 (5, 21)
422 (5, 22)
423 (5, 23)
424 (5, 24)
425 (5, 25)
426 (5, 26)
427 (5, 27)
428 (5, 28)
429 (5, 29)
430 (5, 30)
431 (5, 31)
432 (5, 32)
433 (5, 33)
434 (5, 34)
435 (5, 35)
436 (5, 36)
437 (5, 37)
438 (5, 38)
439 (5, 39)
440 (5, 40)
441 (5, 41)
442 (5, 42)
443 (5, 43)
444 (5, 44)
445 (5, 45)
446 (5, 46)
447 (5, 47)
448 (5, 48)
449 (5, 49)
450 (5, 50)
451 (5, 51)
452 (5, 52)
453 (5, 53)
454 (5, 54)
455 (5, 55)
456 (5, 56)
457 (5, 57)
458 (5, 58)
459 (5, 59)
460 (5, 60)
461 (5, 61)
462 (5, 62)
463 (5, 63)
464 (5, 64)
465 (5, 65)
466 (5, 66)
467 (5, 67)
468 (5, 68)
469 (5, 69)
470 (5, 70)
471 (5, 71)
472 (5, 72)
473 (5, 73)
474 (5, 74)
475 (5, 75)
476 (5, 76)
477 (5, 77)
478 (5, 78)
479 (5, 79)
480 (6, 0)
481 (6, 1)
482 (6, 2)
483 (6, 3)
484 (6, 4)
485 (6, 5)
486 (6, 6)
487 (6, 7)
488 (6, 8)
489 (6, 9)
490 (6, 10)
491 (6, 11)
492 (6, 12)
493 (6, 13)
494 (6, 14)
495 (6, 15)
496 (6, 16)
497 (6, 17)
498 (6, 18)
499 (6, 19)
500 (6, 20)
501 (6, 21)
502 (6, 22)
503 (6, 23)
504 (6, 24)
505 (6, 25)
506 (6, 26)
507 (6, 27)
508 (6, 28)
509 (6, 29)
510 (6, 30)
511 (6, 31)
512 (6, 32)
513 (6, 33)
514 (6, 34)
515 (6, 35)
516 (6, 36)
517 (6, 37)
518 (6, 38)
519 (6, 39)
520 (6, 40)
521 (6, 41)
522 (6, 42)
523 (6, 43)
524 (6, 44)
525 (6, 45)
526 (6, 46)
527 (6, 47)
528 (6, 48)
529 (6, 49)
530 (6, 50)
531 (6, 51)
532 (6, 52)
533 (6, 53)
534 (6, 54)
535 (6, 55)
536 (6, 56)
537 (6, 57)
538 (6, 58)
539 (6, 59)
540 (6, 60)
541 (6, 61)
542 (6, 62)
543 (6, 63)
544 (6, 64)
545 (6, 65)
546 (6, 66)
547 (6, 67)
548 (6, 68)
549 (6, 69)
550 (6, 70)
551 (6, 71)
552 (6, 72)
553 (6, 73)
554 (6, 74)
555 (6, 75)
556 (6, 76)
557 (6, 77)
558 (6, 78)
559 (6, 79)
560 (7, 0)
561 (7, 1)
562 (7, 2)
563 (7, 3)
564 (7, 4)
565 (7, 5)
566 (7, 6)
567 (7, 7)
568 (7, 8)
569 (7, 9)
570 (7, 10)
571 (7, 11)
572 (7, 12)
573 (7, 13)
574 (7, 14)
575 (7, 15)
576 (7, 16)
577 (7, 17)
578 (7, 18)
579 (7, 19)
580 (7, 20)
581 (7, 21)
582 (7, 22)
583 (7, 23)
584 (7, 24)
585 (7, 25)
586 (7, 26)
587 (7, 27)
588 (7, 28)
589 (7, 29)
590 (7, 30)
591 (7, 31)
592 (7, 32)
593 (7, 33)
594 (7, 34)
595 (7, 35)
596 (7, 36)
597 (7, 37)
598 (7, 38)
599 (7, 39)
600 (7, 40)
601 (7, 41)
602 (7, 42)
603 (7, 43)
604 (7, 44)
605 (7, 45)
606 (7, 46)
607 (7, 47)
608 (7, 48)
609 (7, 49)
610 (7, 50)
611 (7, 51)
612 (7, 52)
613 (7, 53)
614 (7, 54)
615 (7, 55)
616 (7, 56)
617 (7, 57)
618 (7, 58)
619 (7, 59)
620 (7, 60)
621 (7, 61)
622 (7, 62)
623 (7, 63)
624 (7, 64)
625 (7, 65)
626 (7, 66)
627 (7, 67)
628 (7, 68)
629 (7, 69)
630 (7, 70)
631 (7, 71)
632 (7, 72)
633 (7, 73)
634 (7, 74)
635 (7, 75)
636 (7, 76)
637 (7, 77)
638 (7, 78)
639 (7, 79)
640 (8, 0)
641 (8, 1)
642 (8, 2)
643 (8, 3)
644 (8, 4)
645 (8, 5)
646 (8, 6)
647 (8, 7)
648 (8, 8)
649 (8, 9)
650 (8, 10)
651 (8, 11)
652 (8, 12)
653 (8, 13)
654 (8, 14)
655 (8, 15)
656 (8, 16)
657 (8, 17)
658 (8, 18)
659 (8, 19)
660 (8, 20)
661 (8, 21)
662 (8, 22)
663 (8, 23)
664 (8, 24)
665 (8, 25)
666 (8, 26)
667 (8, 27)
668 (8, 28)
669 (8, 29)
670 (8, 30)
671 (8, 31)
672 (8, 32)
673 (8, 33)
674 (8, 34)
675 (8, 35)
676 (8, 36)
677 (8, 37)
678 (8, 38)
679 (8, 39)
680 (8, 40)
681 (8, 41)
682 (8, 42)
683 (8, 43)
684 (8, 44)
685 (8, 45)
686 (8, 46)
687 (8, 47)
688 (8, 48)
689 (8, 49)
690 (8, 50)
691 (8, 51)
692 (8, 52)
693 (8, 53)
694 (8, 54)
695 (8, 55)
696 (8, 56)
697 (8, 57)
698 (8, 58)
699 (8, 59)
700 (8, 60)
701 (8, 61)
702 (8, 62)
703 (8, 63)
704 (8, 64)
705 (8, 65)
706 (8, 66)
707 (8, 67)
708 (8, 68)
709 (8, 69)
710 (8, 70)
711 (8, 71)
712 (8, 72)
713 (8, 73)
714 (8, 74)
715 (8, 75)
716 (8, 76)
717 (8, 77)
718 (8, 78)
719 (8, 79)
720 (9, 0)
721 (9, 1)
722 (9, 2)
723 (9, 3)
724 (9, 4)
725 (9, 5)
726 (9, 6)
727 (9, 7)
728 (9, 8)
729 (9, 9)
730 (9, 10)
731 (9, 11)
732 (9, 12)
733 (9, 13)
734 (9, 14)
735 (9, 15)
736 (9, 16)
737 (9, 17)
738 (9, 18)
739 (9, 19)
740 (9, 20)
741 (9, 21)
742 (9, 22)
743 (9, 23)
744 (9, 24)
745 (9, 25)
746 (9, 26)
747 (9, 27)
748 (9, 28)
749 (9, 29)
750 (9, 30)
751 (9, 31)
752 (9, 32)
753 (9, 33)
754 (9, 34)
755 (9, 35)
756 (9, 36)
757 (9, 37)
758 (9, 38)
759 (9, 39)
760 (9, 40)
761 (9, 41)
762 (9, 42)
763 (9, 43)
764 (9, 44)
765 (9, 45)
766 (9, 46)
767 (9, 47)
768 (9, 48)
769 (9, 49)
770 (9, 50)
771 (9, 51)
772 (9, 52)
773 (9, 53)
774 (9, 54)
775 (9, 55)
776 (9, 56)
777 (9, 57)
778 (9, 58)
779 (9, 59)
780 (9, 60)
781 (9, 61)
782 (9, 62)
783 (9, 63)
784 (9, 64)
785 (9, 65)
786 (9, 66)
787 (9, 67)
788 (9, 68)
789 (9, 69)
790 (9, 70)
791 (9, 71)
792 (9, 72)
793 (9, 73)
794 (9, 74)
795 (9, 75)
796 (9, 76)
797 (9, 77)
798 (9, 78)
799 (9, 79)
800 (10, 0)
801 (10, 1)
802 (10, 2)
803 (10, 3)
804 (10, 4)
805 (10, 5)
806 (10, 6)
807 (10, 7)
808 (10, 8)
809 (10, 9)
810 (10, 10)
811 (10, 11)
812 (10, 12)
813 (10, 13)
814 (10, 14)
815 (10, 15)
816 (10, 16)
817 (10, 17)
818 (10, 18)
819 (10, 19)
820 (10, 20)
821 (10, 21)
822 (10, 22)
823 (10, 23)
824 (10, 24)
825 (10, 25)
826 (10, 26)
827 (10, 27)
828 (10, 28)
829 (10, 29)
830 (10, 30)
831 (10, 31)
832 (10, 32)
833 (10, 33)
834 (10, 34)
835 (10, 35)
836 (10, 36)
837 (10, 37)
838 (10, 38)
839 (10, 39)
840 (10, 40)
841 (10, 41)
842 (10, 42)
843 (10, 43)
844 (10, 44)
845 (10, 45)
846 (10, 46)
847 (10, 47)
848 (10, 48)
849 (10, 49)
850 (10, 50)
851 (10, 51)
852 (10, 52)
853 (10, 53)
854 (10, 54)
855 (10, 55)
856 (10, 56)
857 (10, 57)
858 (10, 58)
859 (10, 59)
860 (10, 60)
861 (10, 61)
862 (10, 62)
863 (10, 63)
864 (10, 64)
865 (10, 65)
866 (10, 66)
867 (10, 67)
868 (10, 68)
869 (10, 69)
870 (10, 70)
871 (10, 71)
872 (10, 72)
873 (10, 73)
874 (10, 74)
875 (10, 75)
876 (10, 76)
877 (10, 77)
878 (10, 78)
879 (10, 79)
880 (11, 0)
881 (11, 1)
882 (11, 2)
883 (11, 3)
884 (11, 4)
885 (11, 5)
886 (11, 6)
887 (11, 7)
888 (11, 8)
889 (11, 9)
890 (11, 10)
891 (11, 11)
892 (11, 12)
893 (11, 13)
894 (11, 14)
895 (11, 15)
896 (11, 16)
897 (11, 17)
898 (11, 18)
899 (11, 19)
900 (11, 20)
901 (11, 21)
902 (11, 22)
903 (11, 23)
904 (11, 24)
905 (11, 25)
906 (11, 26)
907 (11, 27)
908 (11, 28)
909 (11, 29)
910 (11, 30)
911 (11, 31)
912 (11, 32)
913 (11, 33)
914 (11, 34)
915 (11, 35)
916 (11, 36)
917 (11, 37)
918 (11, 38)
919 (11, 39)
920 (11, 40)
921 (11, 41)
922 (11, 42)
923 (11, 43)
924 (11, 44)
925 (11, 45)
926 (11, 46)
927 (11, 47)
928 (11, 48)
929 (11, 49)
930 (11, 50)
931 (11, 51)
932 (11, 52)
933 (11, 53)
934 (11, 54)
935 (11, 55)
936 (11, 56)
937 (11, 57)
938 (11, 58)
939 (11, 59)
940 (11, 60)
941 (11, 61)
942 (11, 62)
943 (11, 63)
944 (11, 64)
945 (11, 65)
946 (11, 66)
947 (11, 67)
948 (11, 68)
949 (11, 69)
950 (11, 70)
951 (11, 71)
952 (11, 72)
953 (11, 73)
954 (11, 74)
955 (11, 75)
956 (11, 76)
957 (11, 77)
958 (11, 78)
959 (11, 79)
960 (12, 0)
961 (12, 1)
962 (12, 2)
963 (12, 3)
964 (12, 4)
965 (12, 5)
966 (12, 6)
967 (12, 7)
968 (12, 8)
969 (12, 9)
970 (12, 10)
971 (12, 11)
972 (12, 12)
973 (12, 13)
974 (12, 14)
975 (12, 15)
976 (12, 16)
977 (12, 17)
978 (12, 18)
979 (12, 19)
980 (12, 20)
981 (12, 21)
982 (12, 22)
983 (12, 23)
984 (12, 24)
985 (12, 25)
986 (12, 26)
987 (12, 27)
988 (12, 28)
989 (12, 29)
990 (12, 30)
991 (12, 31)
992 (12, 32)
993 (12, 33)
994 (12, 34)
995 (12, 35)
996 (12, 36)
997 (12, 37)
998 (12, 38)
999 (12, 39)
1000 (12, 40)
1001 (12, 41)
1002 (12, 42)
1003 (12, 43)
1004 (12, 44)
1005 (12, 45)
1006 (12, 46)
1007 (12, 47)
1008 (12, 48)
1009 (12, 49)
1010 (12, 50)
1011 (12, 51)
1012 (12, 52)
1013 (12, 53)
1014 (12, 54)
1015 (12, 55)
1016 (12, 56)
1017 (12, 57)
1018 (12, 58)
1019 (12, 59)
1020 (12, 60)
1021 (12, 61)
1022 (12, 62)
1023 (12, 63)
1024 (12, 64)
1025 (12, 65)
1026 (12, 66)
1027 (12, 67)
1028 (12, 68)
1029 (12, 69)
1030 (12, 70)
1031 (12, 71)
1032 (12, 72)
1033 (12, 73)
1034 (12, 74)
1035 (12, 75)
1036 (12, 76)
1037 (12, 77)
1038 (12, 78)
1039 (12, 79)
1040 (13, 0)
1041 (13, 1)
1042 (13, 2)
1043 (13, 3)
1044 (13, 4)
1045 (13, 5)
1046 (13, 6)
1047 (13, 7)
1048 (13, 8)
1049 (13, 9)
1050 (13, 10)
1051 (13, 11)
1052 (13, 12)
1053 (13, 13)
1054 (13, 14)
1055 (13, 15)
1056 (13, 16)
1057 (13, 17)
1058 (13, 18)
1059 (13, 19)
1060 (13, 20)
1061 (13, 21)
1062 (13, 22)
1063 (13, 23)
1064 (13, 24)
1065 (13, 25)
1066 (13, 26)
1067 (13, 27)
1068 (13, 28)
1069 (13, 29)
1070 (13, 30)
1071 (13, 31)
1072 (13, 32)
1073 (13, 33)
1074 (13, 34)
1075 (13, 35)
1076 (13, 36)
1077 (13, 37)
1078 (13, 38)
1079 (13, 39)
1080 (13, 40)
1081 (13, 41)
1082 (13, 42)
1083 (13, 43)
1084 (13, 44)
1085 (13, 45)
1086 (13, 46)
1087 (13, 47)
1088 (13, 48)
1089 (13, 49)
1090 (13, 50)
1091 (13, 51)
1092 (13, 52)
1093 (13, 53)
1094 (13, 54)
1095 (13, 55)
1096 (13, 56)
1097 (13, 57)
1098 (13, 58)
1099 (13, 59)
1100 (13, 60)
1101 (13, 61)
1102 (13, 62)
1103 (13, 63)
1104 (13, 64)
1105 (13, 65)
1106 (13, 66)
1107 (13, 67)
1108 (13, 68)
1109 (13, 69)
1110 (13, 70)
1111 (13, 71)
1112 (13, 72)
1113 (13, 73)
1114 (13, 74)
1115 (13, 75)
1116 (13, 76)
1117 (13, 77)
1118 (13, 78)
1119 (13, 79)
1120 (14, 0)
1121 (14, 1)
1122 (14, 2)
1123 (14, 3)
1124 (14, 4)
1125 (14, 5)
1126 (14, 6)
1127 (14, 7)
1128 (14, 8)
1129 (14, 9)
1130 (14, 10)
1131 (14, 11)
1132 (14, 12)
1133 (14, 13)
1134 (14, 14)
1135 (14, 15)
1136 (14, 16)
1137 (14, 17)
1138 (14, 18)
1139 (14, 19)
1140 (14, 20)
1141 (14, 21)
1142 (14, 22)
1143 (14, 23)
1144 (14, 24)
1145 (14, 25)
1146 (14, 26)
1147 (14, 27)
1148 (14, 28)
1149 (14, 29)
1150 (14, 30)
1151 (14, 31)
1152 (14, 32)
1153 (14, 33)
1154 (14, 34)
1155 (14, 35)
1156 (14, 36)
1157 (14, 37)
1158 (14, 38)
1159 (14, 39)
1160 (14, 40)
1161 (14, 41)
1162 (14, 42)
1163 (14, 43)
1164 (14, 44)
1165 (14, 45)
1166 (14, 46)
1167 (14, 47)
1168 (14, 48)
1169 (14, 49)
1170 (14, 50)
1171 (14, 51)
1172 (14, 52)
1173 (14, 53)
1174 (14, 54)
1175 (14, 55)
1176 (14, 56)
1177 (14, 57)
1178 (14, 58)
1179 (14, 59)
1180 (14, 60)
1181 (14, 61)
1182 (14, 62)
1183 (14, 63)
1184 (14, 64)
1185 (14, 65)
1186 (14, 66)
1187 (14, 67)
1188 (14, 68)
1189 (14, 69)
1190 (14, 70)
1191 (14, 71)
1192 (14, 72)
1193 (14, 73)
1194 (14, 74)
1195 (14, 75)
1196 (14, 76)
1197 (14, 77)
1198 (14, 78)
1199 (14, 79)
1200 (15, 0)
1201 (15, 1)
1202 (15, 2)
1203 (15, 3)
1204 (15, 4)
1205 (15, 5)
1206 (15, 6)
1207 (15, 7)
1208 (15, 8)
1209 (15, 9)
1210 (15, 10)
1211 (15, 11)
1212 (15, 12)
1213 (15, 13)
1214 (15, 14)
1215 (15, 15)
1216 (15, 16)
1217 (15, 17)
1218 (15, 18)
1219 (15, 19)
1220 (15, 20)
1221 (15, 21)
1222 (15, 22)
1223 (15, 23)
1224 (15, 24)
1225 (15, 25)
1226 (15, 26)
1227 (15, 27)
1228 (15, 28)
1229 (15, 29)
1230 (15, 30)
1231 (15, 31)
1232 (15, 32)
1233 (15, 33)
1234 (15, 34)
1235 (15, 35)
1236 (15, 36)
1237 (15, 37)
1238 (15, 38)
1239 (15, 39)
1240 (15, 40)
1241 (15, 41)
1242 (15, 42)
1243 (15, 43)
1244 (15, 44)
1245 (15, 45)
1246 (15, 46)
1247 (15, 47)
1248 (15, 48)
1249 (15, 49)
1250 (15, 50)
1251 (15, 51)
1252 (15, 52)
1253 (15, 53)
1254 (15, 54)
1255 (15, 55)
1256 (15, 56)
1257 (15, 57)
1258 (15, 58)
1259 (15, 59)
1260 (15, 60)
1261 (15, 61)
1262 (15, 62)
1263 (15, 63)
1264 (15, 64)
1265 (15, 65)
1266 (15, 66)
1267 (15, 67)
1268 (15, 68)
1269 (15, 69)
1270 (15, 70)
1271 (15, 71)
1272 (15, 72)
1273 (15, 73)
1274 (15, 74)
1275 (15, 75)
1276 (15, 76)
1277 (15, 77)
1278 (15, 78)
1279 (15, 79)
1280 (16, 0)
1281 (16, 1)
1282 (16, 2)
1283 (16, 3)
1284 (16, 4)
1285 (16, 5)
1286 (16, 6)
1287 (16, 7)
1288 (16, 8)
1289 (16, 9)
1290 (16, 10)
1291 (16, 11)
1292 (16, 12)
1293 (16, 13)
1294 (16, 14)
1295 (16, 15)
1296 (16, 16)
1297 (16, 17)
1298 (16, 18)
1299 (16, 19)
1300 (16, 20)
1301 (16, 21)
1302 (16, 22)
1303 (16, 23)
1304 (16, 24)
1305 (16, 25)
1306 (16, 26)
1307 (16, 27)
1308 (16, 28)
1309 (16, 29)
1310 (16, 30)
1311 (16, 31)
1312 (16, 32)
1313 (16, 33)
1314 (16, 34)
1315 (16, 35)
1316 (16, 36)
1317 (16, 37)
1318 (16, 38)
1319 (16, 39)
1320 (16, 40)
1321 (16, 41)
1322 (16, 42)
1323 (16, 43)
1324 (16, 44)
1325 (16, 45)
1326 (16, 46)
1327 (16, 47)
1328 (16, 48)
1329 (16, 49)
1330 (16, 50)
1331 (16, 51)
1332 (16, 52)
1333 (16, 53)
1334 (16, 54)
1335 (16, 55)
1336 (16, 56)
1337 (16, 57)
1338 (16, 58)
1339 (16, 59)
1340 (16, 60)
1341 (16, 61)
1342 (16, 62)
1343 (16, 63)
1344 (16, 64)
1345 (16, 65)
1346 (16, 66)
1347 (16, 67)
1348 (16, 68)
1349 (16, 69)
1350 (16, 70)
1351 (16, 71)
1352 (16, 72)
1353 (16, 73)
1354 (16, 74)
1355 (16, 75)
1356 (16, 76)
1357 (16, 77)
1358 (16, 78)
1359 (16, 79)
1360 (17, 0)
1361 (17, 1)
1362 (17, 2)
1363 (17, 3)
1364 (17, 4)
1365 (17, 5)
1366 (17, 6)
1367 (17, 7)
1368 (17, 8)
1369 (17, 9)
1370 (17, 10)
1371 (17, 11)
1372 (17, 12)
1373 (17, 13)
1374 (17, 14)
1375 (17, 15)
1376 (17, 16)
1377 (17, 17)
1378 (17, 18)
1379 (17, 19)
1380 (17, 20)
1381 (17, 21)
1382 (17, 22)
1383 (17, 23)
1384 (17, 24)
1385 (17, 25)
1386 (17, 26)
1387 (17, 27)
1388 (17, 28)
1389 (17, 29)
1390 (17, 30)
1391 (17, 31)
1392 (17, 32)
1393 (17, 33)
1394 (17, 34)
1395 (17, 35)
1396 (17, 36)
1397 (17, 37)
1398 (17, 38)
1399 (17, 39)
1400 (17, 40)
1401 (17, 41)
1402 (17, 42)
1403 (17, 43)
1404 (17, 44)
1405 (17, 45)
1406 (17, 46)
1407 (17, 47)
1408 (17, 48)
1409 (17, 49)
1410 (17, 50)
1411 (17, 51)
1412 (17, 52)
1413 (17, 53)
1414 (17, 54)
1415 (17, 55)
1416 (17, 56)
1417 (17, 57)
1418 (17, 58)
1419 (17, 59)
1420 (17, 60)
1421 (17, 61)
1422 (17, 62)
1423 (17, 63)
1424 (17, 64)
1425 (17, 65)
1426 (17, 66)
1427 (17, 67)
1428 (17, 68)
1429 (17, 69)
1430 (17, 70)
1431 (17, 71)
1432 (17, 72)
1433 (17, 73)
1434 (17, 74)
1435 (17, 75)
1436 (17, 76)
1437 (17, 77)
1438 (17, 78)
1439 (17, 79)
1440 (18, 0)
1441 (18, 1)
1442 (18, 2)
1443 (18, 3)
1444 (18, 4)
1445 (18, 5)
1446 (18, 6)
1447 (18, 7)
1448 (18, 8)
1449 (18, 9)
1450 (18, 10)
1451 (18, 11)
1452 (18, 12)
1453 (18, 13)
1454 (18, 14)
1455 (18, 15)
1456 (18, 16)
1457 (18, 17)
1458 (18, 18)
1459 (18, 19)
1460 (18, 20)
1461 (18, 21)
1462 (18, 22)
1463 (18, 23)
1464 (18, 24)
1465 (18, 25)
1466 (18, 26)
1467 (18, 27)
1468 (18, 28)
1469 (18, 29)
1470 (18, 30)
1471 (18, 31)
1472 (18, 32)
1473 (18, 33)
1474 (18, 34)
1475 (18, 35)
1476 (18, 36)
1477 (18, 37)
1478 (18, 38)
1479 (18, 39)
1480 (18, 40)
1481 (18, 41)
1482 (18, 42)
1483 (18, 43)
1484 (18, 44)
1485 (18, 45)
1486 (18, 46)
1487 (18, 47)
1488 (18, 48)
1489 (18, 49)
1490 (18, 50)
1491 (18, 51)
1492 (18, 52)
1493 (18, 53)
1494 (18, 54)
1495 (18, 55)
1496 (18, 56)
1497 (18, 57)
1498 (18, 58)
1499 (18, 59)
1500 (18, 60)
1501 (18, 61)
1502 (18, 62)
1503 (18, 63)
1504 (18, 64)
1505 (18, 65)
1506 (18, 66)
1507 (18, 67)
1508 (18, 68)
1509 (18, 69)
1510 (18, 70)
1511 (18, 71)
1512 (18, 72)
1513 (18, 73)
1514 (18, 74)
1515 (18, 75)
1516 (18, 76)
1517 (18, 77)
1518 (18, 78)
1519 (18, 79)
1520 (19, 0)
1521 (19, 1)
1522 (19, 2)
1523 (19, 3)
1524 (19, 4)
1525 (19, 5)
1526 (19, 6)
1527 (19, 7)
1528 (19, 8)
1529 (19, 9)
1530 (19, 10)
1531 (19, 11)
1532 (19, 12)
1533 (19, 13)
1534 (19, 14)
1535 (19, 15)
1536 (19, 16)
1537 (19, 17)
1538 (19, 18)
1539 (19, 19)
1540 (19, 20)
1541 (19, 21)
1542 (19, 22)
1543 (19, 23)
1544 (19, 24)
1545 (19, 25)
1546 (19, 26)
1547 (19, 27)
1548 (19, 28)
1549 (19, 29)
1550 (19, 30)
1551 (19, 31)
1552 (19, 32)
1553 (19, 33)
1554 (19, 34)
1555 (19, 35)
1556 (19, 36)
1557 (19, 37)
1558 (19, 38)
1559 (19, 39)
1560 (19, 40)
1561 (19, 41)
1562 (19, 42)
1563 (19, 43)
1564 (19, 44)
1565 (19, 45)
1566 (19, 46)
1567 (19, 47)
1568 (19, 48)
1569 (19, 49)
1570 (19, 50)
1571 (19, 51)
1572 (19, 52)
1573 (19, 53)
1574 (19, 54)
1575 (19, 55)
1576 (19, 56)
1577 (19, 57)
1578 (19, 58)
1579 (19, 59)
1580 (19, 60)
1581 (19, 61)
1582 (19, 62)
1583 (19, 63)
1584 (19, 64)
1585 (19, 65)
1586 (19, 66)
1587 (19, 67)
1588 (19, 68)
1589 (19, 69)
1590 (19, 70)
1591 (19, 71)
1592 (19, 72)
1593 (19, 73)
1594 (19, 74)
1595 (19, 75)
1596 (19, 76)
1597 (19, 77)
1598 (19, 78)
1599 (19, 79)
1600 (20, 0)
1601 (20, 1)
1602 (20, 2)
1603 (20, 3)
1604 (20, 4)
1605 (20, 5)
1606 (20, 6)
1607 (20, 7)
1608 (20, 8)
1609 (20, 9)
1610 (20, 10)
1611 (20, 11)
1612 (20, 12)
1613 (20, 13)
1614 (20, 14)
1615 (20, 15)
1616 (20, 16)
1617 (20, 17)
1618 (20, 18)
1619 (20, 19)
1620 (20, 20)
1621 (20, 21)
1622 (20, 22)
1623 (20, 23)
1624 (20, 24)
1625 (20, 25)
1626 (20, 26)
1627 (20, 27)
1628 (20, 28)
1629 (20, 29)
1630 (20, 30)
1631 (20, 31)
1632 (20, 32)
1633 (20, 33)
1634 (20, 34)
1635 (20, 35)
1636 (20, 36)
1637 (20, 37)
1638 (20, 38)
1639 (20, 39)
1640 (20, 40)
1641 (20, 41)
1642 (20, 42)
1643 (20, 43)
1644 (20, 44)
1645 (20, 45)
1646 (20, 46)
1647 (20, 47)
1648 (20, 48)
1649 (20, 49)
1650 (20, 50)
1651 (20, 51)
1652 (20, 52)
1653 (20, 53)
1654 (20, 54)
1655 (20, 55)
1656 (20, 56)
1657 (20, 57)
1658 (20, 58)
1659 (20, 59)
1660 (20, 60)
1661 (20, 61)
1662 (20, 62)
1663 (20, 63)
1664 (20, 64)
1665 (20, 65)
1666 (20, 66)
1667 (20, 67)
1668 (20, 68)
1669 (20, 69)
1670 (20, 70)
1671 (20, 71)
1672 (20, 72)
1673 (20, 73)
1674 (20, 74)
1675 (20, 75)
1676 (20, 76)
1677 (20, 77)
1678 (20, 78)
1679 (20, 79)
1680 (21, 0)
1681 (21, 1)
1682 (21, 2)
1683 (21, 3)
1684 (21, 4)
1685 (21, 5)
1686 (21, 6)
1687 (21, 7)
1688 (21, 8)
1689 (21, 9)
1690 (21, 10)
1691 (21, 11)
1692 (21, 12)
1693 (21, 13)
1694 (21, 14)
1695 (21, 15)
1696 (21, 16)
1697 (21, 17)
1698 (21, 18)
1699 (21, 19)
1700 (21, 20)
1701 (21, 21)
1702 (21, 22)
1703 (21, 23)
1704 (21, 24)
1705 (21, 25)
1706 (21, 26)
1707 (21, 27)
1708 (21, 28)
1709 (21, 29)
1710 (21, 30)
1711 (21, 31)
1712 (21, 32)
1713 (21, 33)
1714 (21, 34)
1715 (21, 35)
1716 (21, 36)
1717 (21, 37)
1718 (21, 38)
1719 (21, 39)
1720 (21, 40)
1721 (21, 41)
1722 (21, 42)
1723 (21, 43)
1724 (21, 44)
1725 (21, 45)
1726 (21, 46)
1727 (21, 47)
1728 (21, 48)
1729 (21, 49)
1730 (21, 50)
1731 (21, 51)
1732 (21, 52)
1733 (21, 53)
1734 (21, 54)
1735 (21, 55)
1736 (21, 56)
1737 (21, 57)
1738 (21, 58)
1739 (21, 59)
1740 (21, 60)
1741 (21, 61)
1742 (21, 62)
1743 (21, 63)
1744 (21, 64)
1745 (21, 65)
1746 (21, 66)
1747 (21, 67)
1748 (21, 68)
1749 (21, 69)
1750 (21, 70)
1751 (21, 71)
1752 (21, 72)
1753 (21, 73)
1754 (21, 74)
1755 (21, 75)
1756 (21, 76)
1757 (21, 77)
1758 (21, 78)
1759 (21, 79)
1760 (22, 0)
1761 (22, 1)
1762 (22, 2)
1763 (22, 3)
1764 (22, 4)
1765 (22, 5)
1766 (22, 6)
1767 (22, 7)
1768 (22, 8)
1769 (22, 9)
1770 (22, 10)
1771 (22, 11)
1772 (22, 12)
1773 (22, 13)
1774 (22, 14)
1775 (22, 15)
1776 (22, 16)
1777 (22, 17)
1778 (22, 18)
1779 (22, 19)
1780 (22, 20)
1781 (22, 21)
1782 (22, 22)
1783 (22, 23)
1784 (22, 24)
1785 (22, 25)
1786 (22, 26)
1787 (22, 27)
1788 (22, 28)
1789 (22, 29)
1790 (22, 30)
1791 (22, 31)
1792 (22, 32)
1793 (22, 33)
1794 (22, 34)
1795 (22, 35)
1796 (22, 36)
1797 (22, 37)
1798 (22, 38)
1799 (22, 39)
1800 (22, 40)
1801 (22, 41)
1802 (22, 42)
1803 (22, 43)
1804 (22, 44)
1805 (22, 45)
1806 (22, 46)
1807 (22, 47)
1808 (22, 48)
1809 (22, 49)
1810 (22, 50)
1811 (22, 51)
1812 (22, 52)
1813 (22, 53)
1814 (22, 54)
1815 (22, 55)
1816 (22, 56)
1817 (22, 57)
1818 (22, 58)
1819 (22, 59)
1820 (22, 60)
1821 (22, 61)
1822 (22, 62)
1823 (22, 63)
1824 (22, 64)
1825 (22, 65)
1826 (22, 66)
1827 (22, 67)
1828 (22, 68)
1829 (22, 69)
1830 (22, 70)
1831 (22, 71)
1832 (22, 72)
1833 (22, 73)
1834 (22, 74)
1835 (22, 75)
1836 (22, 76)
1837 (22, 77)
1838 (22, 78)
1839 (22, 79)
1840 (23, 0)
1841 (23, 1)
1842 (23, 2)
1843 (23, 3)
1844 (23, 4)
1845 (23, 5)
1846 (23, 6)
1847 (23, 7)
1848 (23, 8)
1849 (23, 9)
1850 (23, 10)
1851 (23, 11)
1852 (23, 12)
1853 (23, 13)
1854 (23, 14)
1855 (23, 15)
1856 (23, 16)
1857 (23, 17)
1858 (23, 18)
1859 (23, 19)
1860 (23, 20)
1861 (23, 21)
1862 (23, 22)
1863 (23, 23)
1864 (23, 24)
1865 (23, 25)
1866 (23, 26)
1867 (23, 27)
1868 (23, 28)
1869 (23, 29)
1870 (23, 30)
1871 (23, 31)
1872 (23, 32)
1873 (23, 33)
1874 (23, 34)
1875 (23, 35)
1876 (23, 36)
1877 (23, 37)
1878 (23, 38)
1879 (23, 39)
1880 (23, 40)
1881 (23, 41)
1882 (23, 42)
1883 (23, 43)
1884 (23, 44)
1885 (23, 45)
1886 (23, 46)
1887 (23, 47)
1888 (23, 48)
1889 (23, 49)
1890 (23, 50)
1891 (23, 51)
1892 (23, 52)
1893 (23, 53)
1894 (23, 54)
1895 (23, 55)
1896 (23, 56)
1897 (23, 57)
1898 (23, 58)
1899 (23, 59)
1900 (23, 60)
1901 (23, 61)
1902 (23, 62)
1903 (23, 63)
1904 (23, 64)
1905 (23, 65)
1906 (23, 66)
1907 (23, 67)
1908 (23, 68)
1909 (23, 69)
1910 (23, 70)
1911 (23, 71)
1912 (23, 72)
1913 (23, 73)
1914 (23, 74)
1915 (23, 75)
1916 (23, 76)
1917 (23, 77)
1918 (23, 78)
1919 (23, 79)
1920 (24, 0)
1921 (24, 1)
1922 (24, 2)
1923 (24, 3)
1924 (24, 4)
1925 (24, 5)
1926 (24, 6)
1927 (24, 7)
1928 (24, 8)
1929 (24, 9)
1930 (24, 10)
1931 (24, 11)
1932 (24, 12)
1933 (24, 13)
1934 (24, 14)
1935 (24, 15)
1936 (24, 16)
1937 (24, 17)
1938 (24, 18)
1939 (24, 19)
1940 (24, 20)
1941 (24, 21)
1942 (24, 22)
1943 (24, 23)
1944 (24, 24)
1945 (24, 25)
1946 (24, 26)
1947 (24, 27)
1948 (24, 28)
1949 (24, 29)
1950 (24, 30)
1951 (24, 31)
1952 (24, 32)
1953 (24, 33)
1954 (24, 34)
1955 (24, 35)
1956 (24, 36)
1957 (24, 37)
1958 (24, 38)
1959 (24, 39)
1960 (24, 40)
1961 (24, 41)
1962 (24, 42)
1963 (24, 43)
1964 (24, 44)
1965 (24, 45)
1966 (24, 46)
1967 (24, 47)
1968 (24, 48)
1969 (24, 49)
1970 (24, 50)
1971 (24, 51)
1972 (24, 52)
1973 (24, 53)
1974 (24, 54)
1975 (24, 55)
1976 (24, 56)
1977 (24, 57)
1978 (24, 58)
1979 (24, 59)
1980 (24, 60)
1981 (24, 61)
1982 (24, 62)
1983 (24, 63)
1984 (24, 64)
1985 (24, 65)
1986 (24, 66)
1987 (24, 67)
1988 (24, 68)
1989 (24, 69)
1990 (24, 70)
1991 (24, 71)
1992 (24, 72)
1993 (24, 73)
1994 (24, 74)
1995 (24, 75)
1996 (24, 76)
1997 (24, 77)
1998 (24, 78)
1999 (24, 79)
2000 (25, 0)
2001 (25, 1)
2002 (25, 2)
2003 (25, 3)
2004 (25, 4)
2005 (25, 5)
2006 (25, 6)
2007 (25, 7)
2008 (25, 8)
2009 (25, 9)
2010 (25, 10)
2011 (25, 11)
2012 (25, 12)
2013 (25, 13)
2014 (25, 14)
2015 (25, 15)
2016 (25, 16)
2017 (25, 17)
2018 (25, 18)
2019 (25, 19)
2020 (25, 20)
2021 (25, 21)
2022 (25, 22)
2023 (25, 23)
2024 (25, 24)
2025 (25, 25)
2026 (25, 26)
2027 (25, 27)
2028 (25, 28)
2029 (25, 29)
2030 (25, 30)
2031 (25, 31)
2032 (25, 32)
2033 (25, 33)
2034 (25, 34)
2035 (25, 35)
2036 (25, 36)
2037 (25, 37)
2038 (25, 38)
2039 (25, 39)
2040 (25, 40)
2041 (25, 41)
2042 (25, 42)
2043 (25, 43)
2044 (25, 44)
2045 (25, 45)
2046 (25, 46)
2047 (25, 47)
2048 (25, 48)
2049 (25, 49)
2050 (25, 50)
2051 (25, 51)
2052 (25, 52)
2053 (25, 53)
2054 (25, 54)
2055 (25, 55)
2056 (25, 56)
2057 (25, 57)
2058 (25, 58)
2059 (25, 59)
2060 (25, 60)
2061 (25, 61)
2062 (25, 62)
2063 (25, 63)
2064 (25, 64)
2065 (25, 65)
2066 (25, 66)
2067 (25, 67)
2068 (25, 68)
2069 (25, 69)
2070 (25, 70)
2071 (25, 71)
2072 (25, 72)
2073 (25, 73)
2074 (25, 74)
2075 (25, 75)
2076 (25, 76)
2077 (25, 77)
2078 (25, 78)
2079 (25, 79)
2080 (26, 0)
2081 (26, 1)
2082 (26, 2)
2083 (26, 3)
2084 (26, 4)
2085 (26, 5)
2086 (26, 6)
2087 (26, 7)
2088 (26, 8)
2089 (26, 9)
2090 (26, 10)
2091 (26, 11)
2092 (26, 12)
2093 (26, 13)
2094 (26, 14)
2095 (26, 15)
2096 (26, 16)
2097 (26, 17)
2098 (26, 18)
2099 (26, 19)
2100 (26, 20)
2101 (26, 21)
2102 (26, 22)
2103 (26, 23)
2104 (26, 24)
2105 (26, 25)
2106 (26, 26)
2107 (26, 27)
2108 (26, 28)
2109 (26, 29)
2110 (26, 30)
2111 (26, 31)
2112 (26, 32)
2113 (26, 33)
2114 (26, 34)
2115 (26, 35)
2116 (26, 36)
2117 (26, 37)
2118 (26, 38)
2119 (26, 39)
2120 (26, 40)
2121 (26, 41)
2122 (26, 42)
2123 (26, 43)
2124 (26, 44)
2125 (26, 45)
2126 (26, 46)
2127 (26, 47)
2128 (26, 48)
2129 (26, 49)
2130 (26, 50)
2131 (26, 51)
2132 (26, 52)
2133 (26, 53)
2134 (26, 54)
2135 (26, 55)
2136 (26, 56)
2137 (26, 57)
2138 (26, 58)
2139 (26, 59)
2140 (26, 60)
2141 (26, 61)
2142 (26, 62)
2143 (26, 63)
2144 (26, 64)
2145 (26, 65)
2146 (26, 66)
2147 (26, 67)
2148 (26, 68)
2149 (26, 69)
2150 (26, 70)
2151 (26, 71)
2152 (26, 72)
2153 (26, 73)
2154 (26, 74)
2155 (26, 75)
2156 (26, 76)
2157 (26, 77)
2158 (26, 78)
2159 (26, 79)
2160 (27, 0)
2161 (27, 1)
2162 (27, 2)
2163 (27, 3)
2164 (27, 4)
2165 (27, 5)
2166 (27, 6)
2167 (27, 7)
2168 (27, 8)
2169 (27, 9)
2170 (27, 10)
2171 (27, 11)
2172 (27, 12)
2173 (27, 13)
2174 (27, 14)
2175 (27, 15)
2176 (27, 16)
2177 (27, 17)
2178 (27, 18)
2179 (27, 19)
2180 (27, 20)
2181 (27, 21)
2182 (27, 22)
2183 (27, 23)
2184 (27, 24)
2185 (27, 25)
2186 (27, 26)
2187 (27, 27)
2188 (27, 28)
2189 (27, 29)
2190 (27, 30)
2191 (27, 31)
2192 (27, 32)
2193 (27, 33)
2194 (27, 34)
2195 (27, 35)
2196 (27, 36)
2197 (27, 37)
2198 (27, 38)
2199 (27, 39)
2200 (27, 40)
2201 (27, 41)
2202 (27, 42)
2203 (27, 43)
2204 (27, 44)
2205 (27, 45)
2206 (27, 46)
2207 (27, 47)
2208 (27, 48)
2209 (27, 49)
2210 (27, 50)
2211 (27, 51)
2212 (27, 52)
2213 (27, 53)
2214 (27, 54)
2215 (27, 55)
2216 (27, 56)
2217 (27, 57)
2218 (27, 58)
2219 (27, 59)
2220 (27, 60)
2221 (27, 61)
2222 (27, 62)
2223 (27, 63)
2224 (27, 64)
2225 (27, 65)
2226 (27, 66)
2227 (27, 67)
2228 (27, 68)
2229 (27, 69)
2230 (27, 70)
2231 (27, 71)
2232 (27, 72)
2233 (27, 73)
2234 (27, 74)
2235 (27, 75)
2236 (27, 76)
2237 (27, 77)
2238 (27, 78)
2239 (27, 79)
2240 (28, 0)
2241 (28, 1)
2242 (28, 2)
2243 (28, 3)
2244 (28, 4)
2245 (28, 5)
2246 (28, 6)
2247 (28, 7)
2248 (28, 8)
2249 (28, 9)
2250 (28, 10)
2251 (28, 11)
2252 (28, 12)
2253 (28, 13)
2254 (28, 14)
2255 (28, 15)
2256 (28, 16)
2257 (28, 17)
2258 (28, 18)
2259 (28, 19)
2260 (28, 20)
2261 (28, 21)
2262 (28, 22)
2263 (28, 23)
2264 (28, 24)
2265 (28, 25)
2266 (28, 26)
2267 (28, 27)
2268 (28, 28)
2269 (28, 29)
2270 (28, 30)
2271 (28, 31)
2272 (28, 32)
2273 (28, 33)
2274 (28, 34)
2275 (28, 35)
2276 (28, 36)
2277 (28, 37)
2278 (28, 38)
2279 (28, 39)
2280 (28, 40)
2281 (28, 41)
2282 (28, 42)
2283 (28, 43)
2284 (28, 44)
2285 (28, 45)
2286 (28, 46)
2287 (28, 47)
2288 (28, 48)
2289 (28, 49)
2290 (28, 50)
2291 (28, 51)
2292 (28, 52)
2293 (28, 53)
2294 (28, 54)
2295 (28, 55)
2296 (28, 56)
2297 (28, 57)
2298 (28, 58)
2299 (28, 59)
2300 (28, 60)
2301 (28, 61)
2302 (28, 62)
2303 (28, 63)
2304 (28, 64)
2305 (28, 65)
2306 (28, 66)
2307 (28, 67)
2308 (28, 68)
2309 (28, 69)
2310 (28, 70)
2311 (28, 71)
2312 (28, 72)
2313 (28, 73)
2314 (28, 74)
2315 (28, 75)
2316 (28, 76)
2317 (28, 77)
2318 (28, 78)
2319 (28, 79)
2320 (29, 0)
2321 (29, 1)
2322 (29, 2)
2323 (29, 3)
2324 (29, 4)
2325 (29, 5)
2326 (29, 6)
2327 (29, 7)
2328 (29, 8)
2329 (29, 9)
2330 (29, 10)
2331 (29, 11)
2332 (29, 12)
2333 (29, 13)
2334 (29, 14)
2335 (29, 15)
2336 (29, 16)
2337 (29, 17)
2338 (29, 18)
2339 (29, 19)
2340 (29, 20)
2341 (29, 21)
2342 (29, 22)
2343 (29, 23)
2344 (29, 24)
2345 (29, 25)
2346 (29, 26)
2347 (29, 27)
2348 (29, 28)
2349 (29, 29)
2350 (29, 30)
2351 (29, 31)
2352 (29, 32)
2353 (29, 33)
2354 (29, 34)
2355 (29, 35)
2356 (29, 36)
2357 (29, 37)
2358 (29, 38)
2359 (29, 39)
2360 (29, 40)
2361 (29, 41)
2362 (29, 42)
2363 (29, 43)
2364 (29, 44)
2365 (29, 45)
2366 (29, 46)
2367 (29, 47)
2368 (29, 48)
2369 (29, 49)
2370 (29, 50)
2371 (29, 51)
2372 (29, 52)
2373 (29, 53)
2374 (29, 54)
2375 (29, 55)
2376 (29, 56)
2377 (29, 57)
2378 (29, 58)
2379 (29, 59)
2380 (29, 60)
2381 (29, 61)
2382 (29, 62)
2383 (29, 63)
2384 (29, 64)
2385 (29, 65)
2386 (29, 66)
2387 (29, 67)
2388 (29, 68)
2389 (29, 69)
2390 (29, 70)
2391 (29, 71)
2392 (29, 72)
2393 (29, 73)
2394 (29, 74)
2395 (29, 75)
2396 (29, 76)
2397 (29, 77)
2398 (29, 78)
2399 (29, 79)
2400 (30, 0)
2401 (30, 1)
2402 (30, 2)
2403 (30, 3)
2404 (30, 4)
2405 (30, 5)
2406 (30, 6)
2407 (30, 7)
2408 (30, 8)
2409 (30, 9)
2410 (30, 10)
2411 (30, 11)
2412 (30, 12)
2413 (30, 13)
2414 (30, 14)
2415 (30, 15)
2416 (30, 16)
2417 (30, 17)
2418 (30, 18)
2419 (30, 19)
2420 (30, 20)
2421 (30, 21)
2422 (30, 22)
2423 (30, 23)
2424 (30, 24)
2425 (30, 25)
2426 (30, 26)
2427 (30, 27)
2428 (30, 28)
2429 (30, 29)
2430 (30, 30)
2431 (30, 31)
2432 (30, 32)
2433 (30, 33)
2434 (30, 34)
2435 (30, 35)
2436 (30, 36)
2437 (30, 37)
2438 (30, 38)
2439 (30, 39)
2440 (30, 40)
2441 (30, 41)
2442 (30, 42)
2443 (30, 43)
2444 (30, 44)
2445 (30, 45)
2446 (30, 46)
2447 (30, 47)
2448 (30, 48)
2449 (30, 49)
2450 (30, 50)
2451 (30, 51)
2452 (30, 52)
2453 (30, 53)
2454 (30, 54)
2455 (30, 55)
2456 (30, 56)
2457 (30, 57)
2458 (30, 58)
2459 (30, 59)
2460 (30, 60)
2461 (30, 61)
2462 (30, 62)
2463 (30, 63)
2464 (30, 64)
2465 (30, 65)
2466 (30, 66)
2467 (30, 67)
2468 (30, 68)
2469 (30, 69)
2470 (30, 70)
2471 (30, 71)
2472 (30, 72)
2473 (30, 73)
2474 (30, 74)
2475 (30, 75)
2476 (30, 76)
2477 (30, 77)
2478 (30, 78)
2479 (30, 79)
2480 (31, 0)
2481 (31, 1)
2482 (31, 2)
2483 (31, 3)
2484 (31, 4)
2485 (31, 5)
2486 (31, 6)
2487 (31, 7)
2488 (31, 8)
2489 (31, 9)
2490 (31, 10)
2491 (31, 11)
2492 (31, 12)
2493 (31, 13)
2494 (31, 14)
2495 (31, 15)
2496 (31, 16)
2497 (31, 17)
2498 (31, 18)
2499 (31, 19)
2500 (31, 20)
2501 (31, 21)
2502 (31, 22)
2503 (31, 23)
2504 (31, 24)
2505 (31, 25)
2506 (31, 26)
2507 (31, 27)
2508 (31, 28)
2509 (31, 29)
2510 (31, 30)
2511 (31, 31)
2512 (31, 32)
2513 (31, 33)
2514 (31, 34)
2515 (31, 35)
2516 (31, 36)
2517 (31, 37)
2518 (31, 38)
2519 (31, 39)
2520 (31, 40)
2521 (31, 41)
2522 (31, 42)
2523 (31, 43)
2524 (31, 44)
2525 (31, 45)
2526 (31, 46)
2527 (31, 47)
2528 (31, 48)
2529 (31, 49)
2530 (31, 50)
2531 (31, 51)
2532 (31, 52)
2533 (31, 53)
2534 (31, 54)
2535 (31, 55)
2536 (31, 56)
2537 (31, 57)
2538 (31, 58)
2539 (31, 59)
2540 (31, 60)
2541 (31, 61)
2542 (31, 62)
2543 (31, 63)
2544 (31, 64)
2545 (31, 65)
2546 (31, 66)
2547 (31, 67)
2548 (31, 68)
2549 (31, 69)
2550 (31, 70)
2551 (31, 71)
2552 (31, 72)
2553 (31, 73)
2554 (31, 74)
2555 (31, 75)
2556 (31, 76)
2557 (31, 77)
2558 (31, 78)
2559 (31, 79)
2560 (32, 0)
2561 (32, 1)
2562 (32, 2)
2563 (32, 3)
2564 (32, 4)
2565 (32, 5)
2566 (32, 6)
2567 (32, 7)
2568 (32, 8)
2569 (32, 9)
2570 (32, 10)
2571 (32, 11)
2572 (32, 12)
2573 (32, 13)
2574 (32, 14)
2575 (32, 15)
2576 (32, 16)
2577 (32, 17)
2578 (32, 18)
2579 (32, 19)
2580 (32, 20)
2581 (32, 21)
2582 (32, 22)
2583 (32, 23)
2584 (32, 24)
2585 (32, 25)
2586 (32, 26)
2587 (32, 27)
2588 (32, 28)
2589 (32, 29)
2590 (32, 30)
2591 (32, 31)
2592 (32, 32)
2593 (32, 33)
2594 (32, 34)
2595 (32, 35)
2596 (32, 36)
2597 (32, 37)
2598 (32, 38)
2599 (32, 39)
2600 (32, 40)
2601 (32, 41)
2602 (32, 42)
2603 (32, 43)
2604 (32, 44)
2605 (32, 45)
2606 (32, 46)
2607 (32, 47)
2608 (32, 48)
2609 (32, 49)
2610 (32, 50)
2611 (32, 51)
2612 (32, 52)
2613 (32, 53)
2614 (32, 54)
2615 (32, 55)
2616 (32, 56)
2617 (32, 57)
2618 (32, 58)
2619 (32, 59)
2620 (32, 60)
2621 (32, 61)
2622 (32, 62)
2623 (32, 63)
2624 (32, 64)
2625 (32, 65)
2626 (32, 66)
2627 (32, 67)
2628 (32, 68)
2629 (32, 69)
2630 (32, 70)
2631 (32, 71)
2632 (32, 72)
2633 (32, 73)
2634 (32, 74)
2635 (32, 75)
2636 (32, 76)
2637 (32, 77)
2638 (32, 78)
2639 (32, 79)
2640 (33, 0)
2641 (33, 1)
2642 (33, 2)
2643 (33, 3)
2644 (33, 4)
2645 (33, 5)
2646 (33, 6)
2647 (33, 7)
2648 (33, 8)
2649 (33, 9)
2650 (33, 10)
2651 (33, 11)
2652 (33, 12)
2653 (33, 13)
2654 (33, 14)
2655 (33, 15)
2656 (33, 16)
2657 (33, 17)
2658 (33, 18)
2659 (33, 19)
2660 (33, 20)
2661 (33, 21)
2662 (33, 22)
2663 (33, 23)
2664 (33, 24)
2665 (33, 25)
2666 (33, 26)
2667 (33, 27)
2668 (33, 28)
2669 (33, 29)
2670 (33, 30)
2671 (33, 31)
2672 (33, 32)
2673 (33, 33)
2674 (33, 34)
2675 (33, 35)
2676 (33, 36)
2677 (33, 37)
2678 (33, 38)
2679 (33, 39)
2680 (33, 40)
2681 (33, 41)
2682 (33, 42)
2683 (33, 43)
2684 (33, 44)
2685 (33, 45)
2686 (33, 46)
2687 (33, 47)
2688 (33, 48)
2689 (33, 49)
2690 (33, 50)
2691 (33, 51)
2692 (33, 52)
2693 (33, 53)
2694 (33, 54)
2695 (33, 55)
2696 (33, 56)
2697 (33, 57)
2698 (33, 58)
2699 (33, 59)
2700 (33, 60)
2701 (33, 61)
2702 (33, 62)
2703 (33, 63)
2704 (33, 64)
2705 (33, 65)
2706 (33, 66)
2707 (33, 67)
2708 (33, 68)
2709 (33, 69)
2710 (33, 70)
2711 (33, 71)
2712 (33, 72)
2713 (33, 73)
2714 (33, 74)
2715 (33, 75)
2716 (33, 76)
2717 (33, 77)
2718 (33, 78)
2719 (33, 79)
2720 (34, 0)
2721 (34, 1)
2722 (34, 2)
2723 (34, 3)
2724 (34, 4)
2725 (34, 5)
2726 (34, 6)
2727 (34, 7)
2728 (34, 8)
2729 (34, 9)
2730 (34, 10)
2731 (34, 11)
2732 (34, 12)
2733 (34, 13)
2734 (34, 14)
2735 (34, 15)
2736 (34, 16)
2737 (34, 17)
2738 (34, 18)
2739 (34, 19)
2740 (34, 20)
2741 (34, 21)
2742 (34, 22)
2743 (34, 23)
2744 (34, 24)
2745 (34, 25)
2746 (34, 26)
2747 (34, 27)
2748 (34, 28)
2749 (34, 29)
2750 (34, 30)
2751 (34, 31)
2752 (34, 32)
2753 (34, 33)
2754 (34, 34)
2755 (34, 35)
2756 (34, 36)
2757 (34, 37)
2758 (34, 38)
2759 (34, 39)
2760 (34, 40)
2761 (34, 41)
2762 (34, 42)
2763 (34, 43)
2764 (34, 44)
2765 (34, 45)
2766 (34, 46)
2767 (34, 47)
2768 (34, 48)
2769 (34, 49)
2770 (34, 50)
2771 (34, 51)
2772 (34, 52)
2773 (34, 53)
2774 (34, 54)
2775 (34, 55)
2776 (34, 56)
2777 (34, 57)
2778 (34, 58)
2779 (34, 59)
2780 (34, 60)
2781 (34, 61)
2782 (34, 62)
2783 (34, 63)
2784 (34, 64)
2785 (34, 65)
2786 (34, 66)
2787 (34, 67)
2788 (34, 68)
2789 (34, 69)
2790 (34, 70)
2791 (34, 71)
2792 (34, 72)
2793 (34, 73)
2794 (34, 74)
2795 (34, 75)
2796 (34, 76)
2797 (34, 77)
2798 (34, 78)
2799 (34, 79)
2800 (35, 0)
2801 (35, 1)
2802 (35, 2)
2803 (35, 3)
2804 (35, 4)
2805 (35, 5)
2806 (35, 6)
2807 (35, 7)
2808 (35, 8)
2809 (35, 9)
2810 (35, 10)
2811 (35, 11)
2812 (35, 12)
2813 (35, 13)
2814 (35, 14)
2815 (35, 15)
2816 (35, 16)
2817 (35, 17)
2818 (35, 18)
2819 (35, 19)
2820 (35, 20)
2821 (35, 21)
2822 (35, 22)
2823 (35, 23)
2824 (35, 24)
2825 (35, 25)
2826 (35, 26)
2827 (35, 27)
2828 (35, 28)
2829 (35, 29)
2830 (35, 30)
2831 (35, 31)
2832 (35, 32)
2833 (35, 33)
2834 (35, 34)
2835 (35, 35)
2836 (35, 36)
2837 (35, 37)
2838 (35, 38)
2839 (35, 39)
2840 (35, 40)
2841 (35, 41)
2842 (35, 42)
2843 (35, 43)
2844 (35, 44)
2845 (35, 45)
2846 (35, 46)
2847 (35, 47)
2848 (35, 48)
2849 (35, 49)
2850 (35, 50)
2851 (35, 51)
2852 (35, 52)
2853 (35, 53)
2854 (35, 54)
2855 (35, 55)
2856 (35, 56)
2857 (35, 57)
2858 (35, 58)
2859 (35, 59)
2860 (35, 60)
2861 (35, 61)
2862 (35, 62)
2863 (35, 63)
2864 (35, 64)
2865 (35, 65)
2866 (35, 66)
2867 (35, 67)
2868 (35, 68)
2869 (35, 69)
2870 (35, 70)
2871 (35, 71)
2872 (35, 72)
2873 (35, 73)
2874 (35, 74)
2875 (35, 75)
2876 (35, 76)
2877 (35, 77)
2878 (35, 78)
2879 (35, 79)
2880 (36, 0)
2881 (36, 1)
2882 (36, 2)
2883 (36, 3)
2884 (36, 4)
2885 (36, 5)
2886 (36, 6)
2887 (36, 7)
2888 (36, 8)
2889 (36, 9)
2890 (36, 10)
2891 (36, 11)
2892 (36, 12)
2893 (36, 13)
2894 (36, 14)
2895 (36, 15)
2896 (36, 16)
2897 (36, 17)
2898 (36, 18)
2899 (36, 19)
2900 (36, 20)
2901 (36, 21)
2902 (36, 22)
2903 (36, 23)
2904 (36, 24)
2905 (36, 25)
2906 (36, 26)
2907 (36, 27)
2908 (36, 28)
2909 (36, 29)
2910 (36, 30)
2911 (36, 31)
2912 (36, 32)
2913 (36, 33)
2914 (36, 34)
2915 (36, 35)
2916 (36, 36)
2917 (36, 37)
2918 (36, 38)
2919 (36, 39)
2920 (36, 40)
2921 (36, 41)
2922 (36, 42)
2923 (36, 43)
2924 (36, 44)
2925 (36, 45)
2926 (36, 46)
2927 (36, 47)
2928 (36, 48)
2929 (36, 49)
2930 (36, 50)
2931 (36, 51)
2932 (36, 52)
2933 (36, 53)
2934 (36, 54)
2935 (36, 55)
2936 (36, 56)
2937 (36, 57)
2938 (36, 58)
2939 (36, 59)
2940 (36, 60)
2941 (36, 61)
2942 (36, 62)
2943 (36, 63)
2944 (36, 64)
2945 (36, 65)
2946 (36, 66)
2947 (36, 67)
2948 (36, 68)
2949 (36, 69)
2950 (36, 70)
2951 (36, 71)
2952 (36, 72)
2953 (36, 73)
2954 (36, 74)
2955 (36, 75)
2956 (36, 76)
2957 (36, 77)
2958 (36, 78)
2959 (36, 79)
2960 (37, 0)
2961 (37, 1)
2962 (37, 2)
2963 (37, 3)
2964 (37, 4)
2965 (37, 5)
2966 (37, 6)
2967 (37, 7)
2968 (37, 8)
2969 (37, 9)
2970 (37, 10)
2971 (37, 11)
2972 (37, 12)
2973 (37, 13)
2974 (37, 14)
2975 (37, 15)
2976 (37, 16)
2977 (37, 17)
2978 (37, 18)
2979 (37, 19)
2980 (37, 20)
2981 (37, 21)
2982 (37, 22)
2983 (37, 23)
2984 (37, 24)
2985 (37, 25)
2986 (37, 26)
2987 (37, 27)
2988 (37, 28)
2989 (37, 29)
2990 (37, 30)
2991 (37, 31)
2992 (37, 32)
2993 (37, 33)
2994 (37, 34)
2995 (37, 35)
2996 (37, 36)
2997 (37, 37)
2998 (37, 38)
2999 (37, 39)
3000 (37, 40)
3001 (37, 41)
3002 (37, 42)
3003 (37, 43)
3004 (37, 44)
3005 (37, 45)
3006 (37, 46)
3007 (37, 47)
3008 (37, 48)
3009 (37, 49)
3010 (37, 50)
3011 (37, 51)
3012 (37, 52)
3013 (37, 53)
3014 (37, 54)
3015 (37, 55)
3016 (37, 56)
3017 (37, 57)
3018 (37, 58)
3019 (37, 59)
3020 (37, 60)
3021 (37, 61)
3022 (37, 62)
3023 (37, 63)
3024 (37, 64)
3025 (37, 65)
3026 (37, 66)
3027 (37, 67)
3028 (37, 68)
3029 (37, 69)
3030 (37, 70)
3031 (37, 71)
3032 (37, 72)
3033 (37, 73)
3034 (37, 74)
3035 (37, 75)
3036 (37, 76)
3037 (37, 77)
3038 (37, 78)
3039 (37, 79)
3040 (38, 0)
3041 (38, 1)
3042 (38, 2)
3043 (38, 3)
3044 (38, 4)
3045 (38, 5)
3046 (38, 6)
3047 (38, 7)
3048 (38, 8)
3049 (38, 9)
3050 (38, 10)
3051 (38, 11)
3052 (38, 12)
3053 (38, 13)
3054 (38, 14)
3055 (38, 15)
3056 (38, 16)
3057 (38, 17)
3058 (38, 18)
3059 (38, 19)
3060 (38, 20)
3061 (38, 21)
3062 (38, 22)
3063 (38, 23)
3064 (38, 24)
3065 (38, 25)
3066 (38, 26)
3067 (38, 27)
3068 (38, 28)
3069 (38, 29)
3070 (38, 30)
3071 (38, 31)
3072 (38, 32)
3073 (38, 33)
3074 (38, 34)
3075 (38, 35)
3076 (38, 36)
3077 (38, 37)
3078 (38, 38)
3079 (38, 39)
3080 (38, 40)
3081 (38, 41)
3082 (38, 42)
3083 (38, 43)
3084 (38, 44)
3085 (38, 45)
3086 (38, 46)
3087 (38, 47)
3088 (38, 48)
3089 (38, 49)
3090 (38, 50)
3091 (38, 51)
3092 (38, 52)
3093 (38, 53)
3094 (38, 54)
3095 (38, 55)
3096 (38, 56)
3097 (38, 57)
3098 (38, 58)
3099 (38, 59)
3100 (38, 60)
3101 (38, 61)
3102 (38, 62)
3103 (38, 63)
3104 (38, 64)
3105 (38, 65)
3106 (38, 66)
3107 (38, 67)
3108 (38, 68)
3109 (38, 69)
3110 (38, 70)
3111 (38, 71)
3112 (38, 72)
3113 (38, 73)
3114 (38, 74)
3115 (38, 75)
3116 (38, 76)
3117 (38, 77)
3118 (38, 78)
3119 (38, 79)
3120 (39, 0)
3121 (39, 1)
3122 (39, 2)
3123 (39, 3)
3124 (39, 4)
3125 (39, 5)
3126 (39, 6)
3127 (39, 7)
3128 (39, 8)
3129 (39, 9)
3130 (39, 10)
3131 (39, 11)
3132 (39, 12)
3133 (39, 13)
3134 (39, 14)
3135 (39, 15)
3136 (39, 16)
3137 (39, 17)
3138 (39, 18)
3139 (39, 19)
3140 (39, 20)
3141 (39, 21)
3142 (39, 22)
3143 (39, 23)
3144 (39, 24)
3145 (39, 25)
3146 (39, 26)
3147 (39, 27)
3148 (39, 28)
3149 (39, 29)
3150 (39, 30)
3151 (39, 31)
3152 (39, 32)
3153 (39, 33)
3154 (39, 34)
3155 (39, 35)
3156 (39, 36)
3157 (39, 37)
3158 (39, 38)
3159 (39, 39)
3160 (39, 40)
3161 (39, 41)
3162 (39, 42)
3163 (39, 43)
3164 (39, 44)
3165 (39, 45)
3166 (39, 46)
3167 (39, 47)
3168 (39, 48)
3169 (39, 49)
3170 (39, 50)
3171 (39, 51)
3172 (39, 52)
3173 (39, 53)
3174 (39, 54)
3175 (39, 55)
3176 (39, 56)
3177 (39, 57)
3178 (39, 58)
3179 (39, 59)
3180 (39, 60)
3181 (39, 61)
3182 (39, 62)
3183 (39, 63)
3184 (39, 64)
3185 (39, 65)
3186 (39, 66)
3187 (39, 67)
3188 (39, 68)
3189 (39, 69)
3190 (39, 70)
3191 (39, 71)
3192 (39, 72)
3193 (39, 73)
3194 (39, 74)
3195 (39, 75)
3196 (39, 76)
3197 (39, 77)
3198 (39, 78)
3199 (39, 79)
3200 (40, 0)
3201 (40, 1)
3202 (40, 2)
3203 (40, 3)
3204 (40, 4)
3205 (40, 5)
3206 (40, 6)
3207 (40, 7)
3208 (40, 8)
3209 (40, 9)
3210 (40, 10)
3211 (40, 11)
3212 (40, 12)
3213 (40, 13)
3214 (40, 14)
3215 (40, 15)
3216 (40, 16)
3217 (40, 17)
3218 (40, 18)
3219 (40, 19)
3220 (40, 20)
3221 (40, 21)
3222 (40, 22)
3223 (40, 23)
3224 (40, 24)
3225 (40, 25)
3226 (40, 26)
3227 (40, 27)
3228 (40, 28)
3229 (40, 29)
3230 (40, 30)
3231 (40, 31)
3232 (40, 32)
3233 (40, 33)
3234 (40, 34)
3235 (40, 35)
3236 (40, 36)
3237 (40, 37)
3238 (40, 38)
3239 (40, 39)
3240 (40, 40)
3241 (40, 41)
3242 (40, 42)
3243 (40, 43)
3244 (40, 44)
3245 (40, 45)
3246 (40, 46)
3247 (40, 47)
3248 (40, 48)
3249 (40, 49)
3250 (40, 50)
3251 (40, 51)
3252 (40, 52)
3253 (40, 53)
3254 (40, 54)
3255 (40, 55)
3256 (40, 56)
3257 (40, 57)
3258 (40, 58)
3259 (40, 59)
3260 (40, 60)
3261 (40, 61)
3262 (40, 62)
3263 (40, 63)
3264 (40, 64)
3265 (40, 65)
3266 (40, 66)
3267 (40, 67)
3268 (40, 68)
3269 (40, 69)
3270 (40, 70)
3271 (40, 71)
3272 (40, 72)
3273 (40, 73)
3274 (40, 74)
3275 (40, 75)
3276 (40, 76)
3277 (40, 77)
3278 (40, 78)
3279 (40, 79)
3280 (41, 0)
3281 (41, 1)
3282 (41, 2)
3283 (41, 3)
3284 (41, 4)
3285 (41, 5)
3286 (41, 6)
3287 (41, 7)
3288 (41, 8)
3289 (41, 9)
3290 (41, 10)
3291 (41, 11)
3292 (41, 12)
3293 (41, 13)
3294 (41, 14)
3295 (41, 15)
3296 (41, 16)
3297 (41, 17)
3298 (41, 18)
3299 (41, 19)
3300 (41, 20)
3301 (41, 21)
3302 (41, 22)
3303 (41, 23)
3304 (41, 24)
3305 (41, 25)
3306 (41, 26)
3307 (41, 27)
3308 (41, 28)
3309 (41, 29)
3310 (41, 30)
3311 (41, 31)
3312 (41, 32)
3313 (41, 33)
3314 (41, 34)
3315 (41, 35)
3316 (41, 36)
3317 (41, 37)
3318 (41, 38)
3319 (41, 39)
3320 (41, 40)
3321 (41, 41)
3322 (41, 42)
3323 (41, 43)
3324 (41, 44)
3325 (41, 45)
3326 (41, 46)
3327 (41, 47)
3328 (41, 48)
3329 (41, 49)
3330 (41, 50)
3331 (41, 51)
3332 (41, 52)
3333 (41, 53)
3334 (41, 54)
3335 (41, 55)
3336 (41, 56)
3337 (41, 57)
3338 (41, 58)
3339 (41, 59)
3340 (41, 60)
3341 (41, 61)
3342 (41, 62)
3343 (41, 63)
3344 (41, 64)
3345 (41, 65)
3346 (41, 66)
3347 (41, 67)
3348 (41, 68)
3349 (41, 69)
3350 (41, 70)
3351 (41, 71)
3352 (41, 72)
3353 (41, 73)
3354 (41, 74)
3355 (41, 75)
3356 (41, 76)
3357 (41, 77)
3358 (41, 78)
3359 (41, 79)
3360 (42, 0)
3361 (42, 1)
3362 (42, 2)
3363 (42, 3)
3364 (42, 4)
3365 (42, 5)
3366 (42, 6)
3367 (42, 7)
3368 (42, 8)
3369 (42, 9)
3370 (42, 10)
3371 (42, 11)
3372 (42, 12)
3373 (42, 13)
3374 (42, 14)
3375 (42, 15)
3376 (42, 16)
3377 (42, 17)
3378 (42, 18)
3379 (42, 19)
3380 (42, 20)
3381 (42, 21)
3382 (42, 22)
3383 (42, 23)
3384 (42, 24)
3385 (42, 25)
3386 (42, 26)
3387 (42, 27)
3388 (42, 28)
3389 (42, 29)
3390 (42, 30)
3391 (42, 31)
3392 (42, 32)
3393 (42, 33)
3394 (42, 34)
3395 (42, 35)
3396 (42, 36)
3397 (42, 37)
3398 (42, 38)
3399 (42, 39)
3400 (42, 40)
3401 (42, 41)
3402 (42, 42)
3403 (42, 43)
3404 (42, 44)
3405 (42, 45)
3406 (42, 46)
3407 (42, 47)
3408 (42, 48)
3409 (42, 49)
3410 (42, 50)
3411 (42, 51)
3412 (42, 52)
3413 (42, 53)
3414 (42, 54)
3415 (42, 55)
3416 (42, 56)
3417 (42, 57)
3418 (42, 58)
3419 (42, 59)
3420 (42, 60)
3421 (42, 61)
3422 (42, 62)
3423 (42, 63)
3424 (42, 64)
3425 (42, 65)
3426 (42, 66)
3427 (42, 67)
3428 (42, 68)
3429 (42, 69)
3430 (42, 70)
3431 (42, 71)
3432 (42, 72)
3433 (42, 73)
3434 (42, 74)
3435 (42, 75)
3436 (42, 76)
3437 (42, 77)
3438 (42, 78)
3439 (42, 79)
3440 (43, 0)
3441 (43, 1)
3442 (43, 2)
3443 (43, 3)
3444 (43, 4)
3445 (43, 5)
3446 (43, 6)
3447 (43, 7)
3448 (43, 8)
3449 (43, 9)
3450 (43, 10)
3451 (43, 11)
3452 (43, 12)
3453 (43, 13)
3454 (43, 14)
3455 (43, 15)
3456 (43, 16)
3457 (43, 17)
3458 (43, 18)
3459 (43, 19)
3460 (43, 20)
3461 (43, 21)
3462 (43, 22)
3463 (43, 23)
3464 (43, 24)
3465 (43, 25)
3466 (43, 26)
3467 (43, 27)
3468 (43, 28)
3469 (43, 29)
3470 (43, 30)
3471 (43, 31)
3472 (43, 32)
3473 (43, 33)
3474 (43, 34)
3475 (43, 35)
3476 (43, 36)
3477 (43, 37)
3478 (43, 38)
3479 (43, 39)
3480 (43, 40)
3481 (43, 41)
3482 (43, 42)
3483 (43, 43)
3484 (43, 44)
3485 (43, 45)
3486 (43, 46)
3487 (43, 47)
3488 (43, 48)
3489 (43, 49)
3490 (43, 50)
3491 (43, 51)
3492 (43, 52)
3493 (43, 53)
3494 (43, 54)
3495 (43, 55)
3496 (43, 56)
3497 (43, 57)
3498 (43, 58)
3499 (43, 59)
3500 (43, 60)
3501 (43, 61)
3502 (43, 62)
3503 (43, 63)
3504 (43, 64)
3505 (43, 65)
3506 (43, 66)
3507 (43, 67)
3508 (43, 68)
3509 (43, 69)
3510 (43, 70)
3511 (43, 71)
3512 (43, 72)
3513 (43, 73)
3514 (43, 74)
3515 (43, 75)
3516 (43, 76)
3517 (43, 77)
3518 (43, 78)
3519 (43, 79)
3520 (44, 0)
3521 (44, 1)
3522 (44, 2)
3523 (44, 3)
3524 (44, 4)
3525 (44, 5)
3526 (44, 6)
3527 (44, 7)
3528 (44, 8)
3529 (44, 9)
3530 (44, 10)
3531 (44, 11)
3532 (44, 12)
3533 (44, 13)
3534 (44, 14)
3535 (44, 15)
3536 (44, 16)
3537 (44, 17)
3538 (44, 18)
3539 (44, 19)
3540 (44, 20)
3541 (44, 21)
3542 (44, 22)
3543 (44, 23)
3544 (44, 24)
3545 (44, 25)
3546 (44, 26)
3547 (44, 27)
3548 (44, 28)
3549 (44, 29)
3550 (44, 30)
3551 (44, 31)
3552 (44, 32)
3553 (44, 33)
3554 (44, 34)
3555 (44, 35)
3556 (44, 36)
3557 (44, 37)
3558 (44, 38)
3559 (44, 39)
3560 (44, 40)
3561 (44, 41)
3562 (44, 42)
3563 (44, 43)
3564 (44, 44)
3565 (44, 45)
3566 (44, 46)
3567 (44, 47)
3568 (44, 48)
3569 (44, 49)
3570 (44, 50)
3571 (44, 51)
3572 (44, 52)
3573 (44, 53)
3574 (44, 54)
3575 (44, 55)
3576 (44, 56)
3577 (44, 57)
3578 (44, 58)
3579 (44, 59)
3580 (44, 60)
3581 (44, 61)
3582 (44, 62)
3583 (44, 63)
3584 (44, 64)
3585 (44, 65)
3586 (44, 66)
3587 (44, 67)
3588 (44, 68)
3589 (44, 69)
3590 (44, 70)
3591 (44, 71)
3592 (44, 72)
3593 (44, 73)
3594 (44, 74)
3595 (44, 75)
3596 (44, 76)
3597 (44, 77)
3598 (44, 78)
3599 (44, 79)
3600 (45, 0)
3601 (45, 1)
3602 (45, 2)
3603 (45, 3)
3604 (45, 4)
3605 (45, 5)
3606 (45, 6)
3607 (45, 7)
3608 (45, 8)
3609 (45, 9)
3610 (45, 10)
3611 (45, 11)
3612 (45, 12)
3613 (45, 13)
3614 (45, 14)
3615 (45, 15)
3616 (45, 16)
3617 (45, 17)
3618 (45, 18)
3619 (45, 19)
3620 (45, 20)
3621 (45, 21)
3622 (45, 22)
3623 (45, 23)
3624 (45, 24)
3625 (45, 25)
3626 (45, 26)
3627 (45, 27)
3628 (45, 28)
3629 (45, 29)
3630 (45, 30)
3631 (45, 31)
3632 (45, 32)
3633 (45, 33)
3634 (45, 34)
3635 (45, 35)
3636 (45, 36)
3637 (45, 37)
3638 (45, 38)
3639 (45, 39)
3640 (45, 40)
3641 (45, 41)
3642 (45, 42)
3643 (45, 43)
3644 (45, 44)
3645 (45, 45)
3646 (45, 46)
3647 (45, 47)
3648 (45, 48)
3649 (45, 49)
3650 (45, 50)
3651 (45, 51)
3652 (45, 52)
3653 (45, 53)
3654 (45, 54)
3655 (45, 55)
3656 (45, 56)
3657 (45, 57)
3658 (45, 58)
3659 (45, 59)
3660 (45, 60)
3661 (45, 61)
3662 (45, 62)
3663 (45, 63)
3664 (45, 64)
3665 (45, 65)
3666 (45, 66)
3667 (45, 67)
3668 (45, 68)
3669 (45, 69)
3670 (45, 70)
3671 (45, 71)
3672 (45, 72)
3673 (45, 73)
3674 (45, 74)
3675 (45, 75)
3676 (45, 76)
3677 (45, 77)
3678 (45, 78)
3679 (45, 79)
3680 (46, 0)
3681 (46, 1)
3682 (46, 2)
3683 (46, 3)
3684 (46, 4)
3685 (46, 5)
3686 (46, 6)
3687 (46, 7)
3688 (46, 8)
3689 (46, 9)
3690 (46, 10)
3691 (46, 11)
3692 (46, 12)
3693 (46, 13)
3694 (46, 14)
3695 (46, 15)
3696 (46, 16)
3697 (46, 17)
3698 (46, 18)
3699 (46, 19)
3700 (46, 20)
3701 (46, 21)
3702 (46, 22)
3703 (46, 23)
3704 (46, 24)
3705 (46, 25)
3706 (46, 26)
3707 (46, 27)
3708 (46, 28)
3709 (46, 29)
3710 (46, 30)
3711 (46, 31)
3712 (46, 32)
3713 (46, 33)
3714 (46, 34)
3715 (46, 35)
3716 (46, 36)
3717 (46, 37)
3718 (46, 38)
3719 (46, 39)
3720 (46, 40)
3721 (46, 41)
3722 (46, 42)
3723 (46, 43)
3724 (46, 44)
3725 (46, 45)
3726 (46, 46)
3727 (46, 47)
3728 (46, 48)
3729 (46, 49)
3730 (46, 50)
3731 (46, 51)
3732 (46, 52)
3733 (46, 53)
3734 (46, 54)
3735 (46, 55)
3736 (46, 56)
3737 (46, 57)
3738 (46, 58)
3739 (46, 59)
3740 (46, 60)
3741 (46, 61)
3742 (46, 62)
3743 (46, 63)
3744 (46, 64)
3745 (46, 65)
3746 (46, 66)
3747 (46, 67)
3748 (46, 68)
3749 (46, 69)
3750 (46, 70)
3751 (46, 71)
3752 (46, 72)
3753 (46, 73)
3754 (46, 74)
3755 (46, 75)
3756 (46, 76)
3757 (46, 77)
3758 (46, 78)
3759 (46, 79)
3760 (47, 0)
3761 (47, 1)
3762 (47, 2)
3763 (47, 3)
3764 (47, 4)
3765 (47, 5)
3766 (47, 6)
3767 (47, 7)
3768 (47, 8)
3769 (47, 9)
3770 (47, 10)
3771 (47, 11)
3772 (47, 12)
3773 (47, 13)
3774 (47, 14)
3775 (47, 15)
3776 (47, 16)
3777 (47, 17)
3778 (47, 18)
3779 (47, 19)
3780 (47, 20)
3781 (47, 21)
3782 (47, 22)
3783 (47, 23)
3784 (47, 24)
3785 (47, 25)
3786 (47, 26)
3787 (47, 27)
3788 (47, 28)
3789 (47, 29)
3790 (47, 30)
3791 (47, 31)
3792 (47, 32)
3793 (47, 33)
3794 (47, 34)
3795 (47, 35)
3796 (47, 36)
3797 (47, 37)
3798 (47, 38)
3799 (47, 39)
3800 (47, 40)
3801 (47, 41)
3802 (47, 42)
3803 (47, 43)
3804 (47, 44)
3805 (47, 45)
3806 (47, 46)
3807 (47, 47)
3808 (47, 48)
3809 (47, 49)
3810 (47, 50)
3811 (47, 51)
3812 (47, 52)
3813 (47, 53)
3814 (47, 54)
3815 (47, 55)
3816 (47, 56)
3817 (47, 57)
3818 (47, 58)
3819 (47, 59)
3820 (47, 60)
3821 (47, 61)
3822 (47, 62)
3823 (47, 63)
3824 (47, 64)
3825 (47, 65)
3826 (47, 66)
3827 (47, 67)
3828 (47, 68)
3829 (47, 69)
3830 (47, 70)
3831 (47, 71)
3832 (47, 72)
3833 (47, 73)
3834 (47, 74)
3835 (47, 75)
3836 (47, 76)
3837 (47, 77)
3838 (47, 78)
3839 (47, 79)
3840 (48, 0)
3841 (48, 1)
3842 (48, 2)
3843 (48, 3)
3844 (48, 4)
3845 (48, 5)
3846 (48, 6)
3847 (48, 7)
3848 (48, 8)
3849 (48, 9)
3850 (48, 10)
3851 (48, 11)
3852 (48, 12)
3853 (48, 13)
3854 (48, 14)
3855 (48, 15)
3856 (48, 16)
3857 (48, 17)
3858 (48, 18)
3859 (48, 19)
3860 (48, 20)
3861 (48, 21)
3862 (48, 22)
3863 (48, 23)
3864 (48, 24)
3865 (48, 25)
3866 (48, 26)
3867 (48, 27)
3868 (48, 28)
3869 (48, 29)
3870 (48, 30)
3871 (48, 31)
3872 (48, 32)
3873 (48, 33)
3874 (48, 34)
3875 (48, 35)
3876 (48, 36)
3877 (48, 37)
3878 (48, 38)
3879 (48, 39)
3880 (48, 40)
3881 (48, 41)
3882 (48, 42)
3883 (48, 43)
3884 (48, 44)
3885 (48, 45)
3886 (48, 46)
3887 (48, 47)
3888 (48, 48)
3889 (48, 49)
3890 (48, 50)
3891 (48, 51)
3892 (48, 52)
3893 (48, 53)
3894 (48, 54)
3895 (48, 55)
3896 (48, 56)
3897 (48, 57)
3898 (48, 58)
3899 (48, 59)
3900 (48, 60)
3901 (48, 61)
3902 (48, 62)
3903 (48, 63)
3904 (48, 64)
3905 (48, 65)
3906 (48, 66)
3907 (48, 67)
3908 (48, 68)
3909 (48, 69)
3910 (48, 70)
3911 (48, 71)
3912 (48, 72)
3913 (48, 73)
3914 (48, 74)
3915 (48, 75)
3916 (48, 76)
3917 (48, 77)
3918 (48, 78)
3919 (48, 79)
3920 (49, 0)
3921 (49, 1)
3922 (49, 2)
3923 (49, 3)
3924 (49, 4)
3925 (49, 5)
3926 (49, 6)
3927 (49, 7)
3928 (49, 8)
3929 (49, 9)
3930 (49, 10)
3931 (49, 11)
3932 (49, 12)
3933 (49, 13)
3934 (49, 14)
3935 (49, 15)
3936 (49, 16)
3937 (49, 17)
3938 (49, 18)
3939 (49, 19)
3940 (49, 20)
3941 (49, 21)
3942 (49, 22)
3943 (49, 23)
3944 (49, 24)
3945 (49, 25)
3946 (49, 26)
3947 (49, 27)
3948 (49, 28)
3949 (49, 29)
3950 (49, 30)
3951 (49, 31)
3952 (49, 32)
3953 (49, 33)
3954 (49, 34)
3955 (49, 35)
3956 (49, 36)
3957 (49, 37)
3958 (49, 38)
3959 (49, 39)
3960 (49, 40)
3961 (49, 41)
3962 (49, 42)
3963 (49, 43)
3964 (49, 44)
3965 (49, 45)
3966 (49, 46)
3967 (49, 47)
3968 (49, 48)
3969 (49, 49)
3970 (49, 50)
3971 (49, 51)
3972 (49, 52)
3973 (49, 53)
3974 (49, 54)
3975 (49, 55)
3976 (49, 56)
3977 (49, 57)
3978 (49, 58)
3979 (49, 59)
3980 (49, 60)
3981 (49, 61)
3982 (49, 62)
3983 (49, 63)
3984 (49, 64)
3985 (49, 65)
3986 (49, 66)
3987 (49, 67)
3988 (49, 68)
3989 (49, 69)
3990 (49, 70)
3991 (49, 71)
3992 (49, 72)
3993 (49, 73)
3994 (49, 74)
3995 (49, 75)
3996 (49, 76)
3997 (49, 77)
3998 (49, 78)
3999 (49, 79)
4000 (50, 0)
4001 (50, 1)
4002 (50, 2)
4003 (50, 3)
4004 (50, 4)
4005 (50, 5)
4006 (50, 6)
4007 (50, 7)
4008 (50, 8)
4009 (50, 9)
4010 (50, 10)
4011 (50, 11)
4012 (50, 12)
4013 (50, 13)
4014 (50, 14)
4015 (50, 15)
4016 (50, 16)
4017 (50, 17)
4018 (50, 18)
4019 (50, 19)
4020 (50, 20)
4021 (50, 21)
4022 (50, 22)
4023 (50, 23)
4024 (50, 24)
4025 (50, 25)
4026 (50, 26)
4027 (50, 27)
4028 (50, 28)
4029 (50, 29)
4030 (50, 30)
4031 (50, 31)
4032 (50, 32)
4033 (50, 33)
4034 (50, 34)
4035 (50, 35)
4036 (50, 36)
4037 (50, 37)
4038 (50, 38)
4039 (50, 39)
4040 (50, 40)
4041 (50, 41)
4042 (50, 42)
4043 (50, 43)
4044 (50, 44)
4045 (50, 45)
4046 (50, 46)
4047 (50, 47)
4048 (50, 48)
4049 (50, 49)
4050 (50, 50)
4051 (50, 51)
4052 (50, 52)
4053 (50, 53)
4054 (50, 54)
4055 (50, 55)
4056 (50, 56)
4057 (50, 57)
4058 (50, 58)
4059 (50, 59)
4060 (50, 60)
4061 (50, 61)
4062 (50, 62)
4063 (50, 63)
4064 (50, 64)
4065 (50, 65)
4066 (50, 66)
4067 (50, 67)
4068 (50, 68)
4069 (50, 69)
4070 (50, 70)
4071 (50, 71)
4072 (50, 72)
4073 (50, 73)
4074 (50, 74)
4075 (50, 75)
4076 (50, 76)
4077 (50, 77)
4078 (50, 78)
4079 (50, 79)
4080 (51, 0)
4081 (51, 1)
4082 (51, 2)
4083 (51, 3)
4084 (51, 4)
4085 (51, 5)
4086 (51, 6)
4087 (51, 7)
4088 (51, 8)
4089 (51, 9)
4090 (51, 10)
4091 (51, 11)
4092 (51, 12)
4093 (51, 13)
4094 (51, 14)
4095 (51, 15)
4096 (51, 16)
4097 (51, 17)
4098 (51, 18)
4099 (51, 19)
4100 (51, 20)
4101 (51, 21)
4102 (51, 22)
4103 (51, 23)
4104 (51, 24)
4105 (51, 25)
4106 (51, 26)
4107 (51, 27)
4108 (51, 28)
4109 (51, 29)
4110 (51, 30)
4111 (51, 31)
4112 (51, 32)
4113 (51, 33)
4114 (51, 34)
4115 (51, 35)
4116 (51, 36)
4117 (51, 37)
4118 (51, 38)
4119 (51, 39)
4120 (51, 40)
4121 (51, 41)
4122 (51, 42)
4123 (51, 43)
4124 (51, 44)
4125 (51, 45)
4126 (51, 46)
4127 (51, 47)
4128 (51, 48)
4129 (51, 49)
4130 (51, 50)
4131 (51, 51)
4132 (51, 52)
4133 (51, 53)
4134 (51, 54)
4135 (51, 55)
4136 (51, 56)
4137 (51, 57)
4138 (51, 58)
4139 (51, 59)
4140 (51, 60)
4141 (51, 61)
4142 (51, 62)
4143 (51, 63)
4144 (51, 64)
4145 (51, 65)
4146 (51, 66)
4147 (51, 67)
4148 (51, 68)
4149 (51, 69)
4150 (51, 70)
4151 (51, 71)
4152 (51, 72)
4153 (51, 73)
4154 (51, 74)
4155 (51, 75)
4156 (51, 76)
4157 (51, 77)
4158 (51, 78)
4159 (51, 79)
4160 (52, 0)
4161 (52, 1)
4162 (52, 2)
4163 (52, 3)
4164 (52, 4)
4165 (52, 5)
4166 (52, 6)
4167 (52, 7)
4168 (52, 8)
4169 (52, 9)
4170 (52, 10)
4171 (52, 11)
4172 (52, 12)
4173 (52, 13)
4174 (52, 14)
4175 (52, 15)
4176 (52, 16)
4177 (52, 17)
4178 (52, 18)
4179 (52, 19)
4180 (52, 20)
4181 (52, 21)
4182 (52, 22)
4183 (52, 23)
4184 (52, 24)
4185 (52, 25)
4186 (52, 26)
4187 (52, 27)
4188 (52, 28)
4189 (52, 29)
4190 (52, 30)
4191 (52, 31)
4192 (52, 32)
4193 (52, 33)
4194 (52, 34)
4195 (52, 35)
4196 (52, 36)
4197 (52, 37)
4198 (52, 38)
4199 (52, 39)
4200 (52, 40)
4201 (52, 41)
4202 (52, 42)
4203 (52, 43)
4204 (52, 44)
4205 (52, 45)
4206 (52, 46)
4207 (52, 47)
4208 (52, 48)
4209 (52, 49)
4210 (52, 50)
4211 (52, 51)
4212 (52, 52)
4213 (52, 53)
4214 (52, 54)
4215 (52, 55)
4216 (52, 56)
4217 (52, 57)
4218 (52, 58)
4219 (52, 59)
4220 (52, 60)
4221 (52, 61)
4222 (52, 62)
4223 (52, 63)
4224 (52, 64)
4225 (52, 65)
4226 (52, 66)
4227 (52, 67)
4228 (52, 68)
4229 (52, 69)
4230 (52, 70)
4231 (52, 71)
4232 (52, 72)
4233 (52, 73)
4234 (52, 74)
4235 (52, 75)
4236 (52, 76)
4237 (52, 77)
4238 (52, 78)
4239 (52, 79)
4240 (53, 0)
4241 (53, 1)
4242 (53, 2)
4243 (53, 3)
4244 (53, 4)
4245 (53, 5)
4246 (53, 6)
4247 (53, 7)
4248 (53, 8)
4249 (53, 9)
4250 (53, 10)
4251 (53, 11)
4252 (53, 12)
4253 (53, 13)
4254 (53, 14)
4255 (53, 15)
4256 (53, 16)
4257 (53, 17)
4258 (53, 18)
4259 (53, 19)
4260 (53, 20)
4261 (53, 21)
4262 (53, 22)
4263 (53, 23)
4264 (53, 24)
4265 (53, 25)
4266 (53, 26)
4267 (53, 27)
4268 (53, 28)
4269 (53, 29)
4270 (53, 30)
4271 (53, 31)
4272 (53, 32)
4273 (53, 33)
4274 (53, 34)
4275 (53, 35)
4276 (53, 36)
4277 (53, 37)
4278 (53, 38)
4279 (53, 39)
4280 (53, 40)
4281 (53, 41)
4282 (53, 42)
4283 (53, 43)
4284 (53, 44)
4285 (53, 45)
4286 (53, 46)
4287 (53, 47)
4288 (53, 48)
4289 (53, 49)
4290 (53, 50)
4291 (53, 51)
4292 (53, 52)
4293 (53, 53)
4294 (53, 54)
4295 (53, 55)
4296 (53, 56)
4297 (53, 57)
4298 (53, 58)
4299 (53, 59)
4300 (53, 60)
4301 (53, 61)
4302 (53, 62)
4303 (53, 63)
4304 (53, 64)
4305 (53, 65)
4306 (53, 66)
4307 (53, 67)
4308 (53, 68)
4309 (53, 69)
4310 (53, 70)
4311 (53, 71)
4312 (53, 72)
4313 (53, 73)
4314 (53, 74)
4315 (53, 75)
4316 (53, 76)
4317 (53, 77)
4318 (53, 78)
4319 (53, 79)
4320 (54, 0)
4321 (54, 1)
4322 (54, 2)
4323 (54, 3)
4324 (54, 4)
4325 (54, 5)
4326 (54, 6)
4327 (54, 7)
4328 (54, 8)
4329 (54, 9)
4330 (54, 10)
4331 (54, 11)
4332 (54, 12)
4333 (54, 13)
4334 (54, 14)
4335 (54, 15)
4336 (54, 16)
4337 (54, 17)
4338 (54, 18)
4339 (54, 19)
4340 (54, 20)
4341 (54, 21)
4342 (54, 22)
4343 (54, 23)
4344 (54, 24)
4345 (54, 25)
4346 (54, 26)
4347 (54, 27)
4348 (54, 28)
4349 (54, 29)
4350 (54, 30)
4351 (54, 31)
4352 (54, 32)
4353 (54, 33)
4354 (54, 34)
4355 (54, 35)
4356 (54, 36)
4357 (54, 37)
4358 (54, 38)
4359 (54, 39)
4360 (54, 40)
4361 (54, 41)
4362 (54, 42)
4363 (54, 43)
4364 (54, 44)
4365 (54, 45)
4366 (54, 46)
4367 (54, 47)
4368 (54, 48)
4369 (54, 49)
4370 (54, 50)
4371 (54, 51)
4372 (54, 52)
4373 (54, 53)
4374 (54, 54)
4375 (54, 55)
4376 (54, 56)
4377 (54, 57)
4378 (54, 58)
4379 (54, 59)
4380 (54, 60)
4381 (54, 61)
4382 (54, 62)
4383 (54, 63)
4384 (54, 64)
4385 (54, 65)
4386 (54, 66)
4387 (54, 67)
4388 (54, 68)
4389 (54, 69)
4390 (54, 70)
4391 (54, 71)
4392 (54, 72)
4393 (54, 73)
4394 (54, 74)
4395 (54, 75)
4396 (54, 76)
4397 (54, 77)
4398 (54, 78)
4399 (54, 79)
4400 (55, 0)
4401 (55, 1)
4402 (55, 2)
4403 (55, 3)
4404 (55, 4)
4405 (55, 5)
4406 (55, 6)
4407 (55, 7)
4408 (55, 8)
4409 (55, 9)
4410 (55, 10)
4411 (55, 11)
4412 (55, 12)
4413 (55, 13)
4414 (55, 14)
4415 (55, 15)
4416 (55, 16)
4417 (55, 17)
4418 (55, 18)
4419 (55, 19)
4420 (55, 20)
4421 (55, 21)
4422 (55, 22)
4423 (55, 23)
4424 (55, 24)
4425 (55, 25)
4426 (55, 26)
4427 (55, 27)
4428 (55, 28)
4429 (55, 29)
4430 (55, 30)
4431 (55, 31)
4432 (55, 32)
4433 (55, 33)
4434 (55, 34)
4435 (55, 35)
4436 (55, 36)
4437 (55, 37)
4438 (55, 38)
4439 (55, 39)
4440 (55, 40)
4441 (55, 41)
4442 (55, 42)
4443 (55, 43)
4444 (55, 44)
4445 (55, 45)
4446 (55, 46)
4447 (55, 47)
4448 (55, 48)
4449 (55, 49)
4450 (55, 50)
4451 (55, 51)
4452 (55, 52)
4453 (55, 53)
4454 (55, 54)
4455 (55, 55)
4456 (55, 56)
4457 (55, 57)
4458 (55, 58)
4459 (55, 59)
4460 (55, 60)
4461 (55, 61)
4462 (55, 62)
4463 (55, 63)
4464 (55, 64)
4465 (55, 65)
4466 (55, 66)
4467 (55, 67)
4468 (55, 68)
4469 (55, 69)
4470 (55, 70)
4471 (55, 71)
4472 (55, 72)
4473 (55, 73)
4474 (55, 74)
4475 (55, 75)
4476 (55, 76)
4477 (55, 77)
4478 (55, 78)
4479 (55, 79)
4480 (56, 0)
4481 (56, 1)
4482 (56, 2)
4483 (56, 3)
4484 (56, 4)
4485 (56, 5)
4486 (56, 6)
4487 (56, 7)
4488 (56, 8)
4489 (56, 9)
4490 (56, 10)
4491 (56, 11)
4492 (56, 12)
4493 (56, 13)
4494 (56, 14)
4495 (56, 15)
4496 (56, 16)
4497 (56, 17)
4498 (56, 18)
4499 (56, 19)
4500 (56, 20)
4501 (56, 21)
4502 (56, 22)
4503 (56, 23)
4504 (56, 24)
4505 (56, 25)
4506 (56, 26)
4507 (56, 27)
4508 (56, 28)
4509 (56, 29)
4510 (56, 30)
4511 (56, 31)
4512 (56, 32)
4513 (56, 33)
4514 (56, 34)
4515 (56, 35)
4516 (56, 36)
4517 (56, 37)
4518 (56, 38)
4519 (56, 39)
4520 (56, 40)
4521 (56, 41)
4522 (56, 42)
4523 (56, 43)
4524 (56, 44)
4525 (56, 45)
4526 (56, 46)
4527 (56, 47)
4528 (56, 48)
4529 (56, 49)
4530 (56, 50)
4531 (56, 51)
4532 (56, 52)
4533 (56, 53)
4534 (56, 54)
4535 (56, 55)
4536 (56, 56)
4537 (56, 57)
4538 (56, 58)
4539 (56, 59)
4540 (56, 60)
4541 (56, 61)
4542 (56, 62)
4543 (56, 63)
4544 (56, 64)
4545 (56, 65)
4546 (56, 66)
4547 (56, 67)
4548 (56, 68)
4549 (56, 69)
4550 (56, 70)
4551 (56, 71)
4552 (56, 72)
4553 (56, 73)
4554 (56, 74)
4555 (56, 75)
4556 (56, 76)
4557 (56, 77)
4558 (56, 78)
4559 (56, 79)
4560 (57, 0)
4561 (57, 1)
4562 (57, 2)
4563 (57, 3)
4564 (57, 4)
4565 (57, 5)
4566 (57, 6)
4567 (57, 7)
4568 (57, 8)
4569 (57, 9)
4570 (57, 10)
4571 (57, 11)
4572 (57, 12)
4573 (57, 13)
4574 (57, 14)
4575 (57, 15)
4576 (57, 16)
4577 (57, 17)
4578 (57, 18)
4579 (57, 19)
4580 (57, 20)
4581 (57, 21)
4582 (57, 22)
4583 (57, 23)
4584 (57, 24)
4585 (57, 25)
4586 (57, 26)
4587 (57, 27)
4588 (57, 28)
4589 (57, 29)
4590 (57, 30)
4591 (57, 31)
4592 (57, 32)
4593 (57, 33)
4594 (57, 34)
4595 (57, 35)
4596 (57, 36)
4597 (57, 37)
4598 (57, 38)
4599 (57, 39)
4600 (57, 40)
4601 (57, 41)
4602 (57, 42)
4603 (57, 43)
4604 (57, 44)
4605 (57, 45)
4606 (57, 46)
4607 (57, 47)
4608 (57, 48)
4609 (57, 49)
4610 (57, 50)
4611 (57, 51)
4612 (57, 52)
4613 (57, 53)
4614 (57, 54)
4615 (57, 55)
4616 (57, 56)
4617 (57, 57)
4618 (57, 58)
4619 (57, 59)
4620 (57, 60)
4621 (57, 61)
4622 (57, 62)
4623 (57, 63)
4624 (57, 64)
4625 (57, 65)
4626 (57, 66)
4627 (57, 67)
4628 (57, 68)
4629 (57, 69)
4630 (57, 70)
4631 (57, 71)
4632 (57, 72)
4633 (57, 73)
4634 (57, 74)
4635 (57, 75)
4636 (57, 76)
4637 (57, 77)
4638 (57, 78)
4639 (57, 79)
4640 (58, 0)
4641 (58, 1)
4642 (58, 2)
4643 (58, 3)
4644 (58, 4)
4645 (58, 5)
4646 (58, 6)
4647 (58, 7)
4648 (58, 8)
4649 (58, 9)
4650 (58, 10)
4651 (58, 11)
4652 (58, 12)
4653 (58, 13)
4654 (58, 14)
4655 (58, 15)
4656 (58, 16)
4657 (58, 17)
4658 (58, 18)
4659 (58, 19)
4660 (58, 20)
4661 (58, 21)
4662 (58, 22)
4663 (58, 23)
4664 (58, 24)
4665 (58, 25)
4666 (58, 26)
4667 (58, 27)
4668 (58, 28)
4669 (58, 29)
4670 (58, 30)
4671 (58, 31)
4672 (58, 32)
4673 (58, 33)
4674 (58, 34)
4675 (58, 35)
4676 (58, 36)
4677 (58, 37)
4678 (58, 38)
4679 (58, 39)
4680 (58, 40)
4681 (58, 41)
4682 (58, 42)
4683 (58, 43)
4684 (58, 44)
4685 (58, 45)
4686 (58, 46)
4687 (58, 47)
4688 (58, 48)
4689 (58, 49)
4690 (58, 50)
4691 (58, 51)
4692 (58, 52)
4693 (58, 53)
4694 (58, 54)
4695 (58, 55)
4696 (58, 56)
4697 (58, 57)
4698 (58, 58)
4699 (58, 59)
4700 (58, 60)
4701 (58, 61)
4702 (58, 62)
4703 (58, 63)
4704 (58, 64)
4705 (58, 65)
4706 (58, 66)
4707 (58, 67)
4708 (58, 68)
4709 (58, 69)
4710 (58, 70)
4711 (58, 71)
4712 (58, 72)
4713 (58, 73)
4714 (58, 74)
4715 (58, 75)
4716 (58, 76)
4717 (58, 77)
4718 (58, 78)
4719 (58, 79)
4720 (59, 0)
4721 (59, 1)
4722 (59, 2)
4723 (59, 3)
4724 (59, 4)
4725 (59, 5)
4726 (59, 6)
4727 (59, 7)
4728 (59, 8)
4729 (59, 9)
4730 (59, 10)
4731 (59, 11)
4732 (59, 12)
4733 (59, 13)
4734 (59, 14)
4735 (59, 15)
4736 (59, 16)
4737 (59, 17)
4738 (59, 18)
4739 (59, 19)
4740 (59, 20)
4741 (59, 21)
4742 (59, 22)
4743 (59, 23)
4744 (59, 24)
4745 (59, 25)
4746 (59, 26)
4747 (59, 27)
4748 (59, 28)
4749 (59, 29)
4750 (59, 30)
4751 (59, 31)
4752 (59, 32)
4753 (59, 33)
4754 (59, 34)
4755 (59, 35)
4756 (59, 36)
4757 (59, 37)
4758 (59, 38)
4759 (59, 39)
4760 (59, 40)
4761 (59, 41)
4762 (59, 42)
4763 (59, 43)
4764 (59, 44)
4765 (59, 45)
4766 (59, 46)
4767 (59, 47)
4768 (59, 48)
4769 (59, 49)
4770 (59, 50)
4771 (59, 51)
4772 (59, 52)
4773 (59, 53)
4774 (59, 54)
4775 (59, 55)
4776 (59, 56)
4777 (59, 57)
4778 (59, 58)
4779 (59, 59)
4780 (59, 60)
4781 (59, 61)
4782 (59, 62)
4783 (59, 63)
4784 (59, 64)
4785 (59, 65)
4786 (59, 66)
4787 (59, 67)
4788 (59, 68)
4789 (59, 69)
4790 (59, 70)
4791 (59, 71)
4792 (59, 72)
4793 (59, 73)
4794 (59, 74)
4795 (59, 75)
4796 (59, 76)
4797 (59, 77)
4798 (59, 78)
4799 (59, 79)
4800 (60, 0)
4801 (60, 1)
4802 (60, 2)
4803 (60, 3)
4804 (60, 4)
4805 (60, 5)
4806 (60, 6)
4807 (60, 7)
4808 (60, 8)
4809 (60, 9)
4810 (60, 10)
4811 (60, 11)
4812 (60, 12)
4813 (60, 13)
4814 (60, 14)
4815 (60, 15)
4816 (60, 16)
4817 (60, 17)
4818 (60, 18)
4819 (60, 19)
4820 (60, 20)
4821 (60, 21)
4822 (60, 22)
4823 (60, 23)
4824 (60, 24)
4825 (60, 25)
4826 (60, 26)
4827 (60, 27)
4828 (60, 28)
4829 (60, 29)
4830 (60, 30)
4831 (60, 31)
4832 (60, 32)
4833 (60, 33)
4834 (60, 34)
4835 (60, 35)
4836 (60, 36)
4837 (60, 37)
4838 (60, 38)
4839 (60, 39)
4840 (60, 40)
4841 (60, 41)
4842 (60, 42)
4843 (60, 43)
4844 (60, 44)
4845 (60, 45)
4846 (60, 46)
4847 (60, 47)
4848 (60, 48)
4849 (60, 49)
4850 (60, 50)
4851 (60, 51)
4852 (60, 52)
4853 (60, 53)
4854 (60, 54)
4855 (60, 55)
4856 (60, 56)
4857 (60, 57)
4858 (60, 58)
4859 (60, 59)
4860 (60, 60)
4861 (60, 61)
4862 (60, 62)
4863 (60, 63)
4864 (60, 64)
4865 (60, 65)
4866 (60, 66)
4867 (60, 67)
4868 (60, 68)
4869 (60, 69)
4870 (60, 70)
4871 (60, 71)
4872 (60, 72)
4873 (60, 73)
4874 (60, 74)
4875 (60, 75)
4876 (60, 76)
4877 (60, 77)
4878 (60, 78)
4879 (60, 79)
4880 (61, 0)
4881 (61, 1)
4882 (61, 2)
4883 (61, 3)
4884 (61, 4)
4885 (61, 5)
4886 (61, 6)
4887 (61, 7)
4888 (61, 8)
4889 (61, 9)
4890 (61, 10)
4891 (61, 11)
4892 (61, 12)
4893 (61, 13)
4894 (61, 14)
4895 (61, 15)
4896 (61, 16)
4897 (61, 17)
4898 (61, 18)
4899 (61, 19)
4900 (61, 20)
4901 (61, 21)
4902 (61, 22)
4903 (61, 23)
4904 (61, 24)
4905 (61, 25)
4906 (61, 26)
4907 (61, 27)
4908 (61, 28)
4909 (61, 29)
4910 (61, 30)
4911 (61, 31)
4912 (61, 32)
4913 (61, 33)
4914 (61, 34)
4915 (61, 35)
4916 (61, 36)
4917 (61, 37)
4918 (61, 38)
4919 (61, 39)
4920 (61, 40)
4921 (61, 41)
4922 (61, 42)
4923 (61, 43)
4924 (61, 44)
4925 (61, 45)
4926 (61, 46)
4927 (61, 47)
4928 (61, 48)
4929 (61, 49)
4930 (61, 50)
4931 (61, 51)
4932 (61, 52)
4933 (61, 53)
4934 (61, 54)
4935 (61, 55)
4936 (61, 56)
4937 (61, 57)
4938 (61, 58)
4939 (61, 59)
4940 (61, 60)
4941 (61, 61)
4942 (61, 62)
4943 (61, 63)
4944 (61, 64)
4945 (61, 65)
4946 (61, 66)
4947 (61, 67)
4948 (61, 68)
4949 (61, 69)
4950 (61, 70)
4951 (61, 71)
4952 (61, 72)
4953 (61, 73)
4954 (61, 74)
4955 (61, 75)
4956 (61, 76)
4957 (61, 77)
4958 (61, 78)
4959 (61, 79)
4960 (62, 0)
4961 (62, 1)
4962 (62, 2)
4963 (62, 3)
4964 (62, 4)
4965 (62, 5)
4966 (62, 6)
4967 (62, 7)
4968 (62, 8)
4969 (62, 9)
4970 (62, 10)
4971 (62, 11)
4972 (62, 12)
4973 (62, 13)
4974 (62, 14)
4975 (62, 15)
4976 (62, 16)
4977 (62, 17)
4978 (62, 18)
4979 (62, 19)
4980 (62, 20)
4981 (62, 21)
4982 (62, 22)
4983 (62, 23)
4984 (62, 24)
4985 (62, 25)
4986 (62, 26)
4987 (62, 27)
4988 (62, 28)
4989 (62, 29)
4990 (62, 30)
4991 (62, 31)
4992 (62, 32)
4993 (62, 33)
4994 (62, 34)
4995 (62, 35)
4996 (62, 36)
4997 (62, 37)
4998 (62, 38)
4999 (62, 39)
5000 (62, 40)
5001 (62, 41)
5002 (62, 42)
5003 (62, 43)
5004 (62, 44)
5005 (62, 45)
5006 (62, 46)
5007 (62, 47)
5008 (62, 48)
5009 (62, 49)
5010 (62, 50)
5011 (62, 51)
5012 (62, 52)
5013 (62, 53)
5014 (62, 54)
5015 (62, 55)
5016 (62, 56)
5017 (62, 57)
5018 (62, 58)
5019 (62, 59)
5020 (62, 60)
5021 (62, 61)
5022 (62, 62)
5023 (62, 63)
5024 (62, 64)
5025 (62, 65)
5026 (62, 66)
5027 (62, 67)
5028 (62, 68)
5029 (62, 69)
5030 (62, 70)
5031 (62, 71)
5032 (62, 72)
5033 (62, 73)
5034 (62, 74)
5035 (62, 75)
5036 (62, 76)
5037 (62, 77)
5038 (62, 78)
5039 (62, 79)
5040 (63, 0)
5041 (63, 1)
5042 (63, 2)
5043 (63, 3)
5044 (63, 4)
5045 (63, 5)
5046 (63, 6)
5047 (63, 7)
5048 (63, 8)
5049 (63, 9)
5050 (63, 10)
5051 (63, 11)
5052 (63, 12)
5053 (63, 13)
5054 (63, 14)
5055 (63, 15)
5056 (63, 16)
5057 (63, 17)
5058 (63, 18)
5059 (63, 19)
5060 (63, 20)
5061 (63, 21)
5062 (63, 22)
5063 (63, 23)
5064 (63, 24)
5065 (63, 25)
5066 (63, 26)
5067 (63, 27)
5068 (63, 28)
5069 (63, 29)
5070 (63, 30)
5071 (63, 31)
5072 (63, 32)
5073 (63, 33)
5074 (63, 34)
5075 (63, 35)
5076 (63, 36)
5077 (63, 37)
5078 (63, 38)
5079 (63, 39)
5080 (63, 40)
5081 (63, 41)
5082 (63, 42)
5083 (63, 43)
5084 (63, 44)
5085 (63, 45)
5086 (63, 46)
5087 (63, 47)
5088 (63, 48)
5089 (63, 49)
5090 (63, 50)
5091 (63, 51)
5092 (63, 52)
5093 (63, 53)
5094 (63, 54)
5095 (63, 55)
5096 (63, 56)
5097 (63, 57)
5098 (63, 58)
5099 (63, 59)
5100 (63, 60)
5101 (63, 61)
5102 (63, 62)
5103 (63, 63)
5104 (63, 64)
5105 (63, 65)
5106 (63, 66)
5107 (63, 67)
5108 (63, 68)
5109 (63, 69)
5110 (63, 70)
5111 (63, 71)
5112 (63, 72)
5113 (63, 73)
5114 (63, 74)
5115 (63, 75)
5116 (63, 76)
5117 (63, 77)
5118 (63, 78)
5119 (63, 79)
5120 (64, 0)
5121 (64, 1)
5122 (64, 2)
5123 (64, 3)
5124 (64, 4)
5125 (64, 5)
5126 (64, 6)
5127 (64, 7)
5128 (64, 8)
5129 (64, 9)
5130 (64, 10)
5131 (64, 11)
5132 (64, 12)
5133 (64, 13)
5134 (64, 14)
5135 (64, 15)
5136 (64, 16)
5137 (64, 17)
5138 (64, 18)
5139 (64, 19)
5140 (64, 20)
5141 (64, 21)
5142 (64, 22)
5143 (64, 23)
5144 (64, 24)
5145 (64, 25)
5146 (64, 26)
5147 (64, 27)
5148 (64, 28)
5149 (64, 29)
5150 (64, 30)
5151 (64, 31)
5152 (64, 32)
5153 (64, 33)
5154 (64, 34)
5155 (64, 35)
5156 (64, 36)
5157 (64, 37)
5158 (64, 38)
5159 (64, 39)
5160 (64, 40)
5161 (64, 41)
5162 (64, 42)
5163 (64, 43)
5164 (64, 44)
5165 (64, 45)
5166 (64, 46)
5167 (64, 47)
5168 (64, 48)
5169 (64, 49)
5170 (64, 50)
5171 (64, 51)
5172 (64, 52)
5173 (64, 53)
5174 (64, 54)
5175 (64, 55)
5176 (64, 56)
5177 (64, 57)
5178 (64, 58)
5179 (64, 59)
5180 (64, 60)
5181 (64, 61)
5182 (64, 62)
5183 (64, 63)
5184 (64, 64)
5185 (64, 65)
5186 (64, 66)
5187 (64, 67)
5188 (64, 68)
5189 (64, 69)
5190 (64, 70)
5191 (64, 71)
5192 (64, 72)
5193 (64, 73)
5194 (64, 74)
5195 (64, 75)
5196 (64, 76)
5197 (64, 77)
5198 (64, 78)
5199 (64, 79)
5200 (65, 0)
5201 (65, 1)
5202 (65, 2)
5203 (65, 3)
5204 (65, 4)
5205 (65, 5)
5206 (65, 6)
5207 (65, 7)
5208 (65, 8)
5209 (65, 9)
5210 (65, 10)
5211 (65, 11)
5212 (65, 12)
5213 (65, 13)
5214 (65, 14)
5215 (65, 15)
5216 (65, 16)
5217 (65, 17)
5218 (65, 18)
5219 (65, 19)
5220 (65, 20)
5221 (65, 21)
5222 (65, 22)
5223 (65, 23)
5224 (65, 24)
5225 (65, 25)
5226 (65, 26)
5227 (65, 27)
5228 (65, 28)
5229 (65, 29)
5230 (65, 30)
5231 (65, 31)
5232 (65, 32)
5233 (65, 33)
5234 (65, 34)
5235 (65, 35)
5236 (65, 36)
5237 (65, 37)
5238 (65, 38)
5239 (65, 39)
5240 (65, 40)
5241 (65, 41)
5242 (65, 42)
5243 (65, 43)
5244 (65, 44)
5245 (65, 45)
5246 (65, 46)
5247 (65, 47)
5248 (65, 48)
5249 (65, 49)
5250 (65, 50)
5251 (65, 51)
5252 (65, 52)
5253 (65, 53)
5254 (65, 54)
5255 (65, 55)
5256 (65, 56)
5257 (65, 57)
5258 (65, 58)
5259 (65, 59)
5260 (65, 60)
5261 (65, 61)
5262 (65, 62)
5263 (65, 63)
5264 (65, 64)
5265 (65, 65)
5266 (65, 66)
5267 (65, 67)
5268 (65, 68)
5269 (65, 69)
5270 (65, 70)
5271 (65, 71)
5272 (65, 72)
5273 (65, 73)
5274 (65, 74)
5275 (65, 75)
5276 (65, 76)
5277 (65, 77)
5278 (65, 78)
5279 (65, 79)
5280 (66, 0)
5281 (66, 1)
5282 (66, 2)
5283 (66, 3)
5284 (66, 4)
5285 (66, 5)
5286 (66, 6)
5287 (66, 7)
5288 (66, 8)
5289 (66, 9)
5290 (66, 10)
5291 (66, 11)
5292 (66, 12)
5293 (66, 13)
5294 (66, 14)
5295 (66, 15)
5296 (66, 16)
5297 (66, 17)
5298 (66, 18)
5299 (66, 19)
5300 (66, 20)
5301 (66, 21)
5302 (66, 22)
5303 (66, 23)
5304 (66, 24)
5305 (66, 25)
5306 (66, 26)
5307 (66, 27)
5308 (66, 28)
5309 (66, 29)
5310 (66, 30)
5311 (66, 31)
5312 (66, 32)
5313 (66, 33)
5314 (66, 34)
5315 (66, 35)
5316 (66, 36)
5317 (66, 37)
5318 (66, 38)
5319 (66, 39)
5320 (66, 40)
5321 (66, 41)
5322 (66, 42)
5323 (66, 43)
5324 (66, 44)
5325 (66, 45)
5326 (66, 46)
5327 (66, 47)
5328 (66, 48)
5329 (66, 49)
5330 (66, 50)
5331 (66, 51)
5332 (66, 52)
5333 (66, 53)
5334 (66, 54)
5335 (66, 55)
5336 (66, 56)
5337 (66, 57)
5338 (66, 58)
5339 (66, 59)
5340 (66, 60)
5341 (66, 61)
5342 (66, 62)
5343 (66, 63)
5344 (66, 64)
5345 (66, 65)
5346 (66, 66)
5347 (66, 67)
5348 (66, 68)
5349 (66, 69)
5350 (66, 70)
5351 (66, 71)
5352 (66, 72)
5353 (66, 73)
5354 (66, 74)
5355 (66, 75)
5356 (66, 76)
5357 (66, 77)
5358 (66, 78)
5359 (66, 79)
5360 (67, 0)
5361 (67, 1)
5362 (67, 2)
5363 (67, 3)
5364 (67, 4)
5365 (67, 5)
5366 (67, 6)
5367 (67, 7)
5368 (67, 8)
5369 (67, 9)
5370 (67, 10)
5371 (67, 11)
5372 (67, 12)
5373 (67, 13)
5374 (67, 14)
5375 (67, 15)
5376 (67, 16)
5377 (67, 17)
5378 (67, 18)
5379 (67, 19)
5380 (67, 20)
5381 (67, 21)
5382 (67, 22)
5383 (67, 23)
5384 (67, 24)
5385 (67, 25)
5386 (67, 26)
5387 (67, 27)
5388 (67, 28)
5389 (67, 29)
5390 (67, 30)
5391 (67, 31)
5392 (67, 32)
5393 (67, 33)
5394 (67, 34)
5395 (67, 35)
5396 (67, 36)
5397 (67, 37)
5398 (67, 38)
5399 (67, 39)
5400 (67, 40)
5401 (67, 41)
5402 (67, 42)
5403 (67, 43)
5404 (67, 44)
5405 (67, 45)
5406 (67, 46)
5407 (67, 47)
5408 (67, 48)
5409 (67, 49)
5410 (67, 50)
5411 (67, 51)
5412 (67, 52)
5413 (67, 53)
5414 (67, 54)
5415 (67, 55)
5416 (67, 56)
5417 (67, 57)
5418 (67, 58)
5419 (67, 59)
5420 (67, 60)
5421 (67, 61)
5422 (67, 62)
5423 (67, 63)
5424 (67, 64)
5425 (67, 65)
5426 (67, 66)
5427 (67, 67)
5428 (67, 68)
5429 (67, 69)
5430 (67, 70)
5431 (67, 71)
5432 (67, 72)
5433 (67, 73)
5434 (67, 74)
5435 (67, 75)
5436 (67, 76)
5437 (67, 77)
5438 (67, 78)
5439 (67, 79)
5440 (68, 0)
5441 (68, 1)
5442 (68, 2)
5443 (68, 3)
5444 (68, 4)
5445 (68, 5)
5446 (68, 6)
5447 (68, 7)
5448 (68, 8)
5449 (68, 9)
5450 (68, 10)
5451 (68, 11)
5452 (68, 12)
5453 (68, 13)
5454 (68, 14)
5455 (68, 15)
5456 (68, 16)
5457 (68, 17)
5458 (68, 18)
5459 (68, 19)
5460 (68, 20)
5461 (68, 21)
5462 (68, 22)
5463 (68, 23)
5464 (68, 24)
5465 (68, 25)
5466 (68, 26)
5467 (68, 27)
5468 (68, 28)
5469 (68, 29)
5470 (68, 30)
5471 (68, 31)
5472 (68, 32)
5473 (68, 33)
5474 (68, 34)
5475 (68, 35)
5476 (68, 36)
5477 (68, 37)
5478 (68, 38)
5479 (68, 39)
5480 (68, 40)
5481 (68, 41)
5482 (68, 42)
5483 (68, 43)
5484 (68, 44)
5485 (68, 45)
5486 (68, 46)
5487 (68, 47)
5488 (68, 48)
5489 (68, 49)
5490 (68, 50)
5491 (68, 51)
5492 (68, 52)
5493 (68, 53)
5494 (68, 54)
5495 (68, 55)
5496 (68, 56)
5497 (68, 57)
5498 (68, 58)
5499 (68, 59)
5500 (68, 60)
5501 (68, 61)
5502 (68, 62)
5503 (68, 63)
5504 (68, 64)
5505 (68, 65)
5506 (68, 66)
5507 (68, 67)
5508 (68, 68)
5509 (68, 69)
5510 (68, 70)
5511 (68, 71)
5512 (68, 72)
5513 (68, 73)
5514 (68, 74)
5515 (68, 75)
5516 (68, 76)
5517 (68, 77)
5518 (68, 78)
5519 (68, 79)
5520 (69, 0)
5521 (69, 1)
5522 (69, 2)
5523 (69, 3)
5524 (69, 4)
5525 (69, 5)
5526 (69, 6)
5527 (69, 7)
5528 (69, 8)
5529 (69, 9)
5530 (69, 10)
5531 (69, 11)
5532 (69, 12)
5533 (69, 13)
5534 (69, 14)
5535 (69, 15)
5536 (69, 16)
5537 (69, 17)
5538 (69, 18)
5539 (69, 19)
5540 (69, 20)
5541 (69, 21)
5542 (69, 22)
5543 (69, 23)
5544 (69, 24)
5545 (69, 25)
5546 (69, 26)
5547 (69, 27)
5548 (69, 28)
5549 (69, 29)
5550 (69, 30)
5551 (69, 31)
5552 (69, 32)
5553 (69, 33)
5554 (69, 34)
5555 (69, 35)
5556 (69, 36)
5557 (69, 37)
5558 (69, 38)
5559 (69, 39)
5560 (69, 40)
5561 (69, 41)
5562 (69, 42)
5563 (69, 43)
5564 (69, 44)
5565 (69, 45)
5566 (69, 46)
5567 (69, 47)
5568 (69, 48)
5569 (69, 49)
5570 (69, 50)
5571 (69, 51)
5572 (69, 52)
5573 (69, 53)
5574 (69, 54)
5575 (69, 55)
5576 (69, 56)
5577 (69, 57)
5578 (69, 58)
5579 (69, 59)
5580 (69, 60)
5581 (69, 61)
5582 (69, 62)
5583 (69, 63)
5584 (69, 64)
5585 (69, 65)
5586 (69, 66)
5587 (69, 67)
5588 (69, 68)
5589 (69, 69)
5590 (69, 70)
5591 (69, 71)
5592 (69, 72)
5593 (69, 73)
5594 (69, 74)
5595 (69, 75)
5596 (69, 76)
5597 (69, 77)
5598 (69, 78)
5599 (69, 79)
5600 (70, 0)
5601 (70, 1)
5602 (70, 2)
5603 (70, 3)
5604 (70, 4)
5605 (70, 5)
5606 (70, 6)
5607 (70, 7)
5608 (70, 8)
5609 (70, 9)
5610 (70, 10)
5611 (70, 11)
5612 (70, 12)
5613 (70, 13)
5614 (70, 14)
5615 (70, 15)
5616 (70, 16)
5617 (70, 17)
5618 (70, 18)
5619 (70, 19)
5620 (70, 20)
5621 (70, 21)
5622 (70, 22)
5623 (70, 23)
5624 (70, 24)
5625 (70, 25)
5626 (70, 26)
5627 (70, 27)
5628 (70, 28)
5629 (70, 29)
5630 (70, 30)
5631 (70, 31)
5632 (70, 32)
5633 (70, 33)
5634 (70, 34)
5635 (70, 35)
5636 (70, 36)
5637 (70, 37)
5638 (70, 38)
5639 (70, 39)
5640 (70, 40)
5641 (70, 41)
5642 (70, 42)
5643 (70, 43)
5644 (70, 44)
5645 (70, 45)
5646 (70, 46)
5647 (70, 47)
5648 (70, 48)
5649 (70, 49)
5650 (70, 50)
5651 (70, 51)
5652 (70, 52)
5653 (70, 53)
5654 (70, 54)
5655 (70, 55)
5656 (70, 56)
5657 (70, 57)
5658 (70, 58)
5659 (70, 59)
5660 (70, 60)
5661 (70, 61)
5662 (70, 62)
5663 (70, 63)
5664 (70, 64)
5665 (70, 65)
5666 (70, 66)
5667 (70, 67)
5668 (70, 68)
5669 (70, 69)
5670 (70, 70)
5671 (70, 71)
5672 (70, 72)
5673 (70, 73)
5674 (70, 74)
5675 (70, 75)
5676 (70, 76)
5677 (70, 77)
5678 (70, 78)
5679 (70, 79)
5680 (71, 0)
5681 (71, 1)
5682 (71, 2)
5683 (71, 3)
5684 (71, 4)
5685 (71, 5)
5686 (71, 6)
5687 (71, 7)
5688 (71, 8)
5689 (71, 9)
5690 (71, 10)
5691 (71, 11)
5692 (71, 12)
5693 (71, 13)
5694 (71, 14)
5695 (71, 15)
5696 (71, 16)
5697 (71, 17)
5698 (71, 18)
5699 (71, 19)
5700 (71, 20)
5701 (71, 21)
5702 (71, 22)
5703 (71, 23)
5704 (71, 24)
5705 (71, 25)
5706 (71, 26)
5707 (71, 27)
5708 (71, 28)
5709 (71, 29)
5710 (71, 30)
5711 (71, 31)
5712 (71, 32)
5713 (71, 33)
5714 (71, 34)
5715 (71, 35)
5716 (71, 36)
5717 (71, 37)
5718 (71, 38)
5719 (71, 39)
5720 (71, 40)
5721 (71, 41)
5722 (71, 42)
5723 (71, 43)
5724 (71, 44)
5725 (71, 45)
5726 (71, 46)
5727 (71, 47)
5728 (71, 48)
5729 (71, 49)
5730 (71, 50)
5731 (71, 51)
5732 (71, 52)
5733 (71, 53)
5734 (71, 54)
5735 (71, 55)
5736 (71, 56)
5737 (71, 57)
5738 (71, 58)
5739 (71, 59)
5740 (71, 60)
5741 (71, 61)
5742 (71, 62)
5743 (71, 63)
5744 (71, 64)
5745 (71, 65)
5746 (71, 66)
5747 (71, 67)
5748 (71, 68)
5749 (71, 69)
5750 (71, 70)
5751 (71, 71)
5752 (71, 72)
5753 (71, 73)
5754 (71, 74)
5755 (71, 75)
5756 (71, 76)
5757 (71, 77)
5758 (71, 78)
5759 (71, 79)
5760 (72, 0)
5761 (72, 1)
5762 (72, 2)
5763 (72, 3)
5764 (72, 4)
5765 (72, 5)
5766 (72, 6)
5767 (72, 7)
5768 (72, 8)
5769 (72, 9)
5770 (72, 10)
5771 (72, 11)
5772 (72, 12)
5773 (72, 13)
5774 (72, 14)
5775 (72, 15)
5776 (72, 16)
5777 (72, 17)
5778 (72, 18)
5779 (72, 19)
5780 (72, 20)
5781 (72, 21)
5782 (72, 22)
5783 (72, 23)
5784 (72, 24)
5785 (72, 25)
5786 (72, 26)
5787 (72, 27)
5788 (72, 28)
5789 (72, 29)
5790 (72, 30)
5791 (72, 31)
5792 (72, 32)
5793 (72, 33)
5794 (72, 34)
5795 (72, 35)
5796 (72, 36)
5797 (72, 37)
5798 (72, 38)
5799 (72, 39)
5800 (72, 40)
5801 (72, 41)
5802 (72, 42)
5803 (72, 43)
5804 (72, 44)
5805 (72, 45)
5806 (72, 46)
5807 (72, 47)
5808 (72, 48)
5809 (72, 49)
5810 (72, 50)
5811 (72, 51)
5812 (72, 52)
5813 (72, 53)
5814 (72, 54)
5815 (72, 55)
5816 (72, 56)
5817 (72, 57)
5818 (72, 58)
5819 (72, 59)
5820 (72, 60)
5821 (72, 61)
5822 (72, 62)
5823 (72, 63)
5824 (72, 64)
5825 (72, 65)
5826 (72, 66)
5827 (72, 67)
5828 (72, 68)
5829 (72, 69)
5830 (72, 70)
5831 (72, 71)
5832 (72, 72)
5833 (72, 73)
5834 (72, 74)
5835 (72, 75)
5836 (72, 76)
5837 (72, 77)
5838 (72, 78)
5839 (72, 79)
5840 (73, 0)
5841 (73, 1)
5842 (73, 2)
5843 (73, 3)
5844 (73, 4)
5845 (73, 5)
5846 (73, 6)
5847 (73, 7)
5848 (73, 8)
5849 (73, 9)
5850 (73, 10)
5851 (73, 11)
5852 (73, 12)
5853 (73, 13)
5854 (73, 14)
5855 (73, 15)
5856 (73, 16)
5857 (73, 17)
5858 (73, 18)
5859 (73, 19)
5860 (73, 20)
5861 (73, 21)
5862 (73, 22)
5863 (73, 23)
5864 (73, 24)
5865 (73, 25)
5866 (73, 26)
5867 (73, 27)
5868 (73, 28)
5869 (73, 29)
5870 (73, 30)
5871 (73, 31)
5872 (73, 32)
5873 (73, 33)
5874 (73, 34)
5875 (73, 35)
5876 (73, 36)
5877 (73, 37)
5878 (73, 38)
5879 (73, 39)
5880 (73, 40)
5881 (73, 41)
5882 (73, 42)
5883 (73, 43)
5884 (73, 44)
5885 (73, 45)
5886 (73, 46)
5887 (73, 47)
5888 (73, 48)
5889 (73, 49)
5890 (73, 50)
5891 (73, 51)
5892 (73, 52)
5893 (73, 53)
5894 (73, 54)
5895 (73, 55)
5896 (73, 56)
5897 (73, 57)
5898 (73, 58)
5899 (73, 59)
5900 (73, 60)
5901 (73, 61)
5902 (73, 62)
5903 (73, 63)
5904 (73, 64)
5905 (73, 65)
5906 (73, 66)
5907 (73, 67)
5908 (73, 68)
5909 (73, 69)
5910 (73, 70)
5911 (73, 71)
5912 (73, 72)
5913 (73, 73)
5914 (73, 74)
5915 (73, 75)
5916 (73, 76)
5917 (73, 77)
5918 (73, 78)
5919 (73, 79)
5920 (74, 0)
5921 (74, 1)
5922 (74, 2)
5923 (74, 3)
5924 (74, 4)
5925 (74, 5)
5926 (74, 6)
5927 (74, 7)
5928 (74, 8)
5929 (74, 9)
5930 (74, 10)
5931 (74, 11)
5932 (74, 12)
5933 (74, 13)
5934 (74, 14)
5935 (74, 15)
5936 (74, 16)
5937 (74, 17)
5938 (74, 18)
5939 (74, 19)
5940 (74, 20)
5941 (74, 21)
5942 (74, 22)
5943 (74, 23)
5944 (74, 24)
5945 (74, 25)
5946 (74, 26)
5947 (74, 27)
5948 (74, 28)
5949 (74, 29)
5950 (74, 30)
5951 (74, 31)
5952 (74, 32)
5953 (74, 33)
5954 (74, 34)
5955 (74, 35)
5956 (74, 36)
5957 (74, 37)
5958 (74, 38)
5959 (74, 39)
5960 (74, 40)
5961 (74, 41)
5962 (74, 42)
5963 (74, 43)
5964 (74, 44)
5965 (74, 45)
5966 (74, 46)
5967 (74, 47)
5968 (74, 48)
5969 (74, 49)
5970 (74, 50)
5971 (74, 51)
5972 (74, 52)
5973 (74, 53)
5974 (74, 54)
5975 (74, 55)
5976 (74, 56)
5977 (74, 57)
5978 (74, 58)
5979 (74, 59)
5980 (74, 60)
5981 (74, 61)
5982 (74, 62)
5983 (74, 63)
5984 (74, 64)
5985 (74, 65)
5986 (74, 66)
5987 (74, 67)
5988 (74, 68)
5989 (74, 69)
5990 (74, 70)
5991 (74, 71)
5992 (74, 72)
5993 (74, 73)
5994 (74, 74)
5995 (74, 75)
5996 (74, 76)
5997 (74, 77)
5998 (74, 78)
5999 (74, 79)
6000 (75, 0)
6001 (75, 1)
6002 (75, 2)
6003 (75, 3)
6004 (75, 4)
6005 (75, 5)
6006 (75, 6)
6007 (75, 7)
6008 (75, 8)
6009 (75, 9)
6010 (75, 10)
6011 (75, 11)
6012 (75, 12)
6013 (75, 13)
6014 (75, 14)
6015 (75, 15)
6016 (75, 16)
6017 (75, 17)
6018 (75, 18)
6019 (75, 19)
6020 (75, 20)
6021 (75, 21)
6022 (75, 22)
6023 (75, 23)
6024 (75, 24)
6025 (75, 25)
6026 (75, 26)
6027 (75, 27)
6028 (75, 28)
6029 (75, 29)
6030 (75, 30)
6031 (75, 31)
6032 (75, 32)
6033 (75, 33)
6034 (75, 34)
6035 (75, 35)
6036 (75, 36)
6037 (75, 37)
6038 (75, 38)
6039 (75, 39)
6040 (75, 40)
6041 (75, 41)
6042 (75, 42)
6043 (75, 43)
6044 (75, 44)
6045 (75, 45)
6046 (75, 46)
6047 (75, 47)
6048 (75, 48)
6049 (75, 49)
6050 (75, 50)
6051 (75, 51)
6052 (75, 52)
6053 (75, 53)
6054 (75, 54)
6055 (75, 55)
6056 (75, 56)
6057 (75, 57)
6058 (75, 58)
6059 (75, 59)
6060 (75, 60)
6061 (75, 61)
6062 (75, 62)
6063 (75, 63)
6064 (75, 64)
6065 (75, 65)
6066 (75, 66)
6067 (75, 67)
6068 (75, 68)
6069 (75, 69)
6070 (75, 70)
6071 (75, 71)
6072 (75, 72)
6073 (75, 73)
6074 (75, 74)
6075 (75, 75)
6076 (75, 76)
6077 (75, 77)
6078 (75, 78)
6079 (75, 79)
6080 (76, 0)
6081 (76, 1)
6082 (76, 2)
6083 (76, 3)
6084 (76, 4)
6085 (76, 5)
6086 (76, 6)
6087 (76, 7)
6088 (76, 8)
6089 (76, 9)
6090 (76, 10)
6091 (76, 11)
6092 (76, 12)
6093 (76, 13)
6094 (76, 14)
6095 (76, 15)
6096 (76, 16)
6097 (76, 17)
6098 (76, 18)
6099 (76, 19)
6100 (76, 20)
6101 (76, 21)
6102 (76, 22)
6103 (76, 23)
6104 (76, 24)
6105 (76, 25)
6106 (76, 26)
6107 (76, 27)
6108 (76, 28)
6109 (76, 29)
6110 (76, 30)
6111 (76, 31)
6112 (76, 32)
6113 (76, 33)
6114 (76, 34)
6115 (76, 35)
6116 (76, 36)
6117 (76, 37)
6118 (76, 38)
6119 (76, 39)
6120 (76, 40)
6121 (76, 41)
6122 (76, 42)
6123 (76, 43)
6124 (76, 44)
6125 (76, 45)
6126 (76, 46)
6127 (76, 47)
6128 (76, 48)
6129 (76, 49)
6130 (76, 50)
6131 (76, 51)
6132 (76, 52)
6133 (76, 53)
6134 (76, 54)
6135 (76, 55)
6136 (76, 56)
6137 (76, 57)
6138 (76, 58)
6139 (76, 59)
6140 (76, 60)
6141 (76, 61)
6142 (76, 62)
6143 (76, 63)
6144 (76, 64)
6145 (76, 65)
6146 (76, 66)
6147 (76, 67)
6148 (76, 68)
6149 (76, 69)
6150 (76, 70)
6151 (76, 71)
6152 (76, 72)
6153 (76, 73)
6154 (76, 74)
6155 (76, 75)
6156 (76, 76)
6157 (76, 77)
6158 (76, 78)
6159 (76, 79)
6160 (77, 0)
6161 (77, 1)
6162 (77, 2)
6163 (77, 3)
6164 (77, 4)
6165 (77, 5)
6166 (77, 6)
6167 (77, 7)
6168 (77, 8)
6169 (77, 9)
6170 (77, 10)
6171 (77, 11)
6172 (77, 12)
6173 (77, 13)
6174 (77, 14)
6175 (77, 15)
6176 (77, 16)
6177 (77, 17)
6178 (77, 18)
6179 (77, 19)
6180 (77, 20)
6181 (77, 21)
6182 (77, 22)
6183 (77, 23)
6184 (77, 24)
6185 (77, 25)
6186 (77, 26)
6187 (77, 27)
6188 (77, 28)
6189 (77, 29)
6190 (77, 30)
6191 (77, 31)
6192 (77, 32)
6193 (77, 33)
6194 (77, 34)
6195 (77, 35)
6196 (77, 36)
6197 (77, 37)
6198 (77, 38)
6199 (77, 39)
6200 (77, 40)
6201 (77, 41)
6202 (77, 42)
6203 (77, 43)
6204 (77, 44)
6205 (77, 45)
6206 (77, 46)
6207 (77, 47)
6208 (77, 48)
6209 (77, 49)
6210 (77, 50)
6211 (77, 51)
6212 (77, 52)
6213 (77, 53)
6214 (77, 54)
6215 (77, 55)
6216 (77, 56)
6217 (77, 57)
6218 (77, 58)
6219 (77, 59)
6220 (77, 60)
6221 (77, 61)
6222 (77, 62)
6223 (77, 63)
6224 (77, 64)
6225 (77, 65)
6226 (77, 66)
6227 (77, 67)
6228 (77, 68)
6229 (77, 69)
6230 (77, 70)
6231 (77, 71)
6232 (77, 72)
6233 (77, 73)
6234 (77, 74)
6235 (77, 75)
6236 (77, 76)
6237 (77, 77)
6238 (77, 78)
6239 (77, 79)
6240 (78, 0)
6241 (78, 1)
6242 (78, 2)
6243 (78, 3)
6244 (78, 4)
6245 (78, 5)
6246 (78, 6)
6247 (78, 7)
6248 (78, 8)
6249 (78, 9)
6250 (78, 10)
6251 (78, 11)
6252 (78, 12)
6253 (78, 13)
6254 (78, 14)
6255 (78, 15)
6256 (78, 16)
6257 (78, 17)
6258 (78, 18)
6259 (78, 19)
6260 (78, 20)
6261 (78, 21)
6262 (78, 22)
6263 (78, 23)
6264 (78, 24)
6265 (78, 25)
6266 (78, 26)
6267 (78, 27)
6268 (78, 28)
6269 (78, 29)
6270 (78, 30)
6271 (78, 31)
6272 (78, 32)
6273 (78, 33)
6274 (78, 34)
6275 (78, 35)
6276 (78, 36)
6277 (78, 37)
6278 (78, 38)
6279 (78, 39)
6280 (78, 40)
6281 (78, 41)
6282 (78, 42)
6283 (78, 43)
6284 (78, 44)
6285 (78, 45)
6286 (78, 46)
6287 (78, 47)
6288 (78, 48)
6289 (78, 49)
6290 (78, 50)
6291 (78, 51)
6292 (78, 52)
6293 (78, 53)
6294 (78, 54)
6295 (78, 55)
6296 (78, 56)
6297 (78, 57)
6298 (78, 58)
6299 (78, 59)
6300 (78, 60)
6301 (78, 61)
6302 (78, 62)
6303 (78, 63)
6304 (78, 64)
6305 (78, 65)
6306 (78, 66)
6307 (78, 67)
6308 (78, 68)
6309 (78, 69)
6310 (78, 70)
6311 (78, 71)
6312 (78, 72)
6313 (78, 73)
6314 (78, 74)
6315 (78, 75)
6316 (78, 76)
6317 (78, 77)
6318 (78, 78)
6319 (78, 79)
6320 (79, 0)
6321 (79, 1)
6322 (79, 2)
6323 (79, 3)
6324 (79, 4)
6325 (79, 5)
6326 (79, 6)
6327 (79, 7)
6328 (79, 8)
6329 (79, 9)
6330 (79, 10)
6331 (79, 11)
6332 (79, 12)
6333 (79, 13)
6334 (79, 14)
6335 (79, 15)
6336 (79, 16)
6337 (79, 17)
6338 (79, 18)
6339 (79, 19)
6340 (79, 20)
6341 (79, 21)
6342 (79, 22)
6343 (79, 23)
6344 (79, 24)
6345 (79, 25)
6346 (79, 26)
6347 (79, 27)
6348 (79, 28)
6349 (79, 29)
6350 (79, 30)
6351 (79, 31)
6352 (79, 32)
6353 (79, 33)
6354 (79, 34)
6355 (79, 35)
6356 (79, 36)
6357 (79, 37)
6358 (79, 38)
6359 (79, 39)
6360 (79, 40)
6361 (79, 41)
6362 (79, 42)
6363 (79, 43)
6364 (79, 44)
6365 (79, 45)
6366 (79, 46)
6367 (79, 47)
6368 (79, 48)
6369 (79, 49)
6370 (79, 50)
6371 (79, 51)
6372 (79, 52)
6373 (79, 53)
6374 (79, 54)
6375 (79, 55)
6376 (79, 56)
6377 (79, 57)
6378 (79, 58)
6379 (79, 59)
6380 (79, 60)
6381 (79, 61)
6382 (79, 62)
6383 (79, 63)
6384 (79, 64)
6385 (79, 65)
6386 (79, 66)
6387 (79, 67)
6388 (79, 68)
6389 (79, 69)
6390 (79, 70)
6391 (79, 71)
6392 (79, 72)
6393 (79, 73)
6394 (79, 74)
6395 (79, 75)
6396 (79, 76)
6397 (79, 77)
6398 (79, 78)
6399 (79, 79)
0 1 80
1 0 2 81
2 1 3 82
3 2 4 83
4 3 5 84
5 4 6 85
6 5 7 86
7 6 8 87
8 7 9 88
9 8 10 89
10 9 11
11 10 12 91
12 11 13 92
13 12 14 93
14 13 15 94
15 14 16 95
16 15 17 96
17 16 18 97
18 17 98
19 99
20 100
21 22 101
22 21 23 102
23 22 24 103
24 23 25 104
25 24 26
26 25 27 106
27 26 28 107
28 27 29 108
29 28 109
30 31 110
31 30 32 111
32 31 33 112
33 32 113
34 35
35 34 36 115
36 35 37 116
37 36 38 117
38 37 39 118
39 38 40 119
40 39 41 120
41 40 42 121
42 41 43 122
43 42 44 123
44 43 45 124
45 44 46 125
46 45 47 126
47 46 48 127
48 47 49 128
49 48 50
50 49 51 130
51 50 52 131
52 51 53
53 52 133
54 134
55 56 135
56 55 57 136
57 56 58 137
58 57 59 138
59 58 60 139
60 59 61 140
61 60 62 141
62 61 63 142
63 62 64 143
64 63 65 144
65 64 66
66 65 67 146
67 66 68 147
68 67 69 148
69 68 70 149
70 69 71
71 70 151
72 73 152
73 72 74 153
74 73 75 154
75 74 76
76 75 156
77 78 157
78 77 79
79 78 159
80 0 81 160
81 1 80 82 161
82 2 81 83 162
83 3 82 84 163
84 4 83 85 164
85 5 84 86 165
86 6 85 87 166
87 7 86 88 167
88 8 87 89 168
89 9 88 90 169
90 89 91 170
91 11 90 92 171
92 12 91 93 172
93 13 92 94 173
94 14 93 95 174
95 15 94 96 175
96 16 95 97 176
97 17 96 98 177
98 18 97 99 178
99 19 98 100 179
100 20 99 101 180
101 21 100 102
102 22 101 103 182
103 23 102 183
104 24 105 184
105 104 106 185
106 26 105 107 186
107 27 106 108
108 28 107 188
109 29 110 189
110 30 109 190
111 31 112 191
112 32 111 113 192
113 33 112 114 193
114 113 115 194
115 35 114 116 195
116 36 115 117 196
117 37 116 118 197
118 38 117 198
119 39 120 199
120 40 119 121 200
121 41 120 201
122 42 123 202
123 43 122 124 203
124 44 123 204
125 45 126 205
126 46 125 127 206
127 47 126 128 207
128 48 127 129 208
129 128 209
130 50 131 210
131 51 130 132 211
132 131 133 212
133 53 132 134 213
134 54 133 135 214
135 55 134 136 215
136 56 135 137 216
137 57 136 138 217
138 58 137 139 218
139 59 138
140 60 141 220
141 61 140 142
142 62 141 143 222
143 63 142 144 223
144 64 143 145 224
145 144 146 225
146 66 145 147 226
147 67 146 148 227
148 68 147 149 228
149 69 148 150 229
150 149 151 230
151 71 150 152 231
152 72 151 153 232
153 73 152 154 233
154 74 153 155 234
155 154 156 235
156 76 155 157 236
157 77 156 237
158 238
159 79 239
160 80 161 240
161 81 160 241
162 82 163 242
163 83 162 164 243
164 84 163 165 244
165 85 164 166 245
166 86 165 167
167 87 166 168
168 88 167 169 248
169 89 168 170 249
170 90 169 171 250
171 91 170 172 251
172 92 171 173 252
173 93 172 174 253
174 94 173 175 254
175 95 174 176 255
176 96 175 177 256
177 97 176 178 257
178 98 177 179 258
179 99 178 180 259
180 100 179 181 260
181 180 182 261
182 102 181 183 262
183 103 182 184 263
184 104 183 185 264
185 105 184 265
186 106 187 266
187 186 188 267
188 108 187 189 268
189 109 188 190 269
190 110 189 191 270
191 111 190 192 271
192 112 191 272
193 113 194 273
194 114 193 195 274
195 115 194 196 275
196 116 195 197 276
197 117 196 198 277
198 118 197 199 278
199 119 198 200 279
200 120 199 201 280
201 121 200 281
202 122 282
203 123 204 283
204 124 203 205 284
205 125 204 206 285
206 126 205 207
207 127 206 208 287
208 128 207 209
209 129 208 210 289
210 130 209 211 290
211 131 210 212 291
212 132 211 213 292
213 133 212 214 293
214 134 213
215 135 216 295
216 136 215 217 296
217 137 216 218 297
218 138 217 219 298
219 218 220 299
220 140 219 221 300
221 220 222
222 142 221 223 302
223 143 222 224 303
224 144 223 225 304
225 145 224 226 305
226 146 225 227 306
227 147 226 228 307
228 148 227 229 308
229 149 228 230
230 150 229 231
231 151 230 232 311
232 152 231 233 312
233 153 232 234 313
234 154 233 235 314
235 155 234 236
236 156 235 316
237 157 238 317
238 158 237 239 318
239 159 238
240 160 241 320
241 161 240 242 321
242 162 241 243 322
243 163 242 244 323
244 164 243 245 324
245 165 244 246 325
246 245 247 326
247 246 248 327
248 168 247 328
249 169 250 329
250 170 249 330
251 171 252 331
252 172 251 253 332
253 173 252 254 333
254 174 253 255 334
255 175 254 256 335
256 176 255 257 336
257 177 256 258 337
258 178 257 259 338
259 179 258 339
260 180 261 340
261 181 260 262
262 182 261 263 342
263 183 262 264 343
264 184 263 344
265 185 266 345
266 186 265 267 346
267 187 266 268 347
268 188 267 269 348
269 189 268 270 349
270 190 269 271 350
271 191 270 272 351
272 192 271 352
273 193 274 353
274 194 273 275 354
275 195 274 276 355
276 196 275 356
277 197 278 357
278 198 277 279 358
279 199 278 280 359
280 200 279 281 360
281 201 280 282 361
282 202 281 283 362
283 203 282 284 363
284 204 283 285 364
285 205 284 286 365
286 285 366
287 207 288 367
288 287 289 368
289 209 288 290 369
290 210 289 291
291 211 290 292
292 212 291 293 372
293 213 292 294 373
294 293 295 374
295 215 294 296 375
296 216 295 297 376
297 217 296 298 377
298 218 297 299 378
299 219 298 300 379
300 220 299 301 380
301 300 302
302 222 301 303
303 223 302 304 383
304 224 303 305 384
305 225 304 306 385
306 226 305 307 386
307 227 306 308 387
308 228 307 309 388
309 308 310
310 309 311 390
311 231 310 312 391
312 232 311 313 392
313 233 312 314 393
314 234 313 315 394
315 314 316 395
316 236 315 396
317 237 318 397
318 238 317 398
319 399
320 240 321 400
321 241 320 322 401
322 242 321 323 402
323 243 322 324 403
324 244 323 325 404
325 245 324 326 405
326 246 325 327 406
327 247 326 328 407
328 248 327 329 408
329 249 328 330
330 250 329 410
331 251 332 411
332 252 331 333 412
333 253 332 334 413
334 254 333 335 414
335 255 334 336 415
336 256 335 337 416
337 257 336 417
338 258 339 418
339 259 338 340 419
340 260 339 341 420
341 340 342 421
342 262 341 343 422
343 263 342 344 423
344 264 343 424
345 265 346 425
346 266 345 347 426
347 267 346 348 427
348 268 347 349 428
349 269 348 350 429
350 270 349 430
351 271 352 431
352 272 351 353 432
353 273 352 354 433
354 274 353 355
355 275 354 356 435
356 276 355 357 436
357 277 356 358 437
358 278 357 359 438
359 279 358 360 439
360 280 359 361 440
361 281 360 441
362 282 363 442
363 283 362 364 443
364 284 363 444
365 285 366 445
366 286 365 367 446
367 287 366 368
368 288 367 369 448
369 289 368 370 449
370 369 371 450
371 370 372 451
372 292 371 373 452
373 293 372 374 453
374 294 373 375 454
375 295 374 376 455
376 296 375 377 456
377 297 376
378 298 379 458
379 299 378 380 459
380 300 379 381 460
381 380 382 461
382 381 383 462
383 303 382 384 463
384 304 383 385 464
385 305 384 386 465
386 306 385 387
387 307 386 388 467
388 308 387 389 468
389 388 390 469
390 310 389 391 470
391 311 390 392
392 312 391 472
393 313 394 473
394 314 393 395 474
395 315 394 396 475
396 316 395 397
397 317 396 398 477
398 318 397 399 478
399 319 398 479
400 320 401 480
401 321 400 402 481
402 322 401 403 482
403 323 402 404 483
404 324 403 405 484
405 325 404 406 485
406 326 405 407 486
407 327 406 408 487
408 328 407 488
409 410 489
410 330 409 411 490
411 331 410 412 491
412 332 411 413 492
413 333 412 414 493
414 334 413 415 494
415 335 414 416 495
416 336 415 417 496
417 337 416 418 497
418 338 417 419 498
419 339 418 420 499
420 340 419 421 500
421 341 420 422 501
422 342 421 423
423 343 422 424
424 344 423 504
425 345 426 505
426 346 425 427 506
427 347 426 428 507
428 348 427 429
429 349 428 430
430 350 429 431 510
431 351 430 432 511
432 352 431 433 512
433 353 432 513
434 435 514
435 355 434 436 515
436 356 435 437 516
437 357 436 438 517
438 358 437 439
439 359 438 440 519
440 360 439 441 520
441 361 440 442 521
442 362 441 443 522
443 363 442 523
444 364 445 524
445 365 444 446 525
446 366 445 447
447 446 448 527
448 368 447 449 528
449 369 448 529
450 370 451 530
451 371 450 452 531
452 372 451 453 532
453 373 452 454 533
454 374 453 455 534
455 375 454 456 535
456 376 455 457 536
457 456 537
458 378 459 538
459 379 458 460
460 380 459 461
461 381 460 462 541
462 382 461 463 542
463 383 462 464 543
464 384 463 465 544
465 385 464 545
466 467 546
467 387 466 468 547
468 388 467 469 548
469 389 468 470 549
470 390 469 471 550
471 470 472 551
472 392 471 473 552
473 393 472 474 553
474 394 473 475 554
475 395 474 476 555
476 475 477 556
477 397 476 478 557
478 398 477 479 558
479 399 478
480 400 481 560
481 401 480 482 561
482 402 481 483 562
483 403 482 484 563
484 404 483 485 564
485 405 484 486 565
486 406 485 487 566
487 407 486 488 567
488 408 487 489 568
489 409 488 490 569
490 410 489 491 570
491 411 490 492 571
492 412 491 493 572
493 413 492 494 573
494 414 493 574
495 415 496 575
496 416 495 497 576
497 417 496 498 577
498 418 497 578
499 419 500
500 420 499 501 580
501 421 500 502
502 501 503 582
503 502 504 583
504 424 503 505 584
505 425 504 506 585
506 426 505 507 586
507 427 506 508 587
508 507 509 588
509 508 510 589
510 430 509 511 590
511 431 510 512
512 432 511 513
513 433 512 514 593
514 434 513 515 594
515 435 514 516 595
516 436 515 517 596
517 437 516 518 597
518 517 519 598
519 439 518 520 599
520 440 519 521 600
521 441 520 522 601
522 442 521 523 602
523 443 522 524 603
524 444 523 525 604
525 445 524 526 605
526 525 527 606
527 447 526 528 607
528 448 527 608
529 449 530 609
530 450 529 531 610
531 451 530 532 611
532 452 531 533 612
533 453 532 534 613
534 454 533 535
535 455 534 536 615
536 456 535 537 616
537 457 536 538 617
538 458 537 539 618
539 538 540 619
540 539 541 620
541 461 540 542
542 462 541 543 622
543 463 542 544 623
544 464 543 545 624
545 465 544 625
546 466 626
547 467 627
548 468 549 628
549 469 548 550 629
550 470 549 551 630
551 471 550 552 631
552 472 551 553 632
553 473 552 554 633
554 474 553 555 634
555 475 554 556 635
556 476 555 557 636
557 477 556 637
558 478 559 638
559 558 639
560 480 561 640
561 481 560 562 641
562 482 561 563 642
563 483 562 564 643
564 484 563 565 644
565 485 564 566 645
566 486 565 567 646
567 487 566 568 647
568 488 567 569 648
569 489 568 649
570 490 650
571 491 572 651
572 492 571 573 652
573 493 572 574
574 494 573 575 654
575 495 574 576 655
576 496 575 577 656
577 497 576 578
578 498 577 658
579 580 659
580 500 579 581 660
581 580 582 661
582 502 581 583 662
583 503 582 584 663
584 504 583 585 664
585 505 584 586 665
586 506 585 666
587 507 588 667
588 508 587 589
589 509 588 590 669
590 510 589 591
591 590 592
592 591 593 672
593 513 592 594 673
594 514 593 595 674
595 515 594 596 675
596 516 595 597 676
597 517 596 598 677
598 518 597 599 678
599 519 598 600 679
600 520 599 601 680
601 521 600 602
602 522 601 603
603 523 602 683
604 524 605
605 525 604 606 685
606 526 605 607 686
607 527 606 608 687
608 528 607 609 688
609 529 608 610 689
610 530 609 611 690
611 531 610 612 691
612 532 611 613 692
613 533 612 614
614 613 694
615 535 616 695
616 536 615 617 696
617 537 616 697
618 538 619 698
619 539 618 620 699
620 540 619 621 700
621 620 701
622 542 623 702
623 543 622 624
624 544 623 625 704
625 545 624 626 705
626 546 625 627 706
627 547 626 628 707
628 548 627 629 708
629 549 628 630 709
630 550 629 631 710
631 551 630 632 711
632 552 631 633 712
633 553 632 634 713
634 554 633 635 714
635 555 634 636 715
636 556 635 637 716
637 557 636 638 717
638 558 637 639 718
639 559 638
640 560 641 720
641 561 640 642 721
642 562 641 643 722
643 563 642 644 723
644 564 643 645 724
645 565 644 725
646 566 647
647 567 646 648 727
648 568 647 649 728
649 569 648 650 729
650 570 649 651 730
651 571 650 652 731
652 572 651 653 732
653 652 654 733
654 574 653 655 734
655 575 654 656 735
656 576 655 657 736
657 656 658 737
658 578 657 659 738
659 579 658 660 739
660 580 659 740
661 581 662 741
662 582 661 663 742
663 583 662 664 743
664 584 663 665 744
665 585 664 666 745
666 586 665 667 746
667 587 666 747
668 669 748
669 589 668 670 749
670 669 671
671 670 672
672 592 671 673
673 593 672 674 753
674 594 673 675 754
675 595 674 676 755
676 596 675 677 756
677 597 676
678 598 758
679 599 680 759
680 600 679 681 760
681 680 682
682 681 683 762
683 603 682 684 763
684 683 685
685 605 684 686 765
686 606 685 687 766
687 607 686 688 767
688 608 687 689 768
689 609 688 769
690 610 770
691 611
692 612 772
693 694 773
694 614 693 695 774
695 615 694 696 775
696 616 695 697 776
697 617 696 698 777
698 618 697 699 778
699 619 698 700 779
700 620 699 701 780
701 621 700 702 781
702 622 701 703
703 702 704 783
704 624 703 705 784
705 625 704 706 785
706 626 705 707 786
707 627 706 708 787
708 628 707 709 788
709 629 708 710 789
710 630 709
711 631 712 791
712 632 711 792
713 633 714 793
714 634 713 715 794
715 635 714 716 795
716 636 715 717
717 637 716 797
718 638 719 798
719 718 799
720 640 721 800
721 641 720 722 801
722 642 721 723 802
723 643 722 724 803
724 644 723 725 804
725 645 724 726 805
726 725 727 806
727 647 726 728 807
728 648 727 808
729 649 730 809
730 650 729 731 810
731 651 730 732 811
732 652 731 812
733 653 734
734 654 733 735
735 655 734 736 815
736 656 735 737
737 657 736 738 817
738 658 737 739 818
739 659 738 740 819
740 660 739 741 820
741 661 740 742 821
742 662 741 743 822
743 663 742 744 823
744 664 743 745 824
745 665 744 746 825
746 666 745 747 826
747 667 746 748 827
748 668 747 749 828
749 669 748 750 829
750 749 751 830
751 750 752 831
752 751 753 832
753 673 752 754
754 674 753 755 834
755 675 754 756 835
756 676 755 757 836
757 756 758 837
758 678 757 759 838
759 679 758 760 839
760 680 759 761
761 760 762 841
762 682 761 763 842
763 683 762 764
764 763 765 844
765 685 764 845
766 686 767 846
767 687 766 768 847
768 688 767 769 848
769 689 768 770 849
770 690 769 771 850
771 770 772 851
772 692 771 773 852
773 693 772 774 853
774 694 773 775 854
775 695 774 855
776 696 777 856
777 697 776 778 857
778 698 777 779 858
779 699 778 780 859
780 700 779 781 860
781 701 780 782 861
782 781 862
783 703 784 863
784 704 783 785 864
785 705 784 786 865
786 706 785 787 866
787 707 786 788 867
788 708 787 789 868
789 709 788 790 869
790 789 791 870
791 711 790 792 871
792 712 791 872
793 713 794 873
794 714 793 795 874
795 715 794 796 875
796 795 876
797 717 798 877
798 718 797 799
799 719 798
800 720 801 880
801 721 800 802 881
802 722 801 803 882
803 723 802 804 883
804 724 803 805 884
805 725 804 806 885
806 726 805 886
807 727 808 887
808 728 807 809 888
809 729 808 810 889
810 730 809
811 731 812 891
812 732 811 813 892
813 812 814 893
814 813 815 894
815 735 814 816 895
816 815 817 896
817 737 816 818 897
818 738 817 898
819 739 820 899
820 740 819 821 900
821 741 820 901
822 742 823 902
823 743 822 903
824 744 825 904
825 745 824 826 905
826 746 825 827 906
827 747 826 828 907
828 748 827 829
829 749 828 830 909
830 750 829 831 910
831 751 830 832 911
832 752 831 833 912
833 832 834 913
834 754 833 835 914
835 755 834 836 915
836 756 835 837 916
837 757 836 838 917
838 758 837 918
839 759 840 919
840 839 841 920
841 761 840 842 921
842 762 841 922
843 844 923
844 764 843 845 924
845 765 844 846 925
846 766 845 847 926
847 767 846 848 927
848 768 847 849 928
849 769 848 850 929
850 770 849 851 930
851 771 850 852 931
852 772 851 853 932
853 773 852 854
854 774 853 855 934
855 775 854 856 935
856 776 855 857 936
857 777 856 858 937
858 778 857 859 938
859 779 858 860 939
860 780 859 861 940
861 781 860 862 941
862 782 861 863
863 783 862 864 943
864 784 863 865
865 785 864 866
866 786 865 867 946
867 787 866 868 947
868 788 867 869 948
869 789 868 949
870 790 871 950
871 791 870 872 951
872 792 871 873 952
873 793 872 874 953
874 794 873 875 954
875 795 874 876
876 796 875 877 956
877 797 876
878 879 958
879 878 959
880 800 881 960
881 801 880 882 961
882 802 881 883 962
883 803 882 884 963
884 804 883 885 964
885 805 884 886 965
886 806 885 887 966
887 807 886 888 967
888 808 887 889
889 809 888 890 969
890 889 891 970
891 811 890 892 971
892 812 891 893
893 813 892 894
894 814 893 895 974
895 815 894 896 975
896 816 895 897 976
897 817 896 898 977
898 818 897 899 978
899 819 898 900
900 820 899 901 980
901 821 900 981
902 822 903 982
903 823 902 904
904 824 903 905 984
905 825 904 906 985
906 826 905 907 986
907 827 906 908 987
908 907 909 988
909 829 908 910 989
910 830 909 911 990
911 831 910 912 991
912 832 911 913 992
913 833 912 914 993
914 834 913 915 994
915 835 914 916 995
916 836 915 996
917 837 918 997
918 838 917 919 998
919 839 918 920 999
920 840 919 921
921 841 920 922 1001
922 842 921 923 1002
923 843 922 924 1003
924 844 923 925
925 845 924 1005
926 846 927
927 847 926 928 1007
928 848 927 929 1008
929 849 928 930 1009
930 850 929 931
931 851 930 932 1011
932 852 931 933 1012
933 932 934 1013
934 854 933 935 1014
935 855 934 936 1015
936 856 935 937 1016
937 857 936 1017
938 858 939 1018
939 859 938 940 1019
940 860 939 941 1020
941 861 940 942 1021
942 941 943 1022
943 863 942 944 1023
944 943 945 1024
945 944 946 1025
946 866 945 947 1026
947 867 946 948 1027
948 868 947 949 1028
949 869 948 950 1029
950 870 949 951 1030
951 871 950 952 1031
952 872 951 953 1032
953 873 952 954 1033
954 874 953 955 1034
955 954 956 1035
956 876 955 957 1036
957 956 958
958 878 957 959 1038
959 879 958 1039
960 880 961 1040
961 881 960 962
962 882 961 963 1042
963 883 962 964 1043
964 884 963 965 1044
965 885 964 966 1045
966 886 965 967 1046
967 887 966 968 1047
968 967 969 1048
969 889 968 970 1049
970 890 969 971 1050
971 891 970 972 1051
972 971 973 1052
973 972 974 1053
974 894 973 975 1054
975 895 974 1055
976 896 977 1056
977 897 976 978 1057
978 898 977 979 1058
979 978 980
980 900 979 981 1060
981 901 980 982 1061
982 902 981 983 1062
983 982 984 1063
984 904 983 985 1064
985 905 984 986 1065
986 906 985 987 1066
987 907 986 988 1067
988 908 987 989 1068
989 909 988 990
990 910 989 991 1070
991 911 990 992 1071
992 912 991 993 1072
993 913 992 994 1073
994 914 993 995 1074
995 915 994 996 1075
996 916 995 997 1076
997 917 996 1077
998 918 999 1078
999 919 998 1000 1079
1000 999 1001 1080
1001 921 1000 1081
1002 922 1003 1082
1003 923 1002 1004 1083
1004 1003 1005 1084
1005 925 1004 1006 1085
1006 1005 1007 1086
1007 927 1006 1008 1087
1008 928 1007 1009 1088
1009 929 1008 1010 1089
1010 1009
1011 931 1012 1091
1012 932 1011 1013 1092
1013 933 1012 1014 1093
1014 934 1013 1015
1015 935 1014 1016
1016 936 1015 1017 1096
1017 937 1016 1018 1097
1018 938 1017 1019 1098
1019 939 1018 1020
1020 940 1019 1100
1021 941 1022
1022 942 1021 1023 1102
1023 943 1022 1024 1103
1024 944 1023 1025 1104
1025 945 1024 1105
1026 946 1027 1106
1027 947 1026 1028
1028 948 1027 1029 1108
1029 949 1028 1030
1030 950 1029 1031
1031 951 1030 1032 1111
1032 952 1031 1033 1112
1033 953 1032 1034 1113
1034 954 1033 1035 1114
1035 955 1034 1036 1115
1036 956 1035 1037 1116
1037 1036 1038 1117
1038 958 1037 1039 1118
1039 959 1038 1119
1040 960 1041 1120
1041 1040 1042 1121
1042 962 1041 1043 1122
1043 963 1042 1044 1123
1044 964 1043 1045 1124
1045 965 1044 1125
1046 966 1047 1126
1047 967 1046 1048 1127
1048 968 1047 1049 1128
1049 969 1048 1050 1129
1050 970 1049 1051 1130
1051 971 1050 1052 1131
1052 972 1051 1053 1132
1053 973 1052 1054 1133
1054 974 1053 1055 1134
1055 975 1054 1056 1135
1056 976 1055 1057 1136
1057 977 1056 1137
1058 978 1059 1138
1059 1058 1060 1139
1060 980 1059 1061 1140
1061 981 1060 1062 1141
1062 982 1061 1063 1142
1063 983 1062 1064
1064 984 1063 1065 1144
1065 985 1064 1145
1066 986 1067 1146
1067 987 1066 1068 1147
1068 988 1067 1069 1148
1069 1068 1070 1149
1070 990 1069 1071 1150
1071 991 1070 1072
1072 992 1071 1073 1152
1073 993 1072 1074 1153
1074 994 1073 1075 1154
1075 995 1074 1076 1155
1076 996 1075 1077
1077 997 1076 1078 1157
1078 998 1077 1079 1158
1079 999 1078 1080 1159
1080 1000 1079 1081 1160
1081 1001 1080 1082 1161
1082 1002 1081 1083 1162
1083 1003 1082 1084 1163
1084 1004 1083 1085 1164
1085 1005 1084 1086 1165
1086 1006 1085 1087 1166
1087 1007 1086 1088 1167
1088 1008 1087 1089 1168
1089 1009 1088 1090 1169
1090 1089 1170
1091 1011 1092 1171
1092 1012 1091 1093 1172
1093 1013 1092 1094 1173
1094 1093 1174
1095 1096 1175
1096 1016 1095 1097 1176
1097 1017 1096 1177
1098 1018 1178
1099 1100 1179
1100 1020 1099 1180
1101 1102 1181
1102 1022 1101 1103 1182
1103 1023 1102 1104 1183
1104 1024 1103 1105 1184
1105 1025 1104 1106 1185
1106 1026 1105 1107 1186
1107 1106 1108 1187
1108 1028 1107 1109 1188
1109 1108 1110 1189
1110 1109 1111 1190
1111 1031 1110 1112 1191
1112 1032 1111 1113
1113 1033 1112 1114 1193
1114 1034 1113 1115 1194
1115 1035 1114 1116 1195
1116 1036 1115 1117 1196
1117 1037 1116 1118 1197
1118 1038 1117 1119 1198
1119 1039 1118 1199
1120 1040 1121 1200
1121 1041 1120 1122
1122 1042 1121 1123 1202
1123 1043 1122 1124 1203
1124 1044 1123 1125 1204
1125 1045 1124 1126 1205
1126 1046 1125 1127 1206
1127 1047 1126 1128 1207
1128 1048 1127 1129 1208
1129 1049 1128 1130 1209
1130 1050 1129 1131 1210
1131 1051 1130 1132 1211
1132 1052 1131 1133 1212
1133 1053 1132 1134 1213
1134 1054 1133 1135 1214
1135 1055 1134 1136 1215
1136 1056 1135 1137 1216
1137 1057 1136 1138
1138 1058 1137 1218
1139 1059 1219
1140 1060 1141 1220
1141 1061 1140 1142
1142 1062 1141 1143 1222
1143 1142 1144 1223
1144 1064 1143 1145 1224
1145 1065 1144 1146 1225
1146 1066 1145 1147 1226
1147 1067 1146 1148 1227
1148 1068 1147 1149 1228
1149 1069 1148 1150 1229
1150 1070 1149 1151 1230
1151 1150 1152 1231
1152 1072 1151 1153 1232
1153 1073 1152 1154 1233
1154 1074 1153 1155 1234
1155 1075 1154 1156 1235
1156 1155 1157 1236
1157 1077 1156 1158 1237
1158 1078 1157 1238
1159 1079 1160 1239
1160 1080 1159 1161 1240
1161 1081 1160 1162 1241
1162 1082 1161 1163
1163 1083 1162 1164
1164 1084 1163 1165
1165 1085 1164 1166 1245
1166 1086 1165 1167 1246
1167 1087 1166 1247
1168 1088 1169 1248
1169 1089 1168 1170 1249
1170 1090 1169 1171 1250
1171 1091 1170 1172 1251
1172 1092 1171 1173 1252
1173 1093 1172 1174 1253
1174 1094 1173 1175 1254
1175 1095 1174 1176 1255
1176 1096 1175 1177 1256
1177 1097 1176 1178 1257
1178 1098 1177 1179 1258
1179 1099 1178 1180 1259
1180 1100 1179 1181 1260
1181 1101 1180 1182 1261
1182 1102 1181 1183 1262
1183 1103 1182 1184 1263
1184 1104 1183 1264
1185 1105 1265
1186 1106 1187 1266
1187 1107 1186 1267
1188 1108 1268
1189 1109 1190 1269
1190 1110 1189 1191 1270
1191 1111 1190 1192 1271
1192 1191 1193 1272
1193 1113 1192 1194 1273
1194 1114 1193 1195 1274
1195 1115 1194 1196
1196 1116 1195 1197 1276
1197 1117 1196 1198 1277
1198 1118 1197 1199 1278
1199 1119 1198 1279
1200 1120 1201 1280
1201 1200 1202 1281
1202 1122 1201 1203 1282
1203 1123 1202 1204 1283
1204 1124 1203 1205 1284
1205 1125 1204 1206 1285
1206 1126 1205 1207 1286
1207 1127 1206 1208 1287
1208 1128 1207 1209 1288
1209 1129 1208 1210 1289
1210 1130 1209 1211 1290
1211 1131 1210 1212 1291
1212 1132 1211 1213 1292
1213 1133 1212 1214 1293
1214 1134 1213 1215 1294
1215 1135 1214 1216 1295
1216 1136 1215 1217 1296
1217 1216 1218
1218 1138 1217 1219 1298
1219 1139 1218 1220
1220 1140 1219 1221 1300
1221 1220 1222 1301
1222 1142 1221 1223 1302
1223 1143 1222 1224
1224 1144 1223 1225 1304
1225 1145 1224 1305
1226 1146 1227 1306
1227 1147 1226 1228 1307
1228 1148 1227 1229 1308
1229 1149 1228 1230 1309
1230 1150 1229 1231 1310
1231 1151 1230 1232 1311
1232 1152 1231 1233 1312
1233 1153 1232 1234 1313
1234 1154 1233 1235
1235 1155 1234 1236 1315
1236 1156 1235 1237 1316
1237 1157 1236
1238 1158 1239 1318
1239 1159 1238 1240 1319
1240 1160 1239 1241 1320
1241 1161 1240 1242 1321
1242 1241 1243 1322
1243 1242 1323
1244 1245 1324
1245 1165 1244 1246 1325
1246 1166 1245
1247 1167 1248 1327
1248 1168 1247 1328
1249 1169 1250 1329
1250 1170 1249 1251 1330
1251 1171 1250 1252 1331
1252 1172 1251 1253 1332
1253 1173 1252 1254 1333
1254 1174 1253 1255 1334
1255 1175 1254 1256 1335
1256 1176 1255 1257 1336
1257 1177 1256 1258 1337
1258 1178 1257 1259 1338
1259 1179 1258 1260 1339
1260 1180 1259 1261 1340
1261 1181 1260 1262 1341
1262 1182 1261 1263 1342
1263 1183 1262 1264 1343
1264 1184 1263 1265 1344
1265 1185 1264 1266 1345
1266 1186 1265 1267 1346
1267 1187 1266 1268 1347
1268 1188 1267 1348
1269 1189 1270 1349
1270 1190 1269 1271 1350
1271 1191 1270 1272 1351
1272 1192 1271 1273 1352
1273 1193 1272 1274 1353
1274 1194 1273 1275 1354
1275 1274 1276 1355
1276 1196 1275 1356
1277 1197 1278 1357
1278 1198 1277 1279 1358
1279 1199 1278 1359
1280 1200 1281
1281 1201 1280 1282
1282 1202 1281 1362
1283 1203 1284 1363
1284 1204 1283 1285
1285 1205 1284 1286
1286 1206 1285 1287 1366
1287 1207 1286 1288 1367
1288 1208 1287 1289 1368
1289 1209 1288 1290 1369
1290 1210 1289 1291 1370
1291 1211 1290 1292 1371
1292 1212 1291 1293 1372
1293 1213 1292 1294 1373
1294 1214 1293 1295 1374
1295 1215 1294 1296 1375
1296 1216 1295 1297 1376
1297 1296 1298
1298 1218 1297 1299 1378
1299 1298 1300 1379
1300 1220 1299 1301 1380
1301 1221 1300 1302 1381
1302 1222 1301 1303 1382
1303 1302 1304 1383
1304 1224 1303 1305 1384
1305 1225 1304 1306 1385
1306 1226 1305 1307 1386
1307 1227 1306
1308 1228 1309 1388
1309 1229 1308 1310 1389
1310 1230 1309 1311 1390
1311 1231 1310 1312 1391
1312 1232 1311
1313 1233 1314 1393
1314 1313 1315 1394
1315 1235 1314 1316
1316 1236 1315 1317 1396
1317 1316 1318 1397
1318 1238 1317 1319 1398
1319 1239 1318 1320 1399
1320 1240 1319 1400
1321 1241 1322
1322 1242 1321 1323 1402
1323 1243 1322 1324 1403
1324 1244 1323 1325 1404
1325 1245 1324 1326 1405
1326 1325 1327 1406
1327 1247 1326 1328 1407
1328 1248 1327 1329 1408
1329 1249 1328 1330 1409
1330 1250 1329 1331 1410
1331 1251 1330 1332 1411
1332 1252 1331 1333 1412
1333 1253 1332 1334 1413
1334 1254 1333 1335 1414
1335 1255 1334 1336 1415
1336 1256 1335 1337 1416
1337 1257 1336 1417
1338 1258 1339 1418
1339 1259 1338 1340 1419
1340 1260 1339 1341 1420
1341 1261 1340 1342 1421
1342 1262 1341 1343 1422
1343 1263 1342 1344 1423
1344 1264 1343 1345 1424
1345 1265 1344 1346 1425
1346 1266 1345 1347 1426
1347 1267 1346 1348
1348 1268 1347 1428
1349 1269 1350 1429
1350 1270 1349 1351 1430
1351 1271 1350 1352 1431
1352 1272 1351 1353 1432
1353 1273 1352 1354 1433
1354 1274 1353 1355 1434
1355 1275 1354 1435
1356 1276 1357 1436
1357 1277 1356 1358 1437
1358 1278 1357 1359 1438
1359 1279 1358 1439
1360 1361 1440
1361 1360 1441
1362 1282
1363 1283 1364 1443
1364 1363 1365 1444
1365 1364 1366 1445
1366 1286 1365 1367 1446
1367 1287 1366 1368 1447
1368 1288 1367 1369 1448
1369 1289 1368 1370 1449
1370 1290 1369 1371 1450
1371 1291 1370 1372 1451
1372 1292 1371 1373 1452
1373 1293 1372 1374 1453
1374 1294 1373 1375 1454
1375 1295 1374 1376 1455
1376 1296 1375 1377 1456
1377 1376 1378 1457
1378 1298 1377 1379 1458
1379 1299 1378 1459
1380 1300 1381 1460
1381 1301 1380 1382 1461
1382 1302 1381 1383 1462
1383 1303 1382
1384 1304 1385 1464
1385 1305 1384 1386 1465
1386 1306 1385 1387 1466
1387 1386 1388 1467
1388 1308 1387 1389
1389 1309 1388 1390 1469
1390 1310 1389 1391 1470
1391 1311 1390 1392 1471
1392 1391 1393 1472
1393 1313 1392 1473
1394 1314 1395 1474
1395 1394 1396 1475
1396 1316 1395 1476
1397 1317 1398 1477
1398 1318 1397 1399 1478
1399 1319 1398 1400
1400 1320 1399 1401 1480
1401 1400 1402 1481
1402 1322 1401 1403 1482
1403 1323 1402 1404 1483
1404 1324 1403 1405 1484
1405 1325 1404 1485
1406 1326 1407 1486
1407 1327 1406 1408 1487
1408 1328 1407 1488
1409 1329 1410 1489
1410 1330 1409 1490
1411 1331 1412 1491
1412 1332 1411 1413 1492
1413 1333 1412 1414 1493
1414 1334 1413 1415 1494
1415 1335 1414 1416 1495
1416 1336 1415 1417 1496
1417 1337 1416 1497
1418 1338 1419 1498
1419 1339 1418 1420 1499
1420 1340 1419 1500
1421 1341 1422 1501
1422 1342 1421 1423 1502
1423 1343 1422 1424 1503
1424 1344 1423 1425 1504
1425 1345 1424 1426 1505
1426 1346 1425 1427 1506
1427 1426 1428 1507
1428 1348 1427 1429 1508
1429 1349 1428 1430 1509
1430 1350 1429 1431 1510
1431 1351 1430 1432
1432 1352 1431 1433
1433 1353 1432 1434 1513
1434 1354 1433 1435 1514
1435 1355 1434 1436 1515
1436 1356 1435 1437 1516
1437 1357 1436 1438 1517
1438 1358 1437 1439 1518
1439 1359 1438 1519
1440 1360 1441 1520
1441 1361 1440 1442 1521
1442 1441 1443 1522
1443 1363 1442 1444 1523
1444 1364 1443 1445 1524
1445 1365 1444 1446 1525
1446 1366 1445 1447 1526
1447 1367 1446 1448
1448 1368 1447 1449 1528
1449 1369 1448 1450 1529
1450 1370 1449 1451 1530
1451 1371 1450 1452 1531
1452 1372 1451 1453 1532
1453 1373 1452 1454 1533
1454 1374 1453 1455 1534
1455 1375 1454 1456 1535
1456 1376 1455 1457 1536
1457 1377 1456 1458 1537
1458 1378 1457 1459 1538
1459 1379 1458 1460 1539
1460 1380 1459 1461
1461 1381 1460 1462 1541
1462 1382 1461 1463 1542
1463 1462 1464 1543
1464 1384 1463 1465 1544
1465 1385 1464 1466 1545
1466 1386 1465 1467 1546
1467 1387 1466 1547
1468 1469 1548
1469 1389 1468 1470 1549
1470 1390 1469 1471
1471 1391 1470 1472 1551
1472 1392 1471 1552
1473 1393 1474 1553
1474 1394 1473 1554
1475 1395 1476 1555
1476 1396 1475 1477 1556
1477 1397 1476 1478 1557
1478 1398 1477 1479 1558
1479 1478 1480 1559
1480 1400 1479 1560
1481 1401 1482 1561
1482 1402 1481 1483 1562
1483 1403 1482 1484
1484 1404 1483 1485 1564
1485 1405 1484 1486 1565
1486 1406 1485 1487 1566
1487 1407 1486 1488 1567
1488 1408 1487 1489 1568
1489 1409 1488 1490 1569
1490 1410 1489 1491 1570
1491 1411 1490 1492 1571
1492 1412 1491 1493 1572
1493 1413 1492 1494 1573
1494 1414 1493 1495 1574
1495 1415 1494 1496 1575
1496 1416 1495 1576
1497 1417 1498 1577
1498 1418 1497 1499 1578
1499 1419 1498 1500 1579
1500 1420 1499 1501 1580
1501 1421 1500 1502 1581
1502 1422 1501 1503 1582
1503 1423 1502 1504
1504 1424 1503 1505 1584
1505 1425 1504 1506 1585
1506 1426 1505 1507 1586
1507 1427 1506 1587
1508 1428 1509 1588
1509 1429 1508 1510 1589
1510 1430 1509 1511 1590
1511 1510 1512
1512 1511 1513 1592
1513 1433 1512 1514
1514 1434 1513 1515 1594
1515 1435 1514 1516 1595
1516 1436 1515 1517
1517 1437 1516 1518 1597
1518 1438 1517 1519 1598
1519 1439 1518 1599
1520 1440 1600
1521 1441 1522 1601
1522 1442 1521 1523 1602
1523 1443 1522 1524 1603
1524 1444 1523 1525 1604
1525 1445 1524 1526 1605
1526 1446 1525 1527 1606
1527 1526 1528 1607
1528 1448 1527 1529 1608
1529 1449 1528 1530 1609
1530 1450 1529 1531
1531 1451 1530 1611
1532 1452 1533 1612
1533 1453 1532 1534 1613
1534 1454 1533 1535 1614
1535 1455 1534 1536 1615
1536 1456 1535 1537 1616
1537 1457 1536 1538 1617
1538 1458 1537 1539 1618
1539 1459 1538 1540
1540 1539 1541 1620
1541 1461 1540 1542 1621
1542 1462 1541 1543 1622
1543 1463 1542 1544 1623
1544 1464 1543 1545 1624
1545 1465 1544 1625
1546 1466 1626
1547 1467 1548 1627
1548 1468 1547 1628
1549 1469 1550 1629
1550 1549 1551 1630
1551 1471 1550 1552 1631
1552 1472 1551 1632
1553 1473 1633
1554 1474 1555 1634
1555 1475 1554 1556 1635
1556 1476 1555 1557
1557 1477 1556 1637
1558 1478 1559 1638
1559 1479 1558 1560 1639
1560 1480 1559 1561 1640
1561 1481 1560 1562 1641
1562 1482 1561 1563 1642
1563 1562 1564 1643
1564 1484 1563 1644
1565 1485 1566 1645
1566 1486 1565 1567 1646
1567 1487 1566 1568 1647
1568 1488 1567 1569 1648
1569 1489 1568 1570 1649
1570 1490 1569 1571 1650
1571 1491 1570 1572 1651
1572 1492 1571 1573 1652
1573 1493 1572 1574 1653
1574 1494 1573 1575 1654
1575 1495 1574 1576 1655
1576 1496 1575 1577 1656
1577 1497 1576 1578 1657
1578 1498 1577 1579
1579 1499 1578 1580 1659
1580 1500 1579 1581 1660
1581 1501 1580 1582 1661
1582 1502 1581 1583 1662
1583 1582 1584 1663
1584 1504 1583 1585 1664
1585 1505 1584 1586 1665
1586 1506 1585 1587 1666
1587 1507 1586 1667
1588 1508 1589 1668
1589 1509 1588 1590 1669
1590 1510 1589 1591 1670
1591 1590 1592 1671
1592 1512 1591 1593 1672
1593 1592 1594 1673
1594 1514 1593 1595 1674
1595 1515 1594 1596 1675
1596 1595 1597 1676
1597 1517 1596 1598 1677
1598 1518 1597 1599 1678
1599 1519 1598 1679
1600 1520 1601 1680
1601 1521 1600 1602 1681
1602 1522 1601 1603 1682
1603 1523 1602 1604 1683
1604 1524 1603 1605 1684
1605 1525 1604 1606
1606 1526 1605 1686
1607 1527 1608 1687
1608 1528 1607 1609 1688
1609 1529 1608 1610 1689
1610 1609 1611 1690
1611 1531 1610 1612 1691
1612 1532 1611 1613 1692
1613 1533 1612 1614 1693
1614 1534 1613 1615 1694
1615 1535 1614 1616 1695
1616 1536 1615 1617 1696
1617 1537 1616 1618
1618 1538 1617 1619 1698
1619 1618 1620 1699
1620 1540 1619 1700
1621 1541 1622 1701
1622 1542 1621 1623 1702
1623 1543 1622 1624 1703
1624 1544 1623 1625 1704
1625 1545 1624 1626 1705
1626 1546 1625 1627 1706
1627 1547 1626 1628 1707
1628 1548 1627 1629 1708
1629 1549 1628 1630 1709
1630 1550 1629 1631 1710
1631 1551 1630 1632
1632 1552 1631 1633 1712
1633 1553 1632 1634 1713
1634 1554 1633 1635 1714
1635 1555 1634 1636 1715
1636 1635 1637 1716
1637 1557 1636 1638 1717
1638 1558 1637 1639 1718
1639 1559 1638 1640 1719
1640 1560 1639 1641 1720
1641 1561 1640 1642 1721
1642 1562 1641 1643 1722
1643 1563 1642 1644 1723
1644 1564 1643 1645 1724
1645 1565 1644 1646 1725
1646 1566 1645 1647 1726
1647 1567 1646 1648 1727
1648 1568 1647 1649 1728
1649 1569 1648 1650
1650 1570 1649 1651 1730
1651 1571 1650 1652 1731
1652 1572 1651 1732
1653 1573 1654 1733
1654 1574 1653 1655
1655 1575 1654 1656 1735
1656 1576 1655 1657 1736
1657 1577 1656 1658 1737
1658 1657 1659 1738
1659 1579 1658 1660
1660 1580 1659 1661 1740
1661 1581 1660 1662 1741
1662 1582 1661 1663 1742
1663 1583 1662 1743
1664 1584 1665 1744
1665 1585 1664 1666 1745
1666 1586 1665 1667 1746
1667 1587 1666 1668 1747
1668 1588 1667 1669 1748
1669 1589 1668 1670 1749
1670 1590 1669 1671 1750
1671 1591 1670 1672
1672 1592 1671 1673 1752
1673 1593 1672 1753
1674 1594 1675 1754
1675 1595 1674 1676 1755
1676 1596 1675 1677 1756
1677 1597 1676 1678 1757
1678 1598 1677 1679 1758
1679 1599 1678 1759
1680 1600 1681 1760
1681 1601 1680 1761
1682 1602 1683 1762
1683 1603 1682 1684 1763
1684 1604 1683 1685 1764
1685 1684 1686
1686 1606 1685 1687 1766
1687 1607 1686 1688
1688 1608 1687 1689 1768
1689 1609 1688 1690 1769
1690 1610 1689 1691 1770
1691 1611 1690
1692 1612 1693 1772
1693 1613 1692 1694 1773
1694 1614 1693 1695
1695 1615 1694 1696 1775
1696 1616 1695 1697 1776
1697 1696 1698 1777
1698 1618 1697 1699 1778
1699 1619 1698 1700 1779
1700 1620 1699 1701 1780
1701 1621 1700 1702 1781
1702 1622 1701 1703 1782
1703 1623 1702 1704 1783
1704 1624 1703 1705 1784
1705 1625 1704 1706 1785
1706 1626 1705 1707 1786
1707 1627 1706 1787
1708 1628 1709 1788
1709 1629 1708 1710 1789
1710 1630 1709 1711 1790
1711 1710 1712 1791
1712 1632 1711 1713 1792
1713 1633 1712 1714
1714 1634 1713 1715 1794
1715 1635 1714 1795
1716 1636 1717 1796
1717 1637 1716 1718 1797
1718 1638 1717 1719 1798
1719 1639 1718 1720 1799
1720 1640 1719 1721 1800
1721 1641 1720 1722 1801
1722 1642 1721 1723 1802
1723 1643 1722 1724 1803
1724 1644 1723 1725
1725 1645 1724 1726
1726 1646 1725 1727 1806
1727 1647 1726 1728 1807
1728 1648 1727 1729
1729 1728 1809
1730 1650 1731 1810
1731 1651 1730 1732 1811
1732 1652 1731 1812
1733 1653 1734 1813
1734 1733 1735 1814
1735 1655 1734 1736
1736 1656 1735 1737 1816
1737 1657 1736 1738 1817
1738 1658 1737 1739 1818
1739 1738 1740 1819
1740 1660 1739 1741 1820
1741 1661 1740 1742
1742 1662 1741 1743 1822
1743 1663 1742 1744
1744 1664 1743 1745 1824
1745 1665 1744 1746 1825
1746 1666 1745 1747 1826
1747 1667 1746 1748 1827
1748 1668 1747 1749
1749 1669 1748 1750 1829
1750 1670 1749 1751 1830
1751 1750 1752 1831
1752 1672 1751 1753 1832
1753 1673 1752 1754 1833
1754 1674 1753 1755
1755 1675 1754 1756 1835
1756 1676 1755 1757 1836
1757 1677 1756 1758 1837
1758 1678 1757 1759 1838
1759 1679 1758 1839
1760 1680 1761 1840
1761 1681 1760 1762 1841
1762 1682 1761 1763 1842
1763 1683 1762 1764 1843
1764 1684 1763 1765 1844
1765 1764 1766
1766 1686 1765 1767 1846
1767 1766 1768 1847
1768 1688 1767 1769
1769 1689 1768 1770 1849
1770 1690 1769 1771 1850
1771 1770 1772 1851
1772 1692 1771 1852
1773 1693 1774
1774 1773 1775 1854
1775 1695 1774 1776 1855
1776 1696 1775 1777
1777 1697 1776 1778 1857
1778 1698 1777 1779 1858
1779 1699 1778 1780 1859
1780 1700 1779 1781 1860
1781 1701 1780 1782 1861
1782 1702 1781 1783 1862
1783 1703 1782 1784 1863
1784 1704 1783 1785 1864
1785 1705 1784 1786 1865
1786 1706 1785 1787 1866
1787 1707 1786 1788 1867
1788 1708 1787 1789
1789 1709 1788 1790 1869
1790 1710 1789 1791 1870
1791 1711 1790 1792 1871
1792 1712 1791 1793 1872
1793 1792 1794 1873
1794 1714 1793 1795 1874
1795 1715 1794 1796 1875
1796 1716 1795 1797
1797 1717 1796 1798 1877
1798 1718 1797 1799 1878
1799 1719 1798 1800 1879
1800 1720 1799 1801 1880
1801 1721 1800 1802
1802 1722 1801 1803 1882
1803 1723 1802 1804
1804 1803 1805 1884
1805 1804 1806 1885
1806 1726 1805 1807 1886
1807 1727 1806 1808 1887
1808 1807 1809 1888
1809 1729 1808 1810 1889
1810 1730 1809 1811 1890
1811 1731 1810 1812 1891
1812 1732 1811 1813 1892
1813 1733 1812 1814 1893
1814 1734 1813 1894
1815 1816 1895
1816 1736 1815 1817 1896
1817 1737 1816 1818
1818 1738 1817 1819 1898
1819 1739 1818 1820 1899
1820 1740 1819 1821 1900
1821 1820 1822 1901
1822 1742 1821 1823 1902
1823 1822 1824 1903
1824 1744 1823 1825 1904
1825 1745 1824 1826
1826 1746 1825 1827 1906
1827 1747 1826 1828 1907
1828 1827 1829 1908
1829 1749 1828 1909
1830 1750 1831 1910
1831 1751 1830 1832
1832 1752 1831 1833 1912
1833 1753 1832 1834 1913
1834 1833 1835 1914
1835 1755 1834 1836 1915
1836 1756 1835 1837 1916
1837 1757 1836 1838 1917
1838 1758 1837 1839 1918
1839 1759 1838 1919
1840 1760 1841 1920
1841 1761 1840 1921
1842 1762 1843 1922
1843 1763 1842 1844 1923
1844 1764 1843 1845 1924
1845 1844 1846 1925
1846 1766 1845 1847 1926
1847 1767 1846 1848 1927
1848 1847 1849 1928
1849 1769 1848 1850 1929
1850 1770 1849 1851 1930
1851 1771 1850 1852 1931
1852 1772 1851 1853 1932
1853 1852 1854 1933
1854 1774 1853 1934
1855 1775 1856 1935
1856 1855 1857 1936
1857 1777 1856 1858 1937
1858 1778 1857 1859 1938
1859 1779 1858 1939
1860 1780 1861 1940
1861 1781 1860 1862 1941
1862 1782 1861 1942
1863 1783 1864 1943
1864 1784 1863 1865 1944
1865 1785 1864 1866 1945
1866 1786 1865 1867 1946
1867 1787 1866 1868 1947
1868 1867 1869 1948
1869 1789 1868 1870 1949
1870 1790 1869 1871 1950
1871 1791 1870 1872 1951
1872 1792 1871 1873 1952
1873 1793 1872 1874 1953
1874 1794 1873 1875 1954
1875 1795 1874 1876 1955
1876 1875 1877
1877 1797 1876 1878 1957
1878 1798 1877 1958
1879 1799 1880 1959
1880 1800 1879 1960
1881 1882 1961
1882 1802 1881 1883 1962
1883 1882 1884 1963
1884 1804 1883 1885 1964
1885 1805 1884 1886 1965
1886 1806 1885 1887 1966
1887 1807 1886 1888 1967
1888 1808 1887 1889
1889 1809 1888 1890 1969
1890 1810 1889 1970
1891 1811 1892
1892 1812 1891 1972
1893 1813 1894 1973
1894 1814 1893 1895 1974
1895 1815 1894 1896 1975
1896 1816 1895 1897 1976
1897 1896 1898 1977
1898 1818 1897 1978
1899 1819 1900
1900 1820 1899 1901 1980
1901 1821 1900 1981
1902 1822 1903
1903 1823 1902 1904 1983
1904 1824 1903 1905 1984
1905 1904 1906 1985
1906 1826 1905 1907 1986
1907 1827 1906 1908
1908 1828 1907 1909 1988
1909 1829 1908 1910
1910 1830 1909 1911 1990
1911 1910 1912
1912 1832 1911 1913
1913 1833 1912 1914 1993
1914 1834 1913 1915 1994
1915 1835 1914 1916 1995
1916 1836 1915 1917 1996
1917 1837 1916 1918 1997
1918 1838 1917 1998
1919 1839 1999
1920 1840
1921 1841 2001
1922 1842 1923 2002
1923 1843 1922 1924 2003
1924 1844 1923 1925 2004
1925 1845 1924 1926 2005
1926 1846 1925 1927 2006
1927 1847 1926 1928 2007
1928 1848 1927 1929 2008
1929 1849 1928 1930
1930 1850 1929 1931 2010
1931 1851 1930 2011
1932 1852 1933 2012
1933 1853 1932 1934
1934 1854 1933 1935 2014
1935 1855 1934 1936 2015
1936 1856 1935 1937 2016
1937 1857 1936 1938 2017
1938 1858 1937 1939 2018
1939 1859 1938 1940 2019
1940 1860 1939 1941 2020
1941 1861 1940 1942 2021
1942 1862 1941 1943 2022
1943 1863 1942 1944 2023
1944 1864 1943 1945 2024
1945 1865 1944 1946 2025
1946 1866 1945 1947 2026
1947 1867 1946 1948 2027
1948 1868 1947 1949 2028
1949 1869 1948 1950 2029
1950 1870 1949 1951 2030
1951 1871 1950 1952 2031
1952 1872 1951 1953 2032
1953 1873 1952 1954 2033
1954 1874 1953 1955 2034
1955 1875 1954 1956 2035
1956 1955 1957
1957 1877 1956 1958 2037
1958 1878 1957 1959 2038
1959 1879 1958 1960
1960 1880 1959 1961 2040
1961 1881 1960 1962 2041
1962 1882 1961 1963 2042
1963 1883 1962 1964 2043
1964 1884 1963 1965
1965 1885 1964 1966 2045
1966 1886 1965 1967 2046
1967 1887 1966 1968 2047
1968 1967 1969 2048
1969 1889 1968 2049
1970 1890 1971 2050
1971 1970 1972 2051
1972 1892 1971 2052
1973 1893 1974 2053
1974 1894 1973 2054
1975 1895 1976 2055
1976 1896 1975 1977 2056
1977 1897 1976 1978 2057
1978 1898 1977 1979 2058
1979 1978 1980 2059
1980 1900 1979 1981 2060
1981 1901 1980 2061
1982 1983 2062
1983 1903 1982 1984 2063
1984 1904 1983 1985 2064
1985 1905 1984 1986 2065
1986 1906 1985 2066
1987 1988 2067
1988 1908 1987 1989 2068
1989 1988 2069
1990 1910 1991 2070
1991 1990 1992 2071
1992 1991 1993 2072
1993 1913 1992 1994 2073
1994 1914 1993 1995 2074
1995 1915 1994 1996 2075
1996 1916 1995 1997 2076
1997 1917 1996 1998 2077
1998 1918 1997 1999 2078
1999 1919 1998 2079
2000 2001 2080
2001 1921 2000 2002 2081
2002 1922 2001 2003
2003 1923 2002 2004
2004 1924 2003 2005 2084
2005 1925 2004 2006
2006 1926 2005 2007 2086
2007 1927 2006 2008 2087
2008 1928 2007 2009 2088
2009 2008 2010 2089
2010 1930 2009 2011 2090
2011 1931 2010 2012 2091
2012 1932 2011 2013 2092
2013 2012 2014 2093
2014 1934 2013 2015
2015 1935 2014 2016
2016 1936 2015 2017 2096
2017 1937 2016 2018 2097
2018 1938 2017 2019 2098
2019 1939 2018 2020 2099
2020 1940 2019 2021 2100
2021 1941 2020 2022 2101
2022 1942 2021 2023
2023 1943 2022 2024 2103
2024 1944 2023
2025 1945 2026 2105
2026 1946 2025 2027 2106
2027 1947 2026 2028 2107
2028 1948 2027 2029 2108
2029 1949 2028 2030 2109
2030 1950 2029 2031 2110
2031 1951 2030 2032 2111
2032 1952 2031 2033 2112
2033 1953 2032 2113
2034 1954 2114
2035 1955 2036 2115
2036 2035 2116
2037 1957 2038 2117
2038 1958 2037 2039 2118
2039 2038 2040
2040 1960 2039 2120
2041 1961 2042 2121
2042 1962 2041 2043 2122
2043 1963 2042 2123
2044 2045 2124
2045 1965 2044 2125
2046 1966 2047 2126
2047 1967 2046 2127
2048 1968 2049 2128
2049 1969 2048 2050 2129
2050 1970 2049 2051 2130
2051 1971 2050 2052 2131
2052 1972 2051 2053
2053 1973 2052 2054 2133
2054 1974 2053 2055 2134
2055 1975 2054 2056 2135
2056 1976 2055 2136
2057 1977 2058 2137
2058 1978 2057 2059 2138
2059 1979 2058 2060 2139
2060 1980 2059 2061 2140
2061 1981 2060 2062 2141
2062 1982 2061 2063 2142
2063 1983 2062 2064 2143
2064 1984 2063 2065 2144
2065 1985 2064 2066 2145
2066 1986 2065 2067 2146
2067 1987 2066 2068 2147
2068 1988 2067 2069 2148
2069 1989 2068 2070 2149
2070 1990 2069 2071 2150
2071 1991 2070 2151
2072 1992 2073 2152
2073 1993 2072 2074 2153
2074 1994 2073 2075 2154
2075 1995 2074 2076
2076 1996 2075 2077 2156
2077 1997 2076 2078 2157
2078 1998 2077 2158
2079 1999 2159
2080 2000 2081 2160
2081 2001 2080 2082 2161
2082 2081 2083 2162
2083 2082 2084 2163
2084 2004 2083 2085 2164
2085 2084 2086 2165
2086 2006 2085 2087 2166
2087 2007 2086 2088 2167
2088 2008 2087 2089 2168
2089 2009 2088 2169
2090 2010 2091 2170
2091 2011 2090 2092 2171
2092 2012 2091 2093 2172
2093 2013 2092 2094 2173
2094 2093 2095 2174
2095 2094 2096
2096 2016 2095 2097 2176
2097 2017 2096 2098 2177
2098 2018 2097 2099 2178
2099 2019 2098 2100 2179
2100 2020 2099 2101 2180
2101 2021 2100 2102 2181
2102 2101 2103 2182
2103 2023 2102 2104 2183
2104 2103 2105 2184
2105 2025 2104 2185
2106 2026 2107 2186
2107 2027 2106 2108 2187
2108 2028 2107 2109 2188
2109 2029 2108 2110 2189
2110 2030 2109 2111 2190
2111 2031 2110 2112 2191
2112 2032 2111 2113 2192
2113 2033 2112 2114 2193
2114 2034 2113 2115 2194
2115 2035 2114 2116 2195
2116 2036 2115 2117 2196
2117 2037 2116 2118 2197
2118 2038 2117 2119 2198
2119 2118 2120
2120 2040 2119 2121 2200
2121 2041 2120 2201
2122 2042 2123 2202
2123 2043 2122 2124 2203
2124 2044 2123 2204
2125 2045 2126 2205
2126 2046 2125 2127 2206
2127 2047 2126 2128 2207
2128 2048 2127 2129 2208
2129 2049 2128 2130 2209
2130 2050 2129 2131 2210
2131 2051 2130 2132 2211
2132 2131 2133 2212
2133 2053 2132 2134
2134 2054 2133 2135 2214
2135 2055 2134 2136 2215
2136 2056 2135 2137 2216
2137 2057 2136 2217
2138 2058 2139 2218
2139 2059 2138 2140 2219
2140 2060 2139
2141 2061 2142 2221
2142 2062 2141 2143 2222
2143 2063 2142 2223
2144 2064 2145
2145 2065 2144 2146 2225
2146 2066 2145 2226
2147 2067 2148 2227
2148 2068 2147 2149 2228
2149 2069 2148 2150
2150 2070 2149 2151 2230
2151 2071 2150 2152 2231
2152 2072 2151 2153
2153 2073 2152 2154 2233
2154 2074 2153 2155 2234
2155 2154 2156 2235
2156 2076 2155 2157 2236
2157 2077 2156 2158
2158 2078 2157 2159
2159 2079 2158 2239
2160 2080 2161 2240
2161 2081 2160 2162 2241
2162 2082 2161 2242
2163 2083 2164 2243
2164 2084 2163 2165 2244
2165 2085 2164 2166 2245
2166 2086 2165 2167 2246
2167 2087 2166 2168 2247
2168 2088 2167 2169 2248
2169 2089 2168 2170 2249
2170 2090 2169 2171 2250
2171 2091 2170 2172 2251
2172 2092 2171 2252
2173 2093 2174 2253
2174 2094 2173 2175 2254
2175 2174 2176
2176 2096 2175 2177 2256
2177 2097 2176 2178 2257
2178 2098 2177 2179 2258
2179 2099 2178 2180 2259
2180 2100 2179 2181 2260
2181 2101 2180 2182 2261
2182 2102 2181 2183 2262
2183 2103 2182 2184
2184 2104 2183 2185 2264
2185 2105 2184 2186 2265
2186 2106 2185 2187 2266
2187 2107 2186 2188 2267
2188 2108 2187 2189 2268
2189 2109 2188 2269
2190 2110 2191 2270
2191 2111 2190 2192 2271
2192 2112 2191 2193 2272
2193 2113 2192 2194 2273
2194 2114 2193 2195 2274
2195 2115 2194 2196 2275
2196 2116 2195 2197 2276
2197 2117 2196 2198 2277
2198 2118 2197 2199 2278
2199 2198
2200 2120 2280
2201 2121 2202 2281
2202 2122 2201 2282
2203 2123 2204
2204 2124 2203 2205 2284
2205 2125 2204 2206 2285
2206 2126 2205 2207 2286
2207 2127 2206 2208 2287
2208 2128 2207 2209 2288
2209 2129 2208 2210 2289
2210 2130 2209 2211 2290
2211 2131 2210 2212 2291
2212 2132 2211 2213 2292
2213 2212 2214 2293
2214 2134 2213 2215 2294
2215 2135 2214 2216 2295
2216 2136 2215 2217 2296
2217 2137 2216 2297
2218 2138 2219 2298
2219 2139 2218 2220 2299
2220 2219 2221 2300
2221 2141 2220 2222 2301
2222 2142 2221 2223 2302
2223 2143 2222 2224 2303
2224 2223 2304
2225 2145 2226 2305
2226 2146 2225 2227 2306
2227 2147 2226 2228 2307
2228 2148 2227 2229 2308
2229 2228 2230 2309
2230 2150 2229 2310
2231 2151 2232 2311
2232 2231 2233 2312
2233 2153 2232 2234 2313
2234 2154 2233 2235 2314
2235 2155 2234 2236
2236 2156 2235 2237 2316
2237 2236 2238 2317
2238 2237 2318
2239 2159 2319
2240 2160 2241 2320
2241 2161 2240 2242
2242 2162 2241 2243 2322
2243 2163 2242 2244 2323
2244 2164 2243 2245 2324
2245 2165 2244 2246 2325
2246 2166 2245 2247 2326
2247 2167 2246 2248 2327
2248 2168 2247 2249 2328
2249 2169 2248 2250
2250 2170 2249 2251 2330
2251 2171 2250 2252 2331
2252 2172 2251 2253 2332
2253 2173 2252 2254 2333
2254 2174 2253 2255 2334
2255 2254 2256
2256 2176 2255 2257 2336
2257 2177 2256 2258 2337
2258 2178 2257 2259 2338
2259 2179 2258 2260 2339
2260 2180 2259 2261 2340
2261 2181 2260 2262 2341
2262 2182 2261 2263 2342
2263 2262 2264 2343
2264 2184 2263 2265
2265 2185 2264 2266 2345
2266 2186 2265 2267 2346
2267 2187 2266 2268 2347
2268 2188 2267 2269 2348
2269 2189 2268 2270 2349
2270 2190 2269 2350
2271 2191 2272 2351
2272 2192 2271 2273 2352
2273 2193 2272 2274
2274 2194 2273 2354
2275 2195 2276 2355
2276 2196 2275 2277 2356
2277 2197 2276 2278 2357
2278 2198 2277 2279 2358
2279 2278 2280 2359
2280 2200 2279 2281 2360
2281 2201 2280 2282 2361
2282 2202 2281 2362
2283 2363
2284 2204 2364
2285 2205 2286
2286 2206 2285 2287 2366
2287 2207 2286 2288 2367
2288 2208 2287 2289 2368
2289 2209 2288 2290 2369
2290 2210 2289 2291 2370
2291 2211 2290 2292 2371
2292 2212 2291 2293
2293 2213 2292 2294 2373
2294 2214 2293 2295 2374
2295 2215 2294 2296 2375
2296 2216 2295 2297 2376
2297 2217 2296 2298 2377
2298 2218 2297 2299 2378
2299 2219 2298 2300 2379
2300 2220 2299 2301 2380
2301 2221 2300 2302 2381
2302 2222 2301 2303 2382
2303 2223 2302 2383
2304 2224 2305
2305 2225 2304 2385
2306 2226 2307 2386
2307 2227 2306 2308 2387
2308 2228 2307 2309
2309 2229 2308 2310 2389
2310 2230 2309 2311 2390
2311 2231 2310 2312
2312 2232 2311 2313 2392
2313 2233 2312 2314 2393
2314 2234 2313 2315 2394
2315 2314 2316 2395
2316 2236 2315 2317 2396
2317 2237 2316 2318 2397
2318 2238 2317 2319
2319 2239 2318 2399
2320 2240 2321 2400
2321 2320 2322 2401
2322 2242 2321 2323 2402
2323 2243 2322 2324 2403
2324 2244 2323 2325 2404
2325 2245 2324 2326 2405
2326 2246 2325 2327 2406
2327 2247 2326 2407
2328 2248 2329 2408
2329 2328 2330 2409
2330 2250 2329 2331 2410
2331 2251 2330 2332 2411
2332 2252 2331 2333 2412
2333 2253 2332 2334
2334 2254 2333 2414
2335 2336 2415
2336 2256 2335 2416
2337 2257 2338 2417
2338 2258 2337 2339 2418
2339 2259 2338 2340
2340 2260 2339 2341 2420
2341 2261 2340 2342 2421
2342 2262 2341 2343 2422
2343 2263 2342 2423
2344 2345 2424
2345 2265 2344 2346 2425
2346 2266 2345 2347 2426
2347 2267 2346 2348 2427
2348 2268 2347 2349
2349 2269 2348 2350 2429
2350 2270 2349 2351
2351 2271 2350 2352 2431
2352 2272 2351 2353 2432
2353 2352 2354 2433
2354 2274 2353 2355 2434
2355 2275 2354 2356 2435
2356 2276 2355 2357
2357 2277 2356 2358 2437
2358 2278 2357 2359 2438
2359 2279 2358 2360
2360 2280 2359 2361 2440
2361 2281 2360 2362 2441
2362 2282 2361 2363 2442
2363 2283 2362 2364 2443
2364 2284 2363 2365 2444
2365 2364 2366 2445
2366 2286 2365 2367 2446
2367 2287 2366 2368 2447
2368 2288 2367 2369
2369 2289 2368 2449
2370 2290 2371 2450
2371 2291 2370 2372 2451
2372 2371 2373 2452
2373 2293 2372 2374 2453
2374 2294 2373 2375
2375 2295 2374 2455
2376 2296 2377 2456
2377 2297 2376 2378 2457
2378 2298 2377 2379 2458
2379 2299 2378 2380 2459
2380 2300 2379 2381 2460
2381 2301 2380 2382 2461
2382 2302 2381 2383 2462
2383 2303 2382 2384 2463
2384 2383 2385 2464
2385 2305 2384 2386
2386 2306 2385 2387 2466
2387 2307 2386 2388 2467
2388 2387 2389 2468
2389 2309 2388 2390 2469
2390 2310 2389 2391 2470
2391 2390 2392 2471
2392 2312 2391 2393 2472
2393 2313 2392 2394 2473
2394 2314 2393 2395 2474
2395 2315 2394 2475
2396 2316 2397 2476
2397 2317 2396 2398 2477
2398 2397 2399 2478
2399 2319 2398 2479
2400 2320 2480
2401 2321 2402 2481
2402 2322 2401 2403 2482
2403 2323 2402 2404 2483
2404 2324 2403 2405 2484
2405 2325 2404 2406 2485
2406 2326 2405 2407 2486
2407 2327 2406 2408
2408 2328 2407 2409 2488
2409 2329 2408 2410 2489
2410 2330 2409 2490
2411 2331 2412 2491
2412 2332 2411 2492
2413 2414 2493
2414 2334 2413 2415 2494
2415 2335 2414 2416
2416 2336 2415 2417 2496
2417 2337 2416 2497
2418 2338 2419 2498
2419 2418 2420 2499
2420 2340 2419 2421 2500
2421 2341 2420 2422
2422 2342 2421 2423 2502
2423 2343 2422 2424 2503
2424 2344 2423 2425 2504
2425 2345 2424 2426 2505
2426 2346 2425 2427 2506
2427 2347 2426 2428 2507
2428 2427 2429 2508
2429 2349 2428 2430
2430 2429 2431 2510
2431 2351 2430 2432
2432 2352 2431 2433 2512
2433 2353 2432 2434 2513
2434 2354 2433 2435 2514
2435 2355 2434 2436 2515
2436 2435 2437 2516
2437 2357 2436 2438
2438 2358 2437 2439 2518
2439 2438 2440 2519
2440 2360 2439 2441 2520
2441 2361 2440 2442 2521
2442 2362 2441 2443 2522
2443 2363 2442 2444 2523
2444 2364 2443 2445 2524
2445 2365 2444 2446 2525
2446 2366 2445 2447 2526
2447 2367 2446 2448 2527
2448 2447 2449 2528
2449 2369 2448 2450 2529
2450 2370 2449 2451 2530
2451 2371 2450 2452
2452 2372 2451 2453 2532
2453 2373 2452 2454 2533
2454 2453 2455 2534
2455 2375 2454 2535
2456 2376 2457 2536
2457 2377 2456 2537
2458 2378 2459 2538
2459 2379 2458 2539
2460 2380 2461 2540
2461 2381 2460 2541
2462 2382 2542
2463 2383 2464 2543
2464 2384 2463 2465 2544
2465 2464 2545
2466 2386 2467 2546
2467 2387 2466 2468 2547
2468 2388 2467 2469 2548
2469 2389 2468 2470 2549
2470 2390 2469 2471 2550
2471 2391 2470 2472
2472 2392 2471 2473 2552
2473 2393 2472 2474 2553
2474 2394 2473 2475 2554
2475 2395 2474 2476 2555
2476 2396 2475 2477
2477 2397 2476 2478 2557
2478 2398 2477 2479 2558
2479 2399 2478 2559
2480 2400 2481 2560
2481 2401 2480 2482 2561
2482 2402 2481 2483 2562
2483 2403 2482 2484 2563
2484 2404 2483 2564
2485 2405 2486 2565
2486 2406 2485 2487 2566
2487 2486 2488 2567
2488 2408 2487 2489 2568
2489 2409 2488 2490 2569
2490 2410 2489 2491 2570
2491 2411 2490 2492 2571
2492 2412 2491 2572
2493 2413 2494 2573
2494 2414 2493 2495 2574
2495 2494 2496 2575
2496 2416 2495 2497 2576
2497 2417 2496 2498 2577
2498 2418 2497 2499 2578
2499 2419 2498 2500 2579
2500 2420 2499 2580
2501 2502 2581
2502 2422 2501 2503 2582
2503 2423 2502 2504 2583
2504 2424 2503 2505 2584
2505 2425 2504 2506 2585
2506 2426 2505 2586
2507 2427 2508 2587
2508 2428 2507 2509 2588
2509 2508 2510
2510 2430 2509 2511 2590
2511 2510 2512 2591
2512 2432 2511 2592
2513 2433 2514
2514 2434 2513 2515 2594
2515 2435 2514 2516 2595
2516 2436 2515 2517 2596
2517 2516 2518 2597
2518 2438 2517 2519 2598
2519 2439 2518 2599
2520 2440 2521 2600
2521 2441 2520 2522 2601
2522 2442 2521 2523 2602
2523 2443 2522 2524 2603
2524 2444 2523 2604
2525 2445 2526 2605
2526 2446 2525 2527 2606
2527 2447 2526 2528 2607
2528 2448 2527 2529 2608
2529 2449 2528 2530 2609
2530 2450 2529 2531 2610
2531 2530 2532 2611
2532 2452 2531 2533 2612
2533 2453 2532 2534
2534 2454 2533 2535 2614
2535 2455 2534 2536 2615
2536 2456 2535 2537 2616
2537 2457 2536 2538 2617
2538 2458 2537 2618
2539 2459 2540 2619
2540 2460 2539 2541 2620
2541 2461 2540 2542 2621
2542 2462 2541 2543 2622
2543 2463 2542 2544 2623
2544 2464 2543 2545 2624
2545 2465 2544 2546 2625
2546 2466 2545 2547 2626
2547 2467 2546 2548 2627
2548 2468 2547 2549 2628
2549 2469 2548 2550 2629
2550 2470 2549 2551 2630
2551 2550 2552 2631
2552 2472 2551 2553 2632
2553 2473 2552 2554 2633
2554 2474 2553 2555 2634
2555 2475 2554 2556 2635
2556 2555 2557 2636
2557 2477 2556 2637
2558 2478 2559 2638
2559 2479 2558 2639
2560 2480 2640
2561 2481 2562
2562 2482 2561 2563
2563 2483 2562 2564 2643
2564 2484 2563 2644
2565 2485 2566 2645
2566 2486 2565 2567
2567 2487 2566 2568 2647
2568 2488 2567 2569 2648
2569 2489 2568 2570 2649
2570 2490 2569 2571 2650
2571 2491 2570 2572 2651
2572 2492 2571 2652
2573 2493 2574 2653
2574 2494 2573 2575 2654
2575 2495 2574 2576 2655
2576 2496 2575 2577 2656
2577 2497 2576 2578 2657
2578 2498 2577 2579 2658
2579 2499 2578 2580 2659
2580 2500 2579 2581 2660
2581 2501 2580 2582 2661
2582 2502 2581 2583 2662
2583 2503 2582 2584 2663
2584 2504 2583 2585 2664
2585 2505 2584 2586 2665
2586 2506 2585 2587 2666
2587 2507 2586 2588 2667
2588 2508 2587 2668
2589 2590 2669
2590 2510 2589 2591 2670
2591 2511 2590 2592 2671
2592 2512 2591 2593 2672
2593 2592 2594 2673
2594 2514 2593 2595 2674
2595 2515 2594 2596 2675
2596 2516 2595 2597 2676
2597 2517 2596 2598 2677
2598 2518 2597 2599 2678
2599 2519 2598 2600
2600 2520 2599 2601 2680
2601 2521 2600 2602 2681
2602 2522 2601 2603 2682
2603 2523 2602 2604 2683
2604 2524 2603 2605 2684
2605 2525 2604 2606 2685
2606 2526 2605 2607
2607 2527 2606 2608 2687
2608 2528 2607 2609 2688
2609 2529 2608 2610 2689
2610 2530 2609 2611 2690
2611 2531 2610 2612 2691
2612 2532 2611 2613 2692
2613 2612 2614 2693
2614 2534 2613 2615 2694
2615 2535 2614 2616 2695
2616 2536 2615 2617
2617 2537 2616 2697
2618 2538 2619 2698
2619 2539 2618 2620 2699
2620 2540 2619 2621 2700
2621 2541 2620 2622
2622 2542 2621 2623 2702
2623 2543 2622 2624 2703
2624 2544 2623 2625 2704
2625 2545 2624 2626 2705
2626 2546 2625 2627 2706
2627 2547 2626 2628 2707
2628 2548 2627 2629 2708
2629 2549 2628 2630 2709
2630 2550 2629 2631 2710
2631 2551 2630 2632 2711
2632 2552 2631 2633 2712
2633 2553 2632 2634
2634 2554 2633 2635
2635 2555 2634 2715
2636 2556 2637 2716
2637 2557 2636 2638 2717
2638 2558 2637 2639 2718
2639 2559 2638 2719
2640 2560 2720
2641 2642 2721
2642 2641 2643 2722
2643 2563 2642 2644 2723
2644 2564 2643 2645 2724
2645 2565 2644 2646 2725
2646 2645 2647 2726
2647 2567 2646 2648 2727
2648 2568 2647 2728
2649 2569 2650 2729
2650 2570 2649 2651 2730
2651 2571 2650 2652 2731
2652 2572 2651 2653 2732
2653 2573 2652 2654 2733
2654 2574 2653 2655 2734
2655 2575 2654 2656 2735
2656 2576 2655 2657 2736
2657 2577 2656 2658 2737
2658 2578 2657 2659 2738
2659 2579 2658 2660 2739
2660 2580 2659 2661 2740
2661 2581 2660 2741
2662 2582 2663 2742
2663 2583 2662 2743
2664 2584 2665
2665 2585 2664 2666 2745
2666 2586 2665 2667
2667 2587 2666 2668 2747
2668 2588 2667 2669 2748
2669 2589 2668 2670 2749
2670 2590 2669 2671 2750
2671 2591 2670 2672 2751
2672 2592 2671 2673 2752
2673 2593 2672 2674 2753
2674 2594 2673 2675 2754
2675 2595 2674 2676
2676 2596 2675 2677 2756
2677 2597 2676 2678 2757
2678 2598 2677 2679 2758
2679 2678 2680 2759
2680 2600 2679 2681 2760
2681 2601 2680 2682 2761
2682 2602 2681 2683 2762
2683 2603 2682 2684 2763
2684 2604 2683 2685 2764
2685 2605 2684 2686 2765
2686 2685 2687 2766
2687 2607 2686 2688 2767
2688 2608 2687 2768
2689 2609 2690 2769
2690 2610 2689 2691 2770
2691 2611 2690 2771
2692 2612 2693 2772
2693 2613 2692 2694 2773
2694 2614 2693 2774
2695 2615 2696 2775
2696 2695 2697 2776
2697 2617 2696 2698 2777
2698 2618 2697 2699
2699 2619 2698 2700 2779
2700 2620 2699
2701 2702 2781
2702 2622 2701 2703 2782
2703 2623 2702 2704 2783
2704 2624 2703 2705 2784
2705 2625 2704 2706 2785
2706 2626 2705 2707 2786
2707 2627 2706 2787
2708 2628 2709 2788
2709 2629 2708 2710 2789
2710 2630 2709 2711 2790
2711 2631 2710 2712 2791
2712 2632 2711 2713 2792
2713 2712 2714 2793
2714 2713 2715 2794
2715 2635 2714 2716 2795
2716 2636 2715 2796
2717 2637 2718 2797
2718 2638 2717 2719 2798
2719 2639 2718 2799
2720 2640 2721 2800
2721 2641 2720 2722
2722 2642 2721 2723
2723 2643 2722 2724 2803
2724 2644 2723 2725 2804
2725 2645 2724 2726 2805
2726 2646 2725 2727
2727 2647 2726 2728 2807
2728 2648 2727 2729 2808
2729 2649 2728 2730 2809
2730 2650 2729 2731 2810
2731 2651 2730 2732 2811
2732 2652 2731 2733 2812
2733 2653 2732 2813
2734 2654 2735 2814
2735 2655 2734 2736 2815
2736 2656 2735 2737 2816
2737 2657 2736 2738 2817
2738 2658 2737 2739 2818
2739 2659 2738 2740
2740 2660 2739 2741 2820
2741 2661 2740 2742 2821
2742 2662 2741 2743 2822
2743 2663 2742 2744 2823
2744 2743 2745 2824
2745 2665 2744 2746 2825
2746 2745 2747 2826
2747 2667 2746 2827
2748 2668 2749
2749 2669 2748 2750 2829
2750 2670 2749 2751
2751 2671 2750 2752 2831
2752 2672 2751 2753 2832
2753 2673 2752 2833
2754 2674 2834
2755 2756 2835
2756 2676 2755 2757 2836
2757 2677 2756 2758
2758 2678 2757 2759 2838
2759 2679 2758 2760 2839
2760 2680 2759 2761 2840
2761 2681 2760 2762 2841
2762 2682 2761 2763
2763 2683 2762 2764 2843
2764 2684 2763 2765 2844
2765 2685 2764 2766 2845
2766 2686 2765 2846
2767 2687 2768 2847
2768 2688 2767 2769 2848
2769 2689 2768 2770 2849
2770 2690 2769 2771 2850
2771 2691 2770 2851
2772 2692 2773 2852
2773 2693 2772 2774 2853
2774 2694 2773 2775 2854
2775 2695 2774 2855
2776 2696 2856
2777 2697 2778 2857
2778 2777 2858
2779 2699 2780 2859
2780 2779 2781 2860
2781 2701 2780 2782 2861
2782 2702 2781 2862
2783 2703 2784 2863
2784 2704 2783 2785 2864
2785 2705 2784 2786 2865
2786 2706 2785 2787 2866
2787 2707 2786 2867
2788 2708 2789 2868
2789 2709 2788 2790 2869
2790 2710 2789 2870
2791 2711 2792 2871
2792 2712 2791 2793 2872
2793 2713 2792 2794 2873
2794 2714 2793 2795 2874
2795 2715 2794 2796 2875
2796 2716 2795 2797 2876
2797 2717 2796 2798 2877
2798 2718 2797 2799 2878
2799 2719 2798 2879
2800 2720 2801 2880
2801 2800 2802 2881
2802 2801 2803 2882
2803 2723 2802 2804 2883
2804 2724 2803 2805 2884
2805 2725 2804 2806 2885
2806 2805 2807
2807 2727 2806 2808 2887
2808 2728 2807 2809 2888
2809 2729 2808 2810 2889
2810 2730 2809 2811 2890
2811 2731 2810 2812 2891
2812 2732 2811 2813
2813 2733 2812 2814 2893
2814 2734 2813 2815 2894
2815 2735 2814 2816 2895
2816 2736 2815 2817
2817 2737 2816 2818 2897
2818 2738 2817 2898
2819 2899
2820 2740 2900
2821 2741 2822
2822 2742 2821 2823 2902
2823 2743 2822 2824 2903
2824 2744 2823 2825
2825 2745 2824 2826 2905
2826 2746 2825 2827 2906
2827 2747 2826 2828 2907
2828 2827 2829 2908
2829 2749 2828 2830
2830 2829 2831 2910
2831 2751 2830 2832 2911
2832 2752 2831 2833 2912
2833 2753 2832 2834
2834 2754 2833 2835 2914
2835 2755 2834 2836
2836 2756 2835 2837 2916
2837 2836 2838 2917
2838 2758 2837 2839 2918
2839 2759 2838 2840 2919
2840 2760 2839 2841 2920
2841 2761 2840 2842 2921
2842 2841 2843 2922
2843 2763 2842 2844 2923
2844 2764 2843 2845
2845 2765 2844 2846 2925
2846 2766 2845 2847 2926
2847 2767 2846 2848 2927
2848 2768 2847 2849 2928
2849 2769 2848 2850 2929
2850 2770 2849 2851 2930
2851 2771 2850 2852 2931
2852 2772 2851 2853
2853 2773 2852 2854 2933
2854 2774 2853 2855
2855 2775 2854 2856 2935
2856 2776 2855 2857 2936
2857 2777 2856 2858 2937
2858 2778 2857 2859 2938
2859 2779 2858 2860 2939
2860 2780 2859 2861 2940
2861 2781 2860 2862 2941
2862 2782 2861 2863 2942
2863 2783 2862 2864 2943
2864 2784 2863 2865 2944
2865 2785 2864 2866 2945
2866 2786 2865 2867 2946
2867 2787 2866 2868
2868 2788 2867 2869 2948
2869 2789 2868 2870 2949
2870 2790 2869 2871 2950
2871 2791 2870 2872 2951
2872 2792 2871 2873 2952
2873 2793 2872 2874 2953
2874 2794 2873 2954
2875 2795 2955
2876 2796 2877 2956
2877 2797 2876 2878 2957
2878 2798 2877 2958
2879 2799 2959
2880 2800 2881 2960
2881 2801 2880 2882 2961
2882 2802 2881 2883
2883 2803 2882 2884 2963
2884 2804 2883 2885 2964
2885 2805 2884 2886 2965
2886 2885 2887 2966
2887 2807 2886 2888
2888 2808 2887 2889 2968
2889 2809 2888 2890 2969
2890 2810 2889 2891 2970
2891 2811 2890 2892 2971
2892 2891 2893 2972
2893 2813 2892 2894 2973
2894 2814 2893 2895 2974
2895 2815 2894 2896 2975
2896 2895 2897 2976
2897 2817 2896 2898 2977
2898 2818 2897 2899 2978
2899 2819 2898
2900 2820 2901 2980
2901 2900 2902 2981
2902 2822 2901 2903 2982
2903 2823 2902 2904 2983
2904 2903 2905
2905 2825 2904 2906 2985
2906 2826 2905 2907 2986
2907 2827 2906 2908 2987
2908 2828 2907 2909 2988
2909 2908 2910 2989
2910 2830 2909 2911 2990
2911 2831 2910 2912 2991
2912 2832 2911 2913 2992
2913 2912 2914 2993
2914 2834 2913 2915 2994
2915 2914 2916
2916 2836 2915 2917 2996
2917 2837 2916 2918 2997
2918 2838 2917 2919 2998
2919 2839 2918 2920
2920 2840 2919 3000
2921 2841 2922 3001
2922 2842 2921 2923 3002
2923 2843 2922 3003
2924 2925 3004
2925 2845 2924 2926 3005
2926 2846 2925 2927 3006
2927 2847 2926 3007
2928 2848 3008
2929 2849 2930 3009
2930 2850 2929 2931 3010
2931 2851 2930 2932
2932 2931 2933 3012
2933 2853 2932 2934 3013
2934 2933 2935 3014
2935 2855 2934 2936
2936 2856 2935 2937
2937 2857 2936 2938 3017
2938 2858 2937 2939 3018
2939 2859 2938 2940 3019
2940 2860 2939 3020
2941 2861 3021
2942 2862 2943 3022
2943 2863 2942 2944 3023
2944 2864 2943 2945 3024
2945 2865 2944 3025
2946 2866 2947 3026
2947 2946 2948 3027
2948 2868 2947 2949 3028
2949 2869 2948 2950 3029
2950 2870 2949 2951 3030
2951 2871 2950 2952 3031
2952 2872 2951 2953 3032
2953 2873 2952 2954
2954 2874 2953 2955 3034
2955 2875 2954 2956 3035
2956 2876 2955 2957 3036
2957 2877 2956 2958 3037
2958 2878 2957 2959 3038
2959 2879 2958 3039
2960 2880 2961 3040
2961 2881 2960 2962 3041
2962 2961 2963 3042
2963 2883 2962 2964 3043
2964 2884 2963 2965 3044
2965 2885 2964 2966 3045
2966 2886 2965 2967 3046
2967 2966 2968 3047
2968 2888 2967 2969
2969 2889 2968 2970 3049
2970 2890 2969 2971 3050
2971 2891 2970 2972 3051
2972 2892 2971 2973 3052
2973 2893 2972 2974 3053
2974 2894 2973 2975 3054
2975 2895 2974 2976 3055
2976 2896 2975 2977 3056
2977 2897 2976 2978
2978 2898 2977 2979 3058
2979 2978 2980 3059
2980 2900 2979 2981 3060
2981 2901 2980 2982 3061
2982 2902 2981 2983
2983 2903 2982 2984 3063
2984 2983 2985 3064
2985 2905 2984 2986 3065
2986 2906 2985 2987 3066
2987 2907 2986 2988 3067
2988 2908 2987 2989 3068
2989 2909 2988 2990 3069
2990 2910 2989 2991 3070
2991 2911 2990 2992
2992 2912 2991 2993
2993 2913 2992 2994 3073
2994 2914 2993 2995 3074
2995 2994 2996 3075
2996 2916 2995 3076
2997 2917 2998 3077
2998 2918 2997 2999 3078
2999 2998 3000 3079
3000 2920 2999 3001 3080
3001 2921 3000 3002 3081
3002 2922 3001 3003 3082
3003 2923 3002 3004 3083
3004 2924 3003 3005 3084
3005 2925 3004 3085
3006 2926 3007 3086
3007 2927 3006 3008 3087
3008 2928 3007 3009 3088
3009 2929 3008 3010 3089
3010 2930 3009 3011 3090
3011 3010 3012 3091
3012 2932 3011 3013 3092
3013 2933 3012 3014 3093
3014 2934 3013 3094
3015 3016 3095
3016 3015 3017 3096
3017 2937 3016 3018 3097
3018 2938 3017 3019 3098
3019 2939 3018 3099
3020 2940 3021
3021 2941 3020 3022 3101
3022 2942 3021 3023 3102
3023 2943 3022 3024 3103
3024 2944 3023 3025 3104
3025 2945 3024 3026 3105
3026 2946 3025 3027 3106
3027 2947 3026 3028 3107
3028 2948 3027 3029 3108
3029 2949 3028 3109
3030 2950 3031 3110
3031 2951 3030 3032 3111
3032 2952 3031 3112
3033 3034
3034 2954 3033 3035 3114
3035 2955 3034 3036 3115
3036 2956 3035 3116
3037 2957 3038 3117
3038 2958 3037 3039 3118
3039 2959 3038 3119
3040 2960 3041 3120
3041 2961 3040 3042
3042 2962 3041 3043 3122
3043 2963 3042 3044 3123
3044 2964 3043 3045 3124
3045 2965 3044 3046 3125
3046 2966 3045 3047 3126
3047 2967 3046 3048 3127
3048 3047 3049 3128
3049 2969 3048 3050 3129
3050 2970 3049 3130
3051 2971 3052 3131
3052 2972 3051 3053
3053 2973 3052 3054 3133
3054 2974 3053 3055 3134
3055 2975 3054 3056 3135
3056 2976 3055 3057 3136
3057 3056 3058 3137
3058 2978 3057 3059 3138
3059 2979 3058 3060 3139
3060 2980 3059 3061 3140
3061 2981 3060 3062
3062 3061 3063 3142
3063 2983 3062 3064
3064 2984 3063 3065 3144
3065 2985 3064 3066
3066 2986 3065 3067 3146
3067 2987 3066 3068 3147
3068 2988 3067 3069
3069 2989 3068 3070 3149
3070 2990 3069 3071 3150
3071 3070 3072 3151
3072 3071 3073
3073 2993 3072 3074 3153
3074 2994 3073 3075 3154
3075 2995 3074 3076 3155
3076 2996 3075 3156
3077 2997 3157
3078 2998 3079
3079 2999 3078 3080 3159
3080 3000 3079 3081 3160
3081 3001 3080 3082 3161
3082 3002 3081 3162
3083 3003 3084 3163
3084 3004 3083 3085 3164
3085 3005 3084 3086 3165
3086 3006 3085 3087 3166
3087 3007 3086 3088 3167
3088 3008 3087 3089 3168
3089 3009 3088 3090 3169
3090 3010 3089 3091
3091 3011 3090 3092 3171
3092 3012 3091 3093 3172
3093 3013 3092 3094 3173
3094 3014 3093 3095 3174
3095 3015 3094 3175
3096 3016 3097 3176
3097 3017 3096 3098 3177
3098 3018 3097 3099 3178
3099 3019 3098 3100 3179
3100 3099 3101 3180
3101 3021 3100 3181
3102 3022 3103
3103 3023 3102 3104 3183
3104 3024 3103 3105 3184
3105 3025 3104 3106 3185
3106 3026 3105 3107 3186
3107 3027 3106 3108 3187
3108 3028 3107 3109 3188
3109 3029 3108 3110 3189
3110 3030 3109 3111 3190
3111 3031 3110 3112 3191
3112 3032 3111 3113
3113 3112 3114 3193
3114 3034 3113 3115 3194
3115 3035 3114 3116 3195
3116 3036 3115 3117 3196
3117 3037 3116 3118 3197
3118 3038 3117 3119 3198
3119 3039 3118 3199
3120 3040 3121 3200
3121 3120 3122 3201
3122 3042 3121 3123 3202
3123 3043 3122 3124 3203
3124 3044 3123 3125
3125 3045 3124 3126 3205
3126 3046 3125 3127 3206
3127 3047 3126 3207
3128 3048 3129 3208
3129 3049 3128 3130
3130 3050 3129 3131 3210
3131 3051 3130 3132 3211
3132 3131 3133 3212
3133 3053 3132 3134 3213
3134 3054 3133
3135 3055 3136 3215
3136 3056 3135 3137 3216
3137 3057 3136 3138 3217
3138 3058 3137 3218
3139 3059 3140 3219
3140 3060 3139 3141 3220
3141 3140 3142 3221
3142 3062 3141 3143 3222
3143 3142 3144 3223
3144 3064 3143 3145 3224
3145 3144 3146
3146 3066 3145 3147 3226
3147 3067 3146 3148 3227
3148 3147 3149 3228
3149 3069 3148 3150 3229
3150 3070 3149 3151 3230
3151 3071 3150 3152 3231
3152 3151 3153 3232
3153 3073 3152 3154 3233
3154 3074 3153 3155 3234
3155 3075 3154 3156 3235
3156 3076 3155 3157 3236
3157 3077 3156 3158 3237
3158 3157 3159 3238
3159 3079 3158 3160 3239
3160 3080 3159 3161 3240
3161 3081 3160 3241
3162 3082 3242
3163 3083 3164 3243
3164 3084 3163 3165
3165 3085 3164
3166 3086 3246
3167 3087 3168 3247
3168 3088 3167 3169 3248
3169 3089 3168 3170 3249
3170 3169 3250
3171 3091 3172
3172 3092 3171 3173 3252
3173 3093 3172 3253
3174 3094 3175 3254
3175 3095 3174 3176 3255
3176 3096 3175 3177 3256
3177 3097 3176 3178 3257
3178 3098 3177 3179 3258
3179 3099 3178 3180 3259
3180 3100 3179 3181
3181 3101 3180 3182 3261
3182 3181 3183 3262
3183 3103 3182 3263
3184 3104 3185 3264
3185 3105 3184 3186 3265
3186 3106 3185 3266
3187 3107 3188 3267
3188 3108 3187 3189 3268
3189 3109 3188 3190 3269
3190 3110 3189 3191 3270
3191 3111 3190 3192 3271
3192 3191 3193 3272
3193 3113 3192 3194 3273
3194 3114 3193 3195 3274
3195 3115 3194 3196 3275
3196 3116 3195 3197 3276
3197 3117 3196 3198 3277
3198 3118 3197 3199 3278
3199 3119 3198 3279
3200 3120 3201
3201 3121 3200 3202 3281
3202 3122 3201 3203 3282
3203 3123 3202 3204 3283
3204 3203 3205 3284
3205 3125 3204 3206 3285
3206 3126 3205 3207 3286
3207 3127 3206 3208 3287
3208 3128 3207 3209 3288
3209 3208 3289
3210 3130 3211 3290
3211 3131 3210 3212 3291
3212 3132 3211 3292
3213 3133 3214 3293
3214 3213 3294
3215 3135 3216 3295
3216 3136 3215 3217 3296
3217 3137 3216 3218 3297
3218 3138 3217 3219 3298
3219 3139 3218 3220 3299
3220 3140 3219 3221 3300
3221 3141 3220 3222 3301
3222 3142 3221 3223 3302
3223 3143 3222 3224 3303
3224 3144 3223 3225 3304
3225 3224 3226 3305
3226 3146 3225 3227 3306
3227 3147 3226 3228 3307
3228 3148 3227 3229 3308
3229 3149 3228 3230 3309
3230 3150 3229 3231 3310
3231 3151 3230 3311
3232 3152 3233 3312
3233 3153 3232 3234 3313
3234 3154 3233 3235 3314
3235 3155 3234 3236 3315
3236 3156 3235 3316
3237 3157 3238 3317
3238 3158 3237 3239 3318
3239 3159 3238 3240 3319
3240 3160 3239 3241 3320
3241 3161 3240 3242 3321
3242 3162 3241 3243 3322
3243 3163 3242 3244 3323
3244 3243 3245 3324
3245 3244 3246 3325
3246 3166 3245 3247 3326
3247 3167 3246 3248 3327
3248 3168 3247 3249 3328
3249 3169 3248 3250 3329
3250 3170 3249 3251 3330
3251 3250 3252 3331
3252 3172 3251 3253 3332
3253 3173 3252 3254 3333
3254 3174 3253 3255 3334
3255 3175 3254 3335
3256 3176 3257 3336
3257 3177 3256 3258 3337
3258 3178 3257 3338
3259 3179
3260 3261 3340
3261 3181 3260 3262 3341
3262 3182 3261 3263 3342
3263 3183 3262 3264 3343
3264 3184 3263 3265 3344
3265 3185 3264 3266 3345
3266 3186 3265 3267 3346
3267 3187 3266 3268 3347
3268 3188 3267 3269 3348
3269 3189 3268 3349
3270 3190 3271
3271 3191 3270 3272 3351
3272 3192 3271 3273 3352
3273 3193 3272 3274 3353
3274 3194 3273 3275 3354
3275 3195 3274 3276
3276 3196 3275 3277
3277 3197 3276 3278 3357
3278 3198 3277 3279 3358
3279 3199 3278 3359
3280 3281 3360
3281 3201 3280 3282 3361
3282 3202 3281 3283 3362
3283 3203 3282 3284 3363
3284 3204 3283 3285 3364
3285 3205 3284 3286 3365
3286 3206 3285 3287 3366
3287 3207 3286 3288 3367
3288 3208 3287 3289 3368
3289 3209 3288
3290 3210 3291 3370
3291 3211 3290 3292 3371
3292 3212 3291 3293 3372
3293 3213 3292 3294 3373
3294 3214 3293 3295 3374
3295 3215 3294 3296 3375
3296 3216 3295 3297 3376
3297 3217 3296 3298 3377
3298 3218 3297 3299 3378
3299 3219 3298 3379
3300 3220 3301
3301 3221 3300 3302 3381
3302 3222 3301 3382
3303 3223 3304 3383
3304 3224 3303 3305 3384
3305 3225 3304 3306 3385
3306 3226 3305 3307 3386
3307 3227 3306 3308 3387
3308 3228 3307 3309 3388
3309 3229 3308 3310 3389
3310 3230 3309 3311 3390
3311 3231 3310 3312 3391
3312 3232 3311 3313
3313 3233 3312
3314 3234 3315 3394
3315 3235 3314 3316 3395
3316 3236 3315 3317 3396
3317 3237 3316 3318 3397
3318 3238 3317 3319 3398
3319 3239 3318 3320 3399
3320 3240 3319 3321 3400
3321 3241 3320 3322 3401
3322 3242 3321 3323 3402
3323 3243 3322 3324 3403
3324 3244 3323 3325 3404
3325 3245 3324 3405
3326 3246 3327 3406
3327 3247 3326 3328 3407
3328 3248 3327 3329 3408
3329 3249 3328 3330 3409
3330 3250 3329 3331 3410
3331 3251 3330 3332
3332 3252 3331 3412
3333 3253 3334 3413
3334 3254 3333 3335 3414
3335 3255 3334 3415
3336 3256 3337 3416
3337 3257 3336 3338 3417
3338 3258 3337 3339 3418
3339 3338 3340 3419
3340 3260 3339 3341 3420
3341 3261 3340 3342
3342 3262 3341 3343 3422
3343 3263 3342 3344 3423
3344 3264 3343 3345 3424
3345 3265 3344 3346 3425
3346 3266 3345 3347 3426
3347 3267 3346 3348 3427
3348 3268 3347 3349 3428
3349 3269 3348 3350 3429
3350 3349 3351 3430
3351 3271 3350 3352 3431
3352 3272 3351 3353
3353 3273 3352 3354 3433
3354 3274 3353 3355 3434
3355 3354 3356 3435
3356 3355 3357 3436
3357 3277 3356 3358 3437
3358 3278 3357 3359
3359 3279 3358 3439
3360 3280 3361 3440
3361 3281 3360 3362 3441
3362 3282 3361 3363 3442
3363 3283 3362 3364 3443
3364 3284 3363 3365 3444
3365 3285 3364 3366
3366 3286 3365 3367
3367 3287 3366 3368 3447
3368 3288 3367 3369 3448
3369 3368 3370 3449
3370 3290 3369 3450
3371 3291 3372 3451
3372 3292 3371 3373
3373 3293 3372 3374 3453
3374 3294 3373 3375 3454
3375 3295 3374 3376 3455
3376 3296 3375 3377 3456
3377 3297 3376 3378 3457
3378 3298 3377 3379 3458
3379 3299 3378 3380 3459
3380 3379 3381 3460
3381 3301 3380 3382 3461
3382 3302 3381 3462
3383 3303 3384 3463
3384 3304 3383 3385 3464
3385 3305 3384 3386 3465
3386 3306 3385 3466
3387 3307 3388 3467
3388 3308 3387 3389 3468
3389 3309 3388 3390 3469
3390 3310 3389 3391 3470
3391 3311 3390 3392 3471
3392 3391 3393 3472
3393 3392 3394
3394 3314 3393 3395 3474
3395 3315 3394 3396 3475
3396 3316 3395 3397 3476
3397 3317 3396 3398 3477
3398 3318 3397 3399 3478
3399 3319 3398 3400 3479
3400 3320 3399 3401 3480
3401 3321 3400 3402 3481
3402 3322 3401 3403 3482
3403 3323 3402 3404 3483
3404 3324 3403 3484
3405 3325 3406 3485
3406 3326 3405 3407 3486
3407 3327 3406 3408 3487
3408 3328 3407 3409 3488
3409 3329 3408 3410 3489
3410 3330 3409 3411
3411 3410 3412 3491
3412 3332 3411 3413 3492
3413 3333 3412 3414 3493
3414 3334 3413 3415 3494
3415 3335 3414 3416 3495
3416 3336 3415 3417 3496
3417 3337 3416 3418 3497
3418 3338 3417 3419 3498
3419 3339 3418 3420 3499
3420 3340 3419 3421
3421 3420 3422 3501
3422 3342 3421 3423 3502
3423 3343 3422 3424
3424 3344 3423 3425 3504
3425 3345 3424 3426 3505
3426 3346 3425 3427 3506
3427 3347 3426 3428 3507
3428 3348 3427 3429 3508
3429 3349 3428 3430 3509
3430 3350 3429 3431 3510
3431 3351 3430 3432 3511
3432 3431 3433 3512
3433 3353 3432 3434 3513
3434 3354 3433 3435 3514
3435 3355 3434 3436 3515
3436 3356 3435 3437
3437 3357 3436 3438 3517
3438 3437 3439 3518
3439 3359 3438 3519
3440 3360 3441 3520
3441 3361 3440 3442 3521
3442 3362 3441 3443 3522
3443 3363 3442 3444 3523
3444 3364 3443 3524
3445 3446 3525
3446 3445 3447 3526
3447 3367 3446 3448 3527
3448 3368 3447 3449 3528
3449 3369 3448 3450 3529
3450 3370 3449 3451 3530
3451 3371 3450
3452 3453 3532
3453 3373 3452 3454 3533
3454 3374 3453 3455 3534
3455 3375 3454 3456 3535
3456 3376 3455 3457 3536
3457 3377 3456 3458 3537
3458 3378 3457 3459 3538
3459 3379 3458 3460 3539
3460 3380 3459 3461 3540
3461 3381 3460 3462 3541
3462 3382 3461 3463
3463 3383 3462 3543
3464 3384 3465 3544
3465 3385 3464 3466 3545
3466 3386 3465 3467 3546
3467 3387 3466 3547
3468 3388 3469 3548
3469 3389 3468 3470 3549
3470 3390 3469 3471 3550
3471 3391 3470 3472 3551
3472 3392 3471 3473 3552
3473 3472 3474
3474 3394 3473 3475 3554
3475 3395 3474 3476 3555
3476 3396 3475 3477 3556
3477 3397 3476 3478 3557
3478 3398 3477 3479 3558
3479 3399 3478 3480 3559
3480 3400 3479 3481 3560
3481 3401 3480
3482 3402 3483 3562
3483 3403 3482 3484 3563
3484 3404 3483 3485 3564
3485 3405 3484 3486 3565
3486 3406 3485 3487 3566
3487 3407 3486 3488 3567
3488 3408 3487 3568
3489 3409 3490
3490 3489 3491 3570
3491 3411 3490 3492 3571
3492 3412 3491 3493
3493 3413 3492 3494 3573
3494 3414 3493 3495 3574
3495 3415 3494 3496 3575
3496 3416 3495 3497
3497 3417 3496 3498 3577
3498 3418 3497 3499 3578
3499 3419 3498 3500
3500 3499 3501
3501 3421 3500 3502 3581
3502 3422 3501 3503 3582
3503 3502 3504 3583
3504 3424 3503 3505 3584
3505 3425 3504 3506 3585
3506 3426 3505 3507 3586
3507 3427 3506 3508 3587
3508 3428 3507 3509 3588
3509 3429 3508 3510 3589
3510 3430 3509 3511 3590
3511 3431 3510 3512
3512 3432 3511 3513 3592
3513 3433 3512 3593
3514 3434 3594
3515 3435 3516 3595
3516 3515 3517 3596
3517 3437 3516 3597
3518 3438 3519 3598
3519 3439 3518 3599
3520 3440 3521 3600
3521 3441 3520 3601
3522 3442 3523 3602
3523 3443 3522 3524 3603
3524 3444 3523 3525 3604
3525 3445 3524 3526 3605
3526 3446 3525 3527 3606
3527 3447 3526 3528
3528 3448 3527 3529 3608
3529 3449 3528 3530 3609
3530 3450 3529 3531 3610
3531 3530 3532 3611
3532 3452 3531 3533 3612
3533 3453 3532 3534 3613
3534 3454 3533 3535 3614
3535 3455 3534 3536 3615
3536 3456 3535 3537 3616
3537 3457 3536 3538 3617
3538 3458 3537 3539 3618
3539 3459 3538 3540 3619
3540 3460 3539 3541 3620
3541 3461 3540 3542 3621
3542 3541 3543 3622
3543 3463 3542 3544
3544 3464 3543 3624
3545 3465 3546 3625
3546 3466 3545 3547 3626
3547 3467 3546 3548 3627
3548 3468 3547 3549 3628
3549 3469 3548 3550 3629
3550 3470 3549 3551 3630
3551 3471 3550 3552 3631
3552 3472 3551 3553 3632
3553 3552 3554 3633
3554 3474 3553 3555 3634
3555 3475 3554 3556
3556 3476 3555 3557 3636
3557 3477 3556 3558 3637
3558 3478 3557 3559 3638
3559 3479 3558 3560 3639
3560 3480 3559 3561
3561 3560 3562
3562 3482 3561 3563 3642
3563 3483 3562 3564
3564 3484 3563 3565 3644
3565 3485 3564 3566 3645
3566 3486 3565 3567 3646
3567 3487 3566 3568 3647
3568 3488 3567 3569 3648
3569 3568 3570 3649
3570 3490 3569 3571 3650
3571 3491 3570 3572 3651
3572 3571 3573 3652
3573 3493 3572 3574 3653
3574 3494 3573 3575 3654
3575 3495 3574 3655
3576 3577 3656
3577 3497 3576 3578 3657
3578 3498 3577 3579 3658
3579 3578 3580 3659
3580 3579 3581 3660
3581 3501 3580 3582 3661
3582 3502 3581 3583 3662
3583 3503 3582 3584 3663
3584 3504 3583 3664
3585 3505 3586 3665
3586 3506 3585 3666
3587 3507 3588 3667
3588 3508 3587 3589 3668
3589 3509 3588 3590
3590 3510 3589 3591 3670
3591 3590 3592 3671
3592 3512 3591 3593 3672
3593 3513 3592 3594 3673
3594 3514 3593 3595 3674
3595 3515 3594 3675
3596 3516 3597 3676
3597 3517 3596 3598 3677
3598 3518 3597 3599 3678
3599 3519 3598 3679
3600 3520 3601
3601 3521 3600 3681
3602 3522 3603 3682
3603 3523 3602 3604 3683
3604 3524 3603 3605 3684
3605 3525 3604 3606 3685
3606 3526 3605 3607 3686
3607 3606 3687
3608 3528 3688
3609 3529 3610 3689
3610 3530 3609 3611 3690
3611 3531 3610 3691
3612 3532 3613 3692
3613 3533 3612 3614 3693
3614 3534 3613 3615 3694
3615 3535 3614 3616 3695
3616 3536 3615 3617 3696
3617 3537 3616 3618 3697
3618 3538 3617
3619 3539 3620 3699
3620 3540 3619 3621 3700
3621 3541 3620 3622 3701
3622 3542 3621 3623
3623 3622 3624 3703
3624 3544 3623 3625 3704
3625 3545 3624 3626 3705
3626 3546 3625 3627 3706
3627 3547 3626 3628 3707
3628 3548 3627 3629 3708
3629 3549 3628 3630 3709
3630 3550 3629 3631 3710
3631 3551 3630 3632 3711
3632 3552 3631 3633 3712
3633 3553 3632 3634 3713
3634 3554 3633 3714
3635 3636 3715
3636 3556 3635 3637
3637 3557 3636 3638 3717
3638 3558 3637 3639 3718
3639 3559 3638 3719
3640 3641 3720
3641 3640 3642 3721
3642 3562 3641 3643 3722
3643 3642 3644 3723
3644 3564 3643 3645 3724
3645 3565 3644 3646 3725
3646 3566 3645 3647 3726
3647 3567 3646 3648 3727
3648 3568 3647 3649 3728
3649 3569 3648 3650 3729
3650 3570 3649 3651 3730
3651 3571 3650 3652 3731
3652 3572 3651 3732
3653 3573 3654 3733
3654 3574 3653 3655 3734
3655 3575 3654 3656 3735
3656 3576 3655 3657 3736
3657 3577 3656 3658 3737
3658 3578 3657 3659 3738
3659 3579 3658 3660 3739
3660 3580 3659 3661 3740
3661 3581 3660 3662 3741
3662 3582 3661 3742
3663 3583 3664 3743
3664 3584 3663 3744
3665 3585 3666
3666 3586 3665 3667
3667 3587 3666 3668 3747
3668 3588 3667 3669
3669 3668 3670 3749
3670 3590 3669 3671 3750
3671 3591 3670 3672 3751
3672 3592 3671 3752
3673 3593 3674 3753
3674 3594 3673 3675 3754
3675 3595 3674 3676 3755
3676 3596 3675 3677 3756
3677 3597 3676 3678 3757
3678 3598 3677 3758
3679 3599
3680 3760
3681 3601 3682 3761
3682 3602 3681 3683 3762
3683 3603 3682 3763
3684 3604 3685 3764
3685 3605 3684 3686 3765
3686 3606 3685 3687 3766
3687 3607 3686 3688 3767
3688 3608 3687 3689 3768
3689 3609 3688 3690 3769
3690 3610 3689 3691 3770
3691 3611 3690 3692 3771
3692 3612 3691 3693 3772
3693 3613 3692 3694 3773
3694 3614 3693 3695
3695 3615 3694 3696
3696 3616 3695 3697 3776
3697 3617 3696 3698 3777
3698 3697 3699 3778
3699 3619 3698 3700
3700 3620 3699 3701 3780
3701 3621 3700 3702 3781
3702 3701 3703 3782
3703 3623 3702 3704 3783
3704 3624 3703 3705 3784
3705 3625 3704 3706 3785
3706 3626 3705 3707 3786
3707 3627 3706 3708 3787
3708 3628 3707 3709 3788
3709 3629 3708 3710 3789
3710 3630 3709 3711 3790
3711 3631 3710 3712 3791
3712 3632 3711 3713 3792
3713 3633 3712 3714 3793
3714 3634 3713 3715
3715 3635 3714 3716
3716 3715 3796
3717 3637 3718 3797
3718 3638 3717 3719 3798
3719 3639 3718 3720 3799
3720 3640 3719 3721
3721 3641 3720 3722 3801
3722 3642 3721 3723 3802
3723 3643 3722 3724 3803
3724 3644 3723 3725
3725 3645 3724 3726 3805
3726 3646 3725 3727 3806
3727 3647 3726 3728 3807
3728 3648 3727 3808
3729 3649 3730 3809
3730 3650 3729 3731 3810
3731 3651 3730 3732 3811
3732 3652 3731 3812
3733 3653 3813
3734 3654 3735 3814
3735 3655 3734 3736 3815
3736 3656 3735 3737
3737 3657 3736 3738 3817
3738 3658 3737 3818
3739 3659 3740 3819
3740 3660 3739 3741
3741 3661 3740 3821
3742 3662 3743 3822
3743 3663 3742 3744 3823
3744 3664 3743 3745 3824
3745 3744 3746 3825
3746 3745 3826
3747 3667 3748 3827
3748 3747 3749 3828
3749 3669 3748 3750 3829
3750 3670 3749 3751 3830
3751 3671 3750 3752 3831
3752 3672 3751 3753 3832
3753 3673 3752 3754 3833
3754 3674 3753 3755 3834
3755 3675 3754 3756 3835
3756 3676 3755 3757 3836
3757 3677 3756 3758 3837
3758 3678 3757 3759 3838
3759 3758 3839
3760 3680 3761 3840
3761 3681 3760 3762
3762 3682 3761 3763 3842
3763 3683 3762 3764 3843
3764 3684 3763 3765 3844
3765 3685 3764 3766 3845
3766 3686 3765 3767 3846
3767 3687 3766 3768 3847
3768 3688 3767 3769 3848
3769 3689 3768 3770 3849
3770 3690 3769 3771 3850
3771 3691 3770 3772 3851
3772 3692 3771 3773 3852
3773 3693 3772 3853
3774 3775 3854
3775 3774 3776 3855
3776 3696 3775 3777 3856
3777 3697 3776 3778
3778 3698 3777 3779 3858
3779 3778 3859
3780 3700 3781 3860
3781 3701 3780 3782 3861
3782 3702 3781 3862
3783 3703 3784
3784 3704 3783 3785 3864
3785 3705 3784 3786 3865
3786 3706 3785 3787
3787 3707 3786 3788 3867
3788 3708 3787 3789
3789 3709 3788 3790 3869
3790 3710 3789 3870
3791 3711 3792
3792 3712 3791 3793 3872
3793 3713 3792 3794 3873
3794 3793 3795 3874
3795 3794 3796 3875
3796 3716 3795 3797 3876
3797 3717 3796 3798 3877
3798 3718 3797 3799 3878
3799 3719 3798 3800
3800 3799 3801 3880
3801 3721 3800 3802 3881
3802 3722 3801 3803 3882
3803 3723 3802 3804 3883
3804 3803 3805 3884
3805 3725 3804 3806 3885
3806 3726 3805 3807 3886
3807 3727 3806 3808 3887
3808 3728 3807 3809 3888
3809 3729 3808 3810 3889
3810 3730 3809 3811 3890
3811 3731 3810 3812 3891
3812 3732 3811 3813 3892
3813 3733 3812 3814 3893
3814 3734 3813 3815 3894
3815 3735 3814 3895
3816 3817 3896
3817 3737 3816 3897
3818 3738 3819 3898
3819 3739 3818 3820 3899
3820 3819 3821 3900
3821 3741 3820 3822 3901
3822 3742 3821 3823 3902
3823 3743 3822 3824 3903
3824 3744 3823 3825 3904
3825 3745 3824 3905
3826 3746 3827 3906
3827 3747 3826 3828 3907
3828 3748 3827 3829 3908
3829 3749 3828 3830 3909
3830 3750 3829 3831 3910
3831 3751 3830 3911
3832 3752 3833 3912
3833 3753 3832 3834 3913
3834 3754 3833 3835 3914
3835 3755 3834 3836 3915
3836 3756 3835 3837
3837 3757 3836 3838 3917
3838 3758 3837 3839 3918
3839 3759 3838
3840 3760 3841 3920
3841 3840 3842 3921
3842 3762 3841 3843 3922
3843 3763 3842 3844 3923
3844 3764 3843
3845 3765 3846 3925
3846 3766 3845 3847 3926
3847 3767 3846 3848 3927
3848 3768 3847 3849 3928
3849 3769 3848 3850 3929
3850 3770 3849 3851 3930
3851 3771 3850 3852 3931
3852 3772 3851 3853 3932
3853 3773 3852 3854
3854 3774 3853 3934
3855 3775 3856 3935
3856 3776 3855 3857 3936
3857 3856 3858 3937
3858 3778 3857 3859 3938
3859 3779 3858 3939
3860 3780 3940
3861 3781 3862 3941
3862 3782 3861 3863 3942
3863 3862 3864 3943
3864 3784 3863 3865
3865 3785 3864 3866 3945
3866 3865 3867 3946
3867 3787 3866 3868
3868 3867 3869 3948
3869 3789 3868 3870 3949
3870 3790 3869 3871
3871 3870 3872 3951
3872 3792 3871 3873
3873 3793 3872 3874 3953
3874 3794 3873 3875 3954
3875 3795 3874 3876 3955
3876 3796 3875 3956
3877 3797 3878 3957
3878 3798 3877 3879 3958
3879 3878 3880 3959
3880 3800 3879 3881 3960
3881 3801 3880 3882
3882 3802 3881 3883 3962
3883 3803 3882 3884 3963
3884 3804 3883 3885 3964
3885 3805 3884 3965
3886 3806 3887 3966
3887 3807 3886 3888 3967
3888 3808 3887 3889 3968
3889 3809 3888 3969
3890 3810 3891 3970
3891 3811 3890 3892
3892 3812 3891 3972
3893 3813 3894 3973
3894 3814 3893 3895 3974
3895 3815 3894 3896 3975
3896 3816 3895 3897
3897 3817 3896 3898 3977
3898 3818 3897 3899 3978
3899 3819 3898 3900 3979
3900 3820 3899 3901 3980
3901 3821 3900 3902 3981
3902 3822 3901 3903 3982
3903 3823 3902 3904 3983
3904 3824 3903 3905 3984
3905 3825 3904 3906 3985
3906 3826 3905 3907 3986
3907 3827 3906 3908 3987
3908 3828 3907 3909
3909 3829 3908 3910 3989
3910 3830 3909 3911 3990
3911 3831 3910 3912 3991
3912 3832 3911 3992
3913 3833 3914 3993
3914 3834 3913 3915 3994
3915 3835 3914 3916 3995
3916 3915 3917
3917 3837 3916 3918 3997
3918 3838 3917 3919 3998
3919 3918 3999
3920 3840 3921 4000
3921 3841 3920 3922 4001
3922 3842 3921 4002
3923 3843 3924 4003
3924 3923 3925 4004
3925 3845 3924 3926 4005
3926 3846 3925 3927 4006
3927 3847 3926 3928 4007
3928 3848 3927 3929 4008
3929 3849 3928 3930 4009
3930 3850 3929 3931 4010
3931 3851 3930 3932 4011
3932 3852 3931 3933 4012
3933 3932 4013
3934 3854 4014
3935 3855 3936 4015
3936 3856 3935 3937 4016
3937 3857 3936 3938 4017
3938 3858 3937 4018
3939 3859 3940
3940 3860 3939 3941 4020
3941 3861 3940 3942 4021
3942 3862 3941 3943 4022
3943 3863 3942 3944 4023
3944 3943 3945 4024
3945 3865 3944 3946 4025
3946 3866 3945 3947 4026
3947 3946 3948 4027
3948 3868 3947 3949 4028
3949 3869 3948 3950 4029
3950 3949 3951
3951 3871 3950 3952 4031
3952 3951 3953 4032
3953 3873 3952 3954
3954 3874 3953 4034
3955 3875 4035
3956 3876 3957 4036
3957 3877 3956 3958 4037
3958 3878 3957 4038
3959 3879 3960
3960 3880 3959 4040
3961 3962 4041
3962 3882 3961 3963 4042
3963 3883 3962 3964 4043
3964 3884 3963 3965 4044
3965 3885 3964 3966 4045
3966 3886 3965 3967 4046
3967 3887 3966 3968 4047
3968 3888 3967 3969 4048
3969 3889 3968 3970 4049
3970 3890 3969 3971 4050
3971 3970 3972 4051
3972 3892 3971 3973 4052
3973 3893 3972 3974 4053
3974 3894 3973 3975 4054
3975 3895 3974 3976 4055
3976 3975 4056
3977 3897 4057
3978 3898 3979 4058
3979 3899 3978 4059
3980 3900 3981 4060
3981 3901 3980 3982 4061
3982 3902 3981 3983 4062
3983 3903 3982 3984 4063
3984 3904 3983 3985 4064
3985 3905 3984 3986 4065
3986 3906 3985 3987 4066
3987 3907 3986 3988 4067
3988 3987 3989 4068
3989 3909 3988 3990 4069
3990 3910 3989 3991
3991 3911 3990 3992 4071
3992 3912 3991 3993 4072
3993 3913 3992 3994 4073
3994 3914 3993 3995 4074
3995 3915 3994 3996 4075
3996 3995 4076
3997 3917 3998 4077
3998 3918 3997 3999
3999 3919 3998 4079
4000 3920 4001 4080
4001 3921 4000 4002 4081
4002 3922 4001 4003 4082
4003 3923 4002 4004 4083
4004 3924 4003 4084
4005 3925 4006 4085
4006 3926 4005 4007 4086
4007 3927 4006 4008 4087
4008 3928 4007 4009 4088
4009 3929 4008 4089
4010 3930 4090
4011 3931 4012 4091
4012 3932 4011 4013 4092
4013 3933 4012 4014 4093
4014 3934 4013 4015 4094
4015 3935 4014 4016 4095
4016 3936 4015 4096
4017 3937 4018 4097
4018 3938 4017 4019 4098
4019 4018 4020
4020 3940 4019 4021 4100
4021 3941 4020 4022 4101
4022 3942 4021 4023 4102
4023 3943 4022 4024 4103
4024 3944 4023 4025 4104
4025 3945 4024 4026 4105
4026 3946 4025 4027 4106
4027 3947 4026 4028 4107
4028 3948 4027 4029 4108
4029 3949 4028 4030 4109
4030 4029 4031 4110
4031 3951 4030 4032 4111
4032 3952 4031 4033 4112
4033 4032 4034 4113
4034 3954 4033 4035 4114
4035 3955 4034 4036 4115
4036 3956 4035 4037 4116
4037 3957 4036 4038 4117
4038 3958 4037 4039 4118
4039 4038 4040
4040 3960 4039 4041 4120
4041 3961 4040 4121
4042 3962 4043
4043 3963 4042 4044 4123
4044 3964 4043
4045 3965
4046 3966 4047 4126
4047 3967 4046 4048 4127
4048 3968 4047 4049 4128
4049 3969 4048 4050 4129
4050 3970 4049 4051 4130
4051 3971 4050 4131
4052 3972 4053 4132
4053 3973 4052 4133
4054 3974 4055 4134
4055 3975 4054 4056 4135
4056 3976 4055 4057 4136
4057 3977 4056 4058 4137
4058 3978 4057 4059 4138
4059 3979 4058 4060 4139
4060 3980 4059 4061 4140
4061 3981 4060 4062 4141
4062 3982 4061 4063 4142
4063 3983 4062 4064 4143
4064 3984 4063 4065 4144
4065 3985 4064 4145
4066 3986 4067 4146
4067 3987 4066 4068 4147
4068 3988 4067 4069
4069 3989 4068 4070 4149
4070 4069 4071 4150
4071 3991 4070 4072 4151
4072 3992 4071 4073 4152
4073 3993 4072 4153
4074 3994 4075 4154
4075 3995 4074 4076 4155
4076 3996 4075 4077 4156
4077 3997 4076 4078 4157
4078 4077 4079 4158
4079 3999 4078
4080 4000 4081 4160
4081 4001 4080 4082 4161
4082 4002 4081 4083 4162
4083 4003 4082 4084 4163
4084 4004 4083 4085 4164
4085 4005 4084 4086 4165
4086 4006 4085 4166
4087 4007 4088 4167
4088 4008 4087 4089 4168
4089 4009 4088 4090 4169
4090 4010 4089 4091
4091 4011 4090 4092 4171
4092 4012 4091 4093 4172
4093 4013 4092 4094 4173
4094 4014 4093 4095 4174
4095 4015 4094 4096 4175
4096 4016 4095 4097
4097 4017 4096 4177
4098 4018 4178
4099 4100 4179
4100 4020 4099 4101 4180
4101 4021 4100 4102 4181
4102 4022 4101 4103 4182
4103 4023 4102 4104 4183
4104 4024 4103 4105 4184
4105 4025 4104
4106 4026 4186
4107 4027 4108 4187
4108 4028 4107 4109 4188
4109 4029 4108 4110 4189
4110 4030 4109 4190
4111 4031 4191
4112 4032 4113 4192
4113 4033 4112 4114
4114 4034 4113 4115 4194
4115 4035 4114 4116 4195
4116 4036 4115 4117 4196
4117 4037 4116 4118 4197
4118 4038 4117 4119
4119 4118 4120 4199
4120 4040 4119 4121 4200
4121 4041 4120 4122 4201
4122 4121 4123 4202
4123 4043 4122 4124 4203
4124 4123 4125 4204
4125 4124 4126 4205
4126 4046 4125 4127 4206
4127 4047 4126 4128 4207
4128 4048 4127 4208
4129 4049 4130 4209
4130 4050 4129 4131 4210
4131 4051 4130 4132 4211
4132 4052 4131 4133 4212
4133 4053 4132 4213
4134 4054 4135
4135 4055 4134 4136 4215
4136 4056 4135 4137
4137 4057 4136 4138 4217
4138 4058 4137 4139 4218
4139 4059 4138 4140 4219
4140 4060 4139 4141 4220
4141 4061 4140 4142
4142 4062 4141 4222
4143 4063 4144 4223
4144 4064 4143 4145 4224
4145 4065 4144 4146 4225
4146 4066 4145 4147
4147 4067 4146 4148 4227
4148 4147 4149
4149 4069 4148 4150 4229
4150 4070 4149 4230
4151 4071 4152 4231
4152 4072 4151 4153 4232
4153 4073 4152 4154 4233
4154 4074 4153 4155 4234
4155 4075 4154 4156 4235
4156 4076 4155 4157 4236
4157 4077 4156 4158 4237
4158 4078 4157 4159 4238
4159 4158 4239
4160 4080 4161 4240
4161 4081 4160 4162 4241
4162 4082 4161 4242
4163 4083 4164 4243
4164 4084 4163 4165 4244
4165 4085 4164 4166 4245
4166 4086 4165 4167 4246
4167 4087 4166 4168 4247
4168 4088 4167 4169 4248
4169 4089 4168 4170 4249
4170 4169 4171 4250
4171 4091 4170 4172 4251
4172 4092 4171 4173 4252
4173 4093 4172 4174 4253
4174 4094 4173 4175 4254
4175 4095 4174 4176 4255
4176 4175 4177 4256
4177 4097 4176 4178 4257
4178 4098 4177 4179
4179 4099 4178 4180 4259
4180 4100 4179 4181 4260
4181 4101 4180 4182 4261
4182 4102 4181 4183 4262
4183 4103 4182 4184 4263
4184 4104 4183 4185 4264
4185 4184 4186 4265
4186 4106 4185 4187 4266
4187 4107 4186 4188
4188 4108 4187 4189 4268
4189 4109 4188 4190 4269
4190 4110 4189 4191 4270
4191 4111 4190 4192 4271
4192 4112 4191 4193 4272
4193 4192 4194 4273
4194 4114 4193 4195 4274
4195 4115 4194 4196 4275
4196 4116 4195 4197 4276
4197 4117 4196 4198 4277
4198 4197 4199 4278
4199 4119 4198 4200 4279
4200 4120 4199 4201 4280
4201 4121 4200 4202 4281
4202 4122 4201 4203
4203 4123 4202
4204 4124 4205 4284
4205 4125 4204 4206 4285
4206 4126 4205 4207 4286
4207 4127 4206 4208 4287
4208 4128 4207 4209 4288
4209 4129 4208 4210 4289
4210 4130 4209 4211 4290
4211 4131 4210 4212 4291
4212 4132 4211 4292
4213 4133 4214
4214 4213 4215 4294
4215 4135 4214 4295
4216 4217 4296
4217 4137 4216 4218 4297
4218 4138 4217 4219 4298
4219 4139 4218 4220 4299
4220 4140 4219 4221
4221 4220 4222 4301
4222 4142 4221 4223 4302
4223 4143 4222 4224 4303
4224 4144 4223 4225 4304
4225 4145 4224 4226
4226 4225 4227 4306
4227 4147 4226 4228 4307
4228 4227 4229 4308
4229 4149 4228 4230 4309
4230 4150 4229 4231 4310
4231 4151 4230 4232 4311
4232 4152 4231 4233 4312
4233 4153 4232 4313
4234 4154 4235 4314
4235 4155 4234 4236 4315
4236 4156 4235 4237 4316
4237 4157 4236 4238 4317
4238 4158 4237 4239 4318
4239 4159 4238 4319
4240 4160 4241 4320
4241 4161 4240 4242 4321
4242 4162 4241 4243 4322
4243 4163 4242 4244 4323
4244 4164 4243 4245 4324
4245 4165 4244 4246 4325
4246 4166 4245 4247
4247 4167 4246 4327
4248 4168 4249 4328
4249 4169 4248 4250 4329
4250 4170 4249 4251 4330
4251 4171 4250 4252 4331
4252 4172 4251 4253 4332
4253 4173 4252 4254 4333
4254 4174 4253 4255 4334
4255 4175 4254 4256 4335
4256 4176 4255 4257 4336
4257 4177 4256 4258 4337
4258 4257 4259 4338
4259 4179 4258 4260 4339
4260 4180 4259 4261 4340
4261 4181 4260 4262
4262 4182 4261 4263 4342
4263 4183 4262 4264
4264 4184 4263 4265 4344
4265 4185 4264 4345
4266 4186 4267 4346
4267 4266 4268 4347
4268 4188 4267 4269 4348
4269 4189 4268 4270 4349
4270 4190 4269 4271 4350
4271 4191 4270 4272
4272 4192 4271 4273 4352
4273 4193 4272 4274 4353
4274 4194 4273 4275 4354
4275 4195 4274 4276 4355
4276 4196 4275 4277 4356
4277 4197 4276 4278 4357
4278 4198 4277 4279 4358
4279 4199 4278 4280 4359
4280 4200 4279 4281 4360
4281 4201 4280 4282 4361
4282 4281 4362
4283 4284 4363
4284 4204 4283 4285 4364
4285 4205 4284 4286 4365
4286 4206 4285 4287 4366
4287 4207 4286 4367
4288 4208 4289 4368
4289 4209 4288 4290 4369
4290 4210 4289 4370
4291 4211 4292 4371
4292 4212 4291 4293 4372
4293 4292 4294 4373
4294 4214 4293 4295 4374
4295 4215 4294 4296 4375
4296 4216 4295 4297 4376
4297 4217 4296 4298 4377
4298 4218 4297 4299 4378
4299 4219 4298 4379
4300 4301 4380
4301 4221 4300 4302 4381
4302 4222 4301 4303 4382
4303 4223 4302 4383
4304 4224 4305 4384
4305 4304 4306 4385
4306 4226 4305 4307 4386
4307 4227 4306 4308
4308 4228 4307 4309 4388
4309 4229 4308 4310 4389
4310 4230 4309 4311 4390
4311 4231 4310 4312 4391
4312 4232 4311 4313 4392
4313 4233 4312 4393
4314 4234 4315 4394
4315 4235 4314 4316 4395
4316 4236 4315 4317 4396
4317 4237 4316 4318 4397
4318 4238 4317 4319 4398
4319 4239 4318 4399
4320 4240 4321 4400
4321 4241 4320 4322 4401
4322 4242 4321 4323 4402
4323 4243 4322 4324 4403
4324 4244 4323 4325 4404
4325 4245 4324 4326 4405
4326 4325 4327 4406
4327 4247 4326 4328 4407
4328 4248 4327 4329 4408
4329 4249 4328 4330 4409
4330 4250 4329 4331 4410
4331 4251 4330 4332 4411
4332 4252 4331 4333 4412
4333 4253 4332 4334 4413
4334 4254 4333 4335 4414
4335 4255 4334 4336 4415
4336 4256 4335 4337 4416
4337 4257 4336 4338 4417
4338 4258 4337
4339 4259 4340 4419
4340 4260 4339 4341 4420
4341 4340 4342 4421
4342 4262 4341 4343 4422
4343 4342 4344
4344 4264 4343 4345 4424
4345 4265 4344 4425
4346 4266 4426
4347 4267 4348 4427
4348 4268 4347
4349 4269 4350 4429
4350 4270 4349 4351 4430
4351 4350 4352 4431
4352 4272 4351 4353 4432
4353 4273 4352 4433
4354 4274 4355 4434
4355 4275 4354 4356 4435
4356 4276 4355 4357 4436
4357 4277 4356 4358 4437
4358 4278 4357 4438
4359 4279
4360 4280 4440
4361 4281 4362 4441
4362 4282 4361 4363 4442
4363 4283 4362 4364 4443
4364 4284 4363 4365
4365 4285 4364 4366 4445
4366 4286 4365 4367 4446
4367 4287 4366 4368 4447
4368 4288 4367 4369 4448
4369 4289 4368 4370 4449
4370 4290 4369 4371
4371 4291 4370 4372 4451
4372 4292 4371 4373 4452
4373 4293 4372 4374
4374 4294 4373 4375 4454
4375 4295 4374 4376 4455
4376 4296 4375 4377 4456
4377 4297 4376 4378 4457
4378 4298 4377 4379 4458
4379 4299 4378 4380 4459
4380 4300 4379 4381 4460
4381 4301 4380 4382 4461
4382 4302 4381 4383 4462
4383 4303 4382 4384 4463
4384 4304 4383
4385 4305 4386 4465
4386 4306 4385 4387
4387 4386 4388 4467
4388 4308 4387 4389 4468
4389 4309 4388 4390 4469
4390 4310 4389 4391 4470
4391 4311 4390 4392 4471
4392 4312 4391 4393 4472
4393 4313 4392 4394 4473
4394 4314 4393 4395 4474
4395 4315 4394 4396 4475
4396 4316 4395 4397 4476
4397 4317 4396 4398 4477
4398 4318 4397 4399 4478
4399 4319 4398 4479
4400 4320 4401 4480
4401 4321 4400 4481
4402 4322 4403 4482
4403 4323 4402 4404 4483
4404 4324 4403 4405
4405 4325 4404 4406 4485
4406 4326 4405 4407 4486
4407 4327 4406 4408 4487
4408 4328 4407 4409 4488
4409 4329 4408 4410 4489
4410 4330 4409 4490
4411 4331 4412 4491
4412 4332 4411 4413 4492
4413 4333 4412 4414 4493
4414 4334 4413 4415
4415 4335 4414 4416 4495
4416 4336 4415 4417 4496
4417 4337 4416 4418 4497
4418 4417 4419 4498
4419 4339 4418 4420 4499
4420 4340 4419 4421 4500
4421 4341 4420 4422 4501
4422 4342 4421 4423 4502
4423 4422 4424 4503
4424 4344 4423 4504
4425 4345 4426 4505
4426 4346 4425 4427 4506
4427 4347 4426 4428 4507
4428 4427 4508
4429 4349 4430 4509
4430 4350 4429 4431 4510
4431 4351 4430 4432 4511
4432 4352 4431 4433
4433 4353 4432 4434 4513
4434 4354 4433 4514
4435 4355 4436 4515
4436 4356 4435 4437
4437 4357 4436 4438 4517
4438 4358 4437 4439 4518
4439 4438 4440 4519
4440 4360 4439 4441 4520
4441 4361 4440 4442 4521
4442 4362 4441 4443 4522
4443 4363 4442 4523
4444 4445 4524
4445 4365 4444 4446 4525
4446 4366 4445 4447
4447 4367 4446 4527
4448 4368 4449 4528
4449 4369 4448 4450 4529
4450 4449 4451 4530
4451 4371 4450 4452 4531
4452 4372 4451 4453 4532
4453 4452 4454 4533
4454 4374 4453 4455 4534
4455 4375 4454 4456 4535
4456 4376 4455 4457 4536
4457 4377 4456 4458
4458 4378 4457 4538
4459 4379 4460 4539
4460 4380 4459 4461 4540
4461 4381 4460 4462 4541
4462 4382 4461 4463 4542
4463 4383 4462 4543
4464 4465 4544
4465 4385 4464 4466
4466 4465 4467 4546
4467 4387 4466 4468 4547
4468 4388 4467 4469 4548
4469 4389 4468 4470 4549
4470 4390 4469 4471 4550
4471 4391 4470 4472
4472 4392 4471 4473 4552
4473 4393 4472 4474 4553
4474 4394 4473 4475 4554
4475 4395 4474 4476 4555
4476 4396 4475 4477 4556
4477 4397 4476 4478 4557
4478 4398 4477 4479 4558
4479 4399 4478 4559
4480 4400 4481 4560
4481 4401 4480 4482 4561
4482 4402 4481 4483 4562
4483 4403 4482 4484 4563
4484 4483 4485 4564
4485 4405 4484 4486 4565
4486 4406 4485 4487 4566
4487 4407 4486 4488 4567
4488 4408 4487 4489 4568
4489 4409 4488 4490 4569
4490 4410 4489 4491 4570
4491 4411 4490 4492 4571
4492 4412 4491 4493 4572
4493 4413 4492 4494 4573
4494 4493 4495 4574
4495 4415 4494 4496 4575
4496 4416 4495 4497 4576
4497 4417 4496 4498 4577
4498 4418 4497 4578
4499 4419 4500 4579
4500 4420 4499 4501 4580
4501 4421 4500 4502 4581
4502 4422 4501 4503 4582
4503 4423 4502 4504 4583
4504 4424 4503 4505 4584
4505 4425 4504 4506 4585
4506 4426 4505 4507 4586
4507 4427 4506 4508 4587
4508 4428 4507 4509
4509 4429 4508 4510 4589
4510 4430 4509 4511 4590
4511 4431 4510 4591
4512 4513 4592
4513 4433 4512 4514
4514 4434 4513 4515 4594
4515 4435 4514 4516 4595
4516 4515 4517 4596
4517 4437 4516 4518 4597
4518 4438 4517 4519 4598
4519 4439 4518 4520 4599
4520 4440 4519 4521
4521 4441 4520 4601
4522 4442 4523 4602
4523 4443 4522 4524 4603
4524 4444 4523 4604
4525 4445 4526 4605
4526 4525 4527 4606
4527 4447 4526 4528 4607
4528 4448 4527 4608
4529 4449 4530 4609
4530 4450 4529 4531
4531 4451 4530 4532 4611
4532 4452 4531 4533 4612
4533 4453 4532 4534 4613
4534 4454 4533 4614
4535 4455 4536 4615
4536 4456 4535 4537 4616
4537 4536 4538 4617
4538 4458 4537 4539
4539 4459 4538 4619
4540 4460 4541 4620
4541 4461 4540 4542
4542 4462 4541 4622
4543 4463 4544 4623
4544 4464 4543 4545 4624
4545 4544 4546 4625
4546 4466 4545 4547 4626
4547 4467 4546 4627
4548 4468 4549 4628
4549 4469 4548 4550 4629
4550 4470 4549 4630
4551 4552 4631
4552 4472 4551 4553 4632
4553 4473 4552 4554 4633
4554 4474 4553 4555 4634
4555 4475 4554 4556 4635
4556 4476 4555 4557 4636
4557 4477 4556 4558 4637
4558 4478 4557 4559 4638
4559 4479 4558 4639
4560 4480 4561 4640
4561 4481 4560 4562 4641
4562 4482 4561 4563 4642
4563 4483 4562 4564 4643
4564 4484 4563 4565 4644
4565 4485 4564 4566 4645
4566 4486 4565 4646
4567 4487 4568 4647
4568 4488 4567 4569 4648
4569 4489 4568 4570 4649
4570 4490 4569 4571 4650
4571 4491 4570 4572 4651
4572 4492 4571 4573 4652
4573 4493 4572 4574 4653
4574 4494 4573 4575 4654
4575 4495 4574 4576
4576 4496 4575 4577 4656
4577 4497 4576 4578 4657
4578 4498 4577 4579 4658
4579 4499 4578 4580 4659
4580 4500 4579 4660
4581 4501 4582 4661
4582 4502 4581 4583 4662
4583 4503 4582 4584 4663
4584 4504 4583 4585 4664
4585 4505 4584 4586 4665
4586 4506 4585 4587 4666
4587 4507 4586 4588 4667
4588 4587 4589
4589 4509 4588 4590 4669
4590 4510 4589 4670
4591 4511 4592 4671
4592 4512 4591 4593 4672
4593 4592 4594 4673
4594 4514 4593 4595 4674
4595 4515 4594 4596 4675
4596 4516 4595 4597 4676
4597 4517 4596 4598 4677
4598 4518 4597 4599 4678
4599 4519 4598 4600 4679
4600 4599 4601 4680
4601 4521 4600 4602 4681
4602 4522 4601 4603 4682
4603 4523 4602 4683
4604 4524 4605 4684
4605 4525 4604 4606 4685
4606 4526 4605 4607 4686
4607 4527 4606 4608 4687
4608 4528 4607 4609 4688
4609 4529 4608 4610 4689
4610 4609 4611 4690
4611 4531 4610 4612 4691
4612 4532 4611 4613 4692
4613 4533 4612 4614 4693
4614 4534 4613 4615 4694
4615 4535 4614 4616 4695
4616 4536 4615 4696
4617 4537 4618 4697
4618 4617 4619 4698
4619 4539 4618 4620 4699
4620 4540 4619 4621 4700
4621 4620 4622 4701
4622 4542 4621 4623 4702
4623 4543 4622 4624 4703
4624 4544 4623 4625 4704
4625 4545 4624 4626 4705
4626 4546 4625 4627 4706
4627 4547 4626 4628 4707
4628 4548 4627 4629 4708
4629 4549 4628 4630 4709
4630 4550 4629 4631 4710
4631 4551 4630 4632 4711
4632 4552 4631 4633 4712
4633 4553 4632 4634 4713
4634 4554 4633 4635 4714
4635 4555 4634 4636 4715
4636 4556 4635 4637 4716
4637 4557 4636 4638
4638 4558 4637 4639 4718
4639 4559 4638 4719
4640 4560 4641 4720
4641 4561 4640 4642
4642 4562 4641 4643 4722
4643 4563 4642 4644 4723
4644 4564 4643 4645 4724
4645 4565 4644 4646 4725
4646 4566 4645 4726
4647 4567 4648 4727
4648 4568 4647 4649 4728
4649 4569 4648 4650 4729
4650 4570 4649 4651 4730
4651 4571 4650 4652
4652 4572 4651 4732
4653 4573 4654 4733
4654 4574 4653 4655
4655 4654 4656 4735
4656 4576 4655 4736
4657 4577 4658 4737
4658 4578 4657 4659 4738
4659 4579 4658 4739
4660 4580 4661
4661 4581 4660 4662
4662 4582 4661 4663 4742
4663 4583 4662 4664 4743
4664 4584 4663 4665 4744
4665 4585 4664 4666 4745
4666 4586 4665 4667 4746
4667 4587 4666 4668 4747
4668 4667 4669 4748
4669 4589 4668 4670 4749
4670 4590 4669 4671
4671 4591 4670 4672 4751
4672 4592 4671 4752
4673 4593 4674 4753
4674 4594 4673 4675 4754
4675 4595 4674 4676 4755
4676 4596 4675 4756
4677 4597 4678 4757
4678 4598 4677 4679 4758
4679 4599 4678 4680 4759
4680 4600 4679 4681 4760
4681 4601 4680 4682 4761
4682 4602 4681 4683 4762
4683 4603 4682 4684 4763
4684 4604 4683 4685 4764
4685 4605 4684 4686 4765
4686 4606 4685 4687 4766
4687 4607 4686 4688
4688 4608 4687 4689 4768
4689 4609 4688 4690 4769
4690 4610 4689 4691 4770
4691 4611 4690 4692 4771
4692 4612 4691 4693 4772
4693 4613 4692
4694 4614 4695 4774
4695 4615 4694 4696 4775
4696 4616 4695 4697 4776
4697 4617 4696 4698 4777
4698 4618 4697 4699 4778
4699 4619 4698 4700 4779
4700 4620 4699 4701 4780
4701 4621 4700 4781
4702 4622 4703 4782
4703 4623 4702
4704 4624 4705 4784
4705 4625 4704 4706 4785
4706 4626 4705 4707
4707 4627 4706 4708 4787
4708 4628 4707 4709 4788
4709 4629 4708 4710 4789
4710 4630 4709
4711 4631 4712 4791
4712 4632 4711 4713 4792
4713 4633 4712 4793
4714 4634 4715 4794
4715 4635 4714 4716
4716 4636 4715 4717 4796
4717 4716 4718 4797
4718 4638 4717 4719 4798
4719 4639 4718 4799
4720 4640 4721 4800
4721 4720 4722 4801
4722 4642 4721 4723 4802
4723 4643 4722 4724 4803
4724 4644 4723 4725 4804
4725 4645 4724 4805
4726 4646 4727 4806
4727 4647 4726 4728 4807
4728 4648 4727 4729 4808
4729 4649 4728 4730
4730 4650 4729 4731 4810
4731 4730 4732 4811
4732 4652 4731 4733 4812
4733 4653 4732 4734 4813
4734 4733 4735 4814
4735 4655 4734 4736 4815
4736 4656 4735 4737 4816
4737 4657 4736 4738 4817
4738 4658 4737 4739 4818
4739 4659 4738 4740 4819
4740 4739 4741 4820
4741 4740 4742 4821
4742 4662 4741 4743 4822
4743 4663 4742 4744 4823
4744 4664 4743 4745 4824
4745 4665 4744 4746 4825
4746 4666 4745 4747
4747 4667 4746 4748 4827
4748 4668 4747 4749 4828
4749 4669 4748 4829
4750 4751 4830
4751 4671 4750 4752
4752 4672 4751 4753 4832
4753 4673 4752 4754 4833
4754 4674 4753 4755 4834
4755 4675 4754 4756
4756 4676 4755 4757 4836
4757 4677 4756 4758 4837
4758 4678 4757 4759
4759 4679 4758 4760 4839
4760 4680 4759 4761 4840
4761 4681 4760 4762 4841
4762 4682 4761 4763 4842
4763 4683 4762 4764 4843
4764 4684 4763 4765 4844
4765 4685 4764 4766 4845
4766 4686 4765 4767 4846
4767 4766 4768 4847
4768 4688 4767 4769 4848
4769 4689 4768 4770
4770 4690 4769 4771
4771 4691 4770 4772 4851
4772 4692 4771 4773 4852
4773 4772 4774 4853
4774 4694 4773 4775 4854
4775 4695 4774 4776 4855
4776 4696 4775 4777 4856
4777 4697 4776 4778 4857
4778 4698 4777 4779 4858
4779 4699 4778 4780 4859
4780 4700 4779 4781 4860
4781 4701 4780 4782 4861
4782 4702 4781 4783 4862
4783 4782 4784 4863
4784 4704 4783 4785
4785 4705 4784 4786 4865
4786 4785 4787 4866
4787 4707 4786 4788 4867
4788 4708 4787 4868
4789 4709 4790 4869
4790 4789 4791
4791 4711 4790 4792 4871
4792 4712 4791 4793 4872
4793 4713 4792 4794 4873
4794 4714 4793 4795 4874
4795 4794 4796 4875
4796 4716 4795 4797 4876
4797 4717 4796 4798
4798 4718 4797 4799 4878
4799 4719 4798 4879
4800 4720 4801 4880
4801 4721 4800 4802
4802 4722 4801 4803 4882
4803 4723 4802 4804 4883
4804 4724 4803 4805 4884
4805 4725 4804 4806 4885
4806 4726 4805 4807 4886
4807 4727 4806 4808 4887
4808 4728 4807 4809 4888
4809 4808 4810 4889
4810 4730 4809 4811 4890
4811 4731 4810 4891
4812 4732 4813 4892
4813 4733 4812 4814 4893
4814 4734 4813 4815 4894
4815 4735 4814 4816 4895
4816 4736 4815 4817 4896
4817 4737 4816 4818 4897
4818 4738 4817 4819 4898
4819 4739 4818 4820 4899
4820 4740 4819 4821 4900
4821 4741 4820 4822 4901
4822 4742 4821 4823 4902
4823 4743 4822 4824 4903
4824 4744 4823 4825 4904
4825 4745 4824 4826
4826 4825 4827 4906
4827 4747 4826 4828 4907
4828 4748 4827 4829
4829 4749 4828 4830 4909
4830 4750 4829 4831 4910
4831 4830 4832 4911
4832 4752 4831 4833 4912
4833 4753 4832 4834 4913
4834 4754 4833 4835 4914
4835 4834 4836 4915
4836 4756 4835 4837 4916
4837 4757 4836 4838 4917
4838 4837 4839 4918
4839 4759 4838 4840 4919
4840 4760 4839 4841 4920
4841 4761 4840 4842 4921
4842 4762 4841 4843 4922
4843 4763 4842 4844 4923
4844 4764 4843 4845 4924
4845 4765 4844 4925
4846 4766 4847 4926
4847 4767 4846 4848 4927
4848 4768 4847 4849 4928
4849 4848 4850 4929
4850 4849 4930
4851 4771 4931
4852 4772 4853 4932
4853 4773 4852 4854 4933
4854 4774 4853 4855 4934
4855 4775 4854 4856 4935
4856 4776 4855 4857 4936
4857 4777 4856 4937
4858 4778 4859 4938
4859 4779 4858 4860 4939
4860 4780 4859 4861 4940
4861 4781 4860 4862 4941
4862 4782 4861 4863 4942
4863 4783 4862 4864 4943
4864 4863 4865 4944
4865 4785 4864 4866 4945
4866 4786 4865 4867 4946
4867 4787 4866 4868 4947
4868 4788 4867 4869
4869 4789 4868 4870 4949
4870 4869 4871 4950
4871 4791 4870 4872 4951
4872 4792 4871 4873 4952
4873 4793 4872 4874 4953
4874 4794 4873 4875 4954
4875 4795 4874 4876 4955
4876 4796 4875 4877 4956
4877 4876 4957
4878 4798 4879 4958
4879 4799 4878 4959
4880 4800 4960
4881 4882 4961
4882 4802 4881 4962
4883 4803 4884 4963
4884 4804 4883 4885 4964
4885 4805 4884 4886 4965
4886 4806 4885 4887 4966
4887 4807 4886 4888 4967
4888 4808 4887 4889 4968
4889 4809 4888 4890 4969
4890 4810 4889 4970
4891 4811 4892 4971
4892 4812 4891 4893 4972
4893 4813 4892 4894 4973
4894 4814 4893 4895 4974
4895 4815 4894 4896 4975
4896 4816 4895 4897 4976
4897 4817 4896 4898 4977
4898 4818 4897 4899 4978
4899 4819 4898 4979
4900 4820 4901 4980
4901 4821 4900 4902 4981
4902 4822 4901 4903 4982
4903 4823 4902 4904 4983
4904 4824 4903 4905 4984
4905 4904 4906 4985
4906 4826 4905 4907 4986
4907 4827 4906 4908 4987
4908 4907 4909 4988
4909 4829 4908 4910 4989
4910 4830 4909 4911 4990
4911 4831 4910 4991
4912 4832 4913
4913 4833 4912 4914 4993
4914 4834 4913 4915 4994
4915 4835 4914 4916 4995
4916 4836 4915 4917 4996
4917 4837 4916 4918
4918 4838 4917 4919 4998
4919 4839 4918 4920 4999
4920 4840 4919 4921 5000
4921 4841 4920 4922 5001
4922 4842 4921 4923 5002
4923 4843 4922 5003
4924 4844 4925 5004
4925 4845 4924 4926 5005
4926 4846 4925 4927 5006
4927 4847 4926 4928 5007
4928 4848 4927 5008
4929 4849 4930
4930 4850 4929 4931 5010
4931 4851 4930 4932
4932 4852 4931 4933
4933 4853 4932 5013
4934 4854 4935 5014
4935 4855 4934 4936 5015
4936 4856 4935 4937 5016
4937 4857 4936 4938
4938 4858 4937 4939 5018
4939 4859 4938 4940 5019
4940 4860 4939 5020
4941 4861 4942 5021
4942 4862 4941 4943
4943 4863 4942 4944 5023
4944 4864 4943 4945
4945 4865 4944 4946 5025
4946 4866 4945 4947 5026
4947 4867 4946 4948 5027
4948 4947 4949 5028
4949 4869 4948 4950
4950 4870 4949 4951 5030
4951 4871 4950 4952 5031
4952 4872 4951 4953 5032
4953 4873 4952 4954 5033
4954 4874 4953 4955 5034
4955 4875 4954 4956 5035
4956 4876 4955 4957 5036
4957 4877 4956 4958 5037
4958 4878 4957 4959
4959 4879 4958 5039
4960 4880 4961 5040
4961 4881 4960 4962 5041
4962 4882 4961 4963 5042
4963 4883 4962 4964
4964 4884 4963 4965 5044
4965 4885 4964 5045
4966 4886 5046
4967 4887 4968 5047
4968 4888 4967 5048
4969 4889 5049
4970 4890 4971 5050
4971 4891 4970 4972 5051
4972 4892 4971 4973 5052
4973 4893 4972 4974
4974 4894 4973 4975 5054
4975 4895 4974 4976 5055
4976 4896 4975 4977 5056
4977 4897 4976 4978 5057
4978 4898 4977 4979 5058
4979 4899 4978 4980 5059
4980 4900 4979 4981 5060
4981 4901 4980 4982 5061
4982 4902 4981 4983 5062
4983 4903 4982 5063
4984 4904 5064
4985 4905 4986 5065
4986 4906 4985 4987 5066
4987 4907 4986 4988 5067
4988 4908 4987 4989 5068
4989 4909 4988 5069
4990 4910 4991
4991 4911 4990 4992 5071
4992 4991 4993 5072
4993 4913 4992 4994 5073
4994 4914 4993 5074
4995 4915 4996 5075
4996 4916 4995 4997 5076
4997 4996 5077
4998 4918 4999 5078
4999 4919 4998 5000 5079
5000 4920 4999 5001 5080
5001 4921 5000 5002 5081
5002 4922 5001 5003 5082
5003 4923 5002 5004 5083
5004 4924 5003 5005 5084
5005 4925 5004 5006 5085
5006 4926 5005 5007
5007 4927 5006 5008 5087
5008 4928 5007 5009 5088
5009 5008 5010 5089
5010 4930 5009 5011 5090
5011 5010 5012 5091
5012 5011 5013 5092
5013 4933 5012 5014 5093
5014 4934 5013 5015 5094
5015 4935 5014 5016 5095
5016 4936 5015 5017
5017 5016 5018 5097
5018 4938 5017 5019 5098
5019 4939 5018 5020 5099
5020 4940 5019 5021
5021 4941 5020 5022 5101
5022 5021 5102
5023 4943 5024 5103
5024 5023 5025 5104
5025 4945 5024 5026 5105
5026 4946 5025 5027 5106
5027 4947 5026 5028 5107
5028 4948 5027 5029 5108
5029 5028 5030 5109
5030 4950 5029 5031 5110
5031 4951 5030 5032 5111
5032 4952 5031 5033 5112
5033 4953 5032 5034 5113
5034 4954 5033 5035 5114
5035 4955 5034 5036 5115
5036 4956 5035 5037 5116
5037 4957 5036 5038 5117
5038 5037 5039 5118
5039 4959 5038 5119
5040 4960 5041 5120
5041 4961 5040 5042 5121
5042 4962 5041 5043 5122
5043 5042 5044 5123
5044 4964 5043 5045 5124
5045 4965 5044 5046 5125
5046 4966 5045 5047 5126
5047 4967 5046 5048 5127
5048 4968 5047 5049 5128
5049 4969 5048 5050
5050 4970 5049 5051 5130
5051 4971 5050 5052
5052 4972 5051 5053 5132
5053 5052 5054 5133
5054 4974 5053 5055 5134
5055 4975 5054 5056 5135
5056 4976 5055 5057 5136
5057 4977 5056 5058 5137
5058 4978 5057 5059 5138
5059 4979 5058 5060
5060 4980 5059 5061 5140
5061 4981 5060 5062
5062 4982 5061 5142
5063 4983 5064 5143
5064 4984 5063 5144
5065 4985 5066 5145
5066 4986 5065 5067 5146
5067 4987 5066 5068 5147
5068 4988 5067 5069
5069 4989 5068 5070 5149
5070 5069 5150
5071 4991 5072 5151
5072 4992 5071 5073 5152
5073 4993 5072 5074 5153
5074 4994 5073 5075 5154
5075 4995 5074 5076 5155
5076 4996 5075 5077 5156
5077 4997 5076 5078 5157
5078 4998 5077 5079 5158
5079 4999 5078 5080
5080 5000 5079 5081
5081 5001 5080 5082 5161
5082 5002 5081 5162
5083 5003 5084 5163
5084 5004 5083 5085 5164
5085 5005 5084 5086 5165
5086 5085 5087 5166
5087 5007 5086 5088 5167
5088 5008 5087 5089 5168
5089 5009 5088 5090 5169
5090 5010 5089 5170
5091 5011 5092 5171
5092 5012 5091 5093 5172
5093 5013 5092 5094 5173
5094 5014 5093 5095 5174
5095 5015 5094 5096 5175
5096 5095 5097 5176
5097 5017 5096 5098 5177
5098 5018 5097 5099
5099 5019 5098 5100 5179
5100 5099 5101 5180
5101 5021 5100 5102 5181
5102 5022 5101 5103 5182
5103 5023 5102 5183
5104 5024 5105 5184
5105 5025 5104 5106 5185
5106 5026 5105 5107 5186
5107 5027 5106
5108 5028 5109 5188
5109 5029 5108 5110 5189
5110 5030 5109 5111 5190
5111 5031 5110 5112 5191
5112 5032 5111 5113
5113 5033 5112 5114 5193
5114 5034 5113 5115 5194
5115 5035 5114 5116 5195
5116 5036 5115 5117 5196
5117 5037 5116 5118 5197
5118 5038 5117 5119
5119 5039 5118 5199
5120 5040 5121
5121 5041 5120 5122
5122 5042 5121 5123 5202
5123 5043 5122 5124 5203
5124 5044 5123 5125 5204
5125 5045 5124 5205
5126 5046 5127 5206
5127 5047 5126 5128 5207
5128 5048 5127 5129
5129 5128 5130 5209
5130 5050 5129 5131 5210
5131 5130 5132 5211
5132 5052 5131 5133 5212
5133 5053 5132 5134 5213
5134 5054 5133 5135 5214
5135 5055 5134 5136 5215
5136 5056 5135 5137 5216
5137 5057 5136 5138
5138 5058 5137 5139 5218
5139 5138 5140 5219
5140 5060 5139 5141
5141 5140 5221
5142 5062 5143 5222
5143 5063 5142 5144 5223
5144 5064 5143 5145
5145 5065 5144 5146 5225
5146 5066 5145 5147 5226
5147 5067 5146 5148 5227
5148 5147 5149 5228
5149 5069 5148 5150 5229
5150 5070 5149 5151 5230
5151 5071 5150 5231
5152 5072 5153 5232
5153 5073 5152 5154 5233
5154 5074 5153 5155 5234
5155 5075 5154 5156 5235
5156 5076 5155 5157 5236
5157 5077 5156 5158 5237
5158 5078 5157 5159 5238
5159 5158 5160 5239
5160 5159 5161 5240
5161 5081 5160 5162 5241
5162 5082 5161 5163 5242
5163 5083 5162 5164
5164 5084 5163 5165 5244
5165 5085 5164 5166 5245
5166 5086 5165 5246
5167 5087 5168 5247
5168 5088 5167 5169
5169 5089 5168 5170 5249
5170 5090 5169 5171 5250
5171 5091 5170 5172
5172 5092 5171 5173 5252
5173 5093 5172 5174 5253
5174 5094 5173 5175 5254
5175 5095 5174 5176 5255
5176 5096 5175 5177 5256
5177 5097 5176 5178 5257
5178 5177 5179 5258
5179 5099 5178 5180 5259
5180 5100 5179 5181 5260
5181 5101 5180 5182 5261
5182 5102 5181 5183 5262
5183 5103 5182 5263
5184 5104 5185 5264
5185 5105 5184 5186 5265
5186 5106 5185 5187 5266
5187 5186 5188 5267
5188 5108 5187 5189 5268
5189 5109 5188 5190 5269
5190 5110 5189 5191 5270
5191 5111 5190 5192 5271
5192 5191
5193 5113 5194 5273
5194 5114 5193 5274
5195 5115 5196 5275
5196 5116 5195 5197 5276
5197 5117 5196 5198 5277
5198 5197 5199 5278
5199 5119 5198 5279
5200 5201 5280
5201 5200 5202 5281
5202 5122 5201 5203 5282
5203 5123 5202 5204 5283
5204 5124 5203 5205 5284
5205 5125 5204 5206 5285
5206 5126 5205 5207 5286
5207 5127 5206 5208 5287
5208 5207 5209 5288
5209 5129 5208 5210 5289
5210 5130 5209 5211 5290
5211 5131 5210 5212 5291
5212 5132 5211 5213 5292
5213 5133 5212 5214 5293
5214 5134 5213 5215 5294
5215 5135 5214 5216 5295
5216 5136 5215 5217
5217 5216 5218 5297
5218 5138 5217 5219 5298
5219 5139 5218 5220 5299
5220 5219 5300
5221 5141 5222 5301
5222 5142 5221 5302
5223 5143 5224 5303
5224 5223 5225 5304
5225 5145 5224 5226 5305
5226 5146 5225 5227 5306
5227 5147 5226 5307
5228 5148 5229
5229 5149 5228 5230 5309
5230 5150 5229 5231 5310
5231 5151 5230 5232 5311
5232 5152 5231 5233 5312
5233 5153 5232 5234 5313
5234 5154 5233 5235 5314
5235 5155 5234 5236
5236 5156 5235 5237 5316
5237 5157 5236 5238 5317
5238 5158 5237 5239 5318
5239 5159 5238 5240 5319
5240 5160 5239 5241 5320
5241 5161 5240 5242 5321
5242 5162 5241 5243 5322
5243 5242 5244 5323
5244 5164 5243 5245
5245 5165 5244 5246 5325
5246 5166 5245 5247
5247 5167 5246 5248 5327
5248 5247 5249
5249 5169 5248 5250 5329
5250 5170 5249 5251 5330
5251 5250 5252 5331
5252 5172 5251 5253
5253 5173 5252 5254 5333
5254 5174 5253 5255 5334
5255 5175 5254 5256
5256 5176 5255 5257 5336
5257 5177 5256 5258 5337
5258 5178 5257 5259 5338
5259 5179 5258 5260 5339
5260 5180 5259 5261 5340
5261 5181 5260 5262
5262 5182 5261 5263 5342
5263 5183 5262 5264 5343
5264 5184 5263 5265 5344
5265 5185 5264 5345
5266 5186 5267 5346
5267 5187 5266 5268 5347
5268 5188 5267 5269 5348
5269 5189 5268 5270 5349
5270 5190 5269 5271 5350
5271 5191 5270 5272 5351
5272 5271 5273 5352
5273 5193 5272 5274 5353
5274 5194 5273 5275
5275 5195 5274 5276 5355
5276 5196 5275 5277 5356
5277 5197 5276 5278 5357
5278 5198 5277 5279 5358
5279 5199 5278 5359
5280 5200 5281 5360
5281 5201 5280
5282 5202 5283 5362
5283 5203 5282 5284 5363
5284 5204 5283 5285 5364
5285 5205 5284 5286 5365
5286 5206 5285 5287
5287 5207 5286 5288 5367
5288 5208 5287 5289 5368
5289 5209 5288 5290 5369
5290 5210 5289 5291 5370
5291 5211 5290 5292 5371
5292 5212 5291 5293 5372
5293 5213 5292 5294 5373
5294 5214 5293 5295 5374
5295 5215 5294 5296 5375
5296 5295 5376
5297 5217 5298 5377
5298 5218 5297 5299 5378
5299 5219 5298 5300 5379
5300 5220 5299 5301 5380
5301 5221 5300 5302 5381
5302 5222 5301 5303 5382
5303 5223 5302 5304 5383
5304 5224 5303 5305 5384
5305 5225 5304 5306 5385
5306 5226 5305
5307 5227 5308
5308 5307 5309 5388
5309 5229 5308 5310 5389
5310 5230 5309 5311 5390
5311 5231 5310 5312 5391
5312 5232 5311 5313 5392
5313 5233 5312 5314 5393
5314 5234 5313 5315 5394
5315 5314 5316 5395
5316 5236 5315 5317 5396
5317 5237 5316 5318 5397
5318 5238 5317 5319 5398
5319 5239 5318 5320 5399
5320 5240 5319 5321 5400
5321 5241 5320 5322
5322 5242 5321 5402
5323 5243 5324 5403
5324 5323 5325 5404
5325 5245 5324 5326 5405
5326 5325 5327 5406
5327 5247 5326 5328
5328 5327 5329 5408
5329 5249 5328 5330 5409
5330 5250 5329 5331 5410
5331 5251 5330 5332 5411
5332 5331 5333 5412
5333 5253 5332 5334 5413
5334 5254 5333 5335 5414
5335 5334 5415
5336 5256 5416
5337 5257 5338 5417
5338 5258 5337 5339 5418
5339 5259 5338 5340 5419
5340 5260 5339 5341 5420
5341 5340 5342 5421
5342 5262 5341 5343 5422
5343 5263 5342 5344 5423
5344 5264 5343 5345 5424
5345 5265 5344 5346 5425
5346 5266 5345 5347 5426
5347 5267 5346 5348 5427
5348 5268 5347 5349 5428
5349 5269 5348 5350
5350 5270 5349 5351 5430
5351 5271 5350 5352
5352 5272 5351 5432
5353 5273 5354 5433
5354 5353 5355 5434
5355 5275 5354
5356 5276 5357
5357 5277 5356 5358
5358 5278 5357 5359 5438
5359 5279 5358 5439
5360 5280 5361 5440
5361 5360 5441
5362 5282 5363 5442
5363 5283 5362 5364 5443
5364 5284 5363 5365 5444
5365 5285 5364 5366 5445
5366 5365 5367 5446
5367 5287 5366 5368 5447
5368 5288 5367 5369 5448
5369 5289 5368 5370 5449
5370 5290 5369 5371 5450
5371 5291 5370 5372 5451
5372 5292 5371 5373 5452
5373 5293 5372 5374 5453
5374 5294 5373 5375 5454
5375 5295 5374 5376 5455
5376 5296 5375 5377 5456
5377 5297 5376
5378 5298 5379 5458
5379 5299 5378 5380 5459
5380 5300 5379 5381 5460
5381 5301 5380 5382 5461
5382 5302 5381 5383 5462
5383 5303 5382 5384 5463
5384 5304 5383 5385 5464
5385 5305 5384 5386 5465
5386 5385 5387 5466
5387 5386 5388 5467
5388 5308 5387 5389 5468
5389 5309 5388 5390 5469
5390 5310 5389 5470
5391 5311 5392 5471
5392 5312 5391 5393 5472
5393 5313 5392 5394 5473
5394 5314 5393 5395 5474
5395 5315 5394 5396 5475
5396 5316 5395 5397 5476
5397 5317 5396 5398 5477
5398 5318 5397 5399 5478
5399 5319 5398 5400 5479
5400 5320 5399 5401 5480
5401 5400 5481
5402 5322 5403 5482
5403 5323 5402 5404 5483
5404 5324 5403 5405 5484
5405 5325 5404 5406 5485
5406 5326 5405 5407 5486
5407 5406 5408 5487
5408 5328 5407 5409
5409 5329 5408 5489
5410 5330 5411 5490
5411 5331 5410 5412 5491
5412 5332 5411 5492
5413 5333 5414 5493
5414 5334 5413 5415 5494
5415 5335 5414 5416 5495
5416 5336 5415 5417 5496
5417 5337 5416 5418 5497
5418 5338 5417 5419 5498
5419 5339 5418 5420 5499
5420 5340 5419 5500
5421 5341 5501
5422 5342 5423 5502
5423 5343 5422 5424 5503
5424 5344 5423 5504
5425 5345 5426 5505
5426 5346 5425 5427 5506
5427 5347 5426 5428 5507
5428 5348 5427 5429 5508
5429 5428 5430 5509
5430 5350 5429 5431 5510
5431 5430 5432 5511
5432 5352 5431 5433 5512
5433 5353 5432 5434 5513
5434 5354 5433 5435 5514
5435 5434 5436 5515
5436 5435 5437 5516
5437 5436 5438
5438 5358 5437 5439 5518
5439 5359 5438 5519
5440 5360 5441
5441 5361 5440 5442
5442 5362 5441 5443 5522
5443 5363 5442 5444 5523
5444 5364 5443 5445 5524
5445 5365 5444 5446 5525
5446 5366 5445 5447
5447 5367 5446 5448 5527
5448 5368 5447 5528
5449 5369 5450 5529
5450 5370 5449 5451 5530
5451 5371 5450 5452 5531
5452 5372 5451 5453 5532
5453 5373 5452 5454 5533
5454 5374 5453 5455 5534
5455 5375 5454 5456 5535
5456 5376 5455 5457 5536
5457 5456 5458 5537
5458 5378 5457 5459 5538
5459 5379 5458 5460 5539
5460 5380 5459 5461 5540
5461 5381 5460 5462 5541
5462 5382 5461 5463 5542
5463 5383 5462 5464 5543
5464 5384 5463 5465 5544
5465 5385 5464 5466 5545
5466 5386 5465 5467 5546
5467 5387 5466 5468 5547
5468 5388 5467 5469 5548
5469 5389 5468 5549
5470 5390 5471 5550
5471 5391 5470 5472 5551
5472 5392 5471 5473 5552
5473 5393 5472 5474 5553
5474 5394 5473 5475 5554
5475 5395 5474 5476 5555
5476 5396 5475 5477 5556
5477 5397 5476 5478 5557
5478 5398 5477 5479 5558
5479 5399 5478 5480
5480 5400 5479 5481 5560
5481 5401 5480 5482 5561
5482 5402 5481 5483 5562
5483 5403 5482 5484 5563
5484 5404 5483 5485 5564
5485 5405 5484 5486 5565
5486 5406 5485 5487 5566
5487 5407 5486 5488 5567
5488 5487 5568
5489 5409 5490 5569
5490 5410 5489 5491 5570
5491 5411 5490 5492 5571
5492 5412 5491 5493 5572
5493 5413 5492 5494 5573
5494 5414 5493 5495 5574
5495 5415 5494 5496 5575
5496 5416 5495 5497 5576
5497 5417 5496 5577
5498 5418 5499 5578
5499 5419 5498 5500 5579
5500 5420 5499 5501 5580
5501 5421 5500 5502 5581
5502 5422 5501 5503 5582
5503 5423 5502 5504
5504 5424 5503 5505 5584
5505 5425 5504 5506 5585
5506 5426 5505 5507 5586
5507 5427 5506 5587
5508 5428 5509
5509 5429 5508 5510 5589
5510 5430 5509
5511 5431 5512 5591
5512 5432 5511 5592
5513 5433 5514 5593
5514 5434 5513 5515 5594
5515 5435 5514 5516 5595
5516 5436 5515 5517 5596
5517 5516 5518 5597
5518 5438 5517 5519
5519 5439 5518 5599
5520 5521 5600
5521 5520 5522 5601
5522 5442 5521 5523 5602
5523 5443 5522 5603
5524 5444 5525 5604
5525 5445 5524 5526 5605
5526 5525 5527 5606
5527 5447 5526 5528 5607
5528 5448 5527 5529 5608
5529 5449 5528 5530 5609
5530 5450 5529 5531 5610
5531 5451 5530 5532 5611
5532 5452 5531 5533 5612
5533 5453 5532 5534 5613
5534 5454 5533 5535 5614
5535 5455 5534 5536 5615
5536 5456 5535 5537 5616
5537 5457 5536 5538 5617
5538 5458 5537 5539 5618
5539 5459 5538 5540 5619
5540 5460 5539 5541 5620
5541 5461 5540 5542 5621
5542 5462 5541 5543 5622
5543 5463 5542 5623
5544 5464 5545 5624
5545 5465 5544 5546
5546 5466 5545 5626
5547 5467 5548 5627
5548 5468 5547 5549 5628
5549 5469 5548 5550
5550 5470 5549 5551 5630
5551 5471 5550 5552 5631
5552 5472 5551 5553 5632
5553 5473 5552 5554 5633
5554 5474 5553 5555 5634
5555 5475 5554 5556 5635
5556 5476 5555 5557 5636
5557 5477 5556 5558 5637
5558 5478 5557 5559 5638
5559 5558 5560 5639
5560 5480 5559 5561 5640
5561 5481 5560 5562 5641
5562 5482 5561 5563 5642
5563 5483 5562 5564 5643
5564 5484 5563 5644
5565 5485
5566 5486 5567 5646
5567 5487 5566 5568 5647
5568 5488 5567 5569 5648
5569 5489 5568 5570 5649
5570 5490 5569 5571 5650
5571 5491 5570 5572
5572 5492 5571 5573 5652
5573 5493 5572 5574 5653
5574 5494 5573 5575 5654
5575 5495 5574 5576 5655
5576 5496 5575 5577 5656
5577 5497 5576 5578 5657
5578 5498 5577 5579 5658
5579 5499 5578 5580 5659
5580 5500 5579 5581 5660
5581 5501 5580 5582 5661
5582 5502 5581 5583 5662
5583 5582 5584 5663
5584 5504 5583 5664
5585 5505 5586 5665
5586 5506 5585 5587 5666
5587 5507 5586 5588 5667
5588 5587 5668
5589 5509 5590 5669
5590 5589 5591 5670
5591 5511 5590 5671
5592 5512 5672
5593 5513 5594 5673
5594 5514 5593 5595 5674
5595 5515 5594 5596 5675
5596 5516 5595 5597 5676
5597 5517 5596 5598 5677
5598 5597 5678
5599 5519 5679
5600 5520 5601 5680
5601 5521 5600 5681
5602 5522 5682
5603 5523 5604 5683
5604 5524 5603 5605
5605 5525 5604 5606
5606 5526 5605 5607
5607 5527 5606 5608
5608 5528 5607 5609 5688
5609 5529 5608 5610 5689
5610 5530 5609 5611 5690
5611 5531 5610 5612
5612 5532 5611 5613 5692
5613 5533 5612 5614 5693
5614 5534 5613 5615 5694
5615 5535 5614 5616 5695
5616 5536 5615 5696
5617 5537 5618 5697
5618 5538 5617 5619 5698
5619 5539 5618 5620 5699
5620 5540 5619 5621 5700
5621 5541 5620 5622 5701
5622 5542 5621 5623 5702
5623 5543 5622 5624 5703
5624 5544 5623 5625 5704
5625 5624 5626 5705
5626 5546 5625 5627 5706
5627 5547 5626 5628 5707
5628 5548 5627 5629
5629 5628 5630 5709
5630 5550 5629 5631 5710
5631 5551 5630 5711
5632 5552 5633 5712
5633 5553 5632 5634 5713
5634 5554 5633 5635 5714
5635 5555 5634 5636 5715
5636 5556 5635 5637 5716
5637 5557 5636 5638 5717
5638 5558 5637 5639 5718
5639 5559 5638 5640 5719
5640 5560 5639 5641 5720
5641 5561 5640 5642 5721
5642 5562 5641 5722
5643 5563 5644 5723
5644 5564 5643 5645 5724
5645 5644 5646 5725
5646 5566 5645 5647 5726
5647 5567 5646 5648 5727
5648 5568 5647 5649 5728
5649 5569 5648 5650 5729
5650 5570 5649 5651 5730
5651 5650 5652 5731
5652 5572 5651 5653
5653 5573 5652 5654 5733
5654 5574 5653 5655 5734
5655 5575 5654
5656 5576 5657 5736
5657 5577 5656
5658 5578 5659 5738
5659 5579 5658 5660 5739
5660 5580 5659 5661 5740
5661 5581 5660 5741
5662 5582 5663 5742
5663 5583 5662 5664 5743
5664 5584 5663 5665 5744
5665 5585 5664 5666 5745
5666 5586 5665 5667
5667 5587 5666 5747
5668 5588 5748
5669 5589 5670
5670 5590 5669 5671 5750
5671 5591 5670 5672 5751
5672 5592 5671 5673 5752
5673 5593 5672 5674 5753
5674 5594 5673 5675 5754
5675 5595 5674 5676 5755
5676 5596 5675 5677 5756
5677 5597 5676
5678 5598 5679 5758
5679 5599 5678
5680 5600 5681
5681 5601 5680 5761
5682 5602 5683 5762
5683 5603 5682 5684 5763
5684 5683 5685 5764
5685 5684 5686 5765
5686 5685 5687 5766
5687 5686 5688 5767
5688 5608 5687 5689 5768
5689 5609 5688 5769
5690 5610 5691 5770
5691 5690 5692 5771
5692 5612 5691 5693 5772
5693 5613 5692 5694 5773
5694 5614 5693 5695 5774
5695 5615 5694 5696 5775
5696 5616 5695 5697 5776
5697 5617 5696 5777
5698 5618 5699 5778
5699 5619 5698 5700 5779
5700 5620 5699 5701 5780
5701 5621 5700 5702 5781
5702 5622 5701 5703 5782
5703 5623 5702 5704 5783
5704 5624 5703 5705 5784
5705 5625 5704 5706 5785
5706 5626 5705 5707 5786
5707 5627 5706 5708
5708 5707 5709 5788
5709 5629 5708 5710 5789
5710 5630 5709 5711 5790
5711 5631 5710 5791
5712 5632 5713 5792
5713 5633 5712 5714 5793
5714 5634 5713 5715 5794
5715 5635 5714 5716 5795
5716 5636 5715 5717 5796
5717 5637 5716 5718 5797
5718 5638 5717 5719 5798
5719 5639 5718
5720 5640 5721 5800
5721 5641 5720 5722
5722 5642 5721 5723 5802
5723 5643 5722 5724 5803
5724 5644 5723 5804
5725 5645 5726 5805
5726 5646 5725 5727 5806
5727 5647 5726 5728 5807
5728 5648 5727 5808
5729 5649 5730 5809
5730 5650 5729 5731
5731 5651 5730 5732 5811
5732 5731 5733 5812
5733 5653 5732 5734 5813
5734 5654 5733 5735 5814
5735 5734 5736 5815
5736 5656 5735 5737 5816
5737 5736 5817
5738 5658 5739 5818
5739 5659 5738 5740 5819
5740 5660 5739 5741 5820
5741 5661 5740 5742 5821
5742 5662 5741 5743 5822
5743 5663 5742 5744 5823
5744 5664 5743 5745 5824
5745 5665 5744 5746 5825
5746 5745 5747
5747 5667 5746 5748 5827
5748 5668 5747 5749
5749 5748 5750 5829
5750 5670 5749 5751 5830
5751 5671 5750 5752 5831
5752 5672 5751 5753 5832
5753 5673 5752 5754 5833
5754 5674 5753 5755 5834
5755 5675 5754 5756 5835
5756 5676 5755 5757 5836
5757 5756 5758 5837
5758 5678 5757 5759 5838
5759 5758 5839
5760 5761 5840
5761 5681 5760 5762 5841
5762 5682 5761 5763 5842
5763 5683 5762 5764 5843
5764 5684 5763 5765 5844
5765 5685 5764 5766 5845
5766 5686 5765 5767 5846
5767 5687 5766 5768 5847
5768 5688 5767 5769 5848
5769 5689 5768 5770 5849
5770 5690 5769 5771 5850
5771 5691 5770 5772 5851
5772 5692 5771 5773 5852
5773 5693 5772 5774 5853
5774 5694 5773 5775 5854
5775 5695 5774 5776
5776 5696 5775 5777 5856
5777 5697 5776 5778 5857
5778 5698 5777 5779 5858
5779 5699 5778 5780 5859
5780 5700 5779 5781 5860
5781 5701 5780 5782 5861
5782 5702 5781 5783 5862
5783 5703 5782 5784 5863
5784 5704 5783 5785 5864
5785 5705 5784 5786 5865
5786 5706 5785
5787 5788 5867
5788 5708 5787 5789 5868
5789 5709 5788 5790 5869
5790 5710 5789 5791
5791 5711 5790 5792 5871
5792 5712 5791 5793 5872
5793 5713 5792 5794 5873
5794 5714 5793 5795 5874
5795 5715 5794 5796 5875
5796 5716 5795 5797 5876
5797 5717 5796 5798 5877
5798 5718 5797 5799
5799 5798 5800 5879
5800 5720 5799 5801 5880
5801 5800 5802 5881
5802 5722 5801 5803 5882
5803 5723 5802 5804 5883
5804 5724 5803 5805 5884
5805 5725 5804 5806 5885
5806 5726 5805 5807 5886
5807 5727 5806 5808 5887
5808 5728 5807 5888
5809 5729 5810 5889
5810 5809 5811 5890
5811 5731 5810 5812 5891
5812 5732 5811 5813 5892
5813 5733 5812 5814 5893
5814 5734 5813 5815 5894
5815 5735 5814 5816 5895
5816 5736 5815 5817
5817 5737 5816 5818 5897
5818 5738 5817 5819 5898
5819 5739 5818 5820 5899
5820 5740 5819 5821
5821 5741 5820 5822 5901
5822 5742 5821 5823
5823 5743 5822 5824 5903
5824 5744 5823 5825 5904
5825 5745 5824 5826 5905
5826 5825 5827 5906
5827 5747 5826 5828
5828 5827 5829 5908
5829 5749 5828 5830 5909
5830 5750 5829 5831 5910
5831 5751 5830 5832 5911
5832 5752 5831 5833 5912
5833 5753 5832 5834 5913
5834 5754 5833 5835 5914
5835 5755 5834 5836 5915
5836 5756 5835 5837 5916
5837 5757 5836 5838 5917
5838 5758 5837 5839 5918
5839 5759 5838 5919
5840 5760 5841 5920
5841 5761 5840 5842
5842 5762 5841 5843 5922
5843 5763 5842 5844 5923
5844 5764 5843 5845 5924
5845 5765 5844 5846 5925
5846 5766 5845 5847 5926
5847 5767 5846 5848 5927
5848 5768 5847 5849 5928
5849 5769 5848 5850 5929
5850 5770 5849 5851
5851 5771 5850 5852 5931
5852 5772 5851 5853 5932
5853 5773 5852 5854 5933
5854 5774 5853 5855 5934
5855 5854 5856 5935
5856 5776 5855 5857 5936
5857 5777 5856 5937
5858 5778 5859 5938
5859 5779 5858 5860 5939
5860 5780 5859 5861 5940
5861 5781 5860 5862 5941
5862 5782 5861 5863 5942
5863 5783 5862 5864 5943
5864 5784 5863 5865 5944
5865 5785 5864 5866 5945
5866 5865 5867 5946
5867 5787 5866 5868 5947
5868 5788 5867 5869 5948
5869 5789 5868 5870 5949
5870 5869 5871 5950
5871 5791 5870 5872
5872 5792 5871 5873 5952
5873 5793 5872 5874 5953
5874 5794 5873 5954
5875 5795 5876 5955
5876 5796 5875 5956
5877 5797 5957
5878 5879 5958
5879 5799 5878 5880 5959
5880 5800 5879 5881 5960
5881 5801 5880 5882 5961
5882 5802 5881 5883 5962
5883 5803 5882 5963
5884 5804 5885
5885 5805 5884 5886 5965
5886 5806 5885 5887 5966
5887 5807 5886 5888 5967
5888 5808 5887 5889 5968
5889 5809 5888 5969
5890 5810 5891 5970
5891 5811 5890 5892 5971
5892 5812 5891 5893 5972
5893 5813 5892 5894
5894 5814 5893 5895 5974
5895 5815 5894 5896 5975
5896 5895 5897 5976
5897 5817 5896 5898 5977
5898 5818 5897 5899 5978
5899 5819 5898 5900 5979
5900 5899 5901 5980
5901 5821 5900 5902 5981
5902 5901 5903 5982
5903 5823 5902 5904 5983
5904 5824 5903 5905
5905 5825 5904 5906 5985
5906 5826 5905 5907 5986
5907 5906 5908 5987
5908 5828 5907 5909 5988
5909 5829 5908 5910 5989
5910 5830 5909 5911 5990
5911 5831 5910 5912
5912 5832 5911 5913
5913 5833 5912 5914
5914 5834 5913 5915 5994
5915 5835 5914 5916 5995
5916 5836 5915 5917 5996
5917 5837 5916 5918 5997
5918 5838 5917 5919 5998
5919 5839 5918 5999
5920 5840 5921 6000
5921 5920 5922 6001
5922 5842 5921 5923 6002
5923 5843 5922 5924 6003
5924 5844 5923 5925 6004
5925 5845 5924 5926 6005
5926 5846 5925 5927
5927 5847 5926 5928 6007
5928 5848 5927 5929 6008
5929 5849 5928 5930 6009
5930 5929 5931 6010
5931 5851 5930 5932 6011
5932 5852 5931 5933 6012
5933 5853 5932 5934 6013
5934 5854 5933 5935 6014
5935 5855 5934 5936 6015
5936 5856 5935 5937 6016
5937 5857 5936 5938 6017
5938 5858 5937 5939 6018
5939 5859 5938 5940 6019
5940 5860 5939 5941 6020
5941 5861 5940 5942 6021
5942 5862 5941 5943 6022
5943 5863 5942 5944 6023
5944 5864 5943 5945 6024
5945 5865 5944 5946 6025
5946 5866 5945 5947 6026
5947 5867 5946 5948 6027
5948 5868 5947 5949 6028
5949 5869 5948 5950 6029
5950 5870 5949 5951
5951 5950 5952 6031
5952 5872 5951 5953 6032
5953 5873 5952 5954
5954 5874 5953 5955 6034
5955 5875 5954 5956 6035
5956 5876 5955 5957 6036
5957 5877 5956 5958
5958 5878 5957 5959 6038
5959 5879 5958 5960 6039
5960 5880 5959 5961 6040
5961 5881 5960 5962 6041
5962 5882 5961 6042
5963 5883 5964 6043
5964 5963 5965
5965 5885 5964
5966 5886 5967 6046
5967 5887 5966 5968 6047
5968 5888 5967 5969 6048
5969 5889 5968 5970 6049
5970 5890 5969 5971 6050
5971 5891 5970 5972 6051
5972 5892 5971 5973 6052
5973 5972 5974 6053
5974 5894 5973 5975 6054
5975 5895 5974 5976 6055
5976 5896 5975 5977 6056
5977 5897 5976 5978 6057
5978 5898 5977 5979 6058
5979 5899 5978 5980 6059
5980 5900 5979 5981 6060
5981 5901 5980 5982
5982 5902 5981 5983 6062
5983 5903 5982 5984 6063
5984 5983 5985 6064
5985 5905 5984 5986 6065
5986 5906 5985 5987 6066
5987 5907 5986 5988 6067
5988 5908 5987 5989 6068
5989 5909 5988 5990 6069
5990 5910 5989 5991 6070
5991 5990 5992 6071
5992 5991 6072
5993 5994 6073
5994 5914 5993 5995 6074
5995 5915 5994 5996 6075
5996 5916 5995 5997 6076
5997 5917 5996 5998 6077
5998 5918 5997 6078
5999 5919 6079
6000 5920 6001 6080
6001 5921 6000 6002 6081
6002 5922 6001 6003 6082
6003 5923 6002 6004 6083
6004 5924 6003 6005 6084
6005 5925 6004 6006 6085
6006 6005 6007 6086
6007 5927 6006 6087
6008 5928 6009 6088
6009 5929 6008 6010 6089
6010 5930 6009 6090
6011 5931 6012 6091
6012 5932 6011 6013
6013 5933 6012 6014 6093
6014 5934 6013 6015 6094
6015 5935 6014 6016 6095
6016 5936 6015 6017 6096
6017 5937 6016 6018 6097
6018 5938 6017 6098
6019 5939 6020 6099
6020 5940 6019 6021 6100
6021 5941 6020 6022
6022 5942 6021 6023 6102
6023 5943 6022 6024 6103
6024 5944 6023 6025 6104
6025 5945 6024 6105
6026 5946
6027 5947 6028 6107
6028 5948 6027 6029 6108
6029 5949 6028 6030 6109
6030 6029 6031 6110
6031 5951 6030 6032 6111
6032 5952 6031 6033 6112
6033 6032 6034
6034 5954 6033 6114
6035 5955 6036 6115
6036 5956 6035 6037 6116
6037 6036 6038 6117
6038 5958 6037 6118
6039 5959 6119
6040 5960 6041 6120
6041 5961 6040 6042 6121
6042 5962 6041 6043 6122
6043 5963 6042 6044 6123
6044 6043 6124
6045 6046 6125
6046 5966 6045 6047 6126
6047 5967 6046 6048 6127
6048 5968 6047 6049 6128
6049 5969 6048 6050 6129
6050 5970 6049 6051 6130
6051 5971 6050 6052 6131
6052 5972 6051 6053 6132
6053 5973 6052 6054 6133
6054 5974 6053 6055 6134
6055 5975 6054 6056 6135
6056 5976 6055 6057 6136
6057 5977 6056 6058 6137
6058 5978 6057 6059 6138
6059 5979 6058 6060 6139
6060 5980 6059 6061
6061 6060 6062
6062 5982 6061 6063 6142
6063 5983 6062 6064 6143
6064 5984 6063 6065 6144
6065 5985 6064 6066 6145
6066 5986 6065 6067 6146
6067 5987 6066 6068 6147
6068 5988 6067 6069 6148
6069 5989 6068 6070 6149
6070 5990 6069 6071 6150
6071 5991 6070 6072
6072 5992 6071 6073 6152
6073 5993 6072 6074 6153
6074 5994 6073 6075 6154
6075 5995 6074 6076 6155
6076 5996 6075 6077 6156
6077 5997 6076 6078 6157
6078 5998 6077 6079 6158
6079 5999 6078 6159
6080 6000 6081
6081 6001 6080 6082 6161
6082 6002 6081 6083 6162
6083 6003 6082 6084 6163
6084 6004 6083 6085 6164
6085 6005 6084 6086 6165
6086 6006 6085 6087 6166
6087 6007 6086 6088 6167
6088 6008 6087 6089 6168
6089 6009 6088 6090 6169
6090 6010 6089 6091 6170
6091 6011 6090 6092 6171
6092 6091 6093 6172
6093 6013 6092 6094 6173
6094 6014 6093 6095 6174
6095 6015 6094 6096 6175
6096 6016 6095 6176
6097 6017 6098 6177
6098 6018 6097 6099 6178
6099 6019 6098 6179
6100 6020 6101
6101 6100 6102 6181
6102 6022 6101 6182
6103 6023 6104 6183
6104 6024 6103 6105 6184
6105 6025 6104 6106
6106 6105 6107 6186
6107 6027 6106 6108 6187
6108 6028 6107 6109 6188
6109 6029 6108 6110 6189
6110 6030 6109 6111 6190
6111 6031 6110 6112 6191
6112 6032 6111 6113 6192
6113 6112 6114
6114 6034 6113 6194
6115 6035 6116 6195
6116 6036 6115 6196
6117 6037 6118
6118 6038 6117 6119 6198
6119 6039 6118 6120 6199
6120 6040 6119 6121 6200
6121 6041 6120 6122
6122 6042 6121 6123 6202
6123 6043 6122 6124 6203
6124 6044 6123 6125 6204
6125 6045 6124 6126 6205
6126 6046 6125 6127
6127 6047 6126 6207
6128 6048 6129 6208
6129 6049 6128 6130 6209
6130 6050 6129 6131 6210
6131 6051 6130 6132 6211
6132 6052 6131 6133 6212
6133 6053 6132 6134 6213
6134 6054 6133
6135 6055 6136 6215
6136 6056 6135 6137 6216
6137 6057 6136 6138 6217
6138 6058 6137 6139
6139 6059 6138 6140 6219
6140 6139 6141 6220
6141 6140 6142 6221
6142 6062 6141 6143 6222
6143 6063 6142 6144 6223
6144 6064 6143 6145 6224
6145 6065 6144 6225
6146 6066 6147 6226
6147 6067 6146 6148 6227
6148 6068 6147 6228
6149 6069 6150 6229
6150 6070 6149 6151 6230
6151 6150 6152 6231
6152 6072 6151 6153 6232
6153 6073 6152 6233
6154 6074 6155 6234
6155 6075 6154 6156 6235
6156 6076 6155 6157 6236
6157 6077 6156 6158 6237
6158 6078 6157 6159 6238
6159 6079 6158 6239
6160 6161 6240
6161 6081 6160 6162 6241
6162 6082 6161 6242
6163 6083 6164 6243
6164 6084 6163 6165
6165 6085 6164 6166
6166 6086 6165 6167 6246
6167 6087 6166 6168 6247
6168 6088 6167 6169
6169 6089 6168 6170 6249
6170 6090 6169 6171
6171 6091 6170 6172 6251
6172 6092 6171 6173 6252
6173 6093 6172 6174 6253
6174 6094 6173 6175 6254
6175 6095 6174 6176 6255
6176 6096 6175 6177 6256
6177 6097 6176 6178 6257
6178 6098 6177 6179 6258
6179 6099 6178 6180 6259
6180 6179 6181 6260
6181 6101 6180 6182 6261
6182 6102 6181 6183 6262
6183 6103 6182 6184
6184 6104 6183 6185 6264
6185 6184 6186 6265
6186 6106 6185 6187 6266
6187 6107 6186 6188 6267
6188 6108 6187 6189 6268
6189 6109 6188 6190 6269
6190 6110 6189 6191 6270
6191 6111 6190 6192 6271
6192 6112 6191 6193 6272
6193 6192 6194 6273
6194 6114 6193 6195 6274
6195 6115 6194 6275
6196 6116 6197 6276
6197 6196 6198 6277
6198 6118 6197 6199 6278
6199 6119 6198 6200 6279
6200 6120 6199 6201 6280
6201 6200 6202 6281
6202 6122 6201 6203 6282
6203 6123 6202 6204 6283
6204 6124 6203 6205
6205 6125 6204 6285
6206 6207 6286
6207 6127 6206 6208 6287
6208 6128 6207 6209 6288
6209 6129 6208 6210 6289
6210 6130 6209 6211 6290
6211 6131 6210 6212 6291
6212 6132 6211 6213 6292
6213 6133 6212 6214 6293
6214 6213 6215 6294
6215 6135 6214 6216 6295
6216 6136 6215 6217 6296
6217 6137 6216 6218 6297
6218 6217 6219 6298
6219 6139 6218 6220 6299
6220 6140 6219 6221 6300
6221 6141 6220 6222 6301
6222 6142 6221 6223 6302
6223 6143 6222 6224 6303
6224 6144 6223 6225 6304
6225 6145 6224 6226 6305
6226 6146 6225 6227 6306
6227 6147 6226 6228 6307
6228 6148 6227 6229 6308
6229 6149 6228 6230 6309
6230 6150 6229 6231
6231 6151 6230 6232 6311
6232 6152 6231 6233 6312
6233 6153 6232 6234 6313
6234 6154 6233 6235
6235 6155 6234 6236 6315
6236 6156 6235 6237 6316
6237 6157 6236 6238 6317
6238 6158 6237 6239 6318
6239 6159 6238 6319
6240 6160 6241 6320
6241 6161 6240 6242 6321
6242 6162 6241 6243 6322
6243 6163 6242 6244 6323
6244 6243 6245 6324
6245 6244 6246
6246 6166 6245 6247 6326
6247 6167 6246 6327
6248 6249 6328
6249 6169 6248 6250 6329
6250 6249 6251 6330
6251 6171 6250 6252 6331
6252 6172 6251 6253 6332
6253 6173 6252 6254 6333
6254 6174 6253 6255 6334
6255 6175 6254 6256 6335
6256 6176 6255 6257 6336
6257 6177 6256 6258 6337
6258 6178 6257 6259 6338
6259 6179 6258 6260 6339
6260 6180 6259 6261
6261 6181 6260 6341
6262 6182 6263 6342
6263 6262 6264 6343
6264 6184 6263 6265 6344
6265 6185 6264 6266 6345
6266 6186 6265 6267 6346
6267 6187 6266 6268 6347
6268 6188 6267 6269 6348
6269 6189 6268 6270 6349
6270 6190 6269 6271 6350
6271 6191 6270 6272 6351
6272 6192 6271 6273
6273 6193 6272 6274 6353
6274 6194 6273 6275 6354
6275 6195 6274 6355
6276 6196 6277 6356
6277 6197 6276 6278 6357
6278 6198 6277 6279 6358
6279 6199 6278 6280
6280 6200 6279 6281 6360
6281 6201 6280 6282 6361
6282 6202 6281 6283 6362
6283 6203 6282 6284
6284 6283 6285 6364
6285 6205 6284 6286 6365
6286 6206 6285 6287 6366
6287 6207 6286 6288 6367
6288 6208 6287 6289 6368
6289 6209 6288 6290 6369
6290 6210 6289 6291 6370
6291 6211 6290 6292 6371
6292 6212 6291 6293 6372
6293 6213 6292 6294 6373
6294 6214 6293 6374
6295 6215 6296 6375
6296 6216 6295 6297 6376
6297 6217 6296 6298
6298 6218 6297 6299 6378
6299 6219 6298 6300 6379
6300 6220 6299 6301 6380
6301 6221 6300 6302 6381
6302 6222 6301
6303 6223 6304 6383
6304 6224 6303 6384
6305 6225 6306
6306 6226 6305 6307 6386
6307 6227 6306 6308 6387
6308 6228 6307 6309 6388
6309 6229 6308 6310 6389
6310 6309 6311 6390
6311 6231 6310 6312 6391
6312 6232 6311 6313 6392
6313 6233 6312 6314 6393
6314 6313 6315 6394
6315 6235 6314
6316 6236 6317 6396
6317 6237 6316 6318 6397
6318 6238 6317 6319
6319 6239 6318 6399
6320 6240 6321
6321 6241 6320 6322
6322 6242 6321 6323
6323 6243 6322 6324
6324 6244 6323 6325
6325 6324 6326
6326 6246 6325 6327
6327 6247 6326 6328
6328 6248 6327
6329 6249 6330
6330 6250 6329 6331
6331 6251 6330 6332
6332 6252 6331 6333
6333 6253 6332 6334
6334 6254 6333 6335
6335 6255 6334 6336
6336 6256 6335
6337 6257 6338
6338 6258 6337 6339
6339 6259 6338 6340
6340 6339 6341
6341 6261 6340 6342
6342 6262 6341 6343
6343 6263 6342 6344
6344 6264 6343 6345
6345 6265 6344 6346
6346 6266 6345 6347
6347 6267 6346 6348
6348 6268 6347 6349
6349 6269 6348 6350
6350 6270 6349 6351
6351 6271 6350 6352
6352 6351 6353
6353 6273 6352 6354
6354 6274 6353 6355
6355 6275 6354
6356 6276 6357
6357 6277 6356
6358 6278 6359
6359 6358 6360
6360 6280 6359 6361
6361 6281 6360 6362
6362 6282 6361 6363
6363 6362
6364 6284 6365
6365 6285 6364 6366
6366 6286 6365
6367 6287 6368
6368 6288 6367 6369
6369 6289 6368 6370
6370 6290 6369 6371
6371 6291 6370 6372
6372 6292 6371 6373
6373 6293 6372 6374
6374 6294 6373 6375
6375 6295 6374 6376
6376 6296 6375 6377
6377 6376
6378 6298
6379 6299 6380
6380 6300 6379 6381
6381 6301 6380
6382 6383
6383 6303 6382 6384
6384 6304 6383
6385 6386
6386 6306 6385 6387
6387 6307 6386 6388
6388 6308 6387 6389
6389 6309 6388 6390
6390 6310 6389 6391
6391 6311 6390
6392 6312 6393
6393 6313 6392 6394
6394 6314 6393 6395
6395 6394
6396 6316 6397
6397 6317 6396 6398
6398 6397 6399
6399 6319 6398
